customer_id,last_purchase_date,total_receipts,total_units,total_spend,recency_days,retention_category,risk_interpretation
CUST00001,2025-12-29,461,1631.0,946669.8400000001,3,Recently Active,Recent purchase activity
CUST00002,2025-12-30,440,1678.0,969764.0099999998,2,Recently Active,Recent purchase activity
CUST00003,2025-12-30,323,1167.0,652800.9800000001,2,Recently Active,Recent purchase activity
CUST00004,2025-12-31,475,1719.0,1033529.6199999999,1,Recently Active,Recent purchase activity
CUST00005,2025-12-29,294,1074.0,600792.9500000001,3,Recently Active,Recent purchase activity
CUST00006,2025-12-27,470,1764.0,1036530.8400000001,5,Active - Monitor,Monitor purchase recency
CUST00007,2025-12-31,1072,4026.0,2366659.7599999993,1,Recently Active,Recent purchase activity
CUST00008,2025-12-31,491,1863.0,1109755.53,1,Recently Active,Recent purchase activity
CUST00009,2025-12-31,735,2580.0,1558870.3699999996,1,Recently Active,Recent purchase activity
CUST00010,2025-12-31,352,1196.0,680728.4100000001,1,Recently Active,Recent purchase activity
CUST00011,2025-12-31,717,2590.0,1513482.2,1,Recently Active,Recent purchase activity
CUST00012,2025-12-30,483,1731.0,971420.87,2,Recently Active,Recent purchase activity
CUST00013,2025-12-31,321,1237.0,751195.88,1,Recently Active,Recent purchase activity
CUST00014,2025-12-31,466,1744.0,997729.07,1,Recently Active,Recent purchase activity
CUST00015,2025-12-30,328,1183.0,701682.46,2,Recently Active,Recent purchase activity
CUST00016,2025-12-30,685,2609.0,1499284.3899999997,2,Recently Active,Recent purchase activity
CUST00017,2025-12-30,691,2535.0,1480295.1599999997,2,Recently Active,Recent purchase activity
CUST00018,2025-12-26,336,1222.0,785078.11,6,Active - Monitor,Monitor purchase recency
CUST00019,2025-12-25,453,1692.0,966720.8500000002,7,Active - Monitor,Monitor purchase recency
CUST00020,2025-12-30,326,1161.0,651910.6599999999,2,Recently Active,Recent purchase activity
CUST00021,2025-12-24,334,1165.0,670974.1900000001,8,Inactivity Watch,Review customer engagement
CUST00022,2025-12-19,329,1074.0,653787.24,13,Inactivity Watch,Review customer engagement
CUST00023,2025-12-31,503,1910.0,1111625.86,1,Recently Active,Recent purchase activity
CUST00024,2025-12-31,661,2470.0,1464640.3499999996,1,Recently Active,Recent purchase activity
CUST00025,2025-12-31,1108,3961.0,2331633.5,1,Recently Active,Recent purchase activity
CUST00026,2025-12-31,446,1616.0,910069.5000000001,1,Recently Active,Recent purchase activity
CUST00027,2025-12-29,309,1107.0,667006.6100000001,3,Recently Active,Recent purchase activity
CUST00028,2025-12-27,441,1571.0,877731.16,5,Active - Monitor,Monitor purchase recency
CUST00029,2025-12-27,330,1219.0,711942.05,5,Active - Monitor,Monitor purchase recency
CUST00030,2025-12-29,456,1726.0,1043652.8500000001,3,Recently Active,Recent purchase activity
CUST00031,2025-12-31,469,1719.0,1076243.9,1,Recently Active,Recent purchase activity
CUST00032,2025-12-28,319,1178.0,655173.0800000001,4,Active - Monitor,Monitor purchase recency
CUST00033,2025-12-29,309,1140.0,658074.17,3,Recently Active,Recent purchase activity
CUST00034,2025-12-31,318,1156.0,657154.36,1,Recently Active,Recent purchase activity
CUST00035,2025-12-26,289,1026.0,608829.3600000001,6,Active - Monitor,Monitor purchase recency
CUST00036,2025-12-31,684,2537.0,1419982.6900000004,1,Recently Active,Recent purchase activity
CUST00037,2025-12-31,326,1228.0,699846.93,1,Recently Active,Recent purchase activity
CUST00038,2025-12-30,712,2583.0,1475588.4600000002,2,Recently Active,Recent purchase activity
CUST00039,2025-12-31,478,1719.0,985196.2799999999,1,Recently Active,Recent purchase activity
CUST00040,2025-12-28,323,1133.0,726541.05,4,Active - Monitor,Monitor purchase recency
CUST00041,2025-12-30,323,1164.0,684436.65,2,Recently Active,Recent purchase activity
CUST00042,2025-12-31,1030,3764.0,2149889.2499999995,1,Recently Active,Recent purchase activity
CUST00043,2025-12-31,470,1695.0,981187.7100000001,1,Recently Active,Recent purchase activity
CUST00044,2025-12-29,331,1212.0,684952.33,3,Recently Active,Recent purchase activity
CUST00045,2025-12-30,464,1600.0,1005207.92,2,Recently Active,Recent purchase activity
CUST00046,2025-12-26,319,1177.0,738129.5200000001,6,Active - Monitor,Monitor purchase recency
CUST00047,2025-12-29,467,1827.0,1053697.12,3,Recently Active,Recent purchase activity
CUST00048,2025-12-30,332,1183.0,661921.4500000001,2,Recently Active,Recent purchase activity
CUST00049,2025-12-25,326,1193.0,657174.5300000001,7,Active - Monitor,Monitor purchase recency
CUST00050,2025-12-31,472,1760.0,1024034.8600000002,1,Recently Active,Recent purchase activity
CUST00051,2025-12-26,481,1704.0,1040987.2000000002,6,Active - Monitor,Monitor purchase recency
CUST00052,2025-12-31,474,1709.0,980121.0399999999,1,Recently Active,Recent purchase activity
CUST00053,2025-12-30,1070,4053.0,2274932.7999999993,2,Recently Active,Recent purchase activity
CUST00054,2025-12-28,305,1157.0,662938.99,4,Active - Monitor,Monitor purchase recency
CUST00055,2025-12-31,498,1813.0,987530.3200000001,1,Recently Active,Recent purchase activity
CUST00056,2025-12-27,699,2409.0,1376911.88,5,Active - Monitor,Monitor purchase recency
CUST00057,2025-12-31,456,1687.0,1038868.77,1,Recently Active,Recent purchase activity
CUST00058,2025-12-30,676,2434.0,1396176.65,2,Recently Active,Recent purchase activity
CUST00059,2025-12-27,492,1835.0,1014916.73,5,Active - Monitor,Monitor purchase recency
CUST00060,2025-12-31,293,1069.0,638697.56,1,Recently Active,Recent purchase activity
CUST00061,2025-12-31,1134,4074.0,2401264.999999999,1,Recently Active,Recent purchase activity
CUST00062,2025-12-30,333,1266.0,707445.9600000001,2,Recently Active,Recent purchase activity
CUST00063,2025-12-28,487,1674.0,1040292.0700000001,4,Active - Monitor,Monitor purchase recency
CUST00064,2025-12-29,501,1777.0,959960.19,3,Recently Active,Recent purchase activity
CUST00065,2025-12-29,446,1651.0,1034734.03,3,Recently Active,Recent purchase activity
CUST00066,2025-12-31,471,1770.0,1025362.46,1,Recently Active,Recent purchase activity
CUST00067,2025-12-30,492,1782.0,1083171.5600000003,2,Recently Active,Recent purchase activity
CUST00068,2025-12-29,449,1596.0,911648.77,3,Recently Active,Recent purchase activity
CUST00069,2025-12-31,468,1636.0,982807.2400000001,1,Recently Active,Recent purchase activity
CUST00070,2025-12-30,462,1688.0,924859.2700000001,2,Recently Active,Recent purchase activity
CUST00071,2025-12-29,371,1359.0,771629.3199999998,3,Recently Active,Recent purchase activity
CUST00072,2025-12-31,685,2384.0,1474393.4799999995,1,Recently Active,Recent purchase activity
CUST00073,2025-12-30,1061,3935.0,2342052.9000000004,2,Recently Active,Recent purchase activity
CUST00074,2025-12-31,332,1241.0,771705.8199999998,1,Recently Active,Recent purchase activity
CUST00075,2025-12-31,324,1164.0,726463.0599999999,1,Recently Active,Recent purchase activity
CUST00076,2025-12-31,1052,3842.0,2294420.37,1,Recently Active,Recent purchase activity
CUST00077,2025-12-29,430,1533.0,838177.38,3,Recently Active,Recent purchase activity
CUST00078,2025-12-31,455,1632.0,920549.9100000003,1,Recently Active,Recent purchase activity
CUST00079,2025-12-30,461,1599.0,934039.2400000001,2,Recently Active,Recent purchase activity
CUST00080,2025-12-30,466,1617.0,929262.43,2,Recently Active,Recent purchase activity
CUST00081,2025-12-29,365,1317.0,770873.8200000002,3,Recently Active,Recent purchase activity
CUST00082,2025-12-30,690,2507.0,1473443.6600000006,2,Recently Active,Recent purchase activity
CUST00083,2025-12-26,477,1817.0,1056249.32,6,Active - Monitor,Monitor purchase recency
CUST00084,2025-12-31,440,1538.0,914718.01,1,Recently Active,Recent purchase activity
CUST00085,2025-12-30,464,1731.0,1004075.5700000001,2,Recently Active,Recent purchase activity
CUST00086,2025-12-30,1101,3900.0,2288807.0600000005,2,Recently Active,Recent purchase activity
CUST00087,2025-12-31,686,2407.0,1473630.4700000002,1,Recently Active,Recent purchase activity
CUST00088,2025-12-31,303,1167.0,662145.8700000001,1,Recently Active,Recent purchase activity
CUST00089,2025-12-25,302,1059.0,564870.09,7,Active - Monitor,Monitor purchase recency
CUST00090,2025-12-30,320,1132.0,654711.8300000001,2,Recently Active,Recent purchase activity
CUST00091,2025-12-29,1065,3777.0,2329273.8099999996,3,Recently Active,Recent purchase activity
CUST00092,2025-12-30,324,1182.0,700563.97,2,Recently Active,Recent purchase activity
CUST00093,2025-12-30,687,2431.0,1456793.5499999996,2,Recently Active,Recent purchase activity
CUST00094,2025-12-30,473,1677.0,891527.91,2,Recently Active,Recent purchase activity
CUST00095,2025-12-31,699,2546.0,1413866.88,1,Recently Active,Recent purchase activity
CUST00096,2025-12-30,452,1573.0,997535.2100000001,2,Recently Active,Recent purchase activity
CUST00097,2025-12-27,311,1160.0,674299.7100000001,5,Active - Monitor,Monitor purchase recency
CUST00098,2025-12-29,439,1622.0,971861.7100000001,3,Recently Active,Recent purchase activity
CUST00099,2025-12-28,298,1097.0,622436.27,4,Active - Monitor,Monitor purchase recency
CUST00100,2025-12-30,343,1311.0,716659.0700000001,2,Recently Active,Recent purchase activity
CUST00101,2025-12-30,323,1170.0,683513.2100000002,2,Recently Active,Recent purchase activity
CUST00102,2025-12-30,691,2402.0,1399021.73,2,Recently Active,Recent purchase activity
CUST00103,2025-12-31,304,1139.0,644324.0400000002,1,Recently Active,Recent purchase activity
CUST00104,2025-12-30,353,1206.0,729435.0800000001,2,Recently Active,Recent purchase activity
CUST00105,2025-12-29,306,1133.0,649071.1400000001,3,Recently Active,Recent purchase activity
CUST00106,2025-12-31,351,1303.0,707785.9800000001,1,Recently Active,Recent purchase activity
CUST00107,2025-12-30,323,1141.0,656775.28,2,Recently Active,Recent purchase activity
CUST00108,2025-12-31,473,1666.0,975078.86,1,Recently Active,Recent purchase activity
CUST00109,2025-12-31,482,1777.0,1013963.59,1,Recently Active,Recent purchase activity
CUST00110,2025-12-27,477,1715.0,980876.0499999999,5,Active - Monitor,Monitor purchase recency
CUST00111,2025-12-28,702,2548.0,1423349.52,4,Active - Monitor,Monitor purchase recency
CUST00112,2025-12-31,332,1225.0,740313.4600000001,1,Recently Active,Recent purchase activity
CUST00113,2025-12-28,458,1667.0,1014660.6199999999,4,Active - Monitor,Monitor purchase recency
CUST00114,2025-12-30,460,1621.0,976130.6499999999,2,Recently Active,Recent purchase activity
CUST00115,2025-12-30,697,2614.0,1488183.1699999997,2,Recently Active,Recent purchase activity
CUST00116,2025-12-31,358,1305.0,730461.8600000001,1,Recently Active,Recent purchase activity
CUST00117,2025-12-30,437,1478.0,803173.0800000002,2,Recently Active,Recent purchase activity
CUST00118,2025-12-29,295,1079.0,621621.6200000001,3,Recently Active,Recent purchase activity
CUST00119,2025-12-30,307,1181.0,712290.9700000002,2,Recently Active,Recent purchase activity
CUST00120,2025-12-31,462,1597.0,903560.3500000001,1,Recently Active,Recent purchase activity
CUST00121,2025-12-31,334,1225.0,681652.8700000001,1,Recently Active,Recent purchase activity
CUST00122,2025-12-30,726,2617.0,1443678.2400000002,2,Recently Active,Recent purchase activity
CUST00123,2025-12-29,1024,3650.0,2129444.68,3,Recently Active,Recent purchase activity
CUST00124,2025-12-28,463,1662.0,951681.45,4,Active - Monitor,Monitor purchase recency
CUST00125,2025-12-31,1097,4015.0,2315266.0000000005,1,Recently Active,Recent purchase activity
CUST00126,2025-12-28,466,1769.0,1064270.5799999998,4,Active - Monitor,Monitor purchase recency
CUST00127,2025-12-31,347,1244.0,786844.79,1,Recently Active,Recent purchase activity
CUST00128,2025-12-31,1117,3966.0,2310283.69,1,Recently Active,Recent purchase activity
CUST00129,2025-12-30,336,1234.0,731513.9800000001,2,Recently Active,Recent purchase activity
CUST00130,2025-12-30,323,1200.0,635119.2300000001,2,Recently Active,Recent purchase activity
CUST00131,2025-12-30,322,1245.0,686287.3400000001,2,Recently Active,Recent purchase activity
CUST00132,2025-12-31,678,2498.0,1452345.8800000001,1,Recently Active,Recent purchase activity
CUST00133,2025-12-26,341,1266.0,792099.42,6,Active - Monitor,Monitor purchase recency
CUST00134,2025-12-26,645,2400.0,1335157.6500000001,6,Active - Monitor,Monitor purchase recency
CUST00135,2025-12-29,709,2551.0,1414463.4699999997,3,Recently Active,Recent purchase activity
CUST00136,2025-12-31,993,3678.0,2092442.7800000003,1,Recently Active,Recent purchase activity
CUST00137,2025-12-31,1049,3741.0,2190278.4199999995,1,Recently Active,Recent purchase activity
CUST00138,2025-12-31,337,1163.0,679747.8200000001,1,Recently Active,Recent purchase activity
CUST00139,2025-12-30,481,1726.0,1023639.66,2,Recently Active,Recent purchase activity
CUST00140,2025-12-31,666,2323.0,1302934.4100000001,1,Recently Active,Recent purchase activity
CUST00141,2025-12-30,323,1176.0,620394.9500000001,2,Recently Active,Recent purchase activity
CUST00142,2025-12-30,1087,3838.0,2221142.4499999993,2,Recently Active,Recent purchase activity
CUST00143,2025-12-29,685,2556.0,1501430.56,3,Recently Active,Recent purchase activity
CUST00144,2025-12-30,1078,3876.0,2263795.63,2,Recently Active,Recent purchase activity
CUST00145,2025-12-28,324,1201.0,704398.69,4,Active - Monitor,Monitor purchase recency
CUST00146,2025-12-27,292,1010.0,554242.6499999999,5,Active - Monitor,Monitor purchase recency
CUST00147,2025-12-30,1168,4085.0,2430630.69,2,Recently Active,Recent purchase activity
CUST00148,2025-12-30,363,1345.0,757287.64,2,Recently Active,Recent purchase activity
CUST00149,2025-12-31,1058,3803.0,2290517.5800000005,1,Recently Active,Recent purchase activity
CUST00150,2025-12-29,344,1188.0,686776.1399999999,3,Recently Active,Recent purchase activity
CUST00151,2025-12-30,288,1019.0,560909.3699999999,2,Recently Active,Recent purchase activity
CUST00152,2025-12-28,469,1694.0,1017357.4500000001,4,Active - Monitor,Monitor purchase recency
CUST00153,2025-12-29,1109,3872.0,2338692.349999999,3,Recently Active,Recent purchase activity
CUST00154,2025-12-31,501,1760.0,1014735.73,1,Recently Active,Recent purchase activity
CUST00155,2025-12-28,456,1687.0,974960.7000000003,4,Active - Monitor,Monitor purchase recency
CUST00156,2025-12-30,327,1161.0,689831.41,2,Recently Active,Recent purchase activity
CUST00157,2025-12-30,320,1283.0,754078.1499999999,2,Recently Active,Recent purchase activity
CUST00158,2025-12-29,642,2381.0,1391779.6400000001,3,Recently Active,Recent purchase activity
CUST00159,2025-12-31,741,2806.0,1665339.15,1,Recently Active,Recent purchase activity
CUST00160,2025-12-28,699,2454.0,1461934.2,4,Active - Monitor,Monitor purchase recency
CUST00161,2025-12-31,288,1091.0,643345.47,1,Recently Active,Recent purchase activity
CUST00162,2025-12-31,363,1332.0,778347.9199999999,1,Recently Active,Recent purchase activity
CUST00163,2025-12-31,469,1643.0,940170.1799999997,1,Recently Active,Recent purchase activity
CUST00164,2025-12-31,485,1710.0,995887.7099999998,1,Recently Active,Recent purchase activity
CUST00165,2025-12-28,483,1740.0,1034743.7199999997,4,Active - Monitor,Monitor purchase recency
CUST00166,2025-12-28,347,1194.0,694998.6099999999,4,Active - Monitor,Monitor purchase recency
CUST00167,2025-12-29,684,2465.0,1380554.0200000003,3,Recently Active,Recent purchase activity
CUST00168,2025-12-31,497,1844.0,1146820.3,1,Recently Active,Recent purchase activity
CUST00169,2025-12-29,494,1718.0,1022346.6000000002,3,Recently Active,Recent purchase activity
CUST00170,2025-12-30,311,1180.0,731899.5200000003,2,Recently Active,Recent purchase activity
CUST00171,2025-12-31,346,1222.0,642543.9799999999,1,Recently Active,Recent purchase activity
CUST00172,2025-12-31,333,1206.0,734687.15,1,Recently Active,Recent purchase activity
CUST00173,2025-12-27,498,1793.0,1052394.94,5,Active - Monitor,Monitor purchase recency
CUST00174,2025-12-31,435,1624.0,960350.0899999999,1,Recently Active,Recent purchase activity
CUST00175,2025-12-30,306,1104.0,684607.9399999998,2,Recently Active,Recent purchase activity
CUST00176,2025-12-27,440,1620.0,935972.7500000002,5,Active - Monitor,Monitor purchase recency
CUST00177,2025-12-30,451,1588.0,1022982.6899999998,2,Recently Active,Recent purchase activity
CUST00178,2025-12-28,344,1254.0,737622.45,4,Active - Monitor,Monitor purchase recency
CUST00179,2025-12-23,330,1191.0,635929.6599999999,9,Inactivity Watch,Review customer engagement
CUST00180,2025-12-29,473,1725.0,1008883.7899999999,3,Recently Active,Recent purchase activity
CUST00181,2025-12-29,309,1103.0,596198.11,3,Recently Active,Recent purchase activity
CUST00182,2025-12-31,339,1191.0,677071.8599999999,1,Recently Active,Recent purchase activity
CUST00183,2025-12-27,426,1569.0,937826.7500000002,5,Active - Monitor,Monitor purchase recency
CUST00184,2025-12-26,345,1271.0,751561.9099999999,6,Active - Monitor,Monitor purchase recency
CUST00185,2025-12-31,668,2353.0,1369564.52,1,Recently Active,Recent purchase activity
CUST00186,2025-12-30,436,1657.0,942501.71,2,Recently Active,Recent purchase activity
CUST00187,2025-12-31,322,1191.0,740099.1800000002,1,Recently Active,Recent purchase activity
CUST00188,2025-12-23,331,1211.0,721519.6799999999,9,Inactivity Watch,Review customer engagement
CUST00189,2025-12-28,329,1136.0,711886.72,4,Active - Monitor,Monitor purchase recency
CUST00190,2025-12-31,1043,3847.0,2240403.0999999996,1,Recently Active,Recent purchase activity
CUST00191,2025-12-25,316,1155.0,673137.4,7,Active - Monitor,Monitor purchase recency
CUST00192,2025-12-21,338,1221.0,716458.9,11,Inactivity Watch,Review customer engagement
CUST00193,2025-12-28,719,2458.0,1405908.0799999998,4,Active - Monitor,Monitor purchase recency
CUST00194,2025-12-28,336,1190.0,688223.18,4,Active - Monitor,Monitor purchase recency
CUST00195,2025-12-21,301,1132.0,706231.3099999998,11,Inactivity Watch,Review customer engagement
CUST00196,2025-12-30,783,2807.0,1627553.3099999998,2,Recently Active,Recent purchase activity
CUST00197,2025-12-30,472,1693.0,1004547.01,2,Recently Active,Recent purchase activity
CUST00198,2025-12-31,317,1164.0,607751.04,1,Recently Active,Recent purchase activity
CUST00199,2025-12-31,342,1219.0,715095.59,1,Recently Active,Recent purchase activity
CUST00200,2025-12-29,701,2501.0,1482451.0899999996,3,Recently Active,Recent purchase activity
CUST00201,2025-12-31,319,1224.0,702292.55,1,Recently Active,Recent purchase activity
CUST00202,2025-12-28,490,1720.0,1011286.8300000001,4,Active - Monitor,Monitor purchase recency
CUST00203,2025-12-31,297,1128.0,698186.1799999999,1,Recently Active,Recent purchase activity
CUST00204,2025-12-31,323,1111.0,630870.3199999998,1,Recently Active,Recent purchase activity
CUST00205,2025-12-31,315,1088.0,619488.6399999999,1,Recently Active,Recent purchase activity
CUST00206,2025-12-28,352,1290.0,780667.89,4,Active - Monitor,Monitor purchase recency
CUST00207,2025-12-30,467,1758.0,1065690.1700000002,2,Recently Active,Recent purchase activity
CUST00208,2025-12-28,478,1798.0,1059286.97,4,Active - Monitor,Monitor purchase recency
CUST00209,2025-12-31,339,1232.0,737907.1000000002,1,Recently Active,Recent purchase activity
CUST00210,2025-12-25,313,1081.0,626593.24,7,Active - Monitor,Monitor purchase recency
CUST00211,2025-12-30,708,2531.0,1382818.7400000002,2,Recently Active,Recent purchase activity
CUST00212,2025-12-24,483,1707.0,1064845.3299999998,8,Inactivity Watch,Review customer engagement
CUST00213,2025-12-24,485,1705.0,1001295.9199999998,8,Inactivity Watch,Review customer engagement
CUST00214,2025-12-30,286,999.0,603014.18,2,Recently Active,Recent purchase activity
CUST00215,2025-12-27,492,1811.0,1052874.54,5,Active - Monitor,Monitor purchase recency
CUST00216,2025-12-30,483,1789.0,986531.69,2,Recently Active,Recent purchase activity
CUST00217,2025-12-25,310,1078.0,566165.3700000001,7,Active - Monitor,Monitor purchase recency
CUST00218,2025-12-29,466,1748.0,989592.8100000002,3,Recently Active,Recent purchase activity
CUST00219,2025-12-26,296,1063.0,607678.43,6,Active - Monitor,Monitor purchase recency
CUST00220,2025-12-27,352,1312.0,784179.08,5,Active - Monitor,Monitor purchase recency
CUST00221,2025-12-31,450,1763.0,968564.3999999999,1,Recently Active,Recent purchase activity
CUST00222,2025-12-29,311,1158.0,632429.6,3,Recently Active,Recent purchase activity
CUST00223,2025-12-31,711,2593.0,1539430.9800000002,1,Recently Active,Recent purchase activity
CUST00224,2025-12-28,326,1116.0,696540.13,4,Active - Monitor,Monitor purchase recency
CUST00225,2025-12-31,327,1186.0,541056.74,1,Recently Active,Recent purchase activity
CUST00226,2025-12-29,299,1068.0,688910.8599999999,3,Recently Active,Recent purchase activity
CUST00227,2025-12-29,686,2494.0,1384404.44,3,Recently Active,Recent purchase activity
CUST00228,2025-12-30,728,2705.0,1593007.3699999999,2,Recently Active,Recent purchase activity
CUST00229,2025-12-31,975,3547.0,2154906.3799999994,1,Recently Active,Recent purchase activity
CUST00230,2025-12-31,735,2662.0,1560098.81,1,Recently Active,Recent purchase activity
CUST00231,2025-12-31,710,2629.0,1459649.8899999997,1,Recently Active,Recent purchase activity
CUST00232,2025-12-31,1027,3608.0,2112724.25,1,Recently Active,Recent purchase activity
CUST00233,2025-12-30,310,1056.0,545496.2300000001,2,Recently Active,Recent purchase activity
CUST00234,2025-12-30,449,1639.0,994856.64,2,Recently Active,Recent purchase activity
CUST00235,2025-12-31,322,1205.0,759280.7300000001,1,Recently Active,Recent purchase activity
CUST00236,2025-12-31,746,2552.0,1490432.1400000001,1,Recently Active,Recent purchase activity
CUST00237,2025-12-30,336,1283.0,718710.6499999999,2,Recently Active,Recent purchase activity
CUST00238,2025-12-31,451,1654.0,992423.46,1,Recently Active,Recent purchase activity
CUST00239,2025-12-29,335,1202.0,727557.55,3,Recently Active,Recent purchase activity
CUST00240,2025-12-31,460,1611.0,931182.7399999999,1,Recently Active,Recent purchase activity
CUST00241,2025-12-30,772,2799.0,1648137.2099999997,2,Recently Active,Recent purchase activity
CUST00242,2025-12-30,439,1604.0,980811.01,2,Recently Active,Recent purchase activity
CUST00243,2025-12-31,1023,3647.0,2139707.99,1,Recently Active,Recent purchase activity
CUST00244,2025-12-31,350,1260.0,761640.89,1,Recently Active,Recent purchase activity
CUST00245,2025-12-31,465,1644.0,983404.5100000001,1,Recently Active,Recent purchase activity
CUST00246,2025-12-30,696,2569.0,1497748.5499999996,2,Recently Active,Recent purchase activity
CUST00247,2025-12-31,454,1645.0,957577.47,1,Recently Active,Recent purchase activity
CUST00248,2025-12-28,540,1978.0,1122928.0100000002,4,Active - Monitor,Monitor purchase recency
CUST00249,2025-12-31,323,1111.0,650750.74,1,Recently Active,Recent purchase activity
CUST00250,2025-12-31,681,2587.0,1458806.9799999995,1,Recently Active,Recent purchase activity
CUST00251,2025-12-26,332,1202.0,724560.11,6,Active - Monitor,Monitor purchase recency
CUST00252,2025-12-30,340,1166.0,681281.57,2,Recently Active,Recent purchase activity
CUST00253,2025-12-28,345,1187.0,662537.14,4,Active - Monitor,Monitor purchase recency
CUST00254,2025-12-24,465,1780.0,1035886.4400000002,8,Inactivity Watch,Review customer engagement
CUST00255,2025-12-29,304,1127.0,630909.09,3,Recently Active,Recent purchase activity
CUST00256,2025-12-31,1059,4006.0,2240503.8800000004,1,Recently Active,Recent purchase activity
CUST00257,2025-12-29,489,1752.0,999466.54,3,Recently Active,Recent purchase activity
CUST00258,2025-12-31,1070,3877.0,2177328.79,1,Recently Active,Recent purchase activity
CUST00259,2025-12-31,448,1663.0,949991.7400000002,1,Recently Active,Recent purchase activity
CUST00260,2025-12-31,683,2467.0,1485230.39,1,Recently Active,Recent purchase activity
CUST00261,2025-12-30,348,1217.0,689804.14,2,Recently Active,Recent purchase activity
CUST00262,2025-12-30,497,1742.0,955760.3099999999,2,Recently Active,Recent purchase activity
CUST00263,2025-12-30,316,1150.0,692067.09,2,Recently Active,Recent purchase activity
CUST00264,2025-12-29,326,1187.0,738005.7,3,Recently Active,Recent purchase activity
CUST00265,2025-12-26,333,1225.0,670485.6,6,Active - Monitor,Monitor purchase recency
CUST00266,2025-12-30,465,1699.0,953401.8,2,Recently Active,Recent purchase activity
CUST00267,2025-12-28,497,1856.0,1032652.5499999998,4,Active - Monitor,Monitor purchase recency
CUST00268,2025-12-24,297,1038.0,630976.87,8,Inactivity Watch,Review customer engagement
CUST00269,2025-12-30,728,2569.0,1446543.0299999998,2,Recently Active,Recent purchase activity
CUST00270,2025-12-29,1087,3914.0,2333769.3599999994,3,Recently Active,Recent purchase activity
CUST00271,2025-12-31,698,2445.0,1407295.5399999998,1,Recently Active,Recent purchase activity
CUST00272,2025-12-29,498,1814.0,1094033.62,3,Recently Active,Recent purchase activity
CUST00273,2025-12-30,504,1814.0,1022189.56,2,Recently Active,Recent purchase activity
CUST00274,2025-12-30,350,1265.0,683934.75,2,Recently Active,Recent purchase activity
CUST00275,2025-12-30,533,1984.0,1148257.07,2,Recently Active,Recent purchase activity
CUST00276,2025-12-24,335,1269.0,693025.89,8,Inactivity Watch,Review customer engagement
CUST00277,2025-12-31,1086,3954.0,2406054.0,1,Recently Active,Recent purchase activity
CUST00278,2025-12-31,495,1702.0,990005.3300000002,1,Recently Active,Recent purchase activity
CUST00279,2025-12-29,343,1255.0,735256.21,3,Recently Active,Recent purchase activity
CUST00280,2025-12-31,340,1246.0,792831.0899999999,1,Recently Active,Recent purchase activity
CUST00281,2025-12-30,482,1629.0,961549.7700000001,2,Recently Active,Recent purchase activity
CUST00282,2025-12-28,339,1237.0,690987.72,4,Active - Monitor,Monitor purchase recency
CUST00283,2025-12-30,687,2429.0,1408237.7200000002,2,Recently Active,Recent purchase activity
CUST00284,2025-12-29,693,2596.0,1586282.9800000002,3,Recently Active,Recent purchase activity
CUST00285,2025-12-26,720,2650.0,1631615.1500000004,6,Active - Monitor,Monitor purchase recency
CUST00286,2025-12-30,456,1670.0,1001072.8999999998,2,Recently Active,Recent purchase activity
CUST00287,2025-12-31,704,2416.0,1378034.5199999998,1,Recently Active,Recent purchase activity
CUST00288,2025-12-31,322,1171.0,697618.9900000002,1,Recently Active,Recent purchase activity
CUST00289,2025-12-30,450,1621.0,960149.99,2,Recently Active,Recent purchase activity
CUST00290,2025-12-31,472,1596.0,979815.16,1,Recently Active,Recent purchase activity
CUST00291,2025-12-31,1125,4164.0,2502431.24,1,Recently Active,Recent purchase activity
CUST00292,2025-12-30,346,1306.0,805188.6900000001,2,Recently Active,Recent purchase activity
CUST00293,2025-12-29,304,1096.0,663145.18,3,Recently Active,Recent purchase activity
CUST00294,2025-12-29,337,1239.0,681895.16,3,Recently Active,Recent purchase activity
CUST00295,2025-12-31,1099,3945.0,2313452.48,1,Recently Active,Recent purchase activity
CUST00296,2025-12-28,335,1202.0,686998.26,4,Active - Monitor,Monitor purchase recency
CUST00297,2025-12-31,342,1217.0,697730.95,1,Recently Active,Recent purchase activity
CUST00298,2025-12-29,685,2536.0,1461966.6400000001,3,Recently Active,Recent purchase activity
CUST00299,2025-12-31,1003,3692.0,2205321.26,1,Recently Active,Recent purchase activity
CUST00300,2025-12-31,475,1705.0,994566.3899999999,1,Recently Active,Recent purchase activity
CUST00301,2025-12-25,333,1219.0,678302.74,7,Active - Monitor,Monitor purchase recency
CUST00302,2025-12-27,433,1523.0,818468.99,5,Active - Monitor,Monitor purchase recency
CUST00303,2025-12-29,326,1246.0,676654.47,3,Recently Active,Recent purchase activity
CUST00304,2025-12-21,335,1200.0,657298.0200000001,11,Inactivity Watch,Review customer engagement
CUST00305,2025-12-31,448,1645.0,1001723.8099999998,1,Recently Active,Recent purchase activity
CUST00306,2025-12-31,666,2339.0,1327522.8399999999,1,Recently Active,Recent purchase activity
CUST00307,2025-12-27,326,1228.0,652959.54,5,Active - Monitor,Monitor purchase recency
CUST00308,2025-12-28,444,1588.0,801144.4600000001,4,Active - Monitor,Monitor purchase recency
CUST00309,2025-12-31,338,1215.0,660784.7900000002,1,Recently Active,Recent purchase activity
CUST00310,2025-12-31,343,1242.0,710601.3400000002,1,Recently Active,Recent purchase activity
CUST00311,2025-12-29,317,1182.0,751716.7,3,Recently Active,Recent purchase activity
CUST00312,2025-12-31,340,1162.0,656375.77,1,Recently Active,Recent purchase activity
CUST00313,2025-12-30,318,1182.0,686065.5499999999,2,Recently Active,Recent purchase activity
CUST00314,2025-12-19,316,1099.0,700403.3400000001,13,Inactivity Watch,Review customer engagement
CUST00315,2025-12-19,335,1180.0,652459.16,13,Inactivity Watch,Review customer engagement
CUST00316,2025-12-30,458,1618.0,991932.1099999999,2,Recently Active,Recent purchase activity
CUST00317,2025-12-30,334,1179.0,680501.6,2,Recently Active,Recent purchase activity
CUST00318,2025-12-26,320,1099.0,603129.49,6,Active - Monitor,Monitor purchase recency
CUST00319,2025-12-24,688,2500.0,1437644.14,8,Inactivity Watch,Review customer engagement
CUST00320,2025-12-31,653,2406.0,1419503.45,1,Recently Active,Recent purchase activity
CUST00321,2025-12-29,369,1388.0,813175.4299999999,3,Recently Active,Recent purchase activity
CUST00322,2025-12-31,1050,3810.0,2215030.9999999995,1,Recently Active,Recent purchase activity
CUST00323,2025-12-31,316,1231.0,627393.42,1,Recently Active,Recent purchase activity
CUST00324,2025-12-29,674,2369.0,1408047.69,3,Recently Active,Recent purchase activity
CUST00325,2025-12-26,484,1831.0,1093986.38,6,Active - Monitor,Monitor purchase recency
CUST00326,2025-12-26,344,1282.0,742421.43,6,Active - Monitor,Monitor purchase recency
CUST00327,2025-12-28,358,1293.0,714627.4400000001,4,Active - Monitor,Monitor purchase recency
CUST00328,2025-12-26,343,1301.0,738967.4100000001,6,Active - Monitor,Monitor purchase recency
CUST00329,2025-12-31,473,1754.0,964487.7699999998,1,Recently Active,Recent purchase activity
CUST00330,2025-12-27,317,1172.0,732895.05,5,Active - Monitor,Monitor purchase recency
CUST00331,2025-12-31,1084,3994.0,2270978.15,1,Recently Active,Recent purchase activity
CUST00332,2025-12-29,323,1200.0,703410.2500000002,3,Recently Active,Recent purchase activity
CUST00333,2025-12-31,423,1539.0,835634.85,1,Recently Active,Recent purchase activity
CUST00334,2025-12-31,348,1201.0,703180.75,1,Recently Active,Recent purchase activity
CUST00335,2025-12-31,1080,3890.0,2274158.3699999996,1,Recently Active,Recent purchase activity
CUST00336,2025-12-30,319,1209.0,729469.26,2,Recently Active,Recent purchase activity
CUST00337,2025-12-30,340,1189.0,699444.4000000001,2,Recently Active,Recent purchase activity
CUST00338,2025-12-31,497,1796.0,1010286.9500000002,1,Recently Active,Recent purchase activity
CUST00339,2025-12-31,351,1280.0,693306.5000000002,1,Recently Active,Recent purchase activity
CUST00340,2025-12-29,470,1687.0,997132.74,3,Recently Active,Recent purchase activity
CUST00341,2025-12-30,345,1238.0,749213.8099999998,2,Recently Active,Recent purchase activity
CUST00342,2025-12-31,1148,4282.0,2422087.29,1,Recently Active,Recent purchase activity
CUST00343,2025-12-30,707,2619.0,1479626.3,2,Recently Active,Recent purchase activity
CUST00344,2025-12-30,314,1195.0,699681.01,2,Recently Active,Recent purchase activity
CUST00345,2025-12-29,674,2340.0,1393720.16,3,Recently Active,Recent purchase activity
CUST00346,2025-12-22,351,1334.0,750869.52,10,Inactivity Watch,Review customer engagement
CUST00347,2025-12-30,1063,3731.0,2154227.78,2,Recently Active,Recent purchase activity
CUST00348,2025-12-29,300,1145.0,659192.56,3,Recently Active,Recent purchase activity
CUST00349,2025-12-30,335,1179.0,661846.5,2,Recently Active,Recent purchase activity
CUST00350,2025-12-30,704,2525.0,1464659.3099999996,2,Recently Active,Recent purchase activity
CUST00351,2025-12-28,293,1015.0,538671.96,4,Active - Monitor,Monitor purchase recency
CUST00352,2025-12-30,1078,3915.0,2215527.979999999,2,Recently Active,Recent purchase activity
CUST00353,2025-12-31,491,1696.0,988230.7600000002,1,Recently Active,Recent purchase activity
CUST00354,2025-12-29,468,1748.0,997242.62,3,Recently Active,Recent purchase activity
CUST00355,2025-12-30,322,1261.0,740907.08,2,Recently Active,Recent purchase activity
CUST00356,2025-12-29,471,1640.0,951929.53,3,Recently Active,Recent purchase activity
CUST00357,2025-12-31,494,1775.0,1039890.8600000001,1,Recently Active,Recent purchase activity
CUST00358,2025-12-30,426,1469.0,823371.7200000001,2,Recently Active,Recent purchase activity
CUST00359,2025-12-28,445,1634.0,1025482.8700000003,4,Active - Monitor,Monitor purchase recency
CUST00360,2025-12-31,457,1747.0,1018296.97,1,Recently Active,Recent purchase activity
CUST00361,2025-12-23,448,1611.0,890925.21,9,Inactivity Watch,Review customer engagement
CUST00362,2025-12-27,485,1807.0,1032625.5300000001,5,Active - Monitor,Monitor purchase recency
CUST00363,2025-12-28,479,1719.0,965865.06,4,Active - Monitor,Monitor purchase recency
CUST00364,2025-12-31,1056,3815.0,2195508.3,1,Recently Active,Recent purchase activity
CUST00365,2025-12-31,496,1715.0,926047.4500000001,1,Recently Active,Recent purchase activity
CUST00366,2025-12-24,330,1299.0,686618.1299999999,8,Inactivity Watch,Review customer engagement
CUST00367,2025-12-31,1089,3936.0,2316961.6599999997,1,Recently Active,Recent purchase activity
CUST00368,2025-12-31,1093,4032.0,2293625.719999999,1,Recently Active,Recent purchase activity
CUST00369,2025-12-31,1125,4029.0,2362329.7299999995,1,Recently Active,Recent purchase activity
CUST00370,2025-12-21,314,1067.0,516416.69,11,Inactivity Watch,Review customer engagement
CUST00371,2025-12-30,318,1160.0,698214.71,2,Recently Active,Recent purchase activity
CUST00372,2025-12-31,309,1005.0,580415.31,1,Recently Active,Recent purchase activity
CUST00373,2025-12-29,712,2617.0,1556529.01,3,Recently Active,Recent purchase activity
CUST00374,2025-12-31,705,2612.0,1601897.51,1,Recently Active,Recent purchase activity
CUST00375,2025-12-30,336,1253.0,717155.79,2,Recently Active,Recent purchase activity
CUST00376,2025-12-30,303,1112.0,641249.17,2,Recently Active,Recent purchase activity
CUST00377,2025-12-31,686,2470.0,1481310.4799999995,1,Recently Active,Recent purchase activity
CUST00378,2025-12-30,316,1114.0,615506.0700000001,2,Recently Active,Recent purchase activity
CUST00379,2025-12-29,481,1726.0,1038281.84,3,Recently Active,Recent purchase activity
CUST00380,2025-12-31,299,1122.0,660638.47,1,Recently Active,Recent purchase activity
CUST00381,2025-12-28,354,1174.0,708144.7600000001,4,Active - Monitor,Monitor purchase recency
CUST00382,2025-12-30,334,1182.0,701367.13,2,Recently Active,Recent purchase activity
CUST00383,2025-12-28,354,1269.0,664812.6299999999,4,Active - Monitor,Monitor purchase recency
CUST00384,2025-12-14,302,1190.0,686904.9499999998,18,Extended Inactivity,Review individually; inactivity is not proof of churn
CUST00385,2025-12-31,436,1589.0,987038.59,1,Recently Active,Recent purchase activity
CUST00386,2025-12-24,330,1192.0,643848.1799999999,8,Inactivity Watch,Review customer engagement
CUST00387,2025-12-31,1094,3974.0,2295107.119999999,1,Recently Active,Recent purchase activity
CUST00388,2025-12-29,449,1575.0,954703.9299999999,3,Recently Active,Recent purchase activity
CUST00389,2025-12-27,327,1234.0,814981.9600000001,5,Active - Monitor,Monitor purchase recency
CUST00390,2025-12-31,323,1187.0,708980.91,1,Recently Active,Recent purchase activity
CUST00391,2025-12-31,451,1599.0,913224.99,1,Recently Active,Recent purchase activity
CUST00392,2025-12-31,451,1535.0,954703.2000000001,1,Recently Active,Recent purchase activity
CUST00393,2025-12-29,470,1655.0,984183.1200000001,3,Recently Active,Recent purchase activity
CUST00394,2025-12-31,707,2526.0,1490696.6999999995,1,Recently Active,Recent purchase activity
CUST00395,2025-12-30,477,1753.0,1004023.3900000002,2,Recently Active,Recent purchase activity
CUST00396,2025-12-28,342,1249.0,695303.9099999999,4,Active - Monitor,Monitor purchase recency
CUST00397,2025-12-29,320,1142.0,762719.29,3,Recently Active,Recent purchase activity
CUST00398,2025-12-29,327,1186.0,708864.3400000001,3,Recently Active,Recent purchase activity
CUST00399,2025-12-29,326,1191.0,682718.0500000002,3,Recently Active,Recent purchase activity
CUST00400,2025-12-30,413,1448.0,897640.2499999998,2,Recently Active,Recent purchase activity
CUST00401,2025-12-25,313,1128.0,652980.3300000001,7,Active - Monitor,Monitor purchase recency
CUST00402,2025-12-31,328,1223.0,742292.29,1,Recently Active,Recent purchase activity
CUST00403,2025-12-29,348,1306.0,825886.7599999998,3,Recently Active,Recent purchase activity
CUST00404,2025-12-29,673,2424.0,1540904.54,3,Recently Active,Recent purchase activity
CUST00405,2025-12-30,383,1365.0,760743.45,2,Recently Active,Recent purchase activity
CUST00406,2025-12-31,480,1723.0,959712.8599999998,1,Recently Active,Recent purchase activity
CUST00407,2025-12-31,711,2605.0,1597340.38,1,Recently Active,Recent purchase activity
CUST00408,2025-12-31,719,2597.0,1527636.5999999999,1,Recently Active,Recent purchase activity
CUST00409,2025-12-28,678,2399.0,1377195.0900000003,4,Active - Monitor,Monitor purchase recency
CUST00410,2025-12-28,499,1748.0,949027.7599999999,4,Active - Monitor,Monitor purchase recency
CUST00411,2025-12-26,351,1303.0,760371.2799999998,6,Active - Monitor,Monitor purchase recency
CUST00412,2025-12-29,460,1620.0,922892.19,3,Recently Active,Recent purchase activity
CUST00413,2025-12-29,441,1602.0,978990.5,3,Recently Active,Recent purchase activity
CUST00414,2025-12-31,465,1603.0,879768.3000000002,1,Recently Active,Recent purchase activity
CUST00415,2025-12-20,321,1165.0,658957.0099999998,12,Inactivity Watch,Review customer engagement
CUST00416,2025-12-31,294,1078.0,621502.73,1,Recently Active,Recent purchase activity
CUST00417,2025-12-25,296,1044.0,602686.5299999999,7,Active - Monitor,Monitor purchase recency
CUST00418,2025-12-23,469,1743.0,946645.26,9,Inactivity Watch,Review customer engagement
CUST00419,2025-12-31,715,2572.0,1438081.15,1,Recently Active,Recent purchase activity
CUST00420,2025-12-31,718,2579.0,1485450.1999999995,1,Recently Active,Recent purchase activity
CUST00421,2025-12-30,315,1154.0,703756.1699999999,2,Recently Active,Recent purchase activity
CUST00422,2025-12-31,1051,3825.0,2128010.389999999,1,Recently Active,Recent purchase activity
CUST00423,2025-12-30,457,1593.0,898426.0100000001,2,Recently Active,Recent purchase activity
CUST00424,2025-12-31,681,2433.0,1435273.15,1,Recently Active,Recent purchase activity
CUST00425,2025-12-29,696,2588.0,1504218.79,3,Recently Active,Recent purchase activity
CUST00426,2025-12-24,433,1612.0,896495.5799999998,8,Inactivity Watch,Review customer engagement
CUST00427,2025-12-30,1076,3917.0,2245158.9299999997,2,Recently Active,Recent purchase activity
CUST00428,2025-12-30,457,1498.0,802583.79,2,Recently Active,Recent purchase activity
CUST00429,2025-12-31,662,2201.0,1332357.91,1,Recently Active,Recent purchase activity
CUST00430,2025-12-29,332,1221.0,711921.4400000001,3,Recently Active,Recent purchase activity
CUST00431,2025-12-31,1024,3771.0,2164101.3799999994,1,Recently Active,Recent purchase activity
CUST00432,2025-12-31,705,2559.0,1470207.8900000001,1,Recently Active,Recent purchase activity
CUST00433,2025-12-31,330,1238.0,748696.0600000002,1,Recently Active,Recent purchase activity
CUST00434,2025-12-30,440,1646.0,1004522.8099999999,2,Recently Active,Recent purchase activity
CUST00435,2025-12-20,328,1220.0,730182.5399999999,12,Inactivity Watch,Review customer engagement
CUST00436,2025-12-31,435,1587.0,925168.97,1,Recently Active,Recent purchase activity
CUST00437,2025-12-31,679,2502.0,1511574.62,1,Recently Active,Recent purchase activity
CUST00438,2025-12-20,310,1123.0,618675.12,12,Inactivity Watch,Review customer engagement
CUST00439,2025-12-31,745,2732.0,1505332.4999999998,1,Recently Active,Recent purchase activity
CUST00440,2025-12-31,719,2695.0,1541676.1700000002,1,Recently Active,Recent purchase activity
CUST00441,2025-12-31,1065,3878.0,2257740.5999999996,1,Recently Active,Recent purchase activity
CUST00442,2025-12-31,1080,3783.0,2187419.7199999997,1,Recently Active,Recent purchase activity
CUST00443,2025-12-29,343,1225.0,683364.2500000001,3,Recently Active,Recent purchase activity
CUST00444,2025-12-31,321,1205.0,729921.0800000001,1,Recently Active,Recent purchase activity
CUST00445,2025-12-30,343,1204.0,696072.31,2,Recently Active,Recent purchase activity
CUST00446,2025-12-25,331,1266.0,775736.98,7,Active - Monitor,Monitor purchase recency
CUST00447,2025-12-31,337,1226.0,689851.31,1,Recently Active,Recent purchase activity
CUST00448,2025-12-27,449,1585.0,962887.8500000002,5,Active - Monitor,Monitor purchase recency
CUST00449,2025-12-31,717,2519.0,1426855.91,1,Recently Active,Recent purchase activity
CUST00450,2025-12-30,742,2766.0,1635302.3699999999,2,Recently Active,Recent purchase activity
CUST00451,2025-12-31,453,1562.0,918349.74,1,Recently Active,Recent purchase activity
CUST00452,2025-12-31,284,1056.0,634760.47,1,Recently Active,Recent purchase activity
CUST00453,2025-12-30,345,1189.0,647312.84,2,Recently Active,Recent purchase activity
CUST00454,2025-12-28,298,1112.0,581873.0,4,Active - Monitor,Monitor purchase recency
CUST00455,2025-12-31,339,1199.0,724478.3499999999,1,Recently Active,Recent purchase activity
CUST00456,2025-12-28,659,2312.0,1324349.2399999998,4,Active - Monitor,Monitor purchase recency
CUST00457,2025-12-31,1062,3794.0,2211190.5299999993,1,Recently Active,Recent purchase activity
CUST00458,2025-12-31,716,2557.0,1445851.66,1,Recently Active,Recent purchase activity
CUST00459,2025-12-31,1062,3789.0,2222708.6,1,Recently Active,Recent purchase activity
CUST00460,2025-12-31,307,1129.0,701703.9199999998,1,Recently Active,Recent purchase activity
CUST00461,2025-12-31,322,1156.0,756924.3300000001,1,Recently Active,Recent purchase activity
CUST00462,2025-12-30,356,1359.0,831955.14,2,Recently Active,Recent purchase activity
CUST00463,2025-12-22,317,1248.0,701029.1100000001,10,Inactivity Watch,Review customer engagement
CUST00464,2025-12-31,291,970.0,588326.0900000001,1,Recently Active,Recent purchase activity
CUST00465,2025-12-28,469,1636.0,963338.0299999999,4,Active - Monitor,Monitor purchase recency
CUST00466,2025-12-31,500,1692.0,1014952.6000000001,1,Recently Active,Recent purchase activity
CUST00467,2025-12-31,1091,4013.0,2345904.2499999995,1,Recently Active,Recent purchase activity
CUST00468,2025-12-31,325,1174.0,686356.6399999999,1,Recently Active,Recent purchase activity
CUST00469,2025-12-28,451,1678.0,932490.34,4,Active - Monitor,Monitor purchase recency
CUST00470,2025-12-29,463,1715.0,1001694.81,3,Recently Active,Recent purchase activity
CUST00471,2025-12-30,722,2640.0,1509532.4200000002,2,Recently Active,Recent purchase activity
CUST00472,2025-12-30,463,1692.0,997256.51,2,Recently Active,Recent purchase activity
CUST00473,2025-12-28,357,1338.0,808902.21,4,Active - Monitor,Monitor purchase recency
CUST00474,2025-12-30,338,1271.0,680807.1500000001,2,Recently Active,Recent purchase activity
CUST00475,2025-12-31,361,1298.0,767775.66,1,Recently Active,Recent purchase activity
CUST00476,2025-12-28,341,1289.0,770610.8600000001,4,Active - Monitor,Monitor purchase recency
CUST00477,2025-12-31,331,1315.0,770090.2,1,Recently Active,Recent purchase activity
CUST00478,2025-12-27,474,1666.0,994423.6,5,Active - Monitor,Monitor purchase recency
CUST00479,2025-12-29,1114,4005.0,2330831.3199999994,3,Recently Active,Recent purchase activity
CUST00480,2025-12-31,364,1287.0,781632.3600000001,1,Recently Active,Recent purchase activity
CUST00481,2025-12-31,309,1113.0,624391.98,1,Recently Active,Recent purchase activity
CUST00482,2025-12-27,312,1060.0,617062.56,5,Active - Monitor,Monitor purchase recency
CUST00483,2025-12-30,308,1128.0,623656.8700000001,2,Recently Active,Recent purchase activity
CUST00484,2025-12-30,318,1184.0,735503.8100000002,2,Recently Active,Recent purchase activity
CUST00485,2025-12-26,760,2751.0,1563300.9700000002,6,Active - Monitor,Monitor purchase recency
CUST00486,2025-12-31,333,1263.0,778776.9600000001,1,Recently Active,Recent purchase activity
CUST00487,2025-12-31,337,1267.0,755270.9500000001,1,Recently Active,Recent purchase activity
CUST00488,2025-12-31,1101,4049.0,2388391.73,1,Recently Active,Recent purchase activity
CUST00489,2025-12-30,444,1647.0,901958.8200000003,2,Recently Active,Recent purchase activity
CUST00490,2025-12-30,313,1128.0,664663.5899999999,2,Recently Active,Recent purchase activity
CUST00491,2025-12-25,335,1249.0,723012.1699999998,7,Active - Monitor,Monitor purchase recency
CUST00492,2025-12-30,1084,3962.0,2284522.4599999995,2,Recently Active,Recent purchase activity
CUST00493,2025-12-28,1098,3979.0,2442879.9699999993,4,Active - Monitor,Monitor purchase recency
CUST00494,2025-12-31,439,1595.0,930365.1599999999,1,Recently Active,Recent purchase activity
CUST00495,2025-12-30,329,1208.0,685254.06,2,Recently Active,Recent purchase activity
CUST00496,2025-12-30,684,2393.0,1357087.7599999993,2,Recently Active,Recent purchase activity
CUST00497,2025-12-29,475,1799.0,1014939.2500000002,3,Recently Active,Recent purchase activity
CUST00498,2025-12-17,332,1286.0,695873.81,15,Extended Inactivity,Review individually; inactivity is not proof of churn
CUST00499,2025-12-30,342,1154.0,637653.73,2,Recently Active,Recent purchase activity
CUST00500,2025-12-26,375,1281.0,790071.5700000001,6,Active - Monitor,Monitor purchase recency
CUST00501,2025-12-31,349,1224.0,707900.7000000001,1,Recently Active,Recent purchase activity
CUST00502,2025-12-21,496,1951.0,1107871.77,11,Inactivity Watch,Review customer engagement
CUST00503,2025-12-31,753,2705.0,1662517.99,1,Recently Active,Recent purchase activity
CUST00504,2025-12-31,1088,3874.0,2355000.279999999,1,Recently Active,Recent purchase activity
CUST00505,2025-12-28,1030,3784.0,2095599.6300000001,4,Active - Monitor,Monitor purchase recency
CUST00506,2025-12-28,687,2484.0,1422795.8399999999,4,Active - Monitor,Monitor purchase recency
CUST00507,2025-12-28,311,1095.0,587990.32,4,Active - Monitor,Monitor purchase recency
CUST00508,2025-12-30,469,1570.0,900295.5,2,Recently Active,Recent purchase activity
CUST00509,2025-12-29,356,1316.0,709179.8500000001,3,Recently Active,Recent purchase activity
CUST00510,2025-12-30,468,1670.0,1007312.73,2,Recently Active,Recent purchase activity
CUST00511,2025-12-25,315,1147.0,627568.33,7,Active - Monitor,Monitor purchase recency
CUST00512,2025-12-28,473,1783.0,1016339.0,4,Active - Monitor,Monitor purchase recency
CUST00513,2025-12-29,272,955.0,566317.92,3,Recently Active,Recent purchase activity
CUST00514,2025-12-31,470,1650.0,906744.8700000001,1,Recently Active,Recent purchase activity
CUST00515,2025-12-30,737,2611.0,1540741.0299999993,2,Recently Active,Recent purchase activity
CUST00516,2025-12-27,336,1236.0,706363.1900000001,5,Active - Monitor,Monitor purchase recency
CUST00517,2025-12-31,1108,4109.0,2399639.0899999994,1,Recently Active,Recent purchase activity
CUST00518,2025-12-31,333,1216.0,710450.61,1,Recently Active,Recent purchase activity
CUST00519,2025-12-29,347,1166.0,714936.86,3,Recently Active,Recent purchase activity
CUST00520,2025-12-31,456,1521.0,860553.1,1,Recently Active,Recent purchase activity
CUST00521,2025-12-31,461,1608.0,1024465.7,1,Recently Active,Recent purchase activity
CUST00522,2025-12-31,699,2537.0,1495825.9800000002,1,Recently Active,Recent purchase activity
CUST00523,2025-12-30,517,1911.0,1190777.2,2,Recently Active,Recent purchase activity
CUST00524,2025-12-30,317,1118.0,597138.64,2,Recently Active,Recent purchase activity
CUST00525,2025-12-31,472,1654.0,1032632.51,1,Recently Active,Recent purchase activity
CUST00526,2025-12-31,710,2766.0,1598623.2999999996,1,Recently Active,Recent purchase activity
CUST00527,2025-12-30,353,1282.0,707591.91,2,Recently Active,Recent purchase activity
CUST00528,2025-12-31,318,1121.0,683812.22,1,Recently Active,Recent purchase activity
CUST00529,2025-12-30,703,2520.0,1541429.0899999999,2,Recently Active,Recent purchase activity
CUST00530,2025-12-31,711,2473.0,1463666.2799999998,1,Recently Active,Recent purchase activity
CUST00531,2025-12-28,697,2512.0,1466010.77,4,Active - Monitor,Monitor purchase recency
CUST00532,2025-12-31,341,1197.0,705611.3,1,Recently Active,Recent purchase activity
CUST00533,2025-12-28,685,2487.0,1435931.8399999999,4,Active - Monitor,Monitor purchase recency
CUST00534,2025-12-29,333,1203.0,731464.74,3,Recently Active,Recent purchase activity
CUST00535,2025-12-28,495,1800.0,1036771.5599999998,4,Active - Monitor,Monitor purchase recency
CUST00536,2025-12-31,311,1097.0,684602.5,1,Recently Active,Recent purchase activity
CUST00537,2025-12-29,473,1685.0,1011679.4699999996,3,Recently Active,Recent purchase activity
CUST00538,2025-12-30,1036,3773.0,2042078.6999999997,2,Recently Active,Recent purchase activity
CUST00539,2025-12-30,321,1170.0,619303.51,2,Recently Active,Recent purchase activity
CUST00540,2025-12-26,336,1253.0,707720.8,6,Active - Monitor,Monitor purchase recency
CUST00541,2025-12-30,478,1626.0,1040721.06,2,Recently Active,Recent purchase activity
CUST00542,2025-12-29,686,2526.0,1472042.2300000002,3,Recently Active,Recent purchase activity
CUST00543,2025-12-27,476,1678.0,922851.7899999998,5,Active - Monitor,Monitor purchase recency
CUST00544,2025-12-24,642,2306.0,1413880.87,8,Inactivity Watch,Review customer engagement
CUST00545,2025-12-29,1120,4069.0,2439753.4199999995,3,Recently Active,Recent purchase activity
CUST00546,2025-12-31,486,1767.0,1007217.09,1,Recently Active,Recent purchase activity
CUST00547,2025-12-31,454,1670.0,968009.7000000001,1,Recently Active,Recent purchase activity
CUST00548,2025-12-31,451,1564.0,841109.8799999998,1,Recently Active,Recent purchase activity
CUST00549,2025-12-31,297,1119.0,590824.1900000001,1,Recently Active,Recent purchase activity
CUST00550,2025-12-31,334,1240.0,691749.9400000002,1,Recently Active,Recent purchase activity
CUST00551,2025-12-29,359,1196.0,703739.5400000002,3,Recently Active,Recent purchase activity
CUST00552,2025-12-27,464,1646.0,931218.8800000002,5,Active - Monitor,Monitor purchase recency
CUST00553,2025-12-29,347,1140.0,690867.1900000002,3,Recently Active,Recent purchase activity
CUST00554,2025-12-31,334,1216.0,696505.78,1,Recently Active,Recent purchase activity
CUST00555,2025-12-28,334,1206.0,691919.6699999999,4,Active - Monitor,Monitor purchase recency
CUST00556,2025-12-30,718,2569.0,1441652.7500000002,2,Recently Active,Recent purchase activity
CUST00557,2025-12-31,305,1092.0,579762.3300000001,1,Recently Active,Recent purchase activity
CUST00558,2025-12-30,1069,3775.0,2217531.6299999994,2,Recently Active,Recent purchase activity
CUST00559,2025-12-26,329,1166.0,670262.5700000001,6,Active - Monitor,Monitor purchase recency
CUST00560,2025-12-31,440,1543.0,957671.7200000001,1,Recently Active,Recent purchase activity
CUST00561,2025-12-30,686,2512.0,1435857.5999999999,2,Recently Active,Recent purchase activity
CUST00562,2025-12-28,316,1061.0,591786.5599999999,4,Active - Monitor,Monitor purchase recency
CUST00563,2025-12-27,460,1572.0,961593.7900000002,5,Active - Monitor,Monitor purchase recency
CUST00564,2025-12-31,679,2409.0,1458624.8399999999,1,Recently Active,Recent purchase activity
CUST00565,2025-12-29,446,1653.0,932691.1900000001,3,Recently Active,Recent purchase activity
CUST00566,2025-12-28,339,1212.0,687996.21,4,Active - Monitor,Monitor purchase recency
CUST00567,2025-12-31,463,1623.0,916226.9500000001,1,Recently Active,Recent purchase activity
CUST00568,2025-12-30,318,1206.0,714318.79,2,Recently Active,Recent purchase activity
CUST00569,2025-12-31,524,1873.0,1076059.84,1,Recently Active,Recent purchase activity
CUST00570,2025-12-25,320,1234.0,729032.48,7,Active - Monitor,Monitor purchase recency
CUST00571,2025-12-29,688,2592.0,1606095.22,3,Recently Active,Recent purchase activity
CUST00572,2025-12-29,735,2663.0,1569757.54,3,Recently Active,Recent purchase activity
CUST00573,2025-12-26,311,1155.0,676367.2500000002,6,Active - Monitor,Monitor purchase recency
CUST00574,2025-12-29,471,1735.0,1091921.2199999997,3,Recently Active,Recent purchase activity
CUST00575,2025-12-31,692,2580.0,1528890.19,1,Recently Active,Recent purchase activity
CUST00576,2025-12-31,427,1604.0,880178.25,1,Recently Active,Recent purchase activity
CUST00577,2025-12-31,1065,4018.0,2362083.7399999993,1,Recently Active,Recent purchase activity
CUST00578,2025-12-31,313,1095.0,624764.1500000001,1,Recently Active,Recent purchase activity
CUST00579,2025-12-30,333,1162.0,639358.65,2,Recently Active,Recent purchase activity
CUST00580,2025-12-30,287,1056.0,582306.14,2,Recently Active,Recent purchase activity
CUST00581,2025-12-30,1058,3943.0,2276542.8799999994,2,Recently Active,Recent purchase activity
CUST00582,2025-12-27,460,1712.0,1019453.8700000002,5,Active - Monitor,Monitor purchase recency
CUST00583,2025-12-30,327,1188.0,689579.92,2,Recently Active,Recent purchase activity
CUST00584,2025-12-21,362,1202.0,654902.28,11,Inactivity Watch,Review customer engagement
CUST00585,2025-12-31,343,1252.0,736174.7100000001,1,Recently Active,Recent purchase activity
CUST00586,2025-12-30,701,2534.0,1447764.0299999996,2,Recently Active,Recent purchase activity
CUST00587,2025-12-31,288,970.0,521963.7699999999,1,Recently Active,Recent purchase activity
CUST00588,2025-12-26,321,1165.0,730763.2899999999,6,Active - Monitor,Monitor purchase recency
CUST00589,2025-12-25,331,1232.0,674066.85,7,Active - Monitor,Monitor purchase recency
CUST00590,2025-12-31,474,1759.0,1005694.69,1,Recently Active,Recent purchase activity
CUST00591,2025-12-31,333,1179.0,660701.52,1,Recently Active,Recent purchase activity
CUST00592,2025-12-30,1091,4041.0,2301265.5999999996,2,Recently Active,Recent purchase activity
CUST00593,2025-12-31,1118,3908.0,2331437.3599999994,1,Recently Active,Recent purchase activity
CUST00594,2025-12-31,486,1704.0,1025147.9500000001,1,Recently Active,Recent purchase activity
CUST00595,2025-12-30,462,1703.0,977578.51,2,Recently Active,Recent purchase activity
CUST00596,2025-12-30,319,1142.0,603382.04,2,Recently Active,Recent purchase activity
CUST00597,2025-12-31,336,1219.0,738287.2300000001,1,Recently Active,Recent purchase activity
CUST00598,2025-12-22,297,999.0,540051.08,10,Inactivity Watch,Review customer engagement
CUST00599,2025-12-30,456,1690.0,962100.7300000001,2,Recently Active,Recent purchase activity
CUST00600,2025-12-31,321,1114.0,652829.8500000001,1,Recently Active,Recent purchase activity
CUST00601,2025-12-31,733,2624.0,1607343.4700000002,1,Recently Active,Recent purchase activity
CUST00602,2025-12-31,739,2657.0,1506932.9399999995,1,Recently Active,Recent purchase activity
CUST00603,2025-12-31,1045,3800.0,2171120.7899999986,1,Recently Active,Recent purchase activity
CUST00604,2025-12-30,653,2453.0,1383638.1500000001,2,Recently Active,Recent purchase activity
CUST00605,2025-12-26,452,1780.0,1100873.7799999998,6,Active - Monitor,Monitor purchase recency
CUST00606,2025-12-31,345,1262.0,757187.19,1,Recently Active,Recent purchase activity
CUST00607,2025-12-30,1062,3836.0,2195199.77,2,Recently Active,Recent purchase activity
CUST00608,2025-12-27,312,1119.0,635744.4199999999,5,Active - Monitor,Monitor purchase recency
CUST00609,2025-12-31,342,1298.0,791153.4900000002,1,Recently Active,Recent purchase activity
CUST00610,2025-12-28,469,1690.0,953236.1300000001,4,Active - Monitor,Monitor purchase recency
CUST00611,2025-12-31,1042,3684.0,2203309.9800000004,1,Recently Active,Recent purchase activity
CUST00612,2025-12-25,320,1144.0,649087.2600000001,7,Active - Monitor,Monitor purchase recency
CUST00613,2025-12-31,1084,3731.0,2166514.2099999995,1,Recently Active,Recent purchase activity
CUST00614,2025-12-23,343,1227.0,739809.79,9,Inactivity Watch,Review customer engagement
CUST00615,2025-12-31,479,1813.0,1042368.3400000001,1,Recently Active,Recent purchase activity
CUST00616,2025-12-26,495,1722.0,986957.29,6,Active - Monitor,Monitor purchase recency
CUST00617,2025-12-29,453,1547.0,849789.11,3,Recently Active,Recent purchase activity
CUST00618,2025-12-31,1067,3996.0,2312513.9899999993,1,Recently Active,Recent purchase activity
CUST00619,2025-12-30,308,1137.0,645160.4800000001,2,Recently Active,Recent purchase activity
CUST00620,2025-12-29,677,2468.0,1395066.9000000004,3,Recently Active,Recent purchase activity
CUST00621,2025-12-31,478,1806.0,1025628.38,1,Recently Active,Recent purchase activity
CUST00622,2025-12-31,731,2728.0,1605484.1700000002,1,Recently Active,Recent purchase activity
CUST00623,2025-12-30,708,2550.0,1533347.7199999997,2,Recently Active,Recent purchase activity
CUST00624,2025-12-26,312,1100.0,649229.1299999999,6,Active - Monitor,Monitor purchase recency
CUST00625,2025-12-28,329,1199.0,711872.7700000003,4,Active - Monitor,Monitor purchase recency
CUST00626,2025-12-31,726,2593.0,1480088.5899999996,1,Recently Active,Recent purchase activity
CUST00627,2025-12-31,360,1317.0,807736.5999999999,1,Recently Active,Recent purchase activity
CUST00628,2025-12-27,294,1057.0,592696.5900000001,5,Active - Monitor,Monitor purchase recency
CUST00629,2025-12-31,468,1723.0,991444.2399999999,1,Recently Active,Recent purchase activity
CUST00630,2025-12-30,342,1203.0,721659.45,2,Recently Active,Recent purchase activity
CUST00631,2025-12-28,730,2642.0,1607584.2199999997,4,Active - Monitor,Monitor purchase recency
CUST00632,2025-12-31,306,1090.0,625779.7000000001,1,Recently Active,Recent purchase activity
CUST00633,2025-12-22,344,1318.0,791534.7900000003,10,Inactivity Watch,Review customer engagement
CUST00634,2025-12-31,739,2580.0,1468380.01,1,Recently Active,Recent purchase activity
CUST00635,2025-12-29,322,1204.0,662151.38,3,Recently Active,Recent purchase activity
CUST00636,2025-12-31,415,1459.0,851066.22,1,Recently Active,Recent purchase activity
CUST00637,2025-12-26,305,1159.0,698772.3900000001,6,Active - Monitor,Monitor purchase recency
CUST00638,2025-12-31,450,1693.0,979937.9699999997,1,Recently Active,Recent purchase activity
CUST00639,2025-12-30,299,1126.0,664997.2100000001,2,Recently Active,Recent purchase activity
CUST00640,2025-12-30,708,2564.0,1519935.6800000002,2,Recently Active,Recent purchase activity
CUST00641,2025-12-29,322,1275.0,723819.6500000001,3,Recently Active,Recent purchase activity
CUST00642,2025-12-30,1041,3764.0,2161769.08,2,Recently Active,Recent purchase activity
CUST00643,2025-12-30,328,1212.0,647289.05,2,Recently Active,Recent purchase activity
CUST00644,2025-12-30,339,1312.0,820832.0800000001,2,Recently Active,Recent purchase activity
CUST00645,2025-12-31,343,1251.0,685589.5299999999,1,Recently Active,Recent purchase activity
CUST00646,2025-12-31,319,1216.0,684034.6,1,Recently Active,Recent purchase activity
CUST00647,2025-12-29,326,1144.0,619583.8099999999,3,Recently Active,Recent purchase activity
CUST00648,2025-12-22,329,1214.0,718470.1499999999,10,Inactivity Watch,Review customer engagement
CUST00649,2025-12-30,459,1742.0,964887.02,2,Recently Active,Recent purchase activity
CUST00650,2025-12-31,690,2480.0,1478727.3400000003,1,Recently Active,Recent purchase activity
CUST00651,2025-12-29,322,1146.0,693226.77,3,Recently Active,Recent purchase activity
CUST00652,2025-12-26,342,1184.0,671608.7200000001,6,Active - Monitor,Monitor purchase recency
CUST00653,2025-12-26,338,1195.0,708891.7699999999,6,Active - Monitor,Monitor purchase recency
CUST00654,2025-12-19,448,1627.0,964732.98,13,Inactivity Watch,Review customer engagement
CUST00655,2025-12-31,331,1208.0,723513.3300000002,1,Recently Active,Recent purchase activity
CUST00656,2025-12-31,306,1087.0,559599.14,1,Recently Active,Recent purchase activity
CUST00657,2025-12-30,463,1600.0,912750.1799999999,2,Recently Active,Recent purchase activity
CUST00658,2025-12-30,469,1788.0,1104293.82,2,Recently Active,Recent purchase activity
CUST00659,2025-12-31,305,1188.0,661450.2600000001,1,Recently Active,Recent purchase activity
CUST00660,2025-12-31,718,2704.0,1591627.94,1,Recently Active,Recent purchase activity
CUST00661,2025-12-27,476,1741.0,1010030.66,5,Active - Monitor,Monitor purchase recency
CUST00662,2025-12-31,698,2491.0,1421260.67,1,Recently Active,Recent purchase activity
CUST00663,2025-12-27,304,1035.0,670099.75,5,Active - Monitor,Monitor purchase recency
CUST00664,2025-12-27,341,1147.0,654903.81,5,Active - Monitor,Monitor purchase recency
CUST00665,2025-12-31,1019,3717.0,2106114.1099999994,1,Recently Active,Recent purchase activity
CUST00666,2025-12-30,467,1757.0,959869.11,2,Recently Active,Recent purchase activity
CUST00667,2025-12-30,338,1160.0,651924.4700000001,2,Recently Active,Recent purchase activity
CUST00668,2025-12-30,685,2476.0,1513825.5099999998,2,Recently Active,Recent purchase activity
CUST00669,2025-12-29,671,2414.0,1370126.8299999998,3,Recently Active,Recent purchase activity
CUST00670,2025-12-30,1069,3962.0,2261438.2399999993,2,Recently Active,Recent purchase activity
CUST00671,2025-12-26,468,1679.0,940052.21,6,Active - Monitor,Monitor purchase recency
CUST00672,2025-12-27,474,1744.0,975656.01,5,Active - Monitor,Monitor purchase recency
CUST00673,2025-12-30,327,1216.0,740780.33,2,Recently Active,Recent purchase activity
CUST00674,2025-12-31,491,1786.0,1003987.5700000001,1,Recently Active,Recent purchase activity
CUST00675,2025-12-28,307,1183.0,688301.2100000001,4,Active - Monitor,Monitor purchase recency
CUST00676,2025-12-30,711,2491.0,1484157.44,2,Recently Active,Recent purchase activity
CUST00677,2025-12-30,474,1743.0,996316.2599999998,2,Recently Active,Recent purchase activity
CUST00678,2025-12-30,484,1763.0,1030294.2,2,Recently Active,Recent purchase activity
CUST00679,2025-12-27,472,1819.0,1035229.63,5,Active - Monitor,Monitor purchase recency
CUST00680,2025-12-30,315,1095.0,578141.42,2,Recently Active,Recent purchase activity
CUST00681,2025-12-30,329,1194.0,764723.0500000002,2,Recently Active,Recent purchase activity
CUST00682,2025-12-30,490,1684.0,968765.8100000002,2,Recently Active,Recent purchase activity
CUST00683,2025-12-31,504,1859.0,1067929.93,1,Recently Active,Recent purchase activity
CUST00684,2025-12-31,674,2440.0,1384370.8499999994,1,Recently Active,Recent purchase activity
CUST00685,2025-12-25,423,1488.0,866941.5,7,Active - Monitor,Monitor purchase recency
CUST00686,2025-12-19,304,1096.0,638382.6,13,Inactivity Watch,Review customer engagement
CUST00687,2025-12-25,509,1790.0,1005335.95,7,Active - Monitor,Monitor purchase recency
CUST00688,2025-12-31,474,1718.0,1029558.59,1,Recently Active,Recent purchase activity
CUST00689,2025-12-31,728,2610.0,1521094.99,1,Recently Active,Recent purchase activity
CUST00690,2025-12-31,696,2499.0,1426499.0100000002,1,Recently Active,Recent purchase activity
CUST00691,2025-12-30,494,1773.0,1042436.1300000001,2,Recently Active,Recent purchase activity
CUST00692,2025-12-31,757,2735.0,1551356.2099999997,1,Recently Active,Recent purchase activity
CUST00693,2025-12-30,326,1181.0,668397.03,2,Recently Active,Recent purchase activity
CUST00694,2025-12-31,709,2565.0,1468470.4099999997,1,Recently Active,Recent purchase activity
CUST00695,2025-12-30,333,1201.0,650565.0100000001,2,Recently Active,Recent purchase activity
CUST00696,2025-12-31,688,2520.0,1417674.61,1,Recently Active,Recent purchase activity
CUST00697,2025-12-30,312,1078.0,602057.37,2,Recently Active,Recent purchase activity
CUST00698,2025-12-31,457,1571.0,984179.6700000002,1,Recently Active,Recent purchase activity
CUST00699,2025-12-30,679,2421.0,1348845.46,2,Recently Active,Recent purchase activity
CUST00700,2025-12-30,325,1175.0,710415.3300000001,2,Recently Active,Recent purchase activity
CUST00701,2025-12-30,337,1211.0,743222.4499999998,2,Recently Active,Recent purchase activity
CUST00702,2025-12-29,689,2491.0,1393581.3800000001,3,Recently Active,Recent purchase activity
CUST00703,2025-12-30,307,1112.0,586118.2099999998,2,Recently Active,Recent purchase activity
CUST00704,2025-12-27,294,990.0,628240.19,5,Active - Monitor,Monitor purchase recency
CUST00705,2025-12-30,443,1626.0,919943.66,2,Recently Active,Recent purchase activity
CUST00706,2025-12-31,445,1593.0,964470.4199999999,1,Recently Active,Recent purchase activity
CUST00707,2025-12-30,362,1373.0,788781.4200000002,2,Recently Active,Recent purchase activity
CUST00708,2025-12-31,487,1798.0,1105488.6699999997,1,Recently Active,Recent purchase activity
CUST00709,2025-12-31,687,2572.0,1530978.92,1,Recently Active,Recent purchase activity
CUST00710,2025-12-30,439,1651.0,936809.77,2,Recently Active,Recent purchase activity
CUST00711,2025-12-29,359,1304.0,745231.48,3,Recently Active,Recent purchase activity
CUST00712,2025-12-29,511,1779.0,1078152.16,3,Recently Active,Recent purchase activity
CUST00713,2025-12-29,312,1125.0,637868.87,3,Recently Active,Recent purchase activity
CUST00714,2025-12-30,1099,3948.0,2269244.5299999993,2,Recently Active,Recent purchase activity
CUST00715,2025-12-31,322,1134.0,602637.86,1,Recently Active,Recent purchase activity
CUST00716,2025-12-28,464,1632.0,931480.19,4,Active - Monitor,Monitor purchase recency
CUST00717,2025-12-31,452,1626.0,925552.74,1,Recently Active,Recent purchase activity
CUST00718,2025-12-31,737,2838.0,1650967.2999999998,1,Recently Active,Recent purchase activity
CUST00719,2025-12-28,692,2462.0,1399999.32,4,Active - Monitor,Monitor purchase recency
CUST00720,2025-12-28,468,1641.0,928327.1200000001,4,Active - Monitor,Monitor purchase recency
CUST00721,2025-12-29,1138,4077.0,2311802.569999999,3,Recently Active,Recent purchase activity
CUST00722,2025-12-28,440,1509.0,881421.1900000001,4,Active - Monitor,Monitor purchase recency
CUST00723,2025-12-31,1072,3785.0,2305200.27,1,Recently Active,Recent purchase activity
CUST00724,2025-12-30,285,979.0,617655.15,2,Recently Active,Recent purchase activity
CUST00725,2025-12-30,685,2461.0,1421527.3599999996,2,Recently Active,Recent purchase activity
CUST00726,2025-12-30,479,1800.0,1036558.67,2,Recently Active,Recent purchase activity
CUST00727,2025-12-27,707,2477.0,1413554.5199999996,5,Active - Monitor,Monitor purchase recency
CUST00728,2025-12-28,337,1183.0,689995.7400000001,4,Active - Monitor,Monitor purchase recency
CUST00729,2025-12-30,487,1750.0,1024269.12,2,Recently Active,Recent purchase activity
CUST00730,2025-12-26,477,1722.0,980845.1300000001,6,Active - Monitor,Monitor purchase recency
CUST00731,2025-12-29,737,2743.0,1607604.25,3,Recently Active,Recent purchase activity
CUST00732,2025-12-31,502,1771.0,1004674.5900000002,1,Recently Active,Recent purchase activity
CUST00733,2025-12-31,742,2686.0,1471845.89,1,Recently Active,Recent purchase activity
CUST00734,2025-12-30,482,1728.0,930345.2,2,Recently Active,Recent purchase activity
CUST00735,2025-12-30,444,1606.0,944066.9099999999,2,Recently Active,Recent purchase activity
CUST00736,2025-12-28,698,2499.0,1446716.7000000002,4,Active - Monitor,Monitor purchase recency
CUST00737,2025-12-31,485,1820.0,1047546.23,1,Recently Active,Recent purchase activity
CUST00738,2025-12-29,465,1843.0,1078827.29,3,Recently Active,Recent purchase activity
CUST00739,2025-12-28,461,1686.0,978316.56,4,Active - Monitor,Monitor purchase recency
CUST00740,2025-12-31,700,2574.0,1446758.52,1,Recently Active,Recent purchase activity
CUST00741,2025-12-29,1013,3650.0,2112769.1599999997,3,Recently Active,Recent purchase activity
CUST00742,2025-12-30,316,1097.0,655100.2100000001,2,Recently Active,Recent purchase activity
CUST00743,2025-12-31,336,1228.0,644244.7,1,Recently Active,Recent purchase activity
CUST00744,2025-12-30,333,1127.0,674720.1799999999,2,Recently Active,Recent purchase activity
CUST00745,2025-12-29,345,1260.0,706120.6000000001,3,Recently Active,Recent purchase activity
CUST00746,2025-12-27,318,1200.0,704590.0499999999,5,Active - Monitor,Monitor purchase recency
CUST00747,2025-12-31,722,2616.0,1470832.1500000001,1,Recently Active,Recent purchase activity
CUST00748,2025-12-29,335,1166.0,715535.5799999998,3,Recently Active,Recent purchase activity
CUST00749,2025-12-31,463,1638.0,962609.2100000002,1,Recently Active,Recent purchase activity
CUST00750,2025-12-31,726,2681.0,1527300.0099999998,1,Recently Active,Recent purchase activity
CUST00751,2025-12-30,1114,3962.0,2300554.78,2,Recently Active,Recent purchase activity
CUST00752,2025-12-31,450,1611.0,964428.9899999998,1,Recently Active,Recent purchase activity
CUST00753,2025-12-27,313,1226.0,726517.3600000001,5,Active - Monitor,Monitor purchase recency
CUST00754,2025-12-28,480,1720.0,1041576.5900000003,4,Active - Monitor,Monitor purchase recency
CUST00755,2025-12-31,1062,3897.0,2191411.8499999996,1,Recently Active,Recent purchase activity
CUST00756,2025-12-30,1025,3708.0,2183921.85,2,Recently Active,Recent purchase activity
CUST00757,2025-12-26,311,1088.0,625611.72,6,Active - Monitor,Monitor purchase recency
CUST00758,2025-12-30,1019,3807.0,2175988.5299999993,2,Recently Active,Recent purchase activity
CUST00759,2025-12-31,353,1250.0,765997.0899999999,1,Recently Active,Recent purchase activity
CUST00760,2025-12-31,782,2775.0,1646877.7999999998,1,Recently Active,Recent purchase activity
CUST00761,2025-12-30,1038,3658.0,2268243.9699999993,2,Recently Active,Recent purchase activity
CUST00762,2025-12-31,308,1115.0,584894.98,1,Recently Active,Recent purchase activity
CUST00763,2025-12-29,315,1094.0,620092.8099999999,3,Recently Active,Recent purchase activity
CUST00764,2025-12-31,474,1813.0,1049666.0699999998,1,Recently Active,Recent purchase activity
CUST00765,2025-12-31,324,1124.0,624028.97,1,Recently Active,Recent purchase activity
CUST00766,2025-12-31,1048,3808.0,2277516.6199999996,1,Recently Active,Recent purchase activity
CUST00767,2025-12-30,441,1615.0,991465.4300000002,2,Recently Active,Recent purchase activity
CUST00768,2025-12-28,682,2452.0,1433128.3899999997,4,Active - Monitor,Monitor purchase recency
CUST00769,2025-12-22,346,1313.0,728902.0600000002,10,Inactivity Watch,Review customer engagement
CUST00770,2025-12-31,1053,3845.0,2270589.7699999996,1,Recently Active,Recent purchase activity
CUST00771,2025-12-30,727,2587.0,1544895.7000000002,2,Recently Active,Recent purchase activity
CUST00772,2025-12-29,359,1317.0,744141.0900000001,3,Recently Active,Recent purchase activity
CUST00773,2025-12-28,341,1245.0,727315.5700000001,4,Active - Monitor,Monitor purchase recency
CUST00774,2025-12-26,318,1188.0,681618.6699999999,6,Active - Monitor,Monitor purchase recency
CUST00775,2025-12-29,432,1590.0,845113.62,3,Recently Active,Recent purchase activity
CUST00776,2025-12-28,682,2375.0,1382969.73,4,Active - Monitor,Monitor purchase recency
CUST00777,2025-12-31,766,2655.0,1549575.97,1,Recently Active,Recent purchase activity
CUST00778,2025-12-29,437,1587.0,864424.9400000001,3,Recently Active,Recent purchase activity
CUST00779,2025-12-30,434,1635.0,1015929.25,2,Recently Active,Recent purchase activity
CUST00780,2025-12-31,1123,4122.0,2366429.340000001,1,Recently Active,Recent purchase activity
CUST00781,2025-12-27,470,1820.0,1026957.5999999999,5,Active - Monitor,Monitor purchase recency
CUST00782,2025-12-30,667,2336.0,1295355.6099999999,2,Recently Active,Recent purchase activity
CUST00783,2025-12-26,353,1325.0,786598.11,6,Active - Monitor,Monitor purchase recency
CUST00784,2025-12-28,311,1088.0,647302.6400000001,4,Active - Monitor,Monitor purchase recency
CUST00785,2025-12-28,309,1140.0,674666.6499999999,4,Active - Monitor,Monitor purchase recency
CUST00786,2025-12-30,1044,3692.0,2139932.5500000003,2,Recently Active,Recent purchase activity
CUST00787,2025-12-30,688,2634.0,1515121.4,2,Recently Active,Recent purchase activity
CUST00788,2025-12-31,1104,4045.0,2428826.169999999,1,Recently Active,Recent purchase activity
CUST00789,2025-12-27,323,1184.0,646068.3,5,Active - Monitor,Monitor purchase recency
CUST00790,2025-12-31,306,1062.0,581953.85,1,Recently Active,Recent purchase activity
CUST00791,2025-12-30,361,1375.0,889742.1000000001,2,Recently Active,Recent purchase activity
CUST00792,2025-12-31,453,1609.0,884461.0900000001,1,Recently Active,Recent purchase activity
CUST00793,2025-12-31,1080,3872.0,2268404.2,1,Recently Active,Recent purchase activity
CUST00794,2025-12-27,333,1234.0,754442.4400000001,5,Active - Monitor,Monitor purchase recency
CUST00795,2025-12-28,1073,3774.0,2158187.2499999995,4,Active - Monitor,Monitor purchase recency
CUST00796,2025-12-30,362,1360.0,738820.8099999999,2,Recently Active,Recent purchase activity
CUST00797,2025-12-31,306,1120.0,638473.12,1,Recently Active,Recent purchase activity
CUST00798,2025-12-27,346,1223.0,706683.56,5,Active - Monitor,Monitor purchase recency
CUST00799,2025-12-22,330,1195.0,637524.1200000001,10,Inactivity Watch,Review customer engagement
CUST00800,2025-12-29,461,1729.0,961028.1799999999,3,Recently Active,Recent purchase activity
CUST00801,2025-12-31,1099,4058.0,2381036.409999999,1,Recently Active,Recent purchase activity
CUST00802,2025-12-31,1058,3847.0,2315241.97,1,Recently Active,Recent purchase activity
CUST00803,2025-12-28,324,1175.0,694465.03,4,Active - Monitor,Monitor purchase recency
CUST00804,2025-12-29,453,1738.0,1012275.1000000002,3,Recently Active,Recent purchase activity
CUST00805,2025-12-31,461,1759.0,1024266.3999999999,1,Recently Active,Recent purchase activity
CUST00806,2025-12-31,350,1248.0,757285.91,1,Recently Active,Recent purchase activity
CUST00807,2025-12-31,460,1628.0,958620.9299999999,1,Recently Active,Recent purchase activity
CUST00808,2025-12-30,318,1113.0,664439.49,2,Recently Active,Recent purchase activity
CUST00809,2025-12-31,301,1016.0,553967.35,1,Recently Active,Recent purchase activity
CUST00810,2025-12-31,1065,3944.0,2248206.039999999,1,Recently Active,Recent purchase activity
CUST00811,2025-12-31,693,2456.0,1521159.2300000002,1,Recently Active,Recent purchase activity
CUST00812,2025-12-31,678,2489.0,1407453.1,1,Recently Active,Recent purchase activity
CUST00813,2025-12-30,507,1808.0,1026107.7300000004,2,Recently Active,Recent purchase activity
CUST00814,2025-12-31,476,1788.0,1017319.6399999999,1,Recently Active,Recent purchase activity
CUST00815,2025-12-28,356,1312.0,823411.41,4,Active - Monitor,Monitor purchase recency
CUST00816,2025-12-26,332,1177.0,686933.06,6,Active - Monitor,Monitor purchase recency
CUST00817,2025-12-30,1058,3553.0,2043368.06,2,Recently Active,Recent purchase activity
CUST00818,2025-12-31,511,1840.0,1085311.48,1,Recently Active,Recent purchase activity
CUST00819,2025-12-31,472,1795.0,999278.53,1,Recently Active,Recent purchase activity
CUST00820,2025-12-31,459,1580.0,906384.3599999999,1,Recently Active,Recent purchase activity
CUST00821,2025-12-31,1135,4069.0,2365116.6399999997,1,Recently Active,Recent purchase activity
CUST00822,2025-12-30,333,1269.0,746482.15,2,Recently Active,Recent purchase activity
CUST00823,2025-12-30,722,2585.0,1530944.58,2,Recently Active,Recent purchase activity
CUST00824,2025-12-31,347,1298.0,813940.5,1,Recently Active,Recent purchase activity
CUST00825,2025-12-29,351,1228.0,721092.5699999998,3,Recently Active,Recent purchase activity
CUST00826,2025-12-31,1045,3758.0,2239214.96,1,Recently Active,Recent purchase activity
CUST00827,2025-12-30,335,1242.0,746933.2,2,Recently Active,Recent purchase activity
CUST00828,2025-12-29,473,1750.0,996820.0900000001,3,Recently Active,Recent purchase activity
CUST00829,2025-12-31,447,1570.0,889650.69,1,Recently Active,Recent purchase activity
CUST00830,2025-12-30,429,1567.0,897937.1900000001,2,Recently Active,Recent purchase activity
CUST00831,2025-12-30,1099,3986.0,2376486.9399999995,2,Recently Active,Recent purchase activity
CUST00832,2025-12-25,293,1163.0,691625.52,7,Active - Monitor,Monitor purchase recency
CUST00833,2025-12-30,326,1146.0,713149.23,2,Recently Active,Recent purchase activity
CUST00834,2025-12-31,324,1183.0,696964.9600000001,1,Recently Active,Recent purchase activity
CUST00835,2025-12-30,1096,3954.0,2323719.899999999,2,Recently Active,Recent purchase activity
CUST00836,2025-12-31,1089,3945.0,2395558.0900000003,1,Recently Active,Recent purchase activity
CUST00837,2025-12-24,323,1067.0,606047.2,8,Inactivity Watch,Review customer engagement
CUST00838,2025-12-25,444,1661.0,971774.75,7,Active - Monitor,Monitor purchase recency
CUST00839,2025-12-29,423,1529.0,929847.62,3,Recently Active,Recent purchase activity
CUST00840,2025-12-30,1028,3779.0,2237564.4299999997,2,Recently Active,Recent purchase activity
CUST00841,2025-12-31,422,1539.0,924145.13,1,Recently Active,Recent purchase activity
CUST00842,2025-12-28,665,2459.0,1405251.16,4,Active - Monitor,Monitor purchase recency
CUST00843,2025-12-23,348,1224.0,750206.4699999999,9,Inactivity Watch,Review customer engagement
CUST00844,2025-12-31,458,1677.0,973192.1499999999,1,Recently Active,Recent purchase activity
CUST00845,2025-12-31,724,2624.0,1508432.9399999997,1,Recently Active,Recent purchase activity
CUST00846,2025-12-31,332,1254.0,703865.88,1,Recently Active,Recent purchase activity
CUST00847,2025-12-28,489,1706.0,934909.9700000001,4,Active - Monitor,Monitor purchase recency
CUST00848,2025-12-31,1117,4076.0,2369814.5999999996,1,Recently Active,Recent purchase activity
CUST00849,2025-12-31,671,2532.0,1539105.3699999999,1,Recently Active,Recent purchase activity
CUST00850,2025-12-28,307,1113.0,689189.8800000001,4,Active - Monitor,Monitor purchase recency
CUST00851,2025-12-30,447,1585.0,925966.9299999998,2,Recently Active,Recent purchase activity
CUST00852,2025-12-28,490,1785.0,1081340.9799999997,4,Active - Monitor,Monitor purchase recency
CUST00853,2025-12-29,307,1115.0,688069.1399999999,3,Recently Active,Recent purchase activity
CUST00854,2025-12-31,313,1108.0,621951.83,1,Recently Active,Recent purchase activity
CUST00855,2025-12-27,318,1132.0,634862.7699999999,5,Active - Monitor,Monitor purchase recency
CUST00856,2025-12-31,1055,3993.0,2284082.8499999996,1,Recently Active,Recent purchase activity
CUST00857,2025-12-29,479,1671.0,955900.4400000001,3,Recently Active,Recent purchase activity
CUST00858,2025-12-29,324,1191.0,681039.22,3,Recently Active,Recent purchase activity
CUST00859,2025-12-23,426,1642.0,898579.72,9,Inactivity Watch,Review customer engagement
CUST00860,2025-12-31,328,1222.0,705118.7600000001,1,Recently Active,Recent purchase activity
CUST00861,2025-12-30,694,2548.0,1451680.1300000004,2,Recently Active,Recent purchase activity
CUST00862,2025-12-30,471,1773.0,1062576.14,2,Recently Active,Recent purchase activity
CUST00863,2025-12-31,479,1757.0,949779.8100000003,1,Recently Active,Recent purchase activity
CUST00864,2025-12-31,702,2583.0,1471215.9699999997,1,Recently Active,Recent purchase activity
CUST00865,2025-12-31,322,1216.0,716520.26,1,Recently Active,Recent purchase activity
CUST00866,2025-12-29,475,1684.0,981090.0700000002,3,Recently Active,Recent purchase activity
CUST00867,2025-12-28,347,1258.0,713019.9500000001,4,Active - Monitor,Monitor purchase recency
CUST00868,2025-12-24,328,1211.0,737738.85,8,Inactivity Watch,Review customer engagement
CUST00869,2025-12-29,314,1257.0,673865.18,3,Recently Active,Recent purchase activity
CUST00870,2025-12-29,321,1144.0,655136.2500000001,3,Recently Active,Recent purchase activity
CUST00871,2025-12-31,457,1565.0,926968.9000000001,1,Recently Active,Recent purchase activity
CUST00872,2025-12-31,348,1367.0,745274.6899999998,1,Recently Active,Recent purchase activity
CUST00873,2025-12-31,300,1150.0,698973.4600000001,1,Recently Active,Recent purchase activity
CUST00874,2025-12-31,293,1045.0,635132.16,1,Recently Active,Recent purchase activity
CUST00875,2025-12-31,326,1194.0,730100.3300000001,1,Recently Active,Recent purchase activity
CUST00876,2025-12-29,332,1116.0,647574.5399999999,3,Recently Active,Recent purchase activity
CUST00877,2025-12-31,348,1255.0,741157.06,1,Recently Active,Recent purchase activity
CUST00878,2025-12-31,1137,4165.0,2490867.9000000004,1,Recently Active,Recent purchase activity
CUST00879,2025-12-29,355,1262.0,811821.8599999999,3,Recently Active,Recent purchase activity
CUST00880,2025-12-26,425,1530.0,918059.75,6,Active - Monitor,Monitor purchase recency
CUST00881,2025-12-31,711,2570.0,1435441.3199999998,1,Recently Active,Recent purchase activity
CUST00882,2025-12-31,1080,3906.0,2121017.75,1,Recently Active,Recent purchase activity
CUST00883,2025-12-28,351,1322.0,779760.58,4,Active - Monitor,Monitor purchase recency
CUST00884,2025-12-29,333,1254.0,684864.4,3,Recently Active,Recent purchase activity
CUST00885,2025-12-28,421,1500.0,838909.7700000003,4,Active - Monitor,Monitor purchase recency
CUST00886,2025-12-31,476,1627.0,998780.2600000002,1,Recently Active,Recent purchase activity
CUST00887,2025-12-28,456,1703.0,990303.8399999999,4,Active - Monitor,Monitor purchase recency
CUST00888,2025-12-29,373,1344.0,780556.97,3,Recently Active,Recent purchase activity
CUST00889,2025-12-31,1030,3753.0,2183997.84,1,Recently Active,Recent purchase activity
CUST00890,2025-12-28,421,1420.0,766737.5499999998,4,Active - Monitor,Monitor purchase recency
CUST00891,2025-12-22,341,1216.0,693716.76,10,Inactivity Watch,Review customer engagement
CUST00892,2025-12-31,1037,3643.0,2192687.5500000003,1,Recently Active,Recent purchase activity
CUST00893,2025-12-30,469,1679.0,921246.2300000001,2,Recently Active,Recent purchase activity
CUST00894,2025-12-31,687,2608.0,1453171.0799999996,1,Recently Active,Recent purchase activity
CUST00895,2025-12-29,325,1191.0,677911.41,3,Recently Active,Recent purchase activity
CUST00896,2025-12-25,347,1333.0,781025.5,7,Active - Monitor,Monitor purchase recency
CUST00897,2025-12-29,318,1128.0,671760.0599999999,3,Recently Active,Recent purchase activity
CUST00898,2025-12-31,716,2571.0,1597886.6800000002,1,Recently Active,Recent purchase activity
CUST00899,2025-12-31,1079,3804.0,2221762.23,1,Recently Active,Recent purchase activity
CUST00900,2025-12-30,1096,4131.0,2352983.4099999997,2,Recently Active,Recent purchase activity
CUST00901,2025-12-31,681,2417.0,1342428.7199999997,1,Recently Active,Recent purchase activity
CUST00902,2025-12-30,733,2687.0,1514357.53,2,Recently Active,Recent purchase activity
CUST00903,2025-12-24,329,1253.0,760558.7300000002,8,Inactivity Watch,Review customer engagement
CUST00904,2025-12-30,322,1113.0,685377.5399999999,2,Recently Active,Recent purchase activity
CUST00905,2025-12-28,295,1023.0,572739.75,4,Active - Monitor,Monitor purchase recency
CUST00906,2025-12-23,496,1726.0,994594.1200000002,9,Inactivity Watch,Review customer engagement
CUST00907,2025-12-30,1074,3925.0,2299097.5100000002,2,Recently Active,Recent purchase activity
CUST00908,2025-12-30,427,1506.0,881026.13,2,Recently Active,Recent purchase activity
CUST00909,2025-12-31,446,1662.0,1022299.6399999999,1,Recently Active,Recent purchase activity
CUST00910,2025-12-22,318,1176.0,685453.5800000001,10,Inactivity Watch,Review customer engagement
CUST00911,2025-12-31,464,1724.0,1011939.9099999999,1,Recently Active,Recent purchase activity
CUST00912,2025-12-25,316,1162.0,612683.24,7,Active - Monitor,Monitor purchase recency
CUST00913,2025-12-31,1099,4092.0,2365742.73,1,Recently Active,Recent purchase activity
CUST00914,2025-12-31,656,2454.0,1493817.4899999998,1,Recently Active,Recent purchase activity
CUST00915,2025-12-29,327,1217.0,709929.1399999999,3,Recently Active,Recent purchase activity
CUST00916,2025-12-23,496,1854.0,1083909.15,9,Inactivity Watch,Review customer engagement
CUST00917,2025-12-09,293,977.0,591486.0599999999,23,Extended Inactivity,Review individually; inactivity is not proof of churn
CUST00918,2025-12-26,317,1122.0,617513.16,6,Active - Monitor,Monitor purchase recency
CUST00919,2025-12-23,465,1624.0,929867.12,9,Inactivity Watch,Review customer engagement
CUST00920,2025-12-31,484,1735.0,979501.99,1,Recently Active,Recent purchase activity
CUST00921,2025-12-25,369,1417.0,792994.49,7,Active - Monitor,Monitor purchase recency
CUST00922,2025-12-30,326,1140.0,651682.35,2,Recently Active,Recent purchase activity
CUST00923,2025-12-27,307,1088.0,610916.2799999999,5,Active - Monitor,Monitor purchase recency
CUST00924,2025-12-30,303,1160.0,621381.1100000001,2,Recently Active,Recent purchase activity
CUST00925,2025-12-31,382,1412.0,770338.1100000001,1,Recently Active,Recent purchase activity
CUST00926,2025-12-30,475,1665.0,848352.1299999999,2,Recently Active,Recent purchase activity
CUST00927,2025-12-31,678,2466.0,1396013.25,1,Recently Active,Recent purchase activity
CUST00928,2025-12-29,324,1156.0,642711.7200000001,3,Recently Active,Recent purchase activity
CUST00929,2025-12-31,1029,3704.0,2153165.1099999994,1,Recently Active,Recent purchase activity
CUST00930,2025-12-30,482,1755.0,971659.5699999998,2,Recently Active,Recent purchase activity
CUST00931,2025-12-31,500,1750.0,994064.3099999998,1,Recently Active,Recent purchase activity
CUST00932,2025-12-31,462,1683.0,1024450.6400000002,1,Recently Active,Recent purchase activity
CUST00933,2025-12-31,1117,3927.0,2322573.599999999,1,Recently Active,Recent purchase activity
CUST00934,2025-12-28,468,1674.0,955078.65,4,Active - Monitor,Monitor purchase recency
CUST00935,2025-12-31,729,2651.0,1647283.7700000005,1,Recently Active,Recent purchase activity
CUST00936,2025-12-31,448,1657.0,940302.06,1,Recently Active,Recent purchase activity
CUST00937,2025-12-31,667,2286.0,1319609.6199999999,1,Recently Active,Recent purchase activity
CUST00938,2025-12-31,725,2681.0,1458676.37,1,Recently Active,Recent purchase activity
CUST00939,2025-12-28,681,2471.0,1450753.6099999999,4,Active - Monitor,Monitor purchase recency
CUST00940,2025-12-19,339,1208.0,727592.3200000001,13,Inactivity Watch,Review customer engagement
CUST00941,2025-12-31,462,1628.0,954214.7799999998,1,Recently Active,Recent purchase activity
CUST00942,2025-12-30,468,1686.0,943602.09,2,Recently Active,Recent purchase activity
CUST00943,2025-12-31,322,1230.0,737277.7300000001,1,Recently Active,Recent purchase activity
CUST00944,2025-12-31,339,1342.0,806023.4,1,Recently Active,Recent purchase activity
CUST00945,2025-12-31,690,2422.0,1373997.4699999997,1,Recently Active,Recent purchase activity
CUST00946,2025-12-31,326,1184.0,647647.21,1,Recently Active,Recent purchase activity
CUST00947,2025-12-31,462,1662.0,962629.3300000001,1,Recently Active,Recent purchase activity
CUST00948,2025-12-30,471,1661.0,978409.84,2,Recently Active,Recent purchase activity
CUST00949,2025-12-31,500,1814.0,1090499.0000000002,1,Recently Active,Recent purchase activity
CUST00950,2025-12-30,1081,3927.0,2360764.4699999997,2,Recently Active,Recent purchase activity
CUST00951,2025-12-31,683,2480.0,1488210.62,1,Recently Active,Recent purchase activity
CUST00952,2025-12-29,449,1548.0,965103.13,3,Recently Active,Recent purchase activity
CUST00953,2025-12-25,324,1169.0,635052.2699999999,7,Active - Monitor,Monitor purchase recency
CUST00954,2025-12-31,299,1092.0,626142.33,1,Recently Active,Recent purchase activity
CUST00955,2025-12-26,298,1139.0,663620.3099999999,6,Active - Monitor,Monitor purchase recency
CUST00956,2025-12-30,486,1776.0,1020082.8100000002,2,Recently Active,Recent purchase activity
CUST00957,2025-12-29,333,1193.0,687541.78,3,Recently Active,Recent purchase activity
CUST00958,2025-12-29,434,1547.0,917561.65,3,Recently Active,Recent purchase activity
CUST00959,2025-12-31,324,1151.0,674681.53,1,Recently Active,Recent purchase activity
CUST00960,2025-12-31,319,1167.0,705671.3500000002,1,Recently Active,Recent purchase activity
CUST00961,2025-12-31,676,2437.0,1453786.6099999999,1,Recently Active,Recent purchase activity
CUST00962,2025-12-31,1149,4213.0,2549149.3000000003,1,Recently Active,Recent purchase activity
CUST00963,2025-12-31,490,1856.0,1107667.36,1,Recently Active,Recent purchase activity
CUST00964,2025-12-31,308,1082.0,639259.18,1,Recently Active,Recent purchase activity
CUST00965,2025-12-31,309,1093.0,642745.4200000002,1,Recently Active,Recent purchase activity
CUST00966,2025-12-31,329,1151.0,638886.6099999999,1,Recently Active,Recent purchase activity
CUST00967,2025-12-30,499,1834.0,1123531.4200000002,2,Recently Active,Recent purchase activity
CUST00968,2025-12-31,454,1638.0,976600.83,1,Recently Active,Recent purchase activity
CUST00969,2025-12-31,736,2752.0,1577470.8800000001,1,Recently Active,Recent purchase activity
CUST00970,2025-12-31,497,1818.0,1081938.5499999998,1,Recently Active,Recent purchase activity
CUST00971,2025-12-31,320,1172.0,739165.2100000001,1,Recently Active,Recent purchase activity
CUST00972,2025-12-30,705,2603.0,1545871.73,2,Recently Active,Recent purchase activity
CUST00973,2025-12-30,708,2596.0,1452022.5300000003,2,Recently Active,Recent purchase activity
CUST00974,2025-12-28,715,2563.0,1463282.8899999997,4,Active - Monitor,Monitor purchase recency
CUST00975,2025-12-31,1046,3759.0,2239939.29,1,Recently Active,Recent purchase activity
CUST00976,2025-12-29,699,2557.0,1513893.7299999995,3,Recently Active,Recent purchase activity
CUST00977,2025-12-29,479,1793.0,1033401.7000000002,3,Recently Active,Recent purchase activity
CUST00978,2025-12-30,646,2349.0,1379738.9600000004,2,Recently Active,Recent purchase activity
CUST00979,2025-12-30,686,2486.0,1453828.8799999997,2,Recently Active,Recent purchase activity
CUST00980,2025-12-28,464,1654.0,987483.1200000002,4,Active - Monitor,Monitor purchase recency
CUST00981,2025-12-28,479,1716.0,1012259.08,4,Active - Monitor,Monitor purchase recency
CUST00982,2025-12-31,472,1681.0,1018243.84,1,Recently Active,Recent purchase activity
CUST00983,2025-12-25,287,1095.0,645196.0200000001,7,Active - Monitor,Monitor purchase recency
CUST00984,2025-12-29,474,1796.0,993895.42,3,Recently Active,Recent purchase activity
CUST00985,2025-12-31,460,1662.0,1014586.5899999999,1,Recently Active,Recent purchase activity
CUST00986,2025-12-30,338,1222.0,700814.91,2,Recently Active,Recent purchase activity
CUST00987,2025-12-31,470,1689.0,980000.0000000001,1,Recently Active,Recent purchase activity
CUST00988,2025-12-31,1087,4010.0,2268300.369999999,1,Recently Active,Recent purchase activity
CUST00989,2025-12-31,1122,4002.0,2395165.4699999993,1,Recently Active,Recent purchase activity
CUST00990,2025-12-31,1026,3586.0,2076177.4399999997,1,Recently Active,Recent purchase activity
CUST00991,2025-12-30,425,1528.0,860327.03,2,Recently Active,Recent purchase activity
CUST00992,2025-12-31,691,2510.0,1402454.4399999997,1,Recently Active,Recent purchase activity
CUST00993,2025-12-31,342,1248.0,705230.9199999999,1,Recently Active,Recent purchase activity
CUST00994,2025-12-27,450,1520.0,950508.7200000002,5,Active - Monitor,Monitor purchase recency
CUST00995,2025-12-28,348,1291.0,722776.03,4,Active - Monitor,Monitor purchase recency
CUST00996,2025-12-31,308,1055.0,606827.7999999999,1,Recently Active,Recent purchase activity
CUST00997,2025-12-30,720,2570.0,1545348.5699999998,2,Recently Active,Recent purchase activity
CUST00998,2025-12-31,341,1255.0,730023.84,1,Recently Active,Recent purchase activity
CUST00999,2025-12-29,718,2601.0,1525649.5799999998,3,Recently Active,Recent purchase activity
CUST01000,2025-12-29,1053,3824.0,2243480.62,3,Recently Active,Recent purchase activity
CUST01001,2025-12-30,367,1389.0,762026.4700000001,2,Recently Active,Recent purchase activity
CUST01002,2025-12-23,333,1206.0,710702.74,9,Inactivity Watch,Review customer engagement
CUST01003,2025-12-25,651,2293.0,1270662.7699999998,7,Active - Monitor,Monitor purchase recency
CUST01004,2025-12-30,726,2644.0,1576037.08,2,Recently Active,Recent purchase activity
CUST01005,2025-12-27,676,2543.0,1566097.2599999995,5,Active - Monitor,Monitor purchase recency
CUST01006,2025-12-28,703,2495.0,1397174.35,4,Active - Monitor,Monitor purchase recency
CUST01007,2025-12-30,687,2447.0,1432228.6900000002,2,Recently Active,Recent purchase activity
CUST01008,2025-12-28,748,2646.0,1494866.4400000002,4,Active - Monitor,Monitor purchase recency
CUST01009,2025-12-24,313,1091.0,707683.3499999999,8,Inactivity Watch,Review customer engagement
CUST01010,2025-12-31,1025,3733.0,2236106.24,1,Recently Active,Recent purchase activity
CUST01011,2025-12-29,695,2595.0,1495815.75,3,Recently Active,Recent purchase activity
CUST01012,2025-12-31,442,1609.0,962426.72,1,Recently Active,Recent purchase activity
CUST01013,2025-12-26,328,1177.0,671719.3799999999,6,Active - Monitor,Monitor purchase recency
CUST01014,2025-12-30,1075,3835.0,2242779.6099999994,2,Recently Active,Recent purchase activity
CUST01015,2025-12-21,325,1170.0,669579.0899999999,11,Inactivity Watch,Review customer engagement
CUST01016,2025-12-31,693,2575.0,1500743.9500000002,1,Recently Active,Recent purchase activity
CUST01017,2025-12-31,359,1246.0,714228.28,1,Recently Active,Recent purchase activity
CUST01018,2025-12-31,457,1638.0,926256.9400000001,1,Recently Active,Recent purchase activity
CUST01019,2025-12-24,442,1592.0,936440.94,8,Inactivity Watch,Review customer engagement
CUST01020,2025-12-29,329,1157.0,672590.1499999999,3,Recently Active,Recent purchase activity
CUST01021,2025-12-31,310,1098.0,736739.8700000001,1,Recently Active,Recent purchase activity
CUST01022,2025-12-31,317,1192.0,670631.72,1,Recently Active,Recent purchase activity
CUST01023,2025-12-29,320,1134.0,679462.0800000001,3,Recently Active,Recent purchase activity
CUST01024,2025-12-25,317,1099.0,644802.6000000001,7,Active - Monitor,Monitor purchase recency
CUST01025,2025-12-26,477,1636.0,988050.1499999999,6,Active - Monitor,Monitor purchase recency
CUST01026,2025-12-31,472,1750.0,963726.6699999999,1,Recently Active,Recent purchase activity
CUST01027,2025-12-30,673,2447.0,1502057.27,2,Recently Active,Recent purchase activity
CUST01028,2025-12-31,320,1112.0,678605.8900000001,1,Recently Active,Recent purchase activity
CUST01029,2025-12-29,476,1773.0,1078756.4499999997,3,Recently Active,Recent purchase activity
CUST01030,2025-12-29,504,1758.0,1020365.69,3,Recently Active,Recent purchase activity
CUST01031,2025-12-30,691,2412.0,1417465.2499999998,2,Recently Active,Recent purchase activity
CUST01032,2025-12-31,1138,4132.0,2456560.5900000003,1,Recently Active,Recent purchase activity
CUST01033,2025-12-31,1097,3860.0,2194556.7399999998,1,Recently Active,Recent purchase activity
CUST01034,2025-12-29,729,2528.0,1542725.6200000003,3,Recently Active,Recent purchase activity
CUST01035,2025-12-30,701,2566.0,1492620.4599999995,2,Recently Active,Recent purchase activity
CUST01036,2025-12-30,328,1227.0,698291.0099999999,2,Recently Active,Recent purchase activity
CUST01037,2025-12-29,377,1369.0,783796.8,3,Recently Active,Recent purchase activity
CUST01038,2025-12-25,493,1799.0,1000002.3400000001,7,Active - Monitor,Monitor purchase recency
CUST01039,2025-12-27,471,1644.0,923893.0,5,Active - Monitor,Monitor purchase recency
CUST01040,2025-12-30,417,1517.0,892425.1100000001,2,Recently Active,Recent purchase activity
CUST01041,2025-12-29,716,2531.0,1470652.44,3,Recently Active,Recent purchase activity
CUST01042,2025-12-30,478,1691.0,973410.5900000002,2,Recently Active,Recent purchase activity
CUST01043,2025-12-30,308,1139.0,644011.64,2,Recently Active,Recent purchase activity
CUST01044,2025-12-30,1103,3832.0,2310271.62,2,Recently Active,Recent purchase activity
CUST01045,2025-12-31,713,2473.0,1436582.6600000001,1,Recently Active,Recent purchase activity
CUST01046,2025-12-30,333,1165.0,695596.6499999999,2,Recently Active,Recent purchase activity
CUST01047,2025-12-29,484,1803.0,1063418.0799999998,3,Recently Active,Recent purchase activity
CUST01048,2025-12-31,1062,3726.0,2264448.7199999993,1,Recently Active,Recent purchase activity
CUST01049,2025-12-29,489,1866.0,1118820.0700000003,3,Recently Active,Recent purchase activity
CUST01050,2025-12-25,439,1625.0,1011390.65,7,Active - Monitor,Monitor purchase recency
CUST01051,2025-12-31,1045,3717.0,2085839.3699999996,1,Recently Active,Recent purchase activity
CUST01052,2025-12-30,718,2659.0,1447563.2499999998,2,Recently Active,Recent purchase activity
CUST01053,2025-12-30,465,1594.0,911755.0900000001,2,Recently Active,Recent purchase activity
CUST01054,2025-12-29,455,1652.0,992019.1900000001,3,Recently Active,Recent purchase activity
CUST01055,2025-12-31,738,2686.0,1579566.3499999994,1,Recently Active,Recent purchase activity
CUST01056,2025-12-31,702,2531.0,1462806.1099999999,1,Recently Active,Recent purchase activity
CUST01057,2025-12-27,349,1292.0,765483.05,5,Active - Monitor,Monitor purchase recency
CUST01058,2025-12-29,469,1765.0,1077954.42,3,Recently Active,Recent purchase activity
CUST01059,2025-12-24,454,1734.0,1048251.43,8,Inactivity Watch,Review customer engagement
CUST01060,2025-12-28,326,1183.0,689068.3400000001,4,Active - Monitor,Monitor purchase recency
CUST01061,2025-12-30,712,2584.0,1441227.59,2,Recently Active,Recent purchase activity
CUST01062,2025-12-29,676,2468.0,1371384.3800000004,3,Recently Active,Recent purchase activity
CUST01063,2025-12-21,332,1250.0,791296.6300000001,11,Inactivity Watch,Review customer engagement
CUST01064,2025-12-31,743,2794.0,1621723.92,1,Recently Active,Recent purchase activity
CUST01065,2025-12-31,329,1121.0,687286.7300000001,1,Recently Active,Recent purchase activity
CUST01066,2025-12-29,311,1151.0,639901.3999999999,3,Recently Active,Recent purchase activity
CUST01067,2025-12-23,343,1257.0,736862.2899999999,9,Inactivity Watch,Review customer engagement
CUST01068,2025-12-30,465,1626.0,979606.91,2,Recently Active,Recent purchase activity
CUST01069,2025-12-31,1109,4023.0,2272426.2299999995,1,Recently Active,Recent purchase activity
CUST01070,2025-12-31,480,1843.0,1083866.7700000003,1,Recently Active,Recent purchase activity
CUST01071,2025-12-31,310,1134.0,734475.18,1,Recently Active,Recent purchase activity
CUST01072,2025-12-31,314,1087.0,629370.77,1,Recently Active,Recent purchase activity
CUST01073,2025-12-29,300,1023.0,552530.4999999999,3,Recently Active,Recent purchase activity
CUST01074,2025-12-31,323,1204.0,628969.1900000001,1,Recently Active,Recent purchase activity
CUST01075,2025-12-29,498,1822.0,1091612.81,3,Recently Active,Recent purchase activity
CUST01076,2025-12-30,1106,4060.0,2284534.9899999998,2,Recently Active,Recent purchase activity
CUST01077,2025-12-31,1021,3794.0,2134812.3899999997,1,Recently Active,Recent purchase activity
CUST01078,2025-12-22,335,1295.0,801860.8599999999,10,Inactivity Watch,Review customer engagement
CUST01079,2025-12-31,336,1226.0,713668.55,1,Recently Active,Recent purchase activity
CUST01080,2025-12-31,470,1657.0,931805.3899999999,1,Recently Active,Recent purchase activity
CUST01081,2025-12-27,506,1833.0,1084115.1600000001,5,Active - Monitor,Monitor purchase recency
CUST01082,2025-12-28,325,1238.0,713358.5000000001,4,Active - Monitor,Monitor purchase recency
CUST01083,2025-12-31,1052,3901.0,2278457.8200000003,1,Recently Active,Recent purchase activity
CUST01084,2025-12-31,437,1620.0,896578.01,1,Recently Active,Recent purchase activity
CUST01085,2025-12-25,470,1716.0,979015.6799999999,7,Active - Monitor,Monitor purchase recency
CUST01086,2025-12-30,667,2453.0,1441896.8600000003,2,Recently Active,Recent purchase activity
CUST01087,2025-12-31,297,1043.0,675640.21,1,Recently Active,Recent purchase activity
CUST01088,2025-12-30,731,2618.0,1625201.8900000001,2,Recently Active,Recent purchase activity
CUST01089,2025-12-31,1086,3992.0,2208034.1599999997,1,Recently Active,Recent purchase activity
CUST01090,2025-12-31,1093,4054.0,2358392.11,1,Recently Active,Recent purchase activity
CUST01091,2025-12-27,325,1156.0,723674.7899999998,5,Active - Monitor,Monitor purchase recency
CUST01092,2025-12-31,323,1302.0,707067.46,1,Recently Active,Recent purchase activity
CUST01093,2025-12-31,681,2471.0,1504172.81,1,Recently Active,Recent purchase activity
CUST01094,2025-12-30,319,1120.0,710013.5200000001,2,Recently Active,Recent purchase activity
CUST01095,2025-12-31,522,1851.0,1059188.08,1,Recently Active,Recent purchase activity
CUST01096,2025-12-30,679,2501.0,1523638.22,2,Recently Active,Recent purchase activity
CUST01097,2025-12-29,325,1187.0,692081.2200000001,3,Recently Active,Recent purchase activity
CUST01098,2025-12-31,319,1212.0,731316.9500000001,1,Recently Active,Recent purchase activity
CUST01099,2025-12-31,448,1593.0,944547.1100000001,1,Recently Active,Recent purchase activity
CUST01100,2025-12-31,1059,3949.0,2303303.4,1,Recently Active,Recent purchase activity
CUST01101,2025-12-31,450,1627.0,897691.1600000001,1,Recently Active,Recent purchase activity
CUST01102,2025-12-31,1122,4039.0,2364963.0399999996,1,Recently Active,Recent purchase activity
CUST01103,2025-12-30,659,2418.0,1344060.96,2,Recently Active,Recent purchase activity
CUST01104,2025-12-27,341,1259.0,754329.85,5,Active - Monitor,Monitor purchase recency
CUST01105,2025-12-30,353,1321.0,744226.1200000002,2,Recently Active,Recent purchase activity
CUST01106,2025-12-31,508,1802.0,1093860.3299999998,1,Recently Active,Recent purchase activity
CUST01107,2025-12-31,332,1204.0,701169.62,1,Recently Active,Recent purchase activity
CUST01108,2025-12-23,350,1291.0,653890.98,9,Inactivity Watch,Review customer engagement
CUST01109,2025-12-31,367,1333.0,807623.8200000001,1,Recently Active,Recent purchase activity
CUST01110,2025-12-30,510,1812.0,1120883.2200000002,2,Recently Active,Recent purchase activity
CUST01111,2025-12-31,1065,3809.0,2186876.51,1,Recently Active,Recent purchase activity
CUST01112,2025-12-31,1062,3763.0,2202237.9,1,Recently Active,Recent purchase activity
CUST01113,2025-12-29,709,2678.0,1546328.42,3,Recently Active,Recent purchase activity
CUST01114,2025-12-25,351,1296.0,838350.37,7,Active - Monitor,Monitor purchase recency
CUST01115,2025-12-30,448,1627.0,996012.1499999997,2,Recently Active,Recent purchase activity
CUST01116,2025-12-28,331,1247.0,650000.6200000001,4,Active - Monitor,Monitor purchase recency
CUST01117,2025-12-29,501,1785.0,946589.6000000001,3,Recently Active,Recent purchase activity
CUST01118,2025-12-30,488,1794.0,1074968.86,2,Recently Active,Recent purchase activity
CUST01119,2025-12-25,297,1185.0,730113.53,7,Active - Monitor,Monitor purchase recency
CUST01120,2025-12-29,343,1255.0,756228.1700000002,3,Recently Active,Recent purchase activity
CUST01121,2025-12-31,1095,3967.0,2370601.1,1,Recently Active,Recent purchase activity
CUST01122,2025-12-26,336,1174.0,619452.4,6,Active - Monitor,Monitor purchase recency
CUST01123,2025-12-26,703,2418.0,1350805.96,6,Active - Monitor,Monitor purchase recency
CUST01124,2025-12-30,447,1647.0,951093.4200000002,2,Recently Active,Recent purchase activity
CUST01125,2025-12-29,462,1766.0,997220.4300000002,3,Recently Active,Recent purchase activity
CUST01126,2025-12-31,371,1435.0,876554.4400000002,1,Recently Active,Recent purchase activity
CUST01127,2025-12-31,685,2487.0,1590722.16,1,Recently Active,Recent purchase activity
CUST01128,2025-12-31,476,1750.0,1023376.7299999999,1,Recently Active,Recent purchase activity
CUST01129,2025-12-31,437,1566.0,961929.7300000001,1,Recently Active,Recent purchase activity
CUST01130,2025-12-30,684,2470.0,1401150.5899999999,2,Recently Active,Recent purchase activity
CUST01131,2025-12-25,314,1156.0,649108.3500000001,7,Active - Monitor,Monitor purchase recency
CUST01132,2025-12-19,487,1706.0,949034.2499999999,13,Inactivity Watch,Review customer engagement
CUST01133,2025-12-29,699,2504.0,1490957.7200000002,3,Recently Active,Recent purchase activity
CUST01134,2025-12-22,351,1231.0,725373.8,10,Inactivity Watch,Review customer engagement
CUST01135,2025-12-31,700,2338.0,1327801.3699999996,1,Recently Active,Recent purchase activity
CUST01136,2025-12-25,315,1154.0,669584.58,7,Active - Monitor,Monitor purchase recency
CUST01137,2025-12-31,665,2390.0,1377495.0299999996,1,Recently Active,Recent purchase activity
CUST01138,2025-12-29,720,2586.0,1448356.0899999996,3,Recently Active,Recent purchase activity
CUST01139,2025-12-30,689,2552.0,1454575.58,2,Recently Active,Recent purchase activity
CUST01140,2025-12-31,484,1787.0,972904.9600000002,1,Recently Active,Recent purchase activity
CUST01141,2025-12-31,483,1743.0,1049108.2,1,Recently Active,Recent purchase activity
CUST01142,2025-12-31,697,2655.0,1555654.5299999996,1,Recently Active,Recent purchase activity
CUST01143,2025-12-26,326,1264.0,676665.2100000001,6,Active - Monitor,Monitor purchase recency
CUST01144,2025-12-30,1060,3845.0,2149962.36,2,Recently Active,Recent purchase activity
CUST01145,2025-12-31,712,2654.0,1566715.2999999996,1,Recently Active,Recent purchase activity
CUST01146,2025-12-31,297,1143.0,640383.77,1,Recently Active,Recent purchase activity
CUST01147,2025-12-31,315,1206.0,745166.1,1,Recently Active,Recent purchase activity
CUST01148,2025-12-31,711,2646.0,1604977.3500000003,1,Recently Active,Recent purchase activity
CUST01149,2025-12-31,323,1161.0,609263.19,1,Recently Active,Recent purchase activity
CUST01150,2025-12-30,355,1187.0,650254.33,2,Recently Active,Recent purchase activity
CUST01151,2025-12-31,333,1184.0,692212.37,1,Recently Active,Recent purchase activity
CUST01152,2025-12-31,731,2584.0,1484951.3199999994,1,Recently Active,Recent purchase activity
CUST01153,2025-12-24,328,1239.0,738054.1199999999,8,Inactivity Watch,Review customer engagement
CUST01154,2025-12-29,338,1190.0,624019.48,3,Recently Active,Recent purchase activity
CUST01155,2025-12-30,331,1271.0,727120.75,2,Recently Active,Recent purchase activity
CUST01156,2025-12-30,456,1607.0,876180.3000000002,2,Recently Active,Recent purchase activity
CUST01157,2025-12-30,487,1772.0,1146983.4900000002,2,Recently Active,Recent purchase activity
CUST01158,2025-12-31,348,1300.0,753403.11,1,Recently Active,Recent purchase activity
CUST01159,2025-12-27,467,1667.0,969960.3400000002,5,Active - Monitor,Monitor purchase recency
CUST01160,2025-12-31,470,1699.0,950669.4699999999,1,Recently Active,Recent purchase activity
CUST01161,2025-12-28,299,1064.0,610342.5,4,Active - Monitor,Monitor purchase recency
CUST01162,2025-12-29,446,1675.0,994615.0199999998,3,Recently Active,Recent purchase activity
CUST01163,2025-12-31,755,2699.0,1462097.6099999999,1,Recently Active,Recent purchase activity
CUST01164,2025-12-30,456,1635.0,1062249.19,2,Recently Active,Recent purchase activity
CUST01165,2025-12-25,330,1166.0,740365.5100000001,7,Active - Monitor,Monitor purchase recency
CUST01166,2025-12-31,463,1714.0,1026095.9399999997,1,Recently Active,Recent purchase activity
CUST01167,2025-12-31,1046,3809.0,2339827.2699999996,1,Recently Active,Recent purchase activity
CUST01168,2025-12-25,302,1102.0,655296.0800000001,7,Active - Monitor,Monitor purchase recency
CUST01169,2025-12-31,725,2614.0,1581152.72,1,Recently Active,Recent purchase activity
CUST01170,2025-12-29,442,1549.0,863835.1900000001,3,Recently Active,Recent purchase activity
CUST01171,2025-12-31,463,1716.0,1028311.66,1,Recently Active,Recent purchase activity
CUST01172,2025-12-30,322,1151.0,635142.5299999999,2,Recently Active,Recent purchase activity
CUST01173,2025-12-29,718,2627.0,1461050.6099999999,3,Recently Active,Recent purchase activity
CUST01174,2025-12-29,325,1218.0,730971.4,3,Recently Active,Recent purchase activity
CUST01175,2025-12-30,699,2605.0,1454092.73,2,Recently Active,Recent purchase activity
CUST01176,2025-12-30,338,1186.0,641277.5099999999,2,Recently Active,Recent purchase activity
CUST01177,2025-12-31,336,1128.0,670792.64,1,Recently Active,Recent purchase activity
CUST01178,2025-12-31,345,1261.0,715674.22,1,Recently Active,Recent purchase activity
CUST01179,2025-12-31,713,2618.0,1461701.3800000001,1,Recently Active,Recent purchase activity
CUST01180,2025-12-31,710,2591.0,1440261.46,1,Recently Active,Recent purchase activity
CUST01181,2025-12-31,333,1134.0,599567.76,1,Recently Active,Recent purchase activity
CUST01182,2025-12-30,307,1126.0,618700.0,2,Recently Active,Recent purchase activity
CUST01183,2025-12-31,1067,3953.0,2324663.0999999996,1,Recently Active,Recent purchase activity
CUST01184,2025-12-30,338,1168.0,713878.4199999999,2,Recently Active,Recent purchase activity
CUST01185,2025-12-30,297,1131.0,655805.02,2,Recently Active,Recent purchase activity
CUST01186,2025-12-31,307,1080.0,620431.76,1,Recently Active,Recent purchase activity
CUST01187,2025-12-23,333,1205.0,669245.9200000002,9,Inactivity Watch,Review customer engagement
CUST01188,2025-12-29,1087,4036.0,2272017.57,3,Recently Active,Recent purchase activity
CUST01189,2025-12-26,449,1594.0,960396.34,6,Active - Monitor,Monitor purchase recency
CUST01190,2025-12-31,342,1191.0,664733.3900000001,1,Recently Active,Recent purchase activity
CUST01191,2025-12-31,693,2562.0,1602674.08,1,Recently Active,Recent purchase activity
CUST01192,2025-12-30,702,2605.0,1602834.2799999998,2,Recently Active,Recent purchase activity
CUST01193,2025-12-23,347,1335.0,794989.1400000001,9,Inactivity Watch,Review customer engagement
CUST01194,2025-12-31,330,1262.0,718376.8400000001,1,Recently Active,Recent purchase activity
CUST01195,2025-12-31,351,1299.0,792375.78,1,Recently Active,Recent purchase activity
CUST01196,2025-12-31,341,1219.0,678321.0500000002,1,Recently Active,Recent purchase activity
CUST01197,2025-12-27,319,1073.0,615726.46,5,Active - Monitor,Monitor purchase recency
CUST01198,2025-12-27,468,1709.0,918919.3099999998,5,Active - Monitor,Monitor purchase recency
CUST01199,2025-12-22,356,1233.0,749541.45,10,Inactivity Watch,Review customer engagement
CUST01200,2025-12-30,679,2344.0,1298408.02,2,Recently Active,Recent purchase activity
CUST01201,2025-12-27,328,1215.0,711203.4600000002,5,Active - Monitor,Monitor purchase recency
CUST01202,2025-12-25,480,1717.0,1037471.4200000003,7,Active - Monitor,Monitor purchase recency
CUST01203,2025-12-31,462,1713.0,926640.3600000001,1,Recently Active,Recent purchase activity
CUST01204,2025-12-31,669,2475.0,1463875.62,1,Recently Active,Recent purchase activity
CUST01205,2025-12-25,460,1590.0,917333.5799999997,7,Active - Monitor,Monitor purchase recency
CUST01206,2025-12-28,335,1087.0,596399.4700000002,4,Active - Monitor,Monitor purchase recency
CUST01207,2025-12-30,320,1164.0,721273.3200000001,2,Recently Active,Recent purchase activity
CUST01208,2025-12-31,325,1166.0,664616.4600000002,1,Recently Active,Recent purchase activity
CUST01209,2025-12-28,304,1215.0,694984.6499999999,4,Active - Monitor,Monitor purchase recency
CUST01210,2025-12-29,337,1224.0,671481.1299999999,3,Recently Active,Recent purchase activity
CUST01211,2025-12-27,424,1427.0,908400.73,5,Active - Monitor,Monitor purchase recency
CUST01212,2025-12-31,680,2407.0,1399711.3600000003,1,Recently Active,Recent purchase activity
CUST01213,2025-12-30,491,1777.0,1054274.74,2,Recently Active,Recent purchase activity
CUST01214,2025-12-30,692,2543.0,1483951.0499999996,2,Recently Active,Recent purchase activity
CUST01215,2025-12-31,311,1152.0,635378.6200000001,1,Recently Active,Recent purchase activity
CUST01216,2025-12-23,455,1745.0,986348.0200000001,9,Inactivity Watch,Review customer engagement
CUST01217,2025-12-25,457,1734.0,1008771.4500000002,7,Active - Monitor,Monitor purchase recency
CUST01218,2025-12-28,310,1144.0,687007.0300000001,4,Active - Monitor,Monitor purchase recency
CUST01219,2025-12-26,467,1676.0,1018276.73,6,Active - Monitor,Monitor purchase recency
CUST01220,2025-12-31,1084,3922.0,2152057.119999999,1,Recently Active,Recent purchase activity
CUST01221,2025-12-31,280,1060.0,645477.9,1,Recently Active,Recent purchase activity
CUST01222,2025-12-30,451,1631.0,883608.0300000001,2,Recently Active,Recent purchase activity
CUST01223,2025-12-31,346,1234.0,730526.64,1,Recently Active,Recent purchase activity
CUST01224,2025-12-31,704,2681.0,1532282.59,1,Recently Active,Recent purchase activity
CUST01225,2025-12-26,308,1086.0,620296.39,6,Active - Monitor,Monitor purchase recency
CUST01226,2025-12-29,462,1696.0,953096.3600000001,3,Recently Active,Recent purchase activity
CUST01227,2025-12-29,341,1161.0,654628.3,3,Recently Active,Recent purchase activity
CUST01228,2025-12-31,297,1120.0,660858.93,1,Recently Active,Recent purchase activity
CUST01229,2025-12-31,431,1667.0,1002840.4700000002,1,Recently Active,Recent purchase activity
CUST01230,2025-12-31,348,1276.0,732438.5399999999,1,Recently Active,Recent purchase activity
CUST01231,2025-12-27,447,1628.0,958773.8099999998,5,Active - Monitor,Monitor purchase recency
CUST01232,2025-12-31,341,1250.0,741340.2500000001,1,Recently Active,Recent purchase activity
CUST01233,2025-12-31,1038,3681.0,2235664.0999999996,1,Recently Active,Recent purchase activity
CUST01234,2025-12-31,486,1804.0,1094092.98,1,Recently Active,Recent purchase activity
CUST01235,2025-12-30,319,1127.0,685406.27,2,Recently Active,Recent purchase activity
CUST01236,2025-12-28,317,1096.0,584068.49,4,Active - Monitor,Monitor purchase recency
CUST01237,2025-12-29,642,2224.0,1298277.0200000003,3,Recently Active,Recent purchase activity
CUST01238,2025-12-28,338,1312.0,755887.76,4,Active - Monitor,Monitor purchase recency
CUST01239,2025-12-31,337,1262.0,792547.3500000002,1,Recently Active,Recent purchase activity
CUST01240,2025-12-29,1053,3800.0,2241955.59,3,Recently Active,Recent purchase activity
CUST01241,2025-12-28,316,1199.0,739594.2100000001,4,Active - Monitor,Monitor purchase recency
CUST01242,2025-12-31,1001,3554.0,2073335.43,1,Recently Active,Recent purchase activity
CUST01243,2025-12-31,330,1233.0,701779.25,1,Recently Active,Recent purchase activity
CUST01244,2025-12-26,337,1216.0,752068.79,6,Active - Monitor,Monitor purchase recency
CUST01245,2025-12-30,705,2599.0,1498632.67,2,Recently Active,Recent purchase activity
CUST01246,2025-12-29,465,1767.0,1052582.04,3,Recently Active,Recent purchase activity
CUST01247,2025-12-31,331,1227.0,826228.5700000001,1,Recently Active,Recent purchase activity
CUST01248,2025-12-31,425,1551.0,892690.5700000001,1,Recently Active,Recent purchase activity
CUST01249,2025-12-31,680,2477.0,1408781.4099999997,1,Recently Active,Recent purchase activity
CUST01250,2025-12-30,464,1706.0,1060724.67,2,Recently Active,Recent purchase activity
CUST01251,2025-12-31,652,2312.0,1290769.4400000002,1,Recently Active,Recent purchase activity
CUST01252,2025-12-29,337,1160.0,734549.7399999998,3,Recently Active,Recent purchase activity
CUST01253,2025-12-23,303,1085.0,643577.24,9,Inactivity Watch,Review customer engagement
CUST01254,2025-12-28,328,1125.0,689844.9900000001,4,Active - Monitor,Monitor purchase recency
CUST01255,2025-12-31,1061,3775.0,2181606.9999999995,1,Recently Active,Recent purchase activity
CUST01256,2025-12-30,304,1066.0,603627.6299999999,2,Recently Active,Recent purchase activity
CUST01257,2025-12-31,1048,3927.0,2226182.8200000003,1,Recently Active,Recent purchase activity
CUST01258,2025-12-31,312,1146.0,632082.1200000001,1,Recently Active,Recent purchase activity
CUST01259,2025-12-27,444,1575.0,946412.43,5,Active - Monitor,Monitor purchase recency
CUST01260,2025-12-30,702,2511.0,1410076.3899999994,2,Recently Active,Recent purchase activity
CUST01261,2025-12-21,331,1167.0,627511.7,11,Inactivity Watch,Review customer engagement
CUST01262,2025-12-26,308,1113.0,712537.5400000002,6,Active - Monitor,Monitor purchase recency
CUST01263,2025-12-29,299,1133.0,699704.45,3,Recently Active,Recent purchase activity
CUST01264,2025-12-30,512,1847.0,1004934.12,2,Recently Active,Recent purchase activity
CUST01265,2025-12-31,332,1202.0,741716.9999999999,1,Recently Active,Recent purchase activity
CUST01266,2025-12-27,331,1248.0,796116.3099999999,5,Active - Monitor,Monitor purchase recency
CUST01267,2025-12-28,320,1234.0,773520.6000000001,4,Active - Monitor,Monitor purchase recency
CUST01268,2025-12-30,705,2540.0,1466169.8699999999,2,Recently Active,Recent purchase activity
CUST01269,2025-12-31,467,1712.0,944831.9700000001,1,Recently Active,Recent purchase activity
CUST01270,2025-12-30,1099,4063.0,2359474.08,2,Recently Active,Recent purchase activity
CUST01271,2025-12-18,281,1006.0,575869.9400000001,14,Inactivity Watch,Review customer engagement
CUST01272,2025-12-29,345,1211.0,713920.1099999999,3,Recently Active,Recent purchase activity
CUST01273,2025-12-30,467,1595.0,995254.06,2,Recently Active,Recent purchase activity
CUST01274,2025-12-31,331,1219.0,704768.89,1,Recently Active,Recent purchase activity
CUST01275,2025-12-31,323,1218.0,709680.1300000001,1,Recently Active,Recent purchase activity
CUST01276,2025-12-27,337,1180.0,717122.9700000001,5,Active - Monitor,Monitor purchase recency
CUST01277,2025-12-31,455,1670.0,989863.6700000003,1,Recently Active,Recent purchase activity
CUST01278,2025-12-31,339,1251.0,658922.3300000001,1,Recently Active,Recent purchase activity
CUST01279,2025-12-28,657,2423.0,1411374.86,4,Active - Monitor,Monitor purchase recency
CUST01280,2025-12-31,713,2637.0,1647009.0999999996,1,Recently Active,Recent purchase activity
CUST01281,2025-12-25,474,1744.0,1042283.83,7,Active - Monitor,Monitor purchase recency
CUST01282,2025-12-31,532,1925.0,1146321.9600000004,1,Recently Active,Recent purchase activity
CUST01283,2025-12-31,447,1682.0,933144.1700000002,1,Recently Active,Recent purchase activity
CUST01284,2025-12-29,307,1143.0,660127.49,3,Recently Active,Recent purchase activity
CUST01285,2025-12-30,472,1730.0,973260.4900000001,2,Recently Active,Recent purchase activity
CUST01286,2025-12-23,326,1221.0,714395.1100000001,9,Inactivity Watch,Review customer engagement
CUST01287,2025-12-31,1094,4075.0,2250224.67,1,Recently Active,Recent purchase activity
CUST01288,2025-12-31,475,1636.0,989265.85,1,Recently Active,Recent purchase activity
CUST01289,2025-12-31,431,1575.0,943299.7700000001,1,Recently Active,Recent purchase activity
CUST01290,2025-12-31,685,2491.0,1425676.8399999999,1,Recently Active,Recent purchase activity
CUST01291,2025-12-30,618,2271.0,1343112.9,2,Recently Active,Recent purchase activity
CUST01292,2025-12-31,310,1049.0,629560.07,1,Recently Active,Recent purchase activity
CUST01293,2025-12-26,449,1680.0,964873.6399999999,6,Active - Monitor,Monitor purchase recency
CUST01294,2025-12-30,675,2448.0,1452097.33,2,Recently Active,Recent purchase activity
CUST01295,2025-12-31,426,1499.0,910395.28,1,Recently Active,Recent purchase activity
CUST01296,2025-12-31,334,1186.0,647788.49,1,Recently Active,Recent purchase activity
CUST01297,2025-12-27,722,2636.0,1445383.8800000004,5,Active - Monitor,Monitor purchase recency
CUST01298,2025-12-31,731,2655.0,1627086.7299999997,1,Recently Active,Recent purchase activity
CUST01299,2025-12-29,325,1223.0,729788.5900000001,3,Recently Active,Recent purchase activity
CUST01300,2025-12-30,333,1151.0,708000.4700000001,2,Recently Active,Recent purchase activity
CUST01301,2025-12-27,335,1214.0,658580.4100000003,5,Active - Monitor,Monitor purchase recency
CUST01302,2025-12-30,725,2697.0,1583040.92,2,Recently Active,Recent purchase activity
CUST01303,2025-12-30,1044,3892.0,2211880.8099999996,2,Recently Active,Recent purchase activity
CUST01304,2025-12-18,332,1185.0,712254.75,14,Inactivity Watch,Review customer engagement
CUST01305,2025-12-31,996,3584.0,2044115.2199999995,1,Recently Active,Recent purchase activity
CUST01306,2025-12-30,341,1226.0,727348.2,2,Recently Active,Recent purchase activity
CUST01307,2025-12-27,322,1264.0,749603.16,5,Active - Monitor,Monitor purchase recency
CUST01308,2025-12-28,313,1050.0,635043.6599999999,4,Active - Monitor,Monitor purchase recency
CUST01309,2025-12-31,1067,3953.0,2274866.9999999995,1,Recently Active,Recent purchase activity
CUST01310,2025-12-28,323,1226.0,683681.7699999999,4,Active - Monitor,Monitor purchase recency
CUST01311,2025-12-31,1099,4127.0,2323537.1199999996,1,Recently Active,Recent purchase activity
CUST01312,2025-12-30,699,2575.0,1570855.84,2,Recently Active,Recent purchase activity
CUST01313,2025-12-31,698,2638.0,1509333.7899999998,1,Recently Active,Recent purchase activity
CUST01314,2025-12-31,467,1635.0,956729.9199999999,1,Recently Active,Recent purchase activity
CUST01315,2025-12-31,500,1748.0,988614.7700000001,1,Recently Active,Recent purchase activity
CUST01316,2025-12-20,337,1205.0,714394.51,12,Inactivity Watch,Review customer engagement
CUST01317,2025-12-29,337,1301.0,791202.02,3,Recently Active,Recent purchase activity
CUST01318,2025-12-27,474,1677.0,1027798.1000000003,5,Active - Monitor,Monitor purchase recency
CUST01319,2025-12-30,327,1247.0,723828.1299999999,2,Recently Active,Recent purchase activity
CUST01320,2025-12-31,448,1665.0,966855.8200000001,1,Recently Active,Recent purchase activity
CUST01321,2025-12-31,336,1228.0,666787.5600000002,1,Recently Active,Recent purchase activity
CUST01322,2025-12-31,453,1667.0,922855.11,1,Recently Active,Recent purchase activity
CUST01323,2025-12-31,333,1225.0,740631.97,1,Recently Active,Recent purchase activity
CUST01324,2025-12-28,352,1357.0,766500.49,4,Active - Monitor,Monitor purchase recency
CUST01325,2025-12-30,322,1257.0,703977.1900000001,2,Recently Active,Recent purchase activity
CUST01326,2025-12-31,346,1309.0,732088.8599999999,1,Recently Active,Recent purchase activity
CUST01327,2025-12-31,495,1806.0,1084943.83,1,Recently Active,Recent purchase activity
CUST01328,2025-12-26,328,1261.0,680457.3400000001,6,Active - Monitor,Monitor purchase recency
CUST01329,2025-12-31,435,1707.0,1010344.8600000003,1,Recently Active,Recent purchase activity
CUST01330,2025-12-30,450,1689.0,1003011.1299999998,2,Recently Active,Recent purchase activity
CUST01331,2025-12-15,320,1113.0,615418.36,17,Extended Inactivity,Review individually; inactivity is not proof of churn
CUST01332,2025-12-29,429,1614.0,924314.9600000001,3,Recently Active,Recent purchase activity
CUST01333,2025-12-31,322,1145.0,703980.84,1,Recently Active,Recent purchase activity
CUST01334,2025-12-26,322,1178.0,729482.1000000002,6,Active - Monitor,Monitor purchase recency
CUST01335,2025-12-29,670,2391.0,1323663.1600000001,3,Recently Active,Recent purchase activity
CUST01336,2025-12-30,480,1722.0,989369.2000000001,2,Recently Active,Recent purchase activity
CUST01337,2025-12-31,1073,3941.0,2329745.699999999,1,Recently Active,Recent purchase activity
CUST01338,2025-12-30,1120,4165.0,2522626.9199999995,2,Recently Active,Recent purchase activity
CUST01339,2025-12-31,350,1229.0,685418.56,1,Recently Active,Recent purchase activity
CUST01340,2025-12-31,668,2440.0,1336645.44,1,Recently Active,Recent purchase activity
CUST01341,2025-12-29,313,1143.0,714455.1200000001,3,Recently Active,Recent purchase activity
CUST01342,2025-12-31,371,1392.0,848888.99,1,Recently Active,Recent purchase activity
CUST01343,2025-12-29,478,1651.0,989733.06,3,Recently Active,Recent purchase activity
CUST01344,2025-12-28,433,1616.0,953869.4800000001,4,Active - Monitor,Monitor purchase recency
CUST01345,2025-12-31,1087,3927.0,2332259.55,1,Recently Active,Recent purchase activity
CUST01346,2025-12-25,1087,3753.0,2182956.6099999994,7,Active - Monitor,Monitor purchase recency
CUST01347,2025-12-31,470,1675.0,951867.31,1,Recently Active,Recent purchase activity
CUST01348,2025-12-30,697,2466.0,1426384.48,2,Recently Active,Recent purchase activity
CUST01349,2025-12-31,1032,3746.0,2120273.999999999,1,Recently Active,Recent purchase activity
CUST01350,2025-12-31,728,2730.0,1574519.32,1,Recently Active,Recent purchase activity
CUST01351,2025-12-30,471,1686.0,995937.23,2,Recently Active,Recent purchase activity
CUST01352,2025-12-30,487,1824.0,1028879.9299999997,2,Recently Active,Recent purchase activity
CUST01353,2025-12-30,442,1658.0,959689.0499999997,2,Recently Active,Recent purchase activity
CUST01354,2025-12-31,349,1300.0,751866.1999999998,1,Recently Active,Recent purchase activity
CUST01355,2025-12-31,348,1281.0,770543.2200000001,1,Recently Active,Recent purchase activity
CUST01356,2025-12-19,321,1268.0,714482.05,13,Inactivity Watch,Review customer engagement
CUST01357,2025-12-30,1087,3869.0,2117508.5999999996,2,Recently Active,Recent purchase activity
CUST01358,2025-12-31,325,1163.0,708632.0300000003,1,Recently Active,Recent purchase activity
CUST01359,2025-12-29,324,1136.0,576166.95,3,Recently Active,Recent purchase activity
CUST01360,2025-12-29,525,1894.0,1112726.1300000001,3,Recently Active,Recent purchase activity
CUST01361,2025-12-30,342,1290.0,730398.84,2,Recently Active,Recent purchase activity
CUST01362,2025-12-31,1046,3836.0,2183047.24,1,Recently Active,Recent purchase activity
CUST01363,2025-12-30,341,1214.0,675950.6399999999,2,Recently Active,Recent purchase activity
CUST01364,2025-12-30,472,1668.0,1019076.55,2,Recently Active,Recent purchase activity
CUST01365,2025-12-31,1062,3986.0,2266061.7699999996,1,Recently Active,Recent purchase activity
CUST01366,2025-12-29,715,2596.0,1408845.4300000002,3,Recently Active,Recent purchase activity
CUST01367,2025-12-31,1049,3721.0,2296876.15,1,Recently Active,Recent purchase activity
CUST01368,2025-12-30,639,2369.0,1408747.8699999996,2,Recently Active,Recent purchase activity
CUST01369,2025-12-28,345,1197.0,637466.4600000001,4,Active - Monitor,Monitor purchase recency
CUST01370,2025-12-29,655,2358.0,1434783.24,3,Recently Active,Recent purchase activity
CUST01371,2025-12-29,455,1669.0,947567.63,3,Recently Active,Recent purchase activity
CUST01372,2025-12-28,332,1259.0,693103.4600000001,4,Active - Monitor,Monitor purchase recency
CUST01373,2025-12-28,471,1655.0,983096.3,4,Active - Monitor,Monitor purchase recency
CUST01374,2025-12-31,707,2574.0,1559377.18,1,Recently Active,Recent purchase activity
CUST01375,2025-12-31,325,1157.0,647993.4300000002,1,Recently Active,Recent purchase activity
CUST01376,2025-12-27,687,2409.0,1346821.5899999999,5,Active - Monitor,Monitor purchase recency
CUST01377,2025-12-30,727,2657.0,1534114.8100000003,2,Recently Active,Recent purchase activity
CUST01378,2025-12-29,336,1268.0,770806.01,3,Recently Active,Recent purchase activity
CUST01379,2025-12-29,452,1695.0,989834.1700000002,3,Recently Active,Recent purchase activity
CUST01380,2025-12-31,490,1812.0,1065008.5099999998,1,Recently Active,Recent purchase activity
CUST01381,2025-12-31,453,1638.0,946981.6800000002,1,Recently Active,Recent purchase activity
CUST01382,2025-12-30,317,1074.0,628782.4800000001,2,Recently Active,Recent purchase activity
CUST01383,2025-12-31,314,1061.0,578705.2100000001,1,Recently Active,Recent purchase activity
CUST01384,2025-12-31,464,1558.0,880694.5900000001,1,Recently Active,Recent purchase activity
CUST01385,2025-12-31,326,1104.0,624599.95,1,Recently Active,Recent purchase activity
CUST01386,2025-12-30,292,1010.0,666032.43,2,Recently Active,Recent purchase activity
CUST01387,2025-12-31,1091,3934.0,2280277.55,1,Recently Active,Recent purchase activity
CUST01388,2025-12-31,481,1760.0,1058378.26,1,Recently Active,Recent purchase activity
CUST01389,2025-12-31,1093,3885.0,2274667.52,1,Recently Active,Recent purchase activity
CUST01390,2025-12-28,429,1573.0,982350.1599999999,4,Active - Monitor,Monitor purchase recency
CUST01391,2025-12-28,313,1029.0,654882.53,4,Active - Monitor,Monitor purchase recency
CUST01392,2025-12-30,685,2515.0,1415690.3499999996,2,Recently Active,Recent purchase activity
CUST01393,2025-12-31,481,1799.0,1064987.3800000001,1,Recently Active,Recent purchase activity
CUST01394,2025-12-29,458,1639.0,1039754.52,3,Recently Active,Recent purchase activity
CUST01395,2025-12-31,340,1342.0,786539.0299999999,1,Recently Active,Recent purchase activity
CUST01396,2025-12-29,322,1124.0,645122.44,3,Recently Active,Recent purchase activity
CUST01397,2025-12-30,349,1288.0,764098.2100000001,2,Recently Active,Recent purchase activity
CUST01398,2025-12-25,329,1199.0,718220.4300000002,7,Active - Monitor,Monitor purchase recency
CUST01399,2025-12-30,702,2609.0,1471714.4099999997,2,Recently Active,Recent purchase activity
CUST01400,2025-12-28,710,2677.0,1561216.02,4,Active - Monitor,Monitor purchase recency
CUST01401,2025-12-23,361,1323.0,742521.3300000001,9,Inactivity Watch,Review customer engagement
CUST01402,2025-12-28,351,1310.0,786428.93,4,Active - Monitor,Monitor purchase recency
CUST01403,2025-12-30,434,1639.0,905402.47,2,Recently Active,Recent purchase activity
CUST01404,2025-12-31,321,1121.0,741772.0200000001,1,Recently Active,Recent purchase activity
CUST01405,2025-12-30,468,1650.0,964062.2499999998,2,Recently Active,Recent purchase activity
CUST01406,2025-12-28,295,1140.0,628648.7700000001,4,Active - Monitor,Monitor purchase recency
CUST01407,2025-12-29,493,1615.0,900726.2700000001,3,Recently Active,Recent purchase activity
CUST01408,2025-12-30,1045,3846.0,2316343.1699999995,2,Recently Active,Recent purchase activity
CUST01409,2025-12-29,445,1549.0,863312.4299999999,3,Recently Active,Recent purchase activity
CUST01410,2025-12-31,765,2865.0,1663624.9300000002,1,Recently Active,Recent purchase activity
CUST01411,2025-12-22,446,1624.0,950439.9500000001,10,Inactivity Watch,Review customer engagement
CUST01412,2025-12-29,457,1746.0,1045372.44,3,Recently Active,Recent purchase activity
CUST01413,2025-12-28,484,1748.0,1030751.2600000001,4,Active - Monitor,Monitor purchase recency
CUST01414,2025-12-29,732,2646.0,1598278.0300000003,3,Recently Active,Recent purchase activity
CUST01415,2025-12-30,1011,3644.0,2159079.7,2,Recently Active,Recent purchase activity
CUST01416,2025-12-29,325,1165.0,650556.18,3,Recently Active,Recent purchase activity
CUST01417,2025-12-31,450,1745.0,1020228.1,1,Recently Active,Recent purchase activity
CUST01418,2025-12-31,438,1643.0,971409.04,1,Recently Active,Recent purchase activity
CUST01419,2025-12-31,471,1740.0,919040.03,1,Recently Active,Recent purchase activity
CUST01420,2025-12-27,452,1577.0,926529.0700000003,5,Active - Monitor,Monitor purchase recency
CUST01421,2025-12-31,323,1135.0,669893.0200000001,1,Recently Active,Recent purchase activity
CUST01422,2025-12-30,291,1095.0,643302.1499999999,2,Recently Active,Recent purchase activity
CUST01423,2025-12-18,338,1236.0,754577.71,14,Inactivity Watch,Review customer engagement
CUST01424,2025-12-29,437,1587.0,917821.6100000002,3,Recently Active,Recent purchase activity
CUST01425,2025-12-30,527,1968.0,1190420.01,2,Recently Active,Recent purchase activity
CUST01426,2025-12-29,1047,3828.0,2191062.3599999994,3,Recently Active,Recent purchase activity
CUST01427,2025-12-28,332,1235.0,733539.3900000001,4,Active - Monitor,Monitor purchase recency
CUST01428,2025-12-26,512,1854.0,1030936.1100000001,6,Active - Monitor,Monitor purchase recency
CUST01429,2025-12-25,347,1285.0,779024.91,7,Active - Monitor,Monitor purchase recency
CUST01430,2025-12-31,1066,3914.0,2370081.27,1,Recently Active,Recent purchase activity
CUST01431,2025-12-31,741,2652.0,1443749.8199999998,1,Recently Active,Recent purchase activity
CUST01432,2025-12-31,1104,4029.0,2293135.33,1,Recently Active,Recent purchase activity
CUST01433,2025-12-31,475,1733.0,971156.4499999997,1,Recently Active,Recent purchase activity
CUST01434,2025-12-30,473,1727.0,987893.1599999999,2,Recently Active,Recent purchase activity
CUST01435,2025-12-29,716,2616.0,1485889.8100000003,3,Recently Active,Recent purchase activity
CUST01436,2025-12-28,337,1162.0,671827.7200000002,4,Active - Monitor,Monitor purchase recency
CUST01437,2025-12-29,1135,4155.0,2539797.8299999996,3,Recently Active,Recent purchase activity
CUST01438,2025-12-30,492,1727.0,1014643.65,2,Recently Active,Recent purchase activity
CUST01439,2025-12-29,1053,3920.0,2323358.51,3,Recently Active,Recent purchase activity
CUST01440,2025-12-28,326,1199.0,707471.3,4,Active - Monitor,Monitor purchase recency
CUST01441,2025-12-31,309,1067.0,656590.81,1,Recently Active,Recent purchase activity
CUST01442,2025-12-29,343,1282.0,702940.9299999999,3,Recently Active,Recent purchase activity
CUST01443,2025-12-28,339,1199.0,640290.43,4,Active - Monitor,Monitor purchase recency
CUST01444,2025-12-28,350,1187.0,666502.8700000001,4,Active - Monitor,Monitor purchase recency
CUST01445,2025-12-30,301,1103.0,670348.9099999999,2,Recently Active,Recent purchase activity
CUST01446,2025-12-25,326,1141.0,675517.7499999999,7,Active - Monitor,Monitor purchase recency
CUST01447,2025-12-31,320,1274.0,712318.6899999998,1,Recently Active,Recent purchase activity
CUST01448,2025-12-31,478,1723.0,971411.8700000001,1,Recently Active,Recent purchase activity
CUST01449,2025-12-31,478,1796.0,1022888.44,1,Recently Active,Recent purchase activity
CUST01450,2025-12-31,324,1256.0,789432.33,1,Recently Active,Recent purchase activity
CUST01451,2025-12-31,504,1874.0,1101053.87,1,Recently Active,Recent purchase activity
CUST01452,2025-12-26,488,1705.0,973344.71,6,Active - Monitor,Monitor purchase recency
CUST01453,2025-12-29,339,1270.0,778266.5200000001,3,Recently Active,Recent purchase activity
CUST01454,2025-12-21,281,1003.0,587611.3600000001,11,Inactivity Watch,Review customer engagement
CUST01455,2025-12-29,463,1768.0,1037876.8000000002,3,Recently Active,Recent purchase activity
CUST01456,2025-12-31,703,2572.0,1381271.8100000003,1,Recently Active,Recent purchase activity
CUST01457,2025-12-30,331,1199.0,763490.01,2,Recently Active,Recent purchase activity
CUST01458,2025-12-31,466,1685.0,1033625.7100000001,1,Recently Active,Recent purchase activity
CUST01459,2025-12-23,354,1234.0,696702.9700000001,9,Inactivity Watch,Review customer engagement
CUST01460,2025-12-31,683,2579.0,1517077.12,1,Recently Active,Recent purchase activity
CUST01461,2025-12-29,496,1836.0,1126160.05,3,Recently Active,Recent purchase activity
CUST01462,2025-12-28,462,1747.0,1002251.9199999998,4,Active - Monitor,Monitor purchase recency
CUST01463,2025-12-31,476,1772.0,1104718.67,1,Recently Active,Recent purchase activity
CUST01464,2025-12-29,1048,3661.0,2034122.34,3,Recently Active,Recent purchase activity
CUST01465,2025-12-31,498,1784.0,1061641.58,1,Recently Active,Recent purchase activity
CUST01466,2025-12-25,445,1542.0,915743.8199999998,7,Active - Monitor,Monitor purchase recency
CUST01467,2025-12-31,503,1787.0,1066484.14,1,Recently Active,Recent purchase activity
CUST01468,2025-12-27,347,1254.0,694953.52,5,Active - Monitor,Monitor purchase recency
CUST01469,2025-12-31,1094,4041.0,2458982.9999999995,1,Recently Active,Recent purchase activity
CUST01470,2025-12-28,429,1611.0,888970.26,4,Active - Monitor,Monitor purchase recency
CUST01471,2025-12-31,302,1163.0,660257.97,1,Recently Active,Recent purchase activity
CUST01472,2025-12-31,1073,3940.0,2242089.0199999986,1,Recently Active,Recent purchase activity
CUST01473,2025-12-30,477,1735.0,1050516.19,2,Recently Active,Recent purchase activity
CUST01474,2025-12-30,325,1248.0,721998.8400000001,2,Recently Active,Recent purchase activity
CUST01475,2025-12-31,469,1624.0,913487.8300000002,1,Recently Active,Recent purchase activity
CUST01476,2025-12-28,1072,3908.0,2158507.51,4,Active - Monitor,Monitor purchase recency
CUST01477,2025-12-31,667,2474.0,1460399.4899999995,1,Recently Active,Recent purchase activity
CUST01478,2025-12-27,318,1130.0,626540.77,5,Active - Monitor,Monitor purchase recency
CUST01479,2025-12-26,692,2591.0,1570021.4100000001,6,Active - Monitor,Monitor purchase recency
CUST01480,2025-12-31,486,1686.0,948142.9200000002,1,Recently Active,Recent purchase activity
CUST01481,2025-12-30,478,1737.0,1050920.2599999998,2,Recently Active,Recent purchase activity
CUST01482,2025-12-28,470,1697.0,1005853.9,4,Active - Monitor,Monitor purchase recency
CUST01483,2025-12-30,310,1116.0,650396.8,2,Recently Active,Recent purchase activity
CUST01484,2025-12-19,338,1237.0,673868.3500000001,13,Inactivity Watch,Review customer engagement
CUST01485,2025-12-29,472,1672.0,1039940.6100000001,3,Recently Active,Recent purchase activity
CUST01486,2025-12-26,304,1134.0,770820.6300000001,6,Active - Monitor,Monitor purchase recency
CUST01487,2025-12-31,441,1535.0,949848.3,1,Recently Active,Recent purchase activity
CUST01488,2025-12-28,701,2629.0,1595276.1300000001,4,Active - Monitor,Monitor purchase recency
CUST01489,2025-12-31,700,2438.0,1429482.0399999996,1,Recently Active,Recent purchase activity
CUST01490,2025-12-24,317,1157.0,678087.62,8,Inactivity Watch,Review customer engagement
CUST01491,2025-12-31,1081,3839.0,2273545.2599999993,1,Recently Active,Recent purchase activity
CUST01492,2025-12-29,444,1594.0,879105.2499999999,3,Recently Active,Recent purchase activity
CUST01493,2025-12-27,321,1204.0,662328.02,5,Active - Monitor,Monitor purchase recency
CUST01494,2025-12-30,713,2615.0,1529360.03,2,Recently Active,Recent purchase activity
CUST01495,2025-12-31,292,1053.0,653016.3,1,Recently Active,Recent purchase activity
CUST01496,2025-12-31,736,2664.0,1475489.66,1,Recently Active,Recent purchase activity
CUST01497,2025-12-28,463,1775.0,1019047.36,4,Active - Monitor,Monitor purchase recency
CUST01498,2025-12-30,489,1814.0,1054066.94,2,Recently Active,Recent purchase activity
CUST01499,2025-12-31,671,2416.0,1550670.6300000001,1,Recently Active,Recent purchase activity
CUST01500,2025-12-30,715,2650.0,1512032.4700000002,2,Recently Active,Recent purchase activity
CUST01501,2025-12-27,412,1546.0,943513.1000000001,5,Active - Monitor,Monitor purchase recency
CUST01502,2025-12-31,495,1752.0,980053.53,1,Recently Active,Recent purchase activity
CUST01503,2025-12-31,482,1752.0,968844.3999999999,1,Recently Active,Recent purchase activity
CUST01504,2025-12-30,426,1541.0,887641.7599999999,2,Recently Active,Recent purchase activity
CUST01505,2025-12-28,490,1892.0,1100572.7700000003,4,Active - Monitor,Monitor purchase recency
CUST01506,2025-12-28,341,1241.0,683806.92,4,Active - Monitor,Monitor purchase recency
CUST01507,2025-12-25,443,1546.0,951272.1600000001,7,Active - Monitor,Monitor purchase recency
CUST01508,2025-12-30,500,1773.0,1111964.8199999998,2,Recently Active,Recent purchase activity
CUST01509,2025-12-31,699,2652.0,1524630.52,1,Recently Active,Recent purchase activity
CUST01510,2025-12-26,291,983.0,565493.86,6,Active - Monitor,Monitor purchase recency
CUST01511,2025-12-26,467,1702.0,924866.6199999999,6,Active - Monitor,Monitor purchase recency
CUST01512,2025-12-31,1084,3949.0,2258119.5099999993,1,Recently Active,Recent purchase activity
CUST01513,2025-12-31,452,1698.0,921789.5800000001,1,Recently Active,Recent purchase activity
CUST01514,2025-12-23,337,1196.0,709423.1200000002,9,Inactivity Watch,Review customer engagement
CUST01515,2025-12-30,693,2647.0,1464353.4899999998,2,Recently Active,Recent purchase activity
CUST01516,2025-12-31,329,1131.0,729563.8400000001,1,Recently Active,Recent purchase activity
CUST01517,2025-12-29,502,1914.0,1192851.7399999998,3,Recently Active,Recent purchase activity
CUST01518,2025-12-28,426,1521.0,804550.8499999999,4,Active - Monitor,Monitor purchase recency
CUST01519,2025-12-28,1062,3878.0,2337751.7099999986,4,Active - Monitor,Monitor purchase recency
CUST01520,2025-12-29,670,2458.0,1471632.12,3,Recently Active,Recent purchase activity
CUST01521,2025-12-30,712,2534.0,1474638.4700000002,2,Recently Active,Recent purchase activity
CUST01522,2025-12-31,496,1767.0,987773.4399999998,1,Recently Active,Recent purchase activity
CUST01523,2025-12-23,317,1104.0,643878.8800000001,9,Inactivity Watch,Review customer engagement
CUST01524,2025-12-31,365,1277.0,702617.78,1,Recently Active,Recent purchase activity
CUST01525,2025-12-27,345,1316.0,832565.3499999999,5,Active - Monitor,Monitor purchase recency
CUST01526,2025-12-27,486,1817.0,1049482.2999999998,5,Active - Monitor,Monitor purchase recency
CUST01527,2025-12-29,473,1792.0,1066635.5700000003,3,Recently Active,Recent purchase activity
CUST01528,2025-12-27,316,1247.0,705343.8899999999,5,Active - Monitor,Monitor purchase recency
CUST01529,2025-12-31,659,2416.0,1485007.0199999996,1,Recently Active,Recent purchase activity
CUST01530,2025-12-30,305,1054.0,643750.54,2,Recently Active,Recent purchase activity
CUST01531,2025-12-30,334,1189.0,711797.73,2,Recently Active,Recent purchase activity
CUST01532,2025-12-30,709,2512.0,1500853.3599999999,2,Recently Active,Recent purchase activity
CUST01533,2025-12-31,484,1735.0,994823.02,1,Recently Active,Recent purchase activity
CUST01534,2025-12-30,348,1344.0,809627.4700000001,2,Recently Active,Recent purchase activity
CUST01535,2025-12-30,721,2649.0,1485182.9699999997,2,Recently Active,Recent purchase activity
CUST01536,2025-12-23,326,1191.0,639573.3800000001,9,Inactivity Watch,Review customer engagement
CUST01537,2025-12-31,322,1111.0,691449.2899999999,1,Recently Active,Recent purchase activity
CUST01538,2025-12-29,662,2421.0,1400992.0900000003,3,Recently Active,Recent purchase activity
CUST01539,2025-12-29,481,1723.0,1039955.2699999999,3,Recently Active,Recent purchase activity
CUST01540,2025-12-31,505,1933.0,1116804.0799999998,1,Recently Active,Recent purchase activity
CUST01541,2025-12-27,316,1117.0,689219.3,5,Active - Monitor,Monitor purchase recency
CUST01542,2025-12-31,339,1236.0,819353.93,1,Recently Active,Recent purchase activity
CUST01543,2025-12-29,430,1503.0,953565.2700000003,3,Recently Active,Recent purchase activity
CUST01544,2025-12-31,1039,3837.0,2238002.0199999996,1,Recently Active,Recent purchase activity
CUST01545,2025-12-31,471,1704.0,990369.16,1,Recently Active,Recent purchase activity
CUST01546,2025-12-25,323,1175.0,692725.3700000001,7,Active - Monitor,Monitor purchase recency
CUST01547,2025-12-31,1019,3732.0,2218924.12,1,Recently Active,Recent purchase activity
CUST01548,2025-12-31,1088,3856.0,2270375.9999999995,1,Recently Active,Recent purchase activity
CUST01549,2025-12-30,308,1074.0,642657.73,2,Recently Active,Recent purchase activity
CUST01550,2025-12-31,344,1355.0,826340.97,1,Recently Active,Recent purchase activity
CUST01551,2025-12-20,291,999.0,550735.8099999999,12,Inactivity Watch,Review customer engagement
CUST01552,2025-12-31,519,2052.0,1151714.52,1,Recently Active,Recent purchase activity
CUST01553,2025-12-24,309,1099.0,618400.6000000001,8,Inactivity Watch,Review customer engagement
CUST01554,2025-12-31,718,2540.0,1415397.3399999999,1,Recently Active,Recent purchase activity
CUST01555,2025-12-31,343,1250.0,775527.2,1,Recently Active,Recent purchase activity
CUST01556,2025-12-31,459,1686.0,941624.92,1,Recently Active,Recent purchase activity
CUST01557,2025-12-30,320,1171.0,704689.4500000001,2,Recently Active,Recent purchase activity
CUST01558,2025-12-26,454,1737.0,1019103.8199999998,6,Active - Monitor,Monitor purchase recency
CUST01559,2025-12-31,461,1640.0,943623.02,1,Recently Active,Recent purchase activity
CUST01560,2025-12-31,1023,3732.0,2118045.0199999996,1,Recently Active,Recent purchase activity
CUST01561,2025-12-27,301,1143.0,627390.29,5,Active - Monitor,Monitor purchase recency
CUST01562,2025-12-30,721,2609.0,1532693.7799999998,2,Recently Active,Recent purchase activity
CUST01563,2025-12-21,461,1634.0,926375.0499999998,11,Inactivity Watch,Review customer engagement
CUST01564,2025-12-30,724,2629.0,1545495.8699999999,2,Recently Active,Recent purchase activity
CUST01565,2025-12-30,462,1670.0,999551.1799999999,2,Recently Active,Recent purchase activity
CUST01566,2025-12-28,342,1291.0,762756.8,4,Active - Monitor,Monitor purchase recency
CUST01567,2025-12-31,351,1358.0,806930.26,1,Recently Active,Recent purchase activity
CUST01568,2025-12-31,690,2444.0,1409780.1,1,Recently Active,Recent purchase activity
CUST01569,2025-12-30,697,2572.0,1469764.0699999998,2,Recently Active,Recent purchase activity
CUST01570,2025-12-30,479,1648.0,899910.7,2,Recently Active,Recent purchase activity
CUST01571,2025-12-28,336,1177.0,656356.8300000001,4,Active - Monitor,Monitor purchase recency
CUST01572,2025-12-21,328,1210.0,679541.0199999999,11,Inactivity Watch,Review customer engagement
CUST01573,2025-12-31,695,2597.0,1518695.31,1,Recently Active,Recent purchase activity
CUST01574,2025-12-31,478,1731.0,970334.7899999999,1,Recently Active,Recent purchase activity
CUST01575,2025-12-29,483,1723.0,1044762.22,3,Recently Active,Recent purchase activity
CUST01576,2025-12-29,329,1145.0,692237.15,3,Recently Active,Recent purchase activity
CUST01577,2025-12-31,499,1796.0,1057624.8,1,Recently Active,Recent purchase activity
CUST01578,2025-12-29,633,2388.0,1471657.0499999998,3,Recently Active,Recent purchase activity
CUST01579,2025-12-31,451,1652.0,956541.2999999998,1,Recently Active,Recent purchase activity
CUST01580,2025-12-31,334,1212.0,687877.0900000001,1,Recently Active,Recent purchase activity
CUST01581,2025-12-27,307,1034.0,572227.8500000001,5,Active - Monitor,Monitor purchase recency
CUST01582,2025-12-31,339,1235.0,721163.23,1,Recently Active,Recent purchase activity
CUST01583,2025-12-26,466,1649.0,976805.6200000001,6,Active - Monitor,Monitor purchase recency
CUST01584,2025-12-31,336,1172.0,684768.0499999999,1,Recently Active,Recent purchase activity
CUST01585,2025-12-26,337,1182.0,686443.09,6,Active - Monitor,Monitor purchase recency
CUST01586,2025-12-28,734,2636.0,1514860.2399999995,4,Active - Monitor,Monitor purchase recency
CUST01587,2025-12-31,1112,4081.0,2353191.7499999995,1,Recently Active,Recent purchase activity
CUST01588,2025-12-30,727,2665.0,1542841.5399999998,2,Recently Active,Recent purchase activity
CUST01589,2025-12-31,443,1476.0,885661.3999999999,1,Recently Active,Recent purchase activity
CUST01590,2025-12-30,307,1106.0,632495.5700000001,2,Recently Active,Recent purchase activity
CUST01591,2025-12-31,327,1170.0,682925.05,1,Recently Active,Recent purchase activity
CUST01592,2025-12-26,360,1307.0,769554.79,6,Active - Monitor,Monitor purchase recency
CUST01593,2025-12-28,317,1189.0,683999.7400000001,4,Active - Monitor,Monitor purchase recency
CUST01594,2025-12-31,687,2420.0,1410827.6099999999,1,Recently Active,Recent purchase activity
CUST01595,2025-12-29,717,2487.0,1473408.6500000001,3,Recently Active,Recent purchase activity
CUST01596,2025-12-25,482,1751.0,980380.3700000001,7,Active - Monitor,Monitor purchase recency
CUST01597,2025-12-27,319,1127.0,676134.2,5,Active - Monitor,Monitor purchase recency
CUST01598,2025-12-30,445,1545.0,868880.4400000002,2,Recently Active,Recent purchase activity
CUST01599,2025-12-27,464,1580.0,926460.97,5,Active - Monitor,Monitor purchase recency
CUST01600,2025-12-24,447,1691.0,1016034.91,8,Inactivity Watch,Review customer engagement
CUST01601,2025-12-31,1099,3965.0,2346978.5999999996,1,Recently Active,Recent purchase activity
CUST01602,2025-12-27,320,1170.0,682152.3200000001,5,Active - Monitor,Monitor purchase recency
CUST01603,2025-12-28,350,1345.0,780252.97,4,Active - Monitor,Monitor purchase recency
CUST01604,2025-12-27,302,1088.0,658418.42,5,Active - Monitor,Monitor purchase recency
CUST01605,2025-12-31,338,1319.0,789484.76,1,Recently Active,Recent purchase activity
CUST01606,2025-12-29,443,1525.0,827866.5700000001,3,Recently Active,Recent purchase activity
CUST01607,2025-12-31,675,2305.0,1348015.26,1,Recently Active,Recent purchase activity
CUST01608,2025-12-29,312,1106.0,614944.8,3,Recently Active,Recent purchase activity
CUST01609,2025-12-30,501,1777.0,1013467.8500000001,2,Recently Active,Recent purchase activity
CUST01610,2025-12-17,322,1219.0,716403.67,15,Extended Inactivity,Review individually; inactivity is not proof of churn
CUST01611,2025-12-30,713,2550.0,1386925.38,2,Recently Active,Recent purchase activity
CUST01612,2025-12-31,480,1659.0,951081.5699999998,1,Recently Active,Recent purchase activity
CUST01613,2025-12-24,306,1087.0,579318.54,8,Inactivity Watch,Review customer engagement
CUST01614,2025-12-30,309,1182.0,718699.9400000001,2,Recently Active,Recent purchase activity
CUST01615,2025-12-29,703,2543.0,1425871.5,3,Recently Active,Recent purchase activity
CUST01616,2025-12-30,486,1776.0,1111852.24,2,Recently Active,Recent purchase activity
CUST01617,2025-12-30,334,1339.0,797176.9699999999,2,Recently Active,Recent purchase activity
CUST01618,2025-12-29,303,1057.0,651725.4400000001,3,Recently Active,Recent purchase activity
CUST01619,2025-12-30,298,1093.0,545804.3300000001,2,Recently Active,Recent purchase activity
CUST01620,2025-12-31,497,1828.0,1050011.5899999999,1,Recently Active,Recent purchase activity
CUST01621,2025-12-31,319,1143.0,664737.51,1,Recently Active,Recent purchase activity
CUST01622,2025-12-31,464,1733.0,979628.3599999999,1,Recently Active,Recent purchase activity
CUST01623,2025-12-28,311,1168.0,659919.4500000001,4,Active - Monitor,Monitor purchase recency
CUST01624,2025-12-31,701,2503.0,1475151.6199999996,1,Recently Active,Recent purchase activity
CUST01625,2025-12-30,471,1692.0,1043437.46,2,Recently Active,Recent purchase activity
CUST01626,2025-12-31,645,2351.0,1292541.9799999997,1,Recently Active,Recent purchase activity
CUST01627,2025-12-30,493,1732.0,994242.2400000001,2,Recently Active,Recent purchase activity
CUST01628,2025-12-31,1064,3755.0,2148528.6899999995,1,Recently Active,Recent purchase activity
CUST01629,2025-12-31,1038,3778.0,2291335.86,1,Recently Active,Recent purchase activity
CUST01630,2025-12-26,434,1644.0,974344.1599999998,6,Active - Monitor,Monitor purchase recency
CUST01631,2025-12-31,466,1641.0,964125.3899999999,1,Recently Active,Recent purchase activity
CUST01632,2025-12-31,310,1150.0,688633.11,1,Recently Active,Recent purchase activity
CUST01633,2025-12-31,1079,3899.0,2384580.04,1,Recently Active,Recent purchase activity
CUST01634,2025-12-29,730,2645.0,1552537.4799999997,3,Recently Active,Recent purchase activity
CUST01635,2025-12-28,350,1272.0,731179.2900000002,4,Active - Monitor,Monitor purchase recency
CUST01636,2025-12-31,349,1295.0,779342.8100000002,1,Recently Active,Recent purchase activity
CUST01637,2025-12-28,714,2554.0,1467146.8600000003,4,Active - Monitor,Monitor purchase recency
CUST01638,2025-12-29,296,1099.0,647929.55,3,Recently Active,Recent purchase activity
CUST01639,2025-12-28,741,2724.0,1707397.4099999997,4,Active - Monitor,Monitor purchase recency
CUST01640,2025-12-30,1118,4037.0,2413633.1199999996,2,Recently Active,Recent purchase activity
CUST01641,2025-12-30,331,1217.0,762643.7899999998,2,Recently Active,Recent purchase activity
CUST01642,2025-12-31,493,1848.0,1070740.41,1,Recently Active,Recent purchase activity
CUST01643,2025-12-31,701,2495.0,1373564.0499999998,1,Recently Active,Recent purchase activity
CUST01644,2025-12-28,471,1697.0,984223.2399999999,4,Active - Monitor,Monitor purchase recency
CUST01645,2025-12-29,296,1066.0,602247.55,3,Recently Active,Recent purchase activity
CUST01646,2025-12-31,718,2540.0,1576009.6699999997,1,Recently Active,Recent purchase activity
CUST01647,2025-12-24,306,1132.0,595204.6900000002,8,Inactivity Watch,Review customer engagement
CUST01648,2025-12-31,474,1724.0,988811.05,1,Recently Active,Recent purchase activity
CUST01649,2025-12-31,1082,3915.0,2296838.4699999997,1,Recently Active,Recent purchase activity
CUST01650,2025-12-31,700,2439.0,1373297.7599999998,1,Recently Active,Recent purchase activity
CUST01651,2025-12-27,471,1733.0,1043062.2699999999,5,Active - Monitor,Monitor purchase recency
CUST01652,2025-12-28,341,1236.0,724257.33,4,Active - Monitor,Monitor purchase recency
CUST01653,2025-12-31,303,1085.0,664066.9800000001,1,Recently Active,Recent purchase activity
CUST01654,2025-12-31,330,1181.0,721023.8700000001,1,Recently Active,Recent purchase activity
CUST01655,2025-12-31,486,1747.0,1024998.9600000001,1,Recently Active,Recent purchase activity
CUST01656,2025-12-30,693,2587.0,1459966.4100000001,2,Recently Active,Recent purchase activity
CUST01657,2025-12-28,417,1506.0,823292.08,4,Active - Monitor,Monitor purchase recency
CUST01658,2025-12-30,495,1810.0,1059792.86,2,Recently Active,Recent purchase activity
CUST01659,2025-12-31,327,1122.0,633330.89,1,Recently Active,Recent purchase activity
CUST01660,2025-12-29,464,1667.0,1025528.53,3,Recently Active,Recent purchase activity
CUST01661,2025-12-31,1044,3814.0,2216871.02,1,Recently Active,Recent purchase activity
CUST01662,2025-12-30,1146,4055.0,2292822.0799999987,2,Recently Active,Recent purchase activity
CUST01663,2025-12-29,733,2566.0,1564085.2500000002,3,Recently Active,Recent purchase activity
CUST01664,2025-12-31,706,2651.0,1602883.1799999997,1,Recently Active,Recent purchase activity
CUST01665,2025-12-28,704,2642.0,1556487.6999999997,4,Active - Monitor,Monitor purchase recency
CUST01666,2025-12-30,486,1814.0,1019081.75,2,Recently Active,Recent purchase activity
CUST01667,2025-12-31,740,2747.0,1663575.3499999996,1,Recently Active,Recent purchase activity
CUST01668,2025-12-31,311,1173.0,647561.29,1,Recently Active,Recent purchase activity
CUST01669,2025-12-30,1068,3989.0,2268692.66,2,Recently Active,Recent purchase activity
CUST01670,2025-12-30,496,1750.0,1041339.3199999998,2,Recently Active,Recent purchase activity
CUST01671,2025-12-29,335,1262.0,734274.7000000001,3,Recently Active,Recent purchase activity
CUST01672,2025-12-30,313,1216.0,685855.63,2,Recently Active,Recent purchase activity
CUST01673,2025-12-29,473,1779.0,1049344.1800000002,3,Recently Active,Recent purchase activity
CUST01674,2025-12-30,447,1513.0,862385.84,2,Recently Active,Recent purchase activity
CUST01675,2025-12-27,447,1514.0,844137.9400000001,5,Active - Monitor,Monitor purchase recency
CUST01676,2025-12-31,461,1729.0,1002033.78,1,Recently Active,Recent purchase activity
CUST01677,2025-12-29,492,1765.0,1110091.37,3,Recently Active,Recent purchase activity
CUST01678,2025-12-31,698,2560.0,1471389.7,1,Recently Active,Recent purchase activity
CUST01679,2025-12-31,316,1055.0,694400.72,1,Recently Active,Recent purchase activity
CUST01680,2025-12-29,304,1115.0,648766.8500000001,3,Recently Active,Recent purchase activity
CUST01681,2025-12-30,311,1164.0,768688.38,2,Recently Active,Recent purchase activity
CUST01682,2025-12-28,456,1622.0,944885.0700000001,4,Active - Monitor,Monitor purchase recency
CUST01683,2025-12-26,324,1184.0,679532.73,6,Active - Monitor,Monitor purchase recency
CUST01684,2025-12-30,1143,4121.0,2384287.0300000003,2,Recently Active,Recent purchase activity
CUST01685,2025-12-31,325,1167.0,662914.5100000001,1,Recently Active,Recent purchase activity
CUST01686,2025-12-31,490,1845.0,1038613.8699999999,1,Recently Active,Recent purchase activity
CUST01687,2025-12-24,332,1240.0,697009.5100000002,8,Inactivity Watch,Review customer engagement
CUST01688,2025-12-31,311,1141.0,671597.8099999999,1,Recently Active,Recent purchase activity
CUST01689,2025-12-24,298,1032.0,648665.48,8,Inactivity Watch,Review customer engagement
CUST01690,2025-12-31,475,1641.0,985052.02,1,Recently Active,Recent purchase activity
CUST01691,2025-12-22,327,1135.0,597741.7500000001,10,Inactivity Watch,Review customer engagement
CUST01692,2025-12-25,305,1150.0,671463.6700000002,7,Active - Monitor,Monitor purchase recency
CUST01693,2025-12-23,333,1193.0,705332.5299999999,9,Inactivity Watch,Review customer engagement
CUST01694,2025-12-29,457,1699.0,995859.54,3,Recently Active,Recent purchase activity
CUST01695,2025-12-31,497,1861.0,1111720.8200000003,1,Recently Active,Recent purchase activity
CUST01696,2025-12-30,673,2442.0,1481331.35,2,Recently Active,Recent purchase activity
CUST01697,2025-12-26,289,1071.0,628446.2500000001,6,Active - Monitor,Monitor purchase recency
CUST01698,2025-12-29,342,1201.0,685240.0,3,Recently Active,Recent purchase activity
CUST01699,2025-12-31,470,1661.0,895734.66,1,Recently Active,Recent purchase activity
CUST01700,2025-12-18,502,1876.0,1105046.1800000002,14,Inactivity Watch,Review customer engagement
CUST01701,2025-12-26,298,1083.0,636632.6300000001,6,Active - Monitor,Monitor purchase recency
CUST01702,2025-12-31,289,970.0,585143.67,1,Recently Active,Recent purchase activity
CUST01703,2025-12-27,336,1257.0,695120.06,5,Active - Monitor,Monitor purchase recency
CUST01704,2025-12-29,1042,3728.0,2081296.91,3,Recently Active,Recent purchase activity
CUST01705,2025-12-30,1074,3921.0,2269875.46,2,Recently Active,Recent purchase activity
CUST01706,2025-12-30,1099,3895.0,2384796.8,2,Recently Active,Recent purchase activity
CUST01707,2025-12-31,322,1122.0,591593.64,1,Recently Active,Recent purchase activity
CUST01708,2025-12-30,455,1581.0,924276.41,2,Recently Active,Recent purchase activity
CUST01709,2025-12-31,491,1816.0,1048029.4099999998,1,Recently Active,Recent purchase activity
CUST01710,2025-12-31,768,2777.0,1584162.65,1,Recently Active,Recent purchase activity
CUST01711,2025-12-17,336,1229.0,701112.65,15,Extended Inactivity,Review individually; inactivity is not proof of churn
CUST01712,2025-12-28,330,1192.0,701608.9499999998,4,Active - Monitor,Monitor purchase recency
CUST01713,2025-12-25,308,1133.0,643031.87,7,Active - Monitor,Monitor purchase recency
CUST01714,2025-12-30,450,1632.0,922591.42,2,Recently Active,Recent purchase activity
CUST01715,2025-12-31,1107,4047.0,2366981.6799999997,1,Recently Active,Recent purchase activity
CUST01716,2025-12-25,349,1289.0,753462.0600000002,7,Active - Monitor,Monitor purchase recency
CUST01717,2025-12-29,469,1687.0,1035742.98,3,Recently Active,Recent purchase activity
CUST01718,2025-12-30,327,1233.0,721796.06,2,Recently Active,Recent purchase activity
CUST01719,2025-12-26,315,1157.0,678663.6,6,Active - Monitor,Monitor purchase recency
CUST01720,2025-12-24,493,1860.0,1056837.6099999999,8,Inactivity Watch,Review customer engagement
CUST01721,2025-12-31,307,1126.0,673226.7299999999,1,Recently Active,Recent purchase activity
CUST01722,2025-12-26,718,2627.0,1512959.82,6,Active - Monitor,Monitor purchase recency
CUST01723,2025-12-30,309,1136.0,649591.3900000001,2,Recently Active,Recent purchase activity
CUST01724,2025-12-31,325,1213.0,728451.9100000003,1,Recently Active,Recent purchase activity
CUST01725,2025-12-28,716,2558.0,1471706.9100000001,4,Active - Monitor,Monitor purchase recency
CUST01726,2025-12-24,445,1546.0,985469.17,8,Inactivity Watch,Review customer engagement
CUST01727,2025-12-28,1053,4051.0,2430867.8199999994,4,Active - Monitor,Monitor purchase recency
CUST01728,2025-12-31,457,1627.0,978813.05,1,Recently Active,Recent purchase activity
CUST01729,2025-12-31,335,1166.0,686245.04,1,Recently Active,Recent purchase activity
CUST01730,2025-12-30,712,2480.0,1469784.0499999998,2,Recently Active,Recent purchase activity
CUST01731,2025-12-31,427,1549.0,900671.5199999999,1,Recently Active,Recent purchase activity
CUST01732,2025-12-23,321,1181.0,727695.93,9,Inactivity Watch,Review customer engagement
CUST01733,2025-12-30,708,2460.0,1459534.83,2,Recently Active,Recent purchase activity
CUST01734,2025-12-31,703,2521.0,1522810.19,1,Recently Active,Recent purchase activity
CUST01735,2025-12-31,1083,4056.0,2378034.5999999996,1,Recently Active,Recent purchase activity
CUST01736,2025-12-30,462,1618.0,941227.16,2,Recently Active,Recent purchase activity
CUST01737,2025-12-29,676,2462.0,1463585.79,3,Recently Active,Recent purchase activity
CUST01738,2025-12-31,689,2568.0,1519652.3199999998,1,Recently Active,Recent purchase activity
CUST01739,2025-12-31,481,1756.0,983556.7600000001,1,Recently Active,Recent purchase activity
CUST01740,2025-12-27,346,1325.0,699583.63,5,Active - Monitor,Monitor purchase recency
CUST01741,2025-12-30,498,1975.0,1173695.58,2,Recently Active,Recent purchase activity
CUST01742,2025-12-30,316,1198.0,695931.6399999999,2,Recently Active,Recent purchase activity
CUST01743,2025-12-30,334,1188.0,693500.8900000001,2,Recently Active,Recent purchase activity
CUST01744,2025-12-30,694,2491.0,1480067.9899999998,2,Recently Active,Recent purchase activity
CUST01745,2025-12-31,311,1158.0,604555.4,1,Recently Active,Recent purchase activity
CUST01746,2025-12-30,683,2518.0,1408447.0400000003,2,Recently Active,Recent purchase activity
CUST01747,2025-12-26,305,1024.0,632220.2,6,Active - Monitor,Monitor purchase recency
CUST01748,2025-12-28,454,1716.0,976201.1900000002,4,Active - Monitor,Monitor purchase recency
CUST01749,2025-12-30,745,2684.0,1526904.6999999995,2,Recently Active,Recent purchase activity
CUST01750,2025-12-30,657,2388.0,1484414.7300000002,2,Recently Active,Recent purchase activity
CUST01751,2025-12-31,347,1195.0,718091.97,1,Recently Active,Recent purchase activity
CUST01752,2025-12-31,738,2659.0,1555697.88,1,Recently Active,Recent purchase activity
CUST01753,2025-12-29,713,2556.0,1514857.1499999997,3,Recently Active,Recent purchase activity
CUST01754,2025-12-21,305,1145.0,642128.0199999999,11,Inactivity Watch,Review customer engagement
CUST01755,2025-12-31,336,1218.0,718557.18,1,Recently Active,Recent purchase activity
CUST01756,2025-12-25,341,1216.0,752036.9800000001,7,Active - Monitor,Monitor purchase recency
CUST01757,2025-12-28,313,1175.0,671502.8300000001,4,Active - Monitor,Monitor purchase recency
CUST01758,2025-12-27,325,1245.0,726974.6200000001,5,Active - Monitor,Monitor purchase recency
CUST01759,2025-12-28,437,1597.0,852533.5999999999,4,Active - Monitor,Monitor purchase recency
CUST01760,2025-12-31,330,1233.0,777120.2799999999,1,Recently Active,Recent purchase activity
CUST01761,2025-12-31,661,2417.0,1462503.42,1,Recently Active,Recent purchase activity
CUST01762,2025-12-31,483,1837.0,1129669.49,1,Recently Active,Recent purchase activity
CUST01763,2025-12-26,481,1785.0,952931.1200000002,6,Active - Monitor,Monitor purchase recency
CUST01764,2025-12-31,716,2547.0,1444666.88,1,Recently Active,Recent purchase activity
CUST01765,2025-12-31,467,1700.0,948168.89,1,Recently Active,Recent purchase activity
CUST01766,2025-12-24,316,1120.0,621210.5800000001,8,Inactivity Watch,Review customer engagement
CUST01767,2025-12-29,341,1138.0,627563.67,3,Recently Active,Recent purchase activity
CUST01768,2025-12-31,474,1708.0,1014484.6400000001,1,Recently Active,Recent purchase activity
CUST01769,2025-12-28,696,2601.0,1484752.6099999999,4,Active - Monitor,Monitor purchase recency
CUST01770,2025-12-30,454,1610.0,894125.5100000001,2,Recently Active,Recent purchase activity
CUST01771,2025-12-31,710,2643.0,1571710.7499999998,1,Recently Active,Recent purchase activity
CUST01772,2025-12-31,729,2789.0,1544874.2000000004,1,Recently Active,Recent purchase activity
CUST01773,2025-12-31,502,1793.0,1004134.8300000001,1,Recently Active,Recent purchase activity
CUST01774,2025-12-21,346,1276.0,747890.8400000001,11,Inactivity Watch,Review customer engagement
CUST01775,2025-12-31,649,2348.0,1439613.83,1,Recently Active,Recent purchase activity
CUST01776,2025-12-30,476,1757.0,1007190.6600000001,2,Recently Active,Recent purchase activity
CUST01777,2025-12-27,294,1055.0,610668.1100000001,5,Active - Monitor,Monitor purchase recency
CUST01778,2025-12-30,682,2509.0,1541038.96,2,Recently Active,Recent purchase activity
CUST01779,2025-12-28,361,1300.0,758625.57,4,Active - Monitor,Monitor purchase recency
CUST01780,2025-12-30,341,1243.0,796243.3500000002,2,Recently Active,Recent purchase activity
CUST01781,2025-12-30,325,1239.0,700127.0700000001,2,Recently Active,Recent purchase activity
CUST01782,2025-12-31,326,1186.0,675276.2899999999,1,Recently Active,Recent purchase activity
CUST01783,2025-12-28,321,1129.0,612924.79,4,Active - Monitor,Monitor purchase recency
CUST01784,2025-12-30,463,1656.0,961347.5000000001,2,Recently Active,Recent purchase activity
CUST01785,2025-12-23,309,1089.0,652988.8200000001,9,Inactivity Watch,Review customer engagement
CUST01786,2025-12-30,694,2499.0,1489991.5099999995,2,Recently Active,Recent purchase activity
CUST01787,2025-12-28,494,1702.0,986219.81,4,Active - Monitor,Monitor purchase recency
CUST01788,2025-12-31,425,1629.0,903631.4300000002,1,Recently Active,Recent purchase activity
CUST01789,2025-12-30,496,1828.0,1105333.5299999998,2,Recently Active,Recent purchase activity
CUST01790,2025-12-28,346,1246.0,677218.0899999999,4,Active - Monitor,Monitor purchase recency
CUST01791,2025-12-26,388,1466.0,837780.74,6,Active - Monitor,Monitor purchase recency
CUST01792,2025-12-31,453,1668.0,1014800.2200000002,1,Recently Active,Recent purchase activity
CUST01793,2025-12-29,359,1357.0,816435.99,3,Recently Active,Recent purchase activity
CUST01794,2025-12-30,295,1070.0,646750.7,2,Recently Active,Recent purchase activity
CUST01795,2025-12-27,463,1691.0,961388.6900000002,5,Active - Monitor,Monitor purchase recency
CUST01796,2025-12-30,343,1215.0,711351.4600000001,2,Recently Active,Recent purchase activity
CUST01797,2025-12-31,676,2431.0,1435191.1700000002,1,Recently Active,Recent purchase activity
CUST01798,2025-12-31,332,1109.0,612431.5299999999,1,Recently Active,Recent purchase activity
CUST01799,2025-12-30,334,1191.0,754225.03,2,Recently Active,Recent purchase activity
CUST01800,2025-12-27,434,1595.0,925637.6500000001,5,Active - Monitor,Monitor purchase recency
CUST01801,2025-12-29,330,1232.0,706709.68,3,Recently Active,Recent purchase activity
CUST01802,2025-12-29,677,2509.0,1461491.3900000001,3,Recently Active,Recent purchase activity
CUST01803,2025-12-30,346,1334.0,818841.5100000001,2,Recently Active,Recent purchase activity
CUST01804,2025-12-31,445,1591.0,966912.1700000003,1,Recently Active,Recent purchase activity
CUST01805,2025-12-31,706,2581.0,1554371.5000000002,1,Recently Active,Recent purchase activity
CUST01806,2025-12-27,306,1072.0,629926.81,5,Active - Monitor,Monitor purchase recency
CUST01807,2025-12-31,1066,3846.0,2249002.1,1,Recently Active,Recent purchase activity
CUST01808,2025-12-31,721,2712.0,1621950.11,1,Recently Active,Recent purchase activity
CUST01809,2025-12-26,312,1103.0,659869.3700000001,6,Active - Monitor,Monitor purchase recency
CUST01810,2025-12-25,441,1634.0,1015035.27,7,Active - Monitor,Monitor purchase recency
CUST01811,2025-12-30,309,1108.0,624057.6699999998,2,Recently Active,Recent purchase activity
CUST01812,2025-12-25,344,1195.0,763284.4400000002,7,Active - Monitor,Monitor purchase recency
CUST01813,2025-12-22,335,1185.0,662511.8500000001,10,Inactivity Watch,Review customer engagement
CUST01814,2025-12-30,323,1128.0,645166.5,2,Recently Active,Recent purchase activity
CUST01815,2025-12-31,691,2557.0,1551271.8900000001,1,Recently Active,Recent purchase activity
CUST01816,2025-12-31,663,2344.0,1394354.67,1,Recently Active,Recent purchase activity
CUST01817,2025-12-28,324,1238.0,736114.52,4,Active - Monitor,Monitor purchase recency
CUST01818,2025-12-28,312,1146.0,637659.81,4,Active - Monitor,Monitor purchase recency
CUST01819,2025-12-30,297,1093.0,569529.98,2,Recently Active,Recent purchase activity
CUST01820,2025-12-31,1079,3960.0,2322280.2500000005,1,Recently Active,Recent purchase activity
CUST01821,2025-12-31,314,1126.0,650510.9,1,Recently Active,Recent purchase activity
CUST01822,2025-12-29,483,1826.0,1057651.38,3,Recently Active,Recent purchase activity
CUST01823,2025-12-23,310,1119.0,723111.1300000001,9,Inactivity Watch,Review customer engagement
CUST01824,2025-12-31,672,2452.0,1390990.3099999998,1,Recently Active,Recent purchase activity
CUST01825,2025-12-31,307,1090.0,657995.8000000002,1,Recently Active,Recent purchase activity
CUST01826,2025-12-30,312,1137.0,627262.9099999999,2,Recently Active,Recent purchase activity
CUST01827,2025-12-23,331,1229.0,688934.47,9,Inactivity Watch,Review customer engagement
CUST01828,2025-12-31,1062,3986.0,2375067.369999999,1,Recently Active,Recent purchase activity
CUST01829,2025-12-31,460,1587.0,921681.7999999998,1,Recently Active,Recent purchase activity
CUST01830,2025-12-28,321,1145.0,691309.25,4,Active - Monitor,Monitor purchase recency
CUST01831,2025-12-26,298,1125.0,603794.72,6,Active - Monitor,Monitor purchase recency
CUST01832,2025-12-31,485,1823.0,1068112.58,1,Recently Active,Recent purchase activity
CUST01833,2025-12-29,357,1308.0,752193.1499999999,3,Recently Active,Recent purchase activity
CUST01834,2025-12-31,457,1738.0,1068418.21,1,Recently Active,Recent purchase activity
CUST01835,2025-12-27,317,1176.0,693728.47,5,Active - Monitor,Monitor purchase recency
CUST01836,2025-12-28,291,1067.0,622370.1400000001,4,Active - Monitor,Monitor purchase recency
CUST01837,2025-12-31,652,2371.0,1429990.5399999996,1,Recently Active,Recent purchase activity
CUST01838,2025-12-26,353,1226.0,728095.73,6,Active - Monitor,Monitor purchase recency
CUST01839,2025-12-31,324,1209.0,699567.0599999999,1,Recently Active,Recent purchase activity
CUST01840,2025-12-31,1092,3873.0,2259360.7599999993,1,Recently Active,Recent purchase activity
CUST01841,2025-12-23,466,1726.0,993319.2100000002,9,Inactivity Watch,Review customer engagement
CUST01842,2025-12-29,721,2631.0,1491379.9999999998,3,Recently Active,Recent purchase activity
CUST01843,2025-12-17,305,1103.0,652299.9400000001,15,Extended Inactivity,Review individually; inactivity is not proof of churn
CUST01844,2025-12-31,716,2569.0,1484425.0200000003,1,Recently Active,Recent purchase activity
CUST01845,2025-12-29,708,2627.0,1666408.1199999999,3,Recently Active,Recent purchase activity
CUST01846,2025-12-30,349,1252.0,668046.09,2,Recently Active,Recent purchase activity
CUST01847,2025-12-31,458,1628.0,905665.2100000001,1,Recently Active,Recent purchase activity
CUST01848,2025-12-26,315,1108.0,630850.64,6,Active - Monitor,Monitor purchase recency
CUST01849,2025-12-30,696,2336.0,1436473.6800000002,2,Recently Active,Recent purchase activity
CUST01850,2025-12-26,418,1561.0,907646.8100000002,6,Active - Monitor,Monitor purchase recency
CUST01851,2025-12-31,711,2707.0,1615105.44,1,Recently Active,Recent purchase activity
CUST01852,2025-12-31,1025,3635.0,2124217.32,1,Recently Active,Recent purchase activity
CUST01853,2025-12-27,303,1097.0,667615.4800000001,5,Active - Monitor,Monitor purchase recency
CUST01854,2025-12-31,325,1162.0,642363.6799999999,1,Recently Active,Recent purchase activity
CUST01855,2025-12-23,487,1799.0,1056078.35,9,Inactivity Watch,Review customer engagement
CUST01856,2025-12-31,1094,4066.0,2377859.63,1,Recently Active,Recent purchase activity
CUST01857,2025-12-30,447,1617.0,911041.6600000001,2,Recently Active,Recent purchase activity
CUST01858,2025-12-21,337,1207.0,714829.3899999999,11,Inactivity Watch,Review customer engagement
CUST01859,2025-12-30,1089,3951.0,2400452.6999999997,2,Recently Active,Recent purchase activity
CUST01860,2025-12-31,468,1761.0,942410.49,1,Recently Active,Recent purchase activity
CUST01861,2025-12-30,319,1135.0,655343.7600000001,2,Recently Active,Recent purchase activity
CUST01862,2025-12-27,455,1713.0,1007839.6999999998,5,Active - Monitor,Monitor purchase recency
CUST01863,2025-12-29,480,1711.0,984927.1199999999,3,Recently Active,Recent purchase activity
CUST01864,2025-12-30,1104,3981.0,2284717.4499999997,2,Recently Active,Recent purchase activity
CUST01865,2025-12-30,299,1183.0,731305.0899999999,2,Recently Active,Recent purchase activity
CUST01866,2025-12-23,469,1783.0,1041809.98,9,Inactivity Watch,Review customer engagement
CUST01867,2025-12-30,329,1235.0,619451.9900000001,2,Recently Active,Recent purchase activity
CUST01868,2025-12-22,474,1753.0,1036183.0200000004,10,Inactivity Watch,Review customer engagement
CUST01869,2025-12-31,1066,3850.0,2264697.08,1,Recently Active,Recent purchase activity
CUST01870,2025-12-31,692,2459.0,1356607.72,1,Recently Active,Recent purchase activity
CUST01871,2025-12-31,1069,3902.0,2249405.169999999,1,Recently Active,Recent purchase activity
CUST01872,2025-12-30,352,1312.0,762932.16,2,Recently Active,Recent purchase activity
CUST01873,2025-12-28,434,1572.0,948803.1000000002,4,Active - Monitor,Monitor purchase recency
CUST01874,2025-12-29,499,1799.0,1068669.17,3,Recently Active,Recent purchase activity
CUST01875,2025-12-27,359,1258.0,724613.2799999999,5,Active - Monitor,Monitor purchase recency
CUST01876,2025-12-27,449,1696.0,1012585.76,5,Active - Monitor,Monitor purchase recency
CUST01877,2025-12-31,330,1161.0,682279.6600000001,1,Recently Active,Recent purchase activity
CUST01878,2025-12-30,324,1201.0,721606.02,2,Recently Active,Recent purchase activity
CUST01879,2025-12-24,300,1069.0,644507.4600000001,8,Inactivity Watch,Review customer engagement
CUST01880,2025-12-27,491,1855.0,1073707.48,5,Active - Monitor,Monitor purchase recency
CUST01881,2025-12-29,351,1291.0,740153.64,3,Recently Active,Recent purchase activity
CUST01882,2025-12-29,335,1199.0,696918.1300000001,3,Recently Active,Recent purchase activity
CUST01883,2025-12-31,1133,4186.0,2589816.18,1,Recently Active,Recent purchase activity
CUST01884,2025-12-30,469,1722.0,985153.4899999999,2,Recently Active,Recent purchase activity
CUST01885,2025-12-30,441,1609.0,968645.8700000001,2,Recently Active,Recent purchase activity
CUST01886,2025-12-30,464,1649.0,946191.78,2,Recently Active,Recent purchase activity
CUST01887,2025-12-30,331,1225.0,709116.6300000001,2,Recently Active,Recent purchase activity
CUST01888,2025-12-27,687,2450.0,1373181.03,5,Active - Monitor,Monitor purchase recency
CUST01889,2025-12-30,731,2662.0,1475222.4,2,Recently Active,Recent purchase activity
CUST01890,2025-12-30,494,1753.0,1072773.9899999998,2,Recently Active,Recent purchase activity
CUST01891,2025-12-27,325,1160.0,627047.39,5,Active - Monitor,Monitor purchase recency
CUST01892,2025-12-31,742,2592.0,1411226.2699999998,1,Recently Active,Recent purchase activity
CUST01893,2025-12-31,314,1166.0,669657.0100000001,1,Recently Active,Recent purchase activity
CUST01894,2025-12-30,499,1892.0,1209120.7,2,Recently Active,Recent purchase activity
CUST01895,2025-12-27,349,1286.0,734060.3,5,Active - Monitor,Monitor purchase recency
CUST01896,2025-12-31,479,1794.0,1068594.9299999997,1,Recently Active,Recent purchase activity
CUST01897,2025-12-31,1005,3616.0,2067230.2,1,Recently Active,Recent purchase activity
CUST01898,2025-12-24,331,1144.0,614524.2200000001,8,Inactivity Watch,Review customer engagement
CUST01899,2025-12-28,319,1159.0,679094.1,4,Active - Monitor,Monitor purchase recency
CUST01900,2025-12-31,453,1668.0,925725.5400000002,1,Recently Active,Recent purchase activity
CUST01901,2025-12-31,307,1193.0,683186.5700000001,1,Recently Active,Recent purchase activity
CUST01902,2025-12-30,1097,4109.0,2420108.03,2,Recently Active,Recent purchase activity
CUST01903,2025-12-31,330,1102.0,705992.04,1,Recently Active,Recent purchase activity
CUST01904,2025-12-28,324,1151.0,664634.8300000001,4,Active - Monitor,Monitor purchase recency
CUST01905,2025-12-28,468,1672.0,1019821.8599999999,4,Active - Monitor,Monitor purchase recency
CUST01906,2025-12-31,497,1836.0,1047936.6900000001,1,Recently Active,Recent purchase activity
CUST01907,2025-12-30,329,1149.0,709899.3800000001,2,Recently Active,Recent purchase activity
CUST01908,2025-12-28,332,1229.0,677711.31,4,Active - Monitor,Monitor purchase recency
CUST01909,2025-12-28,291,1011.0,606376.7500000001,4,Active - Monitor,Monitor purchase recency
CUST01910,2025-12-29,326,1179.0,673337.02,3,Recently Active,Recent purchase activity
CUST01911,2025-12-23,331,1189.0,662537.41,9,Inactivity Watch,Review customer engagement
CUST01912,2025-12-31,465,1700.0,939388.5499999999,1,Recently Active,Recent purchase activity
CUST01913,2025-12-26,506,1772.0,975797.5699999997,6,Active - Monitor,Monitor purchase recency
CUST01914,2025-12-30,484,1698.0,1026161.41,2,Recently Active,Recent purchase activity
CUST01915,2025-12-28,347,1273.0,777078.3300000001,4,Active - Monitor,Monitor purchase recency
CUST01916,2025-12-31,473,1553.0,919320.2000000001,1,Recently Active,Recent purchase activity
CUST01917,2025-12-30,296,1056.0,544237.14,2,Recently Active,Recent purchase activity
CUST01918,2025-12-29,485,1807.0,980148.87,3,Recently Active,Recent purchase activity
CUST01919,2025-12-31,307,1092.0,624231.98,1,Recently Active,Recent purchase activity
CUST01920,2025-12-31,474,1690.0,973063.73,1,Recently Active,Recent purchase activity
CUST01921,2025-12-31,468,1612.0,918187.1100000001,1,Recently Active,Recent purchase activity
CUST01922,2025-12-28,685,2482.0,1374195.64,4,Active - Monitor,Monitor purchase recency
CUST01923,2025-12-29,346,1194.0,706016.8,3,Recently Active,Recent purchase activity
CUST01924,2025-12-29,455,1594.0,959306.27,3,Recently Active,Recent purchase activity
CUST01925,2025-12-27,340,1208.0,738297.12,5,Active - Monitor,Monitor purchase recency
CUST01926,2025-12-31,312,1157.0,656828.52,1,Recently Active,Recent purchase activity
CUST01927,2025-12-31,477,1792.0,1075585.74,1,Recently Active,Recent purchase activity
CUST01928,2025-12-29,695,2521.0,1521395.19,3,Recently Active,Recent purchase activity
CUST01929,2025-12-31,464,1608.0,934625.6699999999,1,Recently Active,Recent purchase activity
CUST01930,2025-12-31,343,1203.0,706590.04,1,Recently Active,Recent purchase activity
CUST01931,2025-12-31,479,1741.0,1012362.3099999998,1,Recently Active,Recent purchase activity
CUST01932,2025-12-30,671,2428.0,1436143.2900000003,2,Recently Active,Recent purchase activity
CUST01933,2025-12-31,355,1281.0,712260.0499999999,1,Recently Active,Recent purchase activity
CUST01934,2025-12-31,308,1114.0,674650.41,1,Recently Active,Recent purchase activity
CUST01935,2025-12-25,334,1149.0,689035.2200000001,7,Active - Monitor,Monitor purchase recency
CUST01936,2025-12-31,709,2568.0,1505957.3999999997,1,Recently Active,Recent purchase activity
CUST01937,2025-12-30,337,1146.0,697330.83,2,Recently Active,Recent purchase activity
CUST01938,2025-12-23,325,1123.0,647732.49,9,Inactivity Watch,Review customer engagement
CUST01939,2025-12-28,457,1673.0,1050967.55,4,Active - Monitor,Monitor purchase recency
CUST01940,2025-12-30,661,2423.0,1288653.5499999998,2,Recently Active,Recent purchase activity
CUST01941,2025-12-18,320,1190.0,705118.51,14,Inactivity Watch,Review customer engagement
CUST01942,2025-12-31,667,2454.0,1400428.1999999997,1,Recently Active,Recent purchase activity
CUST01943,2025-12-29,472,1673.0,951718.35,3,Recently Active,Recent purchase activity
CUST01944,2025-12-31,338,1191.0,663934.83,1,Recently Active,Recent purchase activity
CUST01945,2025-12-31,1026,3701.0,2232418.129999999,1,Recently Active,Recent purchase activity
CUST01946,2025-12-30,690,2567.0,1471425.6299999994,2,Recently Active,Recent purchase activity
CUST01947,2025-12-27,356,1306.0,768680.17,5,Active - Monitor,Monitor purchase recency
CUST01948,2025-12-31,320,1108.0,749673.9799999999,1,Recently Active,Recent purchase activity
CUST01949,2025-12-27,469,1741.0,1121469.62,5,Active - Monitor,Monitor purchase recency
CUST01950,2025-12-30,313,1068.0,647605.6500000001,2,Recently Active,Recent purchase activity
CUST01951,2025-12-30,701,2585.0,1552801.7400000002,2,Recently Active,Recent purchase activity
CUST01952,2025-12-29,328,1133.0,691261.9600000001,3,Recently Active,Recent purchase activity
CUST01953,2025-12-29,342,1292.0,712970.86,3,Recently Active,Recent purchase activity
CUST01954,2025-12-31,496,1826.0,1067746.1500000001,1,Recently Active,Recent purchase activity
CUST01955,2025-12-28,736,2667.0,1587904.2899999998,4,Active - Monitor,Monitor purchase recency
CUST01956,2025-12-31,1041,3737.0,2168713.4199999995,1,Recently Active,Recent purchase activity
CUST01957,2025-12-25,294,1072.0,606879.26,7,Active - Monitor,Monitor purchase recency
CUST01958,2025-12-30,324,1220.0,671934.36,2,Recently Active,Recent purchase activity
CUST01959,2025-12-30,440,1566.0,950259.8400000001,2,Recently Active,Recent purchase activity
CUST01960,2025-12-24,322,1111.0,608230.0,8,Inactivity Watch,Review customer engagement
CUST01961,2025-12-31,297,1063.0,594570.3100000002,1,Recently Active,Recent purchase activity
CUST01962,2025-12-30,333,1177.0,667465.1600000001,2,Recently Active,Recent purchase activity
CUST01963,2025-12-29,1059,3852.0,2316802.0799999996,3,Recently Active,Recent purchase activity
CUST01964,2025-12-31,712,2672.0,1578091.62,1,Recently Active,Recent purchase activity
CUST01965,2025-12-28,326,1203.0,691917.0400000002,4,Active - Monitor,Monitor purchase recency
CUST01966,2025-12-24,464,1717.0,1087199.6,8,Inactivity Watch,Review customer engagement
CUST01967,2025-12-29,698,2518.0,1487718.8900000001,3,Recently Active,Recent purchase activity
CUST01968,2025-12-30,1087,4047.0,2321434.84,2,Recently Active,Recent purchase activity
CUST01969,2025-12-31,462,1688.0,978321.0800000001,1,Recently Active,Recent purchase activity
CUST01970,2025-12-31,1076,3951.0,2341383.94,1,Recently Active,Recent purchase activity
CUST01971,2025-12-29,687,2519.0,1447902.9299999997,3,Recently Active,Recent purchase activity
CUST01972,2025-12-22,461,1553.0,929740.3800000001,10,Inactivity Watch,Review customer engagement
CUST01973,2025-12-31,297,1159.0,671685.03,1,Recently Active,Recent purchase activity
CUST01974,2025-12-31,1027,3805.0,2239253.46,1,Recently Active,Recent purchase activity
CUST01975,2025-12-26,334,1275.0,718211.72,6,Active - Monitor,Monitor purchase recency
CUST01976,2025-12-31,492,1728.0,1027749.55,1,Recently Active,Recent purchase activity
CUST01977,2025-12-31,323,1175.0,690492.9,1,Recently Active,Recent purchase activity
CUST01978,2025-12-28,325,1156.0,703215.74,4,Active - Monitor,Monitor purchase recency
CUST01979,2025-12-30,356,1263.0,738298.51,2,Recently Active,Recent purchase activity
CUST01980,2025-12-30,328,1245.0,750049.76,2,Recently Active,Recent purchase activity
CUST01981,2025-12-29,653,2296.0,1444906.41,3,Recently Active,Recent purchase activity
CUST01982,2025-12-30,324,1173.0,686372.3400000002,2,Recently Active,Recent purchase activity
CUST01983,2025-12-31,658,2297.0,1455122.92,1,Recently Active,Recent purchase activity
CUST01984,2025-12-31,1026,3715.0,2182657.5299999993,1,Recently Active,Recent purchase activity
CUST01985,2025-12-31,452,1556.0,946953.4600000002,1,Recently Active,Recent purchase activity
CUST01986,2025-12-30,714,2589.0,1527298.8800000001,2,Recently Active,Recent purchase activity
CUST01987,2025-12-27,460,1731.0,1048512.0499999999,5,Active - Monitor,Monitor purchase recency
CUST01988,2025-12-30,478,1797.0,1014251.1599999999,2,Recently Active,Recent purchase activity
CUST01989,2025-12-31,333,1241.0,725768.0899999999,1,Recently Active,Recent purchase activity
CUST01990,2025-12-31,465,1723.0,1036576.4899999999,1,Recently Active,Recent purchase activity
CUST01991,2025-12-27,324,1158.0,668456.72,5,Active - Monitor,Monitor purchase recency
CUST01992,2025-12-31,313,1216.0,719893.8699999999,1,Recently Active,Recent purchase activity
CUST01993,2025-12-27,342,1248.0,719597.43,5,Active - Monitor,Monitor purchase recency
CUST01994,2025-12-28,466,1749.0,1034434.9900000001,4,Active - Monitor,Monitor purchase recency
CUST01995,2025-12-28,312,1144.0,672312.12,4,Active - Monitor,Monitor purchase recency
CUST01996,2025-12-29,719,2539.0,1427116.05,3,Recently Active,Recent purchase activity
CUST01997,2025-12-31,422,1517.0,859235.43,1,Recently Active,Recent purchase activity
CUST01998,2025-12-31,687,2472.0,1328898.23,1,Recently Active,Recent purchase activity
CUST01999,2025-12-30,448,1689.0,948479.0900000001,2,Recently Active,Recent purchase activity
CUST02000,2025-12-31,761,2730.0,1600763.0099999998,1,Recently Active,Recent purchase activity
CUST02001,2025-12-31,685,2471.0,1466278.3899999997,1,Recently Active,Recent purchase activity
CUST02002,2025-12-29,464,1789.0,966278.05,3,Recently Active,Recent purchase activity
CUST02003,2025-12-22,324,1213.0,728187.1200000002,10,Inactivity Watch,Review customer engagement
CUST02004,2025-12-30,714,2570.0,1506436.82,2,Recently Active,Recent purchase activity
CUST02005,2025-12-31,1103,4082.0,2367237.5099999993,1,Recently Active,Recent purchase activity
CUST02006,2025-12-28,354,1374.0,792149.99,4,Active - Monitor,Monitor purchase recency
CUST02007,2025-12-31,741,2693.0,1608549.39,1,Recently Active,Recent purchase activity
CUST02008,2025-12-30,343,1225.0,719392.2899999999,2,Recently Active,Recent purchase activity
CUST02009,2025-12-30,1101,3889.0,2257295.6699999995,2,Recently Active,Recent purchase activity
CUST02010,2025-12-30,727,2602.0,1458105.67,2,Recently Active,Recent purchase activity
CUST02011,2025-12-31,1098,4086.0,2282015.1699999995,1,Recently Active,Recent purchase activity
CUST02012,2025-12-26,317,1178.0,680226.7999999999,6,Active - Monitor,Monitor purchase recency
CUST02013,2025-12-31,330,1185.0,766117.1900000001,1,Recently Active,Recent purchase activity
CUST02014,2025-12-31,450,1558.0,914538.6000000001,1,Recently Active,Recent purchase activity
CUST02015,2025-12-28,319,1142.0,661498.3400000001,4,Active - Monitor,Monitor purchase recency
CUST02016,2025-12-31,362,1305.0,749482.26,1,Recently Active,Recent purchase activity
CUST02017,2025-12-30,337,1210.0,731785.0599999998,2,Recently Active,Recent purchase activity
CUST02018,2025-12-30,334,1241.0,736841.8500000001,2,Recently Active,Recent purchase activity
CUST02019,2025-12-30,314,1165.0,700788.45,2,Recently Active,Recent purchase activity
CUST02020,2025-12-31,304,1104.0,616981.0399999999,1,Recently Active,Recent purchase activity
CUST02021,2025-12-26,425,1483.0,897361.2599999999,6,Active - Monitor,Monitor purchase recency
CUST02022,2025-12-24,291,1066.0,594055.9999999999,8,Inactivity Watch,Review customer engagement
CUST02023,2025-12-31,467,1545.0,950071.67,1,Recently Active,Recent purchase activity
CUST02024,2025-12-31,462,1653.0,902527.24,1,Recently Active,Recent purchase activity
CUST02025,2025-12-29,289,1034.0,561096.72,3,Recently Active,Recent purchase activity
CUST02026,2025-12-24,356,1354.0,765186.4700000002,8,Inactivity Watch,Review customer engagement
CUST02027,2025-12-30,1086,3865.0,2242922.999999999,2,Recently Active,Recent purchase activity
CUST02028,2025-12-31,313,1181.0,689735.13,1,Recently Active,Recent purchase activity
CUST02029,2025-12-31,1001,3647.0,2065534.6999999995,1,Recently Active,Recent purchase activity
CUST02030,2025-12-30,331,1224.0,754535.8,2,Recently Active,Recent purchase activity
CUST02031,2025-12-30,353,1208.0,733752.58,2,Recently Active,Recent purchase activity
CUST02032,2025-12-30,730,2675.0,1550621.7999999996,2,Recently Active,Recent purchase activity
CUST02033,2025-12-21,450,1670.0,978138.5500000002,11,Inactivity Watch,Review customer engagement
CUST02034,2025-12-29,701,2563.0,1503233.2699999996,3,Recently Active,Recent purchase activity
CUST02035,2025-12-30,496,1788.0,1072400.58,2,Recently Active,Recent purchase activity
CUST02036,2025-12-31,1049,3735.0,2195650.809999999,1,Recently Active,Recent purchase activity
CUST02037,2025-12-28,346,1204.0,587374.7000000001,4,Active - Monitor,Monitor purchase recency
CUST02038,2025-12-31,350,1375.0,730319.27,1,Recently Active,Recent purchase activity
CUST02039,2025-12-31,308,1078.0,717830.2799999999,1,Recently Active,Recent purchase activity
CUST02040,2025-12-29,447,1623.0,975780.8500000002,3,Recently Active,Recent purchase activity
CUST02041,2025-12-25,314,1090.0,641962.2300000001,7,Active - Monitor,Monitor purchase recency
CUST02042,2025-12-31,720,2499.0,1464156.6899999995,1,Recently Active,Recent purchase activity
CUST02043,2025-12-31,314,1092.0,641161.0399999999,1,Recently Active,Recent purchase activity
CUST02044,2025-12-26,321,1121.0,666231.6500000001,6,Active - Monitor,Monitor purchase recency
CUST02045,2025-12-30,306,1078.0,583893.64,2,Recently Active,Recent purchase activity
CUST02046,2025-12-31,1121,4122.0,2377170.2399999993,1,Recently Active,Recent purchase activity
CUST02047,2025-12-29,701,2561.0,1534423.6600000001,3,Recently Active,Recent purchase activity
CUST02048,2025-12-31,323,1241.0,755574.45,1,Recently Active,Recent purchase activity
CUST02049,2025-12-28,466,1665.0,960600.76,4,Active - Monitor,Monitor purchase recency
CUST02050,2025-12-31,476,1775.0,1100433.84,1,Recently Active,Recent purchase activity
CUST02051,2025-12-30,1071,3930.0,2291843.3899999997,2,Recently Active,Recent purchase activity
CUST02052,2025-12-27,348,1202.0,704952.8099999998,5,Active - Monitor,Monitor purchase recency
CUST02053,2025-12-30,342,1206.0,682423.6799999998,2,Recently Active,Recent purchase activity
CUST02054,2025-12-30,374,1386.0,770057.1,2,Recently Active,Recent purchase activity
CUST02055,2025-12-28,1026,3621.0,2153546.2600000002,4,Active - Monitor,Monitor purchase recency
CUST02056,2025-12-30,1068,3839.0,2195875.6399999997,2,Recently Active,Recent purchase activity
CUST02057,2025-12-22,316,1117.0,651490.7899999999,10,Inactivity Watch,Review customer engagement
CUST02058,2025-12-27,451,1577.0,928395.9900000002,5,Active - Monitor,Monitor purchase recency
CUST02059,2025-12-31,491,1856.0,1088144.57,1,Recently Active,Recent purchase activity
CUST02060,2025-12-29,316,1104.0,641842.9,3,Recently Active,Recent purchase activity
CUST02061,2025-12-30,337,1276.0,704783.14,2,Recently Active,Recent purchase activity
CUST02062,2025-12-23,324,1146.0,629993.5700000001,9,Inactivity Watch,Review customer engagement
CUST02063,2025-12-31,693,2668.0,1518587.3500000003,1,Recently Active,Recent purchase activity
CUST02064,2025-12-31,1016,3695.0,2123455.919999999,1,Recently Active,Recent purchase activity
CUST02065,2025-12-31,314,1133.0,660243.46,1,Recently Active,Recent purchase activity
CUST02066,2025-12-30,338,1223.0,730920.97,2,Recently Active,Recent purchase activity
CUST02067,2025-12-31,471,1721.0,981024.62,1,Recently Active,Recent purchase activity
CUST02068,2025-12-29,472,1651.0,886729.0300000001,3,Recently Active,Recent purchase activity
CUST02069,2025-12-30,320,1138.0,615937.79,2,Recently Active,Recent purchase activity
CUST02070,2025-12-28,334,1172.0,655133.8000000002,4,Active - Monitor,Monitor purchase recency
CUST02071,2025-12-29,340,1213.0,685758.9599999998,3,Recently Active,Recent purchase activity
CUST02072,2025-12-29,312,1127.0,645975.25,3,Recently Active,Recent purchase activity
CUST02073,2025-12-31,684,2499.0,1415274.3,1,Recently Active,Recent purchase activity
CUST02074,2025-12-28,457,1802.0,1029685.2600000001,4,Active - Monitor,Monitor purchase recency
CUST02075,2025-12-30,1008,3604.0,2137649.8099999996,2,Recently Active,Recent purchase activity
CUST02076,2025-12-26,696,2551.0,1495929.3199999998,6,Active - Monitor,Monitor purchase recency
CUST02077,2025-12-29,481,1763.0,982978.02,3,Recently Active,Recent purchase activity
CUST02078,2025-12-31,702,2422.0,1429206.7999999998,1,Recently Active,Recent purchase activity
CUST02079,2025-12-26,310,1159.0,596250.26,6,Active - Monitor,Monitor purchase recency
CUST02080,2025-12-26,449,1666.0,986997.0800000001,6,Active - Monitor,Monitor purchase recency
CUST02081,2025-12-30,1103,3979.0,2332166.6299999994,2,Recently Active,Recent purchase activity
CUST02082,2025-12-30,449,1568.0,950775.6,2,Recently Active,Recent purchase activity
CUST02083,2025-12-30,442,1597.0,937186.3900000001,2,Recently Active,Recent purchase activity
CUST02084,2025-12-31,445,1503.0,804033.2500000002,1,Recently Active,Recent purchase activity
CUST02085,2025-12-30,357,1263.0,739408.1000000001,2,Recently Active,Recent purchase activity
CUST02086,2025-12-31,298,1069.0,647664.12,1,Recently Active,Recent purchase activity
CUST02087,2025-12-29,327,1277.0,776036.4400000001,3,Recently Active,Recent purchase activity
CUST02088,2025-12-29,312,1093.0,608310.0800000001,3,Recently Active,Recent purchase activity
CUST02089,2025-12-31,733,2541.0,1402091.21,1,Recently Active,Recent purchase activity
CUST02090,2025-12-30,465,1599.0,992502.7600000002,2,Recently Active,Recent purchase activity
CUST02091,2025-12-31,673,2423.0,1415250.26,1,Recently Active,Recent purchase activity
CUST02092,2025-12-30,462,1678.0,922870.1499999999,2,Recently Active,Recent purchase activity
CUST02093,2025-12-31,725,2568.0,1350161.6499999997,1,Recently Active,Recent purchase activity
CUST02094,2025-12-29,297,1044.0,580924.71,3,Recently Active,Recent purchase activity
CUST02095,2025-12-30,323,1222.0,729083.0400000002,2,Recently Active,Recent purchase activity
CUST02096,2025-12-25,328,1177.0,641792.0700000001,7,Active - Monitor,Monitor purchase recency
CUST02097,2025-12-31,312,1159.0,676302.99,1,Recently Active,Recent purchase activity
CUST02098,2025-12-31,684,2514.0,1470517.9899999998,1,Recently Active,Recent purchase activity
CUST02099,2025-12-30,492,1660.0,883597.7799999998,2,Recently Active,Recent purchase activity
CUST02100,2025-12-30,1089,4018.0,2396510.369999999,2,Recently Active,Recent purchase activity
CUST02101,2025-12-26,334,1190.0,726390.45,6,Active - Monitor,Monitor purchase recency
CUST02102,2025-12-30,1048,3640.0,2153894.4899999998,2,Recently Active,Recent purchase activity
CUST02103,2025-12-31,701,2491.0,1513794.1199999996,1,Recently Active,Recent purchase activity
CUST02104,2025-12-31,653,2418.0,1384248.8000000003,1,Recently Active,Recent purchase activity
CUST02105,2025-12-30,463,1596.0,923990.5900000001,2,Recently Active,Recent purchase activity
CUST02106,2025-12-28,334,1245.0,729732.1399999999,4,Active - Monitor,Monitor purchase recency
CUST02107,2025-12-31,690,2549.0,1556449.72,1,Recently Active,Recent purchase activity
CUST02108,2025-12-31,1000,3645.0,2053912.5200000003,1,Recently Active,Recent purchase activity
CUST02109,2025-12-30,351,1227.0,701176.7200000002,2,Recently Active,Recent purchase activity
CUST02110,2025-12-31,460,1599.0,929560.8800000001,1,Recently Active,Recent purchase activity
CUST02111,2025-12-18,338,1207.0,674105.1600000001,14,Inactivity Watch,Review customer engagement
CUST02112,2025-12-29,455,1625.0,927125.47,3,Recently Active,Recent purchase activity
CUST02113,2025-12-31,447,1583.0,919137.6499999999,1,Recently Active,Recent purchase activity
CUST02114,2025-12-31,331,1239.0,745617.4299999999,1,Recently Active,Recent purchase activity
CUST02115,2025-12-28,312,1107.0,658975.7,4,Active - Monitor,Monitor purchase recency
CUST02116,2025-12-31,329,1084.0,547223.0000000001,1,Recently Active,Recent purchase activity
CUST02117,2025-12-28,320,1100.0,592611.6399999999,4,Active - Monitor,Monitor purchase recency
CUST02118,2025-12-25,330,1212.0,709491.2500000002,7,Active - Monitor,Monitor purchase recency
CUST02119,2025-12-26,340,1180.0,687598.4199999998,6,Active - Monitor,Monitor purchase recency
CUST02120,2025-12-31,475,1828.0,1032826.11,1,Recently Active,Recent purchase activity
CUST02121,2025-12-31,471,1883.0,1138835.68,1,Recently Active,Recent purchase activity
CUST02122,2025-12-29,296,1082.0,614790.06,3,Recently Active,Recent purchase activity
CUST02123,2025-12-30,340,1226.0,724857.11,2,Recently Active,Recent purchase activity
CUST02124,2025-12-30,338,1187.0,672597.75,2,Recently Active,Recent purchase activity
CUST02125,2025-12-29,350,1231.0,701514.96,3,Recently Active,Recent purchase activity
CUST02126,2025-12-26,326,1148.0,689610.3300000001,6,Active - Monitor,Monitor purchase recency
CUST02127,2025-12-30,339,1194.0,674834.36,2,Recently Active,Recent purchase activity
CUST02128,2025-12-28,356,1284.0,740508.95,4,Active - Monitor,Monitor purchase recency
CUST02129,2025-12-26,492,1817.0,1009427.1700000002,6,Active - Monitor,Monitor purchase recency
CUST02130,2025-12-30,346,1271.0,786624.8400000001,2,Recently Active,Recent purchase activity
CUST02131,2025-12-31,468,1709.0,996199.9199999999,1,Recently Active,Recent purchase activity
CUST02132,2025-12-31,706,2494.0,1431853.2599999998,1,Recently Active,Recent purchase activity
CUST02133,2025-12-29,333,1115.0,674943.34,3,Recently Active,Recent purchase activity
CUST02134,2025-12-31,337,1261.0,696311.97,1,Recently Active,Recent purchase activity
CUST02135,2025-12-31,483,1718.0,1001431.33,1,Recently Active,Recent purchase activity
CUST02136,2025-12-31,358,1273.0,715409.28,1,Recently Active,Recent purchase activity
CUST02137,2025-12-31,490,1810.0,1069312.3800000001,1,Recently Active,Recent purchase activity
CUST02138,2025-12-30,460,1747.0,1017211.3199999998,2,Recently Active,Recent purchase activity
CUST02139,2025-12-30,1127,3909.0,2143664.1599999983,2,Recently Active,Recent purchase activity
CUST02140,2025-12-31,1120,4108.0,2555328.979999999,1,Recently Active,Recent purchase activity
CUST02141,2025-12-28,288,1036.0,675406.5900000001,4,Active - Monitor,Monitor purchase recency
CUST02142,2025-12-31,729,2716.0,1579514.0999999999,1,Recently Active,Recent purchase activity
CUST02143,2025-12-28,347,1282.0,738944.7200000001,4,Active - Monitor,Monitor purchase recency
CUST02144,2025-12-31,466,1688.0,978147.1999999998,1,Recently Active,Recent purchase activity
CUST02145,2025-12-27,448,1659.0,960076.75,5,Active - Monitor,Monitor purchase recency
CUST02146,2025-12-31,290,1175.0,684987.13,1,Recently Active,Recent purchase activity
CUST02147,2025-12-31,313,1106.0,620256.4,1,Recently Active,Recent purchase activity
CUST02148,2025-12-31,677,2539.0,1438186.08,1,Recently Active,Recent purchase activity
CUST02149,2025-12-28,333,1152.0,682175.52,4,Active - Monitor,Monitor purchase recency
CUST02150,2025-12-31,491,1838.0,1100787.5600000003,1,Recently Active,Recent purchase activity
CUST02151,2025-12-31,1115,4012.0,2380779.26,1,Recently Active,Recent purchase activity
CUST02152,2025-12-28,316,1145.0,630553.7600000001,4,Active - Monitor,Monitor purchase recency
CUST02153,2025-12-31,303,1079.0,628495.04,1,Recently Active,Recent purchase activity
CUST02154,2025-12-31,353,1348.0,793389.48,1,Recently Active,Recent purchase activity
CUST02155,2025-12-31,352,1352.0,848324.2400000001,1,Recently Active,Recent purchase activity
CUST02156,2025-12-29,297,1109.0,664956.02,3,Recently Active,Recent purchase activity
CUST02157,2025-12-31,466,1715.0,1010960.7400000002,1,Recently Active,Recent purchase activity
CUST02158,2025-12-27,470,1765.0,1019135.23,5,Active - Monitor,Monitor purchase recency
CUST02159,2025-12-30,761,2697.0,1515722.5799999996,2,Recently Active,Recent purchase activity
CUST02160,2025-12-31,342,1202.0,669407.3,1,Recently Active,Recent purchase activity
CUST02161,2025-12-31,478,1687.0,1036343.9500000002,1,Recently Active,Recent purchase activity
CUST02162,2025-12-30,692,2516.0,1450406.8499999999,2,Recently Active,Recent purchase activity
CUST02163,2025-12-31,462,1651.0,1015441.3400000001,1,Recently Active,Recent purchase activity
CUST02164,2025-12-31,464,1626.0,947239.3500000001,1,Recently Active,Recent purchase activity
CUST02165,2025-12-31,497,1817.0,1024655.8500000002,1,Recently Active,Recent purchase activity
CUST02166,2025-12-31,700,2646.0,1476967.4700000002,1,Recently Active,Recent purchase activity
CUST02167,2025-12-29,344,1174.0,693597.2000000001,3,Recently Active,Recent purchase activity
CUST02168,2025-12-30,346,1302.0,762218.55,2,Recently Active,Recent purchase activity
CUST02169,2025-12-30,349,1194.0,705182.6699999999,2,Recently Active,Recent purchase activity
CUST02170,2025-12-28,468,1637.0,996510.27,4,Active - Monitor,Monitor purchase recency
CUST02171,2025-12-29,479,1710.0,1028415.23,3,Recently Active,Recent purchase activity
CUST02172,2025-12-30,443,1639.0,972074.97,2,Recently Active,Recent purchase activity
CUST02173,2025-12-29,339,1245.0,711502.7,3,Recently Active,Recent purchase activity
CUST02174,2025-12-31,1037,3835.0,2128461.6199999996,1,Recently Active,Recent purchase activity
CUST02175,2025-12-25,278,1066.0,601065.68,7,Active - Monitor,Monitor purchase recency
CUST02176,2025-12-29,341,1226.0,663176.44,3,Recently Active,Recent purchase activity
CUST02177,2025-12-28,441,1669.0,951494.8600000001,4,Active - Monitor,Monitor purchase recency
CUST02178,2025-12-29,312,1113.0,640863.72,3,Recently Active,Recent purchase activity
CUST02179,2025-12-31,1025,3726.0,2164657.0599999996,1,Recently Active,Recent purchase activity
CUST02180,2025-12-31,443,1611.0,885874.8400000001,1,Recently Active,Recent purchase activity
CUST02181,2025-12-28,331,1212.0,689125.81,4,Active - Monitor,Monitor purchase recency
CUST02182,2025-12-27,308,1079.0,645248.1499999999,5,Active - Monitor,Monitor purchase recency
CUST02183,2025-12-27,325,1211.0,697683.8300000001,5,Active - Monitor,Monitor purchase recency
CUST02184,2025-12-30,447,1720.0,1000822.3,2,Recently Active,Recent purchase activity
CUST02185,2025-12-28,485,1754.0,969190.01,4,Active - Monitor,Monitor purchase recency
CUST02186,2025-12-31,329,1150.0,650591.99,1,Recently Active,Recent purchase activity
CUST02187,2025-12-31,482,1724.0,1063749.16,1,Recently Active,Recent purchase activity
CUST02188,2025-12-30,333,1163.0,680411.34,2,Recently Active,Recent purchase activity
CUST02189,2025-12-28,318,1161.0,653017.51,4,Active - Monitor,Monitor purchase recency
CUST02190,2025-12-29,307,1094.0,621275.91,3,Recently Active,Recent purchase activity
CUST02191,2025-12-26,353,1304.0,699354.5,6,Active - Monitor,Monitor purchase recency
CUST02192,2025-12-31,1076,3810.0,2172648.58,1,Recently Active,Recent purchase activity
CUST02193,2025-12-29,504,1822.0,1093272.0700000003,3,Recently Active,Recent purchase activity
CUST02194,2025-12-31,1081,3923.0,2381810.26,1,Recently Active,Recent purchase activity
CUST02195,2025-12-31,475,1703.0,962688.27,1,Recently Active,Recent purchase activity
CUST02196,2025-12-30,301,1122.0,649941.8800000001,2,Recently Active,Recent purchase activity
CUST02197,2025-12-28,327,1214.0,694226.8800000001,4,Active - Monitor,Monitor purchase recency
CUST02198,2025-12-28,475,1679.0,1029687.5599999997,4,Active - Monitor,Monitor purchase recency
CUST02199,2025-12-29,328,1251.0,675609.9800000001,3,Recently Active,Recent purchase activity
CUST02200,2025-12-28,447,1681.0,980039.56,4,Active - Monitor,Monitor purchase recency
CUST02201,2025-12-31,682,2405.0,1435101.3399999999,1,Recently Active,Recent purchase activity
CUST02202,2025-12-31,329,1205.0,708786.8999999999,1,Recently Active,Recent purchase activity
CUST02203,2025-12-31,692,2535.0,1521297.5999999999,1,Recently Active,Recent purchase activity
CUST02204,2025-12-30,1056,3796.0,2362817.5500000003,2,Recently Active,Recent purchase activity
CUST02205,2025-12-29,346,1237.0,710790.0800000001,3,Recently Active,Recent purchase activity
CUST02206,2025-12-27,507,1827.0,1055761.1,5,Active - Monitor,Monitor purchase recency
CUST02207,2025-12-30,299,1097.0,631938.06,2,Recently Active,Recent purchase activity
CUST02208,2025-12-29,315,1163.0,676150.2300000001,3,Recently Active,Recent purchase activity
CUST02209,2025-12-27,342,1246.0,761972.58,5,Active - Monitor,Monitor purchase recency
CUST02210,2025-12-31,328,1258.0,790577.1299999999,1,Recently Active,Recent purchase activity
CUST02211,2025-12-30,700,2369.0,1405613.5199999998,2,Recently Active,Recent purchase activity
CUST02212,2025-12-31,684,2542.0,1538750.1,1,Recently Active,Recent purchase activity
CUST02213,2025-12-28,339,1261.0,658392.67,4,Active - Monitor,Monitor purchase recency
CUST02214,2025-12-25,307,1129.0,599818.04,7,Active - Monitor,Monitor purchase recency
CUST02215,2025-12-31,741,2691.0,1540805.3699999996,1,Recently Active,Recent purchase activity
CUST02216,2025-12-31,720,2639.0,1521843.0399999996,1,Recently Active,Recent purchase activity
CUST02217,2025-12-31,339,1321.0,776806.0999999999,1,Recently Active,Recent purchase activity
CUST02218,2025-12-30,704,2614.0,1380774.85,2,Recently Active,Recent purchase activity
CUST02219,2025-12-31,709,2472.0,1331621.3200000003,1,Recently Active,Recent purchase activity
CUST02220,2025-12-31,334,1207.0,675408.2600000001,1,Recently Active,Recent purchase activity
CUST02221,2025-12-30,452,1607.0,929008.03,2,Recently Active,Recent purchase activity
CUST02222,2025-12-28,319,1154.0,644976.2000000002,4,Active - Monitor,Monitor purchase recency
CUST02223,2025-12-30,326,1144.0,688177.62,2,Recently Active,Recent purchase activity
CUST02224,2025-12-31,306,1088.0,678808.96,1,Recently Active,Recent purchase activity
CUST02225,2025-12-30,333,1151.0,732537.3200000001,2,Recently Active,Recent purchase activity
CUST02226,2025-12-29,715,2643.0,1490163.96,3,Recently Active,Recent purchase activity
CUST02227,2025-12-30,492,1702.0,984968.5800000001,2,Recently Active,Recent purchase activity
CUST02228,2025-12-31,694,2519.0,1450345.9000000004,1,Recently Active,Recent purchase activity
CUST02229,2025-12-29,451,1597.0,913548.1200000001,3,Recently Active,Recent purchase activity
CUST02230,2025-12-30,508,1893.0,1048121.4100000001,2,Recently Active,Recent purchase activity
CUST02231,2025-12-30,468,1714.0,1005911.5700000001,2,Recently Active,Recent purchase activity
CUST02232,2025-12-30,307,1123.0,701151.7100000001,2,Recently Active,Recent purchase activity
CUST02233,2025-12-28,330,1198.0,665990.9900000001,4,Active - Monitor,Monitor purchase recency
CUST02234,2025-12-23,318,1179.0,652440.62,9,Inactivity Watch,Review customer engagement
CUST02235,2025-12-28,470,1673.0,1038895.0200000001,4,Active - Monitor,Monitor purchase recency
CUST02236,2025-12-31,713,2594.0,1506996.9599999997,1,Recently Active,Recent purchase activity
CUST02237,2025-12-29,340,1193.0,736940.62,3,Recently Active,Recent purchase activity
CUST02238,2025-12-28,327,1262.0,683847.16,4,Active - Monitor,Monitor purchase recency
CUST02239,2025-12-31,696,2460.0,1406637.8299999998,1,Recently Active,Recent purchase activity
CUST02240,2025-12-28,321,1196.0,727366.66,4,Active - Monitor,Monitor purchase recency
CUST02241,2025-12-31,322,1148.0,576148.9400000002,1,Recently Active,Recent purchase activity
CUST02242,2025-12-28,318,1151.0,636187.9199999999,4,Active - Monitor,Monitor purchase recency
CUST02243,2025-12-20,288,1055.0,653031.05,12,Inactivity Watch,Review customer engagement
CUST02244,2025-12-28,310,1165.0,674325.0299999999,4,Active - Monitor,Monitor purchase recency
CUST02245,2025-12-28,476,1655.0,976737.1699999998,4,Active - Monitor,Monitor purchase recency
CUST02246,2025-12-21,299,1095.0,693098.74,11,Inactivity Watch,Review customer engagement
CUST02247,2025-12-31,680,2492.0,1411510.7799999998,1,Recently Active,Recent purchase activity
CUST02248,2025-12-30,454,1647.0,990878.53,2,Recently Active,Recent purchase activity
CUST02249,2025-12-30,313,1125.0,653009.9800000001,2,Recently Active,Recent purchase activity
CUST02250,2025-12-29,1026,3739.0,2285410.33,3,Recently Active,Recent purchase activity
CUST02251,2025-12-31,1050,3734.0,2082791.2899999996,1,Recently Active,Recent purchase activity
CUST02252,2025-12-30,1076,3755.0,2212043.0399999996,2,Recently Active,Recent purchase activity
CUST02253,2025-12-25,330,1211.0,699464.49,7,Active - Monitor,Monitor purchase recency
CUST02254,2025-12-28,465,1740.0,932372.5900000001,4,Active - Monitor,Monitor purchase recency
CUST02255,2025-12-27,447,1600.0,914110.3799999999,5,Active - Monitor,Monitor purchase recency
CUST02256,2025-12-27,322,1150.0,685425.6799999999,5,Active - Monitor,Monitor purchase recency
CUST02257,2025-12-31,507,1832.0,1027284.4199999998,1,Recently Active,Recent purchase activity
CUST02258,2025-12-26,507,1877.0,1052899.92,6,Active - Monitor,Monitor purchase recency
CUST02259,2025-12-31,332,1208.0,742881.4900000001,1,Recently Active,Recent purchase activity
CUST02260,2025-12-30,512,1852.0,1070364.5799999998,2,Recently Active,Recent purchase activity
CUST02261,2025-12-31,1137,4288.0,2431637.7399999998,1,Recently Active,Recent purchase activity
CUST02262,2025-12-27,436,1534.0,891896.9400000001,5,Active - Monitor,Monitor purchase recency
CUST02263,2025-12-31,1061,3723.0,2270455.1999999993,1,Recently Active,Recent purchase activity
CUST02264,2025-12-26,330,1172.0,675224.79,6,Active - Monitor,Monitor purchase recency
CUST02265,2025-12-28,436,1577.0,940592.5599999999,4,Active - Monitor,Monitor purchase recency
CUST02266,2025-12-31,464,1718.0,1040032.03,1,Recently Active,Recent purchase activity
CUST02267,2025-12-31,341,1253.0,722040.17,1,Recently Active,Recent purchase activity
CUST02268,2025-12-27,292,1039.0,643687.4600000002,5,Active - Monitor,Monitor purchase recency
CUST02269,2025-12-18,314,1096.0,674002.1700000002,14,Inactivity Watch,Review customer engagement
CUST02270,2025-12-31,453,1497.0,890303.8500000001,1,Recently Active,Recent purchase activity
CUST02271,2025-12-28,325,1165.0,701316.1100000001,4,Active - Monitor,Monitor purchase recency
CUST02272,2025-12-27,337,1234.0,698681.5799999998,5,Active - Monitor,Monitor purchase recency
CUST02273,2025-12-30,698,2579.0,1602896.5799999996,2,Recently Active,Recent purchase activity
CUST02274,2025-12-31,724,2551.0,1530397.1400000001,1,Recently Active,Recent purchase activity
CUST02275,2025-12-31,668,2372.0,1340192.5199999998,1,Recently Active,Recent purchase activity
CUST02276,2025-12-30,470,1832.0,1084952.97,2,Recently Active,Recent purchase activity
CUST02277,2025-12-31,493,1739.0,1043451.2300000002,1,Recently Active,Recent purchase activity
CUST02278,2025-12-28,516,1887.0,1131548.32,4,Active - Monitor,Monitor purchase recency
CUST02279,2025-12-30,732,2587.0,1523230.5000000002,2,Recently Active,Recent purchase activity
CUST02280,2025-12-31,454,1617.0,969497.73,1,Recently Active,Recent purchase activity
CUST02281,2025-12-27,326,1112.0,628300.3,5,Active - Monitor,Monitor purchase recency
CUST02282,2025-12-29,330,1202.0,692328.2100000001,3,Recently Active,Recent purchase activity
CUST02283,2025-12-29,452,1536.0,917648.5500000003,3,Recently Active,Recent purchase activity
CUST02284,2025-12-27,442,1636.0,961570.2499999999,5,Active - Monitor,Monitor purchase recency
CUST02285,2025-12-30,1055,3831.0,2223435.9699999993,2,Recently Active,Recent purchase activity
CUST02286,2025-12-31,315,1063.0,591278.72,1,Recently Active,Recent purchase activity
CUST02287,2025-12-29,729,2570.0,1532181.49,3,Recently Active,Recent purchase activity
CUST02288,2025-12-31,754,2866.0,1630640.4199999995,1,Recently Active,Recent purchase activity
CUST02289,2025-12-31,721,2580.0,1556158.88,1,Recently Active,Recent purchase activity
CUST02290,2025-12-27,471,1641.0,987597.0299999999,5,Active - Monitor,Monitor purchase recency
CUST02291,2025-12-31,717,2666.0,1542633.1099999996,1,Recently Active,Recent purchase activity
CUST02292,2025-12-30,696,2599.0,1500392.5299999998,2,Recently Active,Recent purchase activity
CUST02293,2025-12-31,686,2431.0,1417200.9000000001,1,Recently Active,Recent purchase activity
CUST02294,2025-12-28,443,1509.0,847996.7300000003,4,Active - Monitor,Monitor purchase recency
CUST02295,2025-12-27,353,1238.0,716952.2700000001,5,Active - Monitor,Monitor purchase recency
CUST02296,2025-12-31,437,1638.0,929533.2199999997,1,Recently Active,Recent purchase activity
CUST02297,2025-12-30,483,1735.0,1020513.74,2,Recently Active,Recent purchase activity
CUST02298,2025-12-31,1056,3745.0,2188664.3899999997,1,Recently Active,Recent purchase activity
CUST02299,2025-12-31,458,1706.0,1023455.6499999999,1,Recently Active,Recent purchase activity
CUST02300,2025-12-29,699,2511.0,1501555.51,3,Recently Active,Recent purchase activity
CUST02301,2025-12-30,491,1803.0,1029630.64,2,Recently Active,Recent purchase activity
CUST02302,2025-12-27,497,1852.0,1135655.24,5,Active - Monitor,Monitor purchase recency
CUST02303,2025-12-31,1057,3801.0,2181385.5099999993,1,Recently Active,Recent purchase activity
CUST02304,2025-12-28,328,1204.0,674780.72,4,Active - Monitor,Monitor purchase recency
CUST02305,2025-12-30,701,2505.0,1515666.6300000001,2,Recently Active,Recent purchase activity
CUST02306,2025-12-28,675,2488.0,1431967.65,4,Active - Monitor,Monitor purchase recency
CUST02307,2025-12-31,1031,3801.0,2200724.3799999994,1,Recently Active,Recent purchase activity
CUST02308,2025-12-29,310,1062.0,590884.1500000001,3,Recently Active,Recent purchase activity
CUST02309,2025-12-27,701,2489.0,1468139.6199999994,5,Active - Monitor,Monitor purchase recency
CUST02310,2025-12-29,314,1121.0,664920.3099999999,3,Recently Active,Recent purchase activity
CUST02311,2025-12-26,332,1224.0,696243.86,6,Active - Monitor,Monitor purchase recency
CUST02312,2025-12-30,319,1206.0,670789.17,2,Recently Active,Recent purchase activity
CUST02313,2025-12-30,317,1184.0,672855.46,2,Recently Active,Recent purchase activity
CUST02314,2025-12-31,343,1255.0,707141.77,1,Recently Active,Recent purchase activity
CUST02315,2025-12-31,1043,3928.0,2259124.1199999996,1,Recently Active,Recent purchase activity
CUST02316,2025-12-31,476,1687.0,1023619.0700000001,1,Recently Active,Recent purchase activity
CUST02317,2025-12-29,466,1717.0,944368.5200000001,3,Recently Active,Recent purchase activity
CUST02318,2025-12-31,717,2547.0,1528378.3100000003,1,Recently Active,Recent purchase activity
CUST02319,2025-12-31,730,2601.0,1527820.8799999997,1,Recently Active,Recent purchase activity
CUST02320,2025-12-29,1057,3792.0,2042726.71,3,Recently Active,Recent purchase activity
CUST02321,2025-12-31,728,2650.0,1588228.1999999995,1,Recently Active,Recent purchase activity
CUST02322,2025-12-30,684,2384.0,1336159.08,2,Recently Active,Recent purchase activity
CUST02323,2025-12-31,337,1226.0,678266.97,1,Recently Active,Recent purchase activity
CUST02324,2025-12-31,485,1846.0,1177467.83,1,Recently Active,Recent purchase activity
CUST02325,2025-12-27,324,1213.0,706553.25,5,Active - Monitor,Monitor purchase recency
CUST02326,2025-12-31,297,1180.0,683144.7399999999,1,Recently Active,Recent purchase activity
CUST02327,2025-12-27,352,1181.0,693939.08,5,Active - Monitor,Monitor purchase recency
CUST02328,2025-12-31,473,1796.0,1052110.15,1,Recently Active,Recent purchase activity
CUST02329,2025-12-31,1161,4112.0,2416212.3099999996,1,Recently Active,Recent purchase activity
CUST02330,2025-12-28,512,1874.0,1106129.3699999999,4,Active - Monitor,Monitor purchase recency
CUST02331,2025-12-29,681,2454.0,1452759.2799999998,3,Recently Active,Recent purchase activity
CUST02332,2025-12-29,366,1330.0,708852.37,3,Recently Active,Recent purchase activity
CUST02333,2025-12-31,336,1238.0,737489.24,1,Recently Active,Recent purchase activity
CUST02334,2025-12-30,706,2594.0,1538705.7999999996,2,Recently Active,Recent purchase activity
CUST02335,2025-12-31,327,1210.0,727211.2,1,Recently Active,Recent purchase activity
CUST02336,2025-12-25,488,1784.0,1013237.32,7,Active - Monitor,Monitor purchase recency
CUST02337,2025-12-24,314,1048.0,553326.5599999999,8,Inactivity Watch,Review customer engagement
CUST02338,2025-12-20,314,1106.0,651807.1000000001,12,Inactivity Watch,Review customer engagement
CUST02339,2025-12-28,496,1889.0,1100882.6400000001,4,Active - Monitor,Monitor purchase recency
CUST02340,2025-12-26,442,1678.0,1012848.4900000001,6,Active - Monitor,Monitor purchase recency
CUST02341,2025-12-30,328,1106.0,613087.6000000001,2,Recently Active,Recent purchase activity
CUST02342,2025-12-31,699,2333.0,1304155.6000000003,1,Recently Active,Recent purchase activity
CUST02343,2025-12-28,322,1163.0,660106.1100000001,4,Active - Monitor,Monitor purchase recency
CUST02344,2025-12-25,505,1852.0,1026529.5299999998,7,Active - Monitor,Monitor purchase recency
CUST02345,2025-12-26,468,1698.0,1002948.9100000001,6,Active - Monitor,Monitor purchase recency
CUST02346,2025-12-31,477,1687.0,952030.8200000001,1,Recently Active,Recent purchase activity
CUST02347,2025-12-31,472,1751.0,962272.8599999999,1,Recently Active,Recent purchase activity
CUST02348,2025-12-30,328,1157.0,659143.54,2,Recently Active,Recent purchase activity
CUST02349,2025-12-27,477,1717.0,955277.93,5,Active - Monitor,Monitor purchase recency
CUST02350,2025-12-31,296,1154.0,692308.49,1,Recently Active,Recent purchase activity
CUST02351,2025-12-29,300,1054.0,603256.6900000002,3,Recently Active,Recent purchase activity
CUST02352,2025-12-24,313,1167.0,717874.21,8,Inactivity Watch,Review customer engagement
CUST02353,2025-12-22,473,1708.0,990960.73,10,Inactivity Watch,Review customer engagement
CUST02354,2025-12-31,751,2579.0,1509800.2499999998,1,Recently Active,Recent purchase activity
CUST02355,2025-12-29,331,1245.0,711738.87,3,Recently Active,Recent purchase activity
CUST02356,2025-12-27,661,2312.0,1309986.3199999998,5,Active - Monitor,Monitor purchase recency
CUST02357,2025-12-31,453,1534.0,893293.9900000001,1,Recently Active,Recent purchase activity
CUST02358,2025-12-31,311,1175.0,735066.22,1,Recently Active,Recent purchase activity
CUST02359,2025-12-31,464,1662.0,894111.7999999999,1,Recently Active,Recent purchase activity
CUST02360,2025-12-31,712,2598.0,1489639.5199999998,1,Recently Active,Recent purchase activity
CUST02361,2025-12-31,1050,3653.0,2142164.5899999985,1,Recently Active,Recent purchase activity
CUST02362,2025-12-30,474,1671.0,951349.8100000002,2,Recently Active,Recent purchase activity
CUST02363,2025-12-30,441,1608.0,992604.0400000002,2,Recently Active,Recent purchase activity
CUST02364,2025-12-31,335,1265.0,709498.5,1,Recently Active,Recent purchase activity
CUST02365,2025-12-27,327,1161.0,683749.4600000001,5,Active - Monitor,Monitor purchase recency
CUST02366,2025-12-27,484,1833.0,1079658.5399999998,5,Active - Monitor,Monitor purchase recency
CUST02367,2025-12-24,325,1152.0,649451.8200000001,8,Inactivity Watch,Review customer engagement
CUST02368,2025-12-30,464,1739.0,949778.0700000001,2,Recently Active,Recent purchase activity
CUST02369,2025-12-31,344,1189.0,691603.6100000001,1,Recently Active,Recent purchase activity
CUST02370,2025-12-31,458,1602.0,967921.2100000002,1,Recently Active,Recent purchase activity
CUST02371,2025-12-31,459,1652.0,944279.5000000001,1,Recently Active,Recent purchase activity
CUST02372,2025-12-26,708,2640.0,1547705.55,6,Active - Monitor,Monitor purchase recency
CUST02373,2025-12-28,333,1274.0,752801.7899999998,4,Active - Monitor,Monitor purchase recency
CUST02374,2025-12-30,1059,3742.0,2133147.249999999,2,Recently Active,Recent purchase activity
CUST02375,2025-12-31,470,1699.0,990646.12,1,Recently Active,Recent purchase activity
CUST02376,2025-12-29,456,1567.0,943128.7200000003,3,Recently Active,Recent purchase activity
CUST02377,2025-12-29,472,1813.0,997485.63,3,Recently Active,Recent purchase activity
CUST02378,2025-12-29,341,1271.0,686276.9000000001,3,Recently Active,Recent purchase activity
CUST02379,2025-12-28,342,1240.0,739138.98,4,Active - Monitor,Monitor purchase recency
CUST02380,2025-12-30,466,1675.0,1014593.1200000001,2,Recently Active,Recent purchase activity
CUST02381,2025-12-31,1038,3805.0,2191092.87,1,Recently Active,Recent purchase activity
CUST02382,2025-12-30,710,2521.0,1456321.8399999996,2,Recently Active,Recent purchase activity
CUST02383,2025-12-30,323,1138.0,729617.54,2,Recently Active,Recent purchase activity
CUST02384,2025-12-29,333,1172.0,718752.0399999999,3,Recently Active,Recent purchase activity
CUST02385,2025-12-30,478,1661.0,1035485.4600000002,2,Recently Active,Recent purchase activity
CUST02386,2025-12-29,429,1524.0,905866.94,3,Recently Active,Recent purchase activity
CUST02387,2025-12-27,303,1134.0,657909.62,5,Active - Monitor,Monitor purchase recency
CUST02388,2025-12-29,454,1630.0,967478.0799999998,3,Recently Active,Recent purchase activity
CUST02389,2025-12-31,462,1752.0,970234.6299999999,1,Recently Active,Recent purchase activity
CUST02390,2025-12-23,666,2508.0,1540782.0100000002,9,Inactivity Watch,Review customer engagement
CUST02391,2025-12-30,321,1168.0,695179.11,2,Recently Active,Recent purchase activity
CUST02392,2025-12-31,1079,4035.0,2375816.82,1,Recently Active,Recent purchase activity
CUST02393,2025-12-30,747,2729.0,1567262.32,2,Recently Active,Recent purchase activity
CUST02394,2025-12-30,449,1588.0,874763.24,2,Recently Active,Recent purchase activity
CUST02395,2025-12-30,689,2583.0,1478061.3,2,Recently Active,Recent purchase activity
CUST02396,2025-12-31,477,1773.0,959196.9300000002,1,Recently Active,Recent purchase activity
CUST02397,2025-12-31,483,1823.0,1091609.4000000001,1,Recently Active,Recent purchase activity
CUST02398,2025-12-31,486,1762.0,958737.2899999998,1,Recently Active,Recent purchase activity
CUST02399,2025-12-31,451,1646.0,1025718.3200000001,1,Recently Active,Recent purchase activity
CUST02400,2025-12-31,343,1270.0,763680.6300000001,1,Recently Active,Recent purchase activity
CUST02401,2025-12-25,328,1169.0,664329.3500000001,7,Active - Monitor,Monitor purchase recency
CUST02402,2025-12-31,710,2601.0,1426056.48,1,Recently Active,Recent purchase activity
CUST02403,2025-12-31,332,1241.0,664011.32,1,Recently Active,Recent purchase activity
CUST02404,2025-12-27,425,1489.0,900548.8999999999,5,Active - Monitor,Monitor purchase recency
CUST02405,2025-12-31,712,2467.0,1376745.69,1,Recently Active,Recent purchase activity
CUST02406,2025-12-27,459,1589.0,944438.3300000002,5,Active - Monitor,Monitor purchase recency
CUST02407,2025-12-31,688,2522.0,1472771.91,1,Recently Active,Recent purchase activity
CUST02408,2025-12-30,703,2433.0,1388106.5700000003,2,Recently Active,Recent purchase activity
CUST02409,2025-12-28,339,1245.0,748701.78,4,Active - Monitor,Monitor purchase recency
CUST02410,2025-12-30,338,1220.0,657674.2699999999,2,Recently Active,Recent purchase activity
CUST02411,2025-12-30,518,1801.0,1116339.19,2,Recently Active,Recent purchase activity
CUST02412,2025-12-30,1106,3911.0,2273658.3499999996,2,Recently Active,Recent purchase activity
CUST02413,2025-12-31,474,1696.0,965172.9199999999,1,Recently Active,Recent purchase activity
CUST02414,2025-12-31,313,1123.0,643017.0299999999,1,Recently Active,Recent purchase activity
CUST02415,2025-12-31,481,1713.0,1071185.8199999998,1,Recently Active,Recent purchase activity
CUST02416,2025-12-22,483,1710.0,1020374.53,10,Inactivity Watch,Review customer engagement
CUST02417,2025-12-30,320,1172.0,697217.51,2,Recently Active,Recent purchase activity
CUST02418,2025-12-29,338,1172.0,602764.52,3,Recently Active,Recent purchase activity
CUST02419,2025-12-31,695,2526.0,1506155.45,1,Recently Active,Recent purchase activity
CUST02420,2025-12-29,482,1760.0,1023985.56,3,Recently Active,Recent purchase activity
CUST02421,2025-12-26,687,2444.0,1446591.2100000002,6,Active - Monitor,Monitor purchase recency
CUST02422,2025-12-21,321,1166.0,634230.8200000001,11,Inactivity Watch,Review customer engagement
CUST02423,2025-12-31,327,1122.0,631426.53,1,Recently Active,Recent purchase activity
CUST02424,2025-12-31,322,1158.0,726777.7899999999,1,Recently Active,Recent purchase activity
CUST02425,2025-12-31,461,1703.0,954548.53,1,Recently Active,Recent purchase activity
CUST02426,2025-12-31,994,3651.0,2122859.48,1,Recently Active,Recent purchase activity
CUST02427,2025-12-30,759,2620.0,1492202.0199999998,2,Recently Active,Recent purchase activity
CUST02428,2025-12-31,344,1326.0,712441.7200000001,1,Recently Active,Recent purchase activity
CUST02429,2025-12-30,325,1238.0,696975.8600000001,2,Recently Active,Recent purchase activity
CUST02430,2025-12-27,436,1618.0,925613.6199999999,5,Active - Monitor,Monitor purchase recency
CUST02431,2025-12-25,341,1268.0,746624.1000000001,7,Active - Monitor,Monitor purchase recency
CUST02432,2025-12-30,432,1466.0,904992.25,2,Recently Active,Recent purchase activity
CUST02433,2025-12-31,331,1178.0,698209.9400000001,1,Recently Active,Recent purchase activity
CUST02434,2025-12-30,737,2712.0,1572552.38,2,Recently Active,Recent purchase activity
CUST02435,2025-12-31,475,1787.0,1087973.89,1,Recently Active,Recent purchase activity
CUST02436,2025-12-29,338,1261.0,726878.7400000001,3,Recently Active,Recent purchase activity
CUST02437,2025-12-31,671,2477.0,1528302.3099999998,1,Recently Active,Recent purchase activity
CUST02438,2025-12-31,747,2637.0,1518020.25,1,Recently Active,Recent purchase activity
CUST02439,2025-12-31,685,2526.0,1465108.9699999997,1,Recently Active,Recent purchase activity
CUST02440,2025-12-31,308,1079.0,617900.4900000001,1,Recently Active,Recent purchase activity
CUST02441,2025-12-26,477,1691.0,1005370.8,6,Active - Monitor,Monitor purchase recency
CUST02442,2025-12-29,297,1124.0,588112.17,3,Recently Active,Recent purchase activity
CUST02443,2025-12-31,1079,3946.0,2186437.02,1,Recently Active,Recent purchase activity
CUST02444,2025-12-31,459,1709.0,1076497.08,1,Recently Active,Recent purchase activity
CUST02445,2025-12-31,670,2466.0,1474787.2599999995,1,Recently Active,Recent purchase activity
CUST02446,2025-12-30,369,1298.0,727599.4400000002,2,Recently Active,Recent purchase activity
CUST02447,2025-12-30,358,1361.0,679762.08,2,Recently Active,Recent purchase activity
CUST02448,2025-12-30,459,1584.0,925814.0899999999,2,Recently Active,Recent purchase activity
CUST02449,2025-12-31,468,1625.0,924342.37,1,Recently Active,Recent purchase activity
CUST02450,2025-12-30,314,1178.0,713463.9000000001,2,Recently Active,Recent purchase activity
CUST02451,2025-12-24,331,1226.0,773476.4500000002,8,Inactivity Watch,Review customer engagement
CUST02452,2025-12-31,423,1495.0,831529.86,1,Recently Active,Recent purchase activity
CUST02453,2025-12-12,339,1264.0,772551.9,20,Extended Inactivity,Review individually; inactivity is not proof of churn
CUST02454,2025-12-30,334,1206.0,686490.3900000001,2,Recently Active,Recent purchase activity
CUST02455,2025-12-30,709,2528.0,1471996.7900000005,2,Recently Active,Recent purchase activity
CUST02456,2025-12-31,728,2705.0,1558932.5699999998,1,Recently Active,Recent purchase activity
CUST02457,2025-12-31,711,2617.0,1492653.2999999998,1,Recently Active,Recent purchase activity
CUST02458,2025-12-31,340,1206.0,741410.8799999999,1,Recently Active,Recent purchase activity
CUST02459,2025-12-31,332,1209.0,688017.5600000002,1,Recently Active,Recent purchase activity
CUST02460,2025-12-28,306,1088.0,557396.3999999999,4,Active - Monitor,Monitor purchase recency
CUST02461,2025-12-31,309,1190.0,684638.71,1,Recently Active,Recent purchase activity
CUST02462,2025-12-27,340,1170.0,707464.6100000001,5,Active - Monitor,Monitor purchase recency
CUST02463,2025-12-29,312,1171.0,706349.21,3,Recently Active,Recent purchase activity
CUST02464,2025-12-28,458,1628.0,892413.37,4,Active - Monitor,Monitor purchase recency
CUST02465,2025-12-27,443,1611.0,857068.99,5,Active - Monitor,Monitor purchase recency
CUST02466,2025-12-31,324,1185.0,641517.02,1,Recently Active,Recent purchase activity
CUST02467,2025-12-30,336,1264.0,707269.8,2,Recently Active,Recent purchase activity
CUST02468,2025-12-30,361,1280.0,706740.61,2,Recently Active,Recent purchase activity
CUST02469,2025-12-28,303,1083.0,637950.85,4,Active - Monitor,Monitor purchase recency
CUST02470,2025-12-31,1087,4099.0,2357380.2899999996,1,Recently Active,Recent purchase activity
CUST02471,2025-12-31,1051,3834.0,2194792.76,1,Recently Active,Recent purchase activity
CUST02472,2025-12-31,339,1252.0,741940.14,1,Recently Active,Recent purchase activity
CUST02473,2025-12-26,326,1133.0,653563.3600000001,6,Active - Monitor,Monitor purchase recency
CUST02474,2025-12-29,324,1163.0,731893.1700000002,3,Recently Active,Recent purchase activity
CUST02475,2025-12-31,686,2475.0,1396469.2000000002,1,Recently Active,Recent purchase activity
CUST02476,2025-12-30,434,1536.0,975537.44,2,Recently Active,Recent purchase activity
CUST02477,2025-12-30,1102,4168.0,2315963.0499999993,2,Recently Active,Recent purchase activity
CUST02478,2025-12-28,508,1911.0,1067000.32,4,Active - Monitor,Monitor purchase recency
CUST02479,2025-12-22,306,1020.0,688231.21,10,Inactivity Watch,Review customer engagement
CUST02480,2025-12-31,688,2368.0,1376936.75,1,Recently Active,Recent purchase activity
CUST02481,2025-12-31,779,2816.0,1553111.22,1,Recently Active,Recent purchase activity
CUST02482,2025-12-28,322,1117.0,611436.98,4,Active - Monitor,Monitor purchase recency
CUST02483,2025-12-30,309,1097.0,614308.97,2,Recently Active,Recent purchase activity
CUST02484,2025-12-31,1094,3996.0,2362469.8,1,Recently Active,Recent purchase activity
CUST02485,2025-12-31,1073,3884.0,2277914.999999999,1,Recently Active,Recent purchase activity
CUST02486,2025-12-31,766,2737.0,1552983.4899999998,1,Recently Active,Recent purchase activity
CUST02487,2025-12-31,353,1304.0,765561.0299999999,1,Recently Active,Recent purchase activity
CUST02488,2025-12-26,341,1235.0,633735.5500000002,6,Active - Monitor,Monitor purchase recency
CUST02489,2025-12-28,438,1620.0,940761.6500000001,4,Active - Monitor,Monitor purchase recency
CUST02490,2025-12-28,323,1263.0,795453.7899999998,4,Active - Monitor,Monitor purchase recency
CUST02491,2025-12-31,371,1360.0,790620.9000000001,1,Recently Active,Recent purchase activity
CUST02492,2025-12-30,330,1193.0,714837.88,2,Recently Active,Recent purchase activity
CUST02493,2025-12-31,472,1718.0,1043840.61,1,Recently Active,Recent purchase activity
CUST02494,2025-12-29,489,1797.0,982059.2800000003,3,Recently Active,Recent purchase activity
CUST02495,2025-12-31,1039,3737.0,2149756.319999999,1,Recently Active,Recent purchase activity
CUST02496,2025-12-26,323,1147.0,646999.4900000001,6,Active - Monitor,Monitor purchase recency
CUST02497,2025-12-31,1055,3779.0,2301776.6999999993,1,Recently Active,Recent purchase activity
CUST02498,2025-12-30,312,1127.0,632898.5299999999,2,Recently Active,Recent purchase activity
CUST02499,2025-12-31,686,2426.0,1398798.4599999997,1,Recently Active,Recent purchase activity
CUST02500,2025-12-29,499,1772.0,1038023.77,3,Recently Active,Recent purchase activity
CUST02501,2025-12-29,315,1071.0,626201.79,3,Recently Active,Recent purchase activity
CUST02502,2025-12-29,675,2525.0,1422686.0100000002,3,Recently Active,Recent purchase activity
CUST02503,2025-12-26,448,1613.0,889145.7000000001,6,Active - Monitor,Monitor purchase recency
CUST02504,2025-12-31,453,1635.0,935439.2899999999,1,Recently Active,Recent purchase activity
CUST02505,2025-12-30,701,2519.0,1424752.9500000002,2,Recently Active,Recent purchase activity
CUST02506,2025-12-31,490,1782.0,1016423.9399999998,1,Recently Active,Recent purchase activity
CUST02507,2025-12-27,349,1256.0,754569.88,5,Active - Monitor,Monitor purchase recency
CUST02508,2025-12-29,300,1060.0,670929.7999999999,3,Recently Active,Recent purchase activity
CUST02509,2025-12-29,325,1196.0,719038.8400000001,3,Recently Active,Recent purchase activity
CUST02510,2025-12-31,654,2383.0,1300051.1900000002,1,Recently Active,Recent purchase activity
CUST02511,2025-12-31,1052,3915.0,2253833.6,1,Recently Active,Recent purchase activity
CUST02512,2025-12-31,462,1676.0,1004561.6499999998,1,Recently Active,Recent purchase activity
CUST02513,2025-12-29,462,1694.0,1054044.28,3,Recently Active,Recent purchase activity
CUST02514,2025-12-20,317,1077.0,638204.1599999999,12,Inactivity Watch,Review customer engagement
CUST02515,2025-12-31,697,2416.0,1461722.63,1,Recently Active,Recent purchase activity
CUST02516,2025-12-30,356,1264.0,724087.3600000001,2,Recently Active,Recent purchase activity
CUST02517,2025-12-31,490,1743.0,906330.09,1,Recently Active,Recent purchase activity
CUST02518,2025-12-31,1168,4128.0,2382460.78,1,Recently Active,Recent purchase activity
CUST02519,2025-12-31,724,2621.0,1615756.4199999997,1,Recently Active,Recent purchase activity
CUST02520,2025-12-30,712,2542.0,1487262.3199999998,2,Recently Active,Recent purchase activity
CUST02521,2025-12-31,492,1785.0,1030270.97,1,Recently Active,Recent purchase activity
CUST02522,2025-12-28,350,1265.0,757729.9100000001,4,Active - Monitor,Monitor purchase recency
CUST02523,2025-12-30,311,1180.0,687898.8400000001,2,Recently Active,Recent purchase activity
CUST02524,2025-12-28,472,1588.0,950989.2000000002,4,Active - Monitor,Monitor purchase recency
CUST02525,2025-12-31,720,2499.0,1476883.6600000001,1,Recently Active,Recent purchase activity
CUST02526,2025-12-31,728,2709.0,1521004.5900000003,1,Recently Active,Recent purchase activity
CUST02527,2025-12-31,1086,4033.0,2317578.3600000003,1,Recently Active,Recent purchase activity
CUST02528,2025-12-31,324,1173.0,626067.6399999999,1,Recently Active,Recent purchase activity
CUST02529,2025-12-28,455,1611.0,853839.7,4,Active - Monitor,Monitor purchase recency
CUST02530,2025-12-29,717,2573.0,1494746.3299999996,3,Recently Active,Recent purchase activity
CUST02531,2025-12-31,436,1547.0,903135.99,1,Recently Active,Recent purchase activity
CUST02532,2025-12-29,348,1370.0,796975.1000000001,3,Recently Active,Recent purchase activity
CUST02533,2025-12-30,681,2564.0,1402360.09,2,Recently Active,Recent purchase activity
CUST02534,2025-12-30,333,1120.0,590565.0899999999,2,Recently Active,Recent purchase activity
CUST02535,2025-12-31,319,1129.0,653870.55,1,Recently Active,Recent purchase activity
CUST02536,2025-12-28,418,1413.0,847064.0599999999,4,Active - Monitor,Monitor purchase recency
CUST02537,2025-12-31,317,1201.0,661847.1799999999,1,Recently Active,Recent purchase activity
CUST02538,2025-12-31,690,2502.0,1477733.5999999996,1,Recently Active,Recent purchase activity
CUST02539,2025-12-24,337,1105.0,636707.65,8,Inactivity Watch,Review customer engagement
CUST02540,2025-12-29,345,1246.0,773494.02,3,Recently Active,Recent purchase activity
CUST02541,2025-12-28,1076,3998.0,2397315.41,4,Active - Monitor,Monitor purchase recency
CUST02542,2025-12-29,346,1225.0,656091.1799999999,3,Recently Active,Recent purchase activity
CUST02543,2025-12-30,474,1729.0,1039357.1900000001,2,Recently Active,Recent purchase activity
CUST02544,2025-12-31,476,1722.0,1000196.1600000001,1,Recently Active,Recent purchase activity
CUST02545,2025-12-30,354,1304.0,814752.4099999999,2,Recently Active,Recent purchase activity
CUST02546,2025-12-17,301,1154.0,666732.93,15,Extended Inactivity,Review individually; inactivity is not proof of churn
CUST02547,2025-12-29,434,1656.0,1000994.2200000001,3,Recently Active,Recent purchase activity
CUST02548,2025-12-31,1077,3955.0,2275117.1900000004,1,Recently Active,Recent purchase activity
CUST02549,2025-12-31,499,1835.0,1150881.0499999998,1,Recently Active,Recent purchase activity
CUST02550,2025-12-29,428,1502.0,832197.2000000002,3,Recently Active,Recent purchase activity
CUST02551,2025-12-27,456,1630.0,907303.87,5,Active - Monitor,Monitor purchase recency
CUST02552,2025-12-30,364,1313.0,791322.7300000001,2,Recently Active,Recent purchase activity
CUST02553,2025-12-30,316,1135.0,627150.4200000002,2,Recently Active,Recent purchase activity
CUST02554,2025-12-30,485,1793.0,1056204.7000000002,2,Recently Active,Recent purchase activity
CUST02555,2025-12-28,440,1667.0,948698.57,4,Active - Monitor,Monitor purchase recency
CUST02556,2025-12-29,338,1254.0,740924.7499999999,3,Recently Active,Recent purchase activity
CUST02557,2025-12-28,326,1158.0,709847.1099999999,4,Active - Monitor,Monitor purchase recency
CUST02558,2025-12-30,697,2485.0,1476814.95,2,Recently Active,Recent purchase activity
CUST02559,2025-12-26,486,1867.0,1123123.34,6,Active - Monitor,Monitor purchase recency
CUST02560,2025-12-30,1071,3886.0,2308171.6899999995,2,Recently Active,Recent purchase activity
CUST02561,2025-12-30,734,2588.0,1619219.2400000007,2,Recently Active,Recent purchase activity
CUST02562,2025-12-28,699,2508.0,1392436.5399999998,4,Active - Monitor,Monitor purchase recency
CUST02563,2025-12-31,474,1713.0,1008555.2000000001,1,Recently Active,Recent purchase activity
CUST02564,2025-12-31,1066,3821.0,2214951.3999999994,1,Recently Active,Recent purchase activity
CUST02565,2025-12-31,486,1748.0,1026964.3600000001,1,Recently Active,Recent purchase activity
CUST02566,2025-12-30,352,1294.0,764258.9500000001,2,Recently Active,Recent purchase activity
CUST02567,2025-12-31,686,2517.0,1509511.76,1,Recently Active,Recent purchase activity
CUST02568,2025-12-23,360,1312.0,754762.0499999999,9,Inactivity Watch,Review customer engagement
CUST02569,2025-12-30,706,2522.0,1476824.97,2,Recently Active,Recent purchase activity
CUST02570,2025-12-29,1055,3841.0,2170167.2299999995,3,Recently Active,Recent purchase activity
CUST02571,2025-12-24,294,1068.0,633195.8900000001,8,Inactivity Watch,Review customer engagement
CUST02572,2025-12-30,337,1241.0,720259.99,2,Recently Active,Recent purchase activity
CUST02573,2025-12-30,715,2578.0,1557965.0599999998,2,Recently Active,Recent purchase activity
CUST02574,2025-12-31,690,2506.0,1468778.9299999997,1,Recently Active,Recent purchase activity
CUST02575,2025-12-31,460,1677.0,991472.98,1,Recently Active,Recent purchase activity
CUST02576,2025-12-29,434,1626.0,895685.4100000001,3,Recently Active,Recent purchase activity
CUST02577,2025-12-31,710,2516.0,1524693.7,1,Recently Active,Recent purchase activity
CUST02578,2025-12-27,451,1600.0,1009717.0099999999,5,Active - Monitor,Monitor purchase recency
CUST02579,2025-12-30,715,2569.0,1574646.4400000004,2,Recently Active,Recent purchase activity
CUST02580,2025-12-31,369,1286.0,679214.2599999999,1,Recently Active,Recent purchase activity
CUST02581,2025-12-31,344,1274.0,754705.7999999999,1,Recently Active,Recent purchase activity
CUST02582,2025-12-27,445,1555.0,924155.8100000003,5,Active - Monitor,Monitor purchase recency
CUST02583,2025-12-31,452,1630.0,970660.2900000002,1,Recently Active,Recent purchase activity
CUST02584,2025-12-28,308,1100.0,667202.2200000001,4,Active - Monitor,Monitor purchase recency
CUST02585,2025-12-31,323,1241.0,730441.9400000003,1,Recently Active,Recent purchase activity
CUST02586,2025-12-31,625,2332.0,1317257.4,1,Recently Active,Recent purchase activity
CUST02587,2025-12-30,452,1702.0,1058021.9000000001,2,Recently Active,Recent purchase activity
CUST02588,2025-12-29,349,1334.0,806075.9900000001,3,Recently Active,Recent purchase activity
CUST02589,2025-12-29,347,1281.0,723043.66,3,Recently Active,Recent purchase activity
CUST02590,2025-12-30,709,2672.0,1507571.5100000002,2,Recently Active,Recent purchase activity
CUST02591,2025-12-30,332,1116.0,631763.7100000001,2,Recently Active,Recent purchase activity
CUST02592,2025-12-31,470,1692.0,987382.3900000001,1,Recently Active,Recent purchase activity
CUST02593,2025-12-28,481,1768.0,1178230.04,4,Active - Monitor,Monitor purchase recency
CUST02594,2025-12-31,1058,3955.0,2382935.53,1,Recently Active,Recent purchase activity
CUST02595,2025-12-31,697,2528.0,1407226.8099999996,1,Recently Active,Recent purchase activity
CUST02596,2025-12-30,724,2614.0,1552595.3999999997,2,Recently Active,Recent purchase activity
CUST02597,2025-12-31,724,2600.0,1512250.4299999997,1,Recently Active,Recent purchase activity
CUST02598,2025-12-29,1075,3990.0,2374676.7199999997,3,Recently Active,Recent purchase activity
CUST02599,2025-12-31,326,1194.0,649785.95,1,Recently Active,Recent purchase activity
CUST02600,2025-12-26,304,1064.0,634730.9400000001,6,Active - Monitor,Monitor purchase recency
CUST02601,2025-12-31,348,1238.0,737417.8,1,Recently Active,Recent purchase activity
CUST02602,2025-12-31,1082,3697.0,2081402.3699999994,1,Recently Active,Recent purchase activity
CUST02603,2025-12-31,448,1608.0,895432.9500000001,1,Recently Active,Recent purchase activity
CUST02604,2025-12-29,324,1201.0,669350.35,3,Recently Active,Recent purchase activity
CUST02605,2025-12-30,321,1184.0,709832.07,2,Recently Active,Recent purchase activity
CUST02606,2025-12-29,439,1572.0,903528.8299999998,3,Recently Active,Recent purchase activity
CUST02607,2025-12-30,328,1185.0,653075.31,2,Recently Active,Recent purchase activity
CUST02608,2025-12-27,489,1868.0,1128186.5599999998,5,Active - Monitor,Monitor purchase recency
CUST02609,2025-12-30,310,1012.0,600220.6699999999,2,Recently Active,Recent purchase activity
CUST02610,2025-12-31,692,2508.0,1387953.87,1,Recently Active,Recent purchase activity
CUST02611,2025-12-31,287,990.0,486507.43,1,Recently Active,Recent purchase activity
CUST02612,2025-12-29,460,1776.0,985373.0500000003,3,Recently Active,Recent purchase activity
CUST02613,2025-12-28,319,1145.0,654467.88,4,Active - Monitor,Monitor purchase recency
CUST02614,2025-12-29,485,1793.0,1033804.5699999998,3,Recently Active,Recent purchase activity
CUST02615,2025-12-30,486,1755.0,1144749.71,2,Recently Active,Recent purchase activity
CUST02616,2025-12-30,704,2600.0,1464705.5099999998,2,Recently Active,Recent purchase activity
CUST02617,2025-12-31,723,2594.0,1432410.3699999999,1,Recently Active,Recent purchase activity
CUST02618,2025-12-31,448,1685.0,1009797.1199999999,1,Recently Active,Recent purchase activity
CUST02619,2025-12-28,448,1471.0,846621.81,4,Active - Monitor,Monitor purchase recency
CUST02620,2025-12-31,322,1169.0,711425.2900000003,1,Recently Active,Recent purchase activity
CUST02621,2025-12-31,429,1485.0,900948.2200000001,1,Recently Active,Recent purchase activity
CUST02622,2025-12-26,290,1080.0,616012.2000000001,6,Active - Monitor,Monitor purchase recency
CUST02623,2025-12-27,426,1562.0,944007.22,5,Active - Monitor,Monitor purchase recency
CUST02624,2025-12-31,324,1207.0,699556.0000000001,1,Recently Active,Recent purchase activity
CUST02625,2025-12-27,327,1185.0,670251.73,5,Active - Monitor,Monitor purchase recency
CUST02626,2025-12-30,471,1741.0,993990.71,2,Recently Active,Recent purchase activity
CUST02627,2025-12-31,1073,3802.0,2239145.659999999,1,Recently Active,Recent purchase activity
CUST02628,2025-12-30,717,2534.0,1479823.4,2,Recently Active,Recent purchase activity
CUST02629,2025-12-30,707,2638.0,1608520.73,2,Recently Active,Recent purchase activity
CUST02630,2025-12-31,678,2433.0,1409746.2200000002,1,Recently Active,Recent purchase activity
CUST02631,2025-12-28,466,1692.0,1010376.54,4,Active - Monitor,Monitor purchase recency
CUST02632,2025-12-30,723,2533.0,1400376.1699999997,2,Recently Active,Recent purchase activity
CUST02633,2025-12-26,446,1592.0,899846.5,6,Active - Monitor,Monitor purchase recency
CUST02634,2025-12-31,1085,3921.0,2169926.52,1,Recently Active,Recent purchase activity
CUST02635,2025-12-29,702,2571.0,1581549.4299999997,3,Recently Active,Recent purchase activity
CUST02636,2025-12-31,326,1148.0,668860.3499999999,1,Recently Active,Recent purchase activity
CUST02637,2025-12-30,307,1112.0,651343.51,2,Recently Active,Recent purchase activity
CUST02638,2025-12-29,506,1958.0,1096127.39,3,Recently Active,Recent purchase activity
CUST02639,2025-12-29,411,1524.0,865584.54,3,Recently Active,Recent purchase activity
CUST02640,2025-12-31,367,1331.0,755175.79,1,Recently Active,Recent purchase activity
CUST02641,2025-12-30,505,1771.0,1052749.3399999999,2,Recently Active,Recent purchase activity
CUST02642,2025-12-31,452,1648.0,921029.9,1,Recently Active,Recent purchase activity
CUST02643,2025-12-28,335,1277.0,763716.75,4,Active - Monitor,Monitor purchase recency
CUST02644,2025-12-24,316,1247.0,766911.7,8,Inactivity Watch,Review customer engagement
CUST02645,2025-12-30,701,2450.0,1483348.8000000003,2,Recently Active,Recent purchase activity
CUST02646,2025-12-27,343,1213.0,722164.4800000001,5,Active - Monitor,Monitor purchase recency
CUST02647,2025-12-31,633,2165.0,1235614.2899999998,1,Recently Active,Recent purchase activity
CUST02648,2025-12-31,458,1616.0,922692.1199999999,1,Recently Active,Recent purchase activity
CUST02649,2025-12-31,448,1672.0,985026.3899999999,1,Recently Active,Recent purchase activity
CUST02650,2025-12-31,1050,3789.0,2131064.6799999997,1,Recently Active,Recent purchase activity
CUST02651,2025-12-31,468,1837.0,1107321.7400000002,1,Recently Active,Recent purchase activity
CUST02652,2025-12-30,1047,3815.0,2201285.759999999,2,Recently Active,Recent purchase activity
CUST02653,2025-12-31,1103,4124.0,2317117.4299999992,1,Recently Active,Recent purchase activity
CUST02654,2025-12-31,457,1723.0,985791.25,1,Recently Active,Recent purchase activity
CUST02655,2025-12-26,304,1156.0,693794.4499999998,6,Active - Monitor,Monitor purchase recency
CUST02656,2025-12-29,668,2457.0,1459980.6999999997,3,Recently Active,Recent purchase activity
CUST02657,2025-12-29,340,1159.0,687846.66,3,Recently Active,Recent purchase activity
CUST02658,2025-12-29,471,1739.0,1017337.47,3,Recently Active,Recent purchase activity
CUST02659,2025-12-30,472,1732.0,977181.77,2,Recently Active,Recent purchase activity
CUST02660,2025-12-28,700,2551.0,1522136.7899999996,4,Active - Monitor,Monitor purchase recency
CUST02661,2025-12-31,433,1620.0,972730.9500000002,1,Recently Active,Recent purchase activity
CUST02662,2025-12-29,305,1131.0,656694.95,3,Recently Active,Recent purchase activity
CUST02663,2025-12-31,462,1658.0,991637.69,1,Recently Active,Recent purchase activity
CUST02664,2025-12-31,493,1728.0,1004067.0599999998,1,Recently Active,Recent purchase activity
CUST02665,2025-12-29,322,1150.0,670369.7500000001,3,Recently Active,Recent purchase activity
CUST02666,2025-12-29,324,1165.0,671009.21,3,Recently Active,Recent purchase activity
CUST02667,2025-12-30,476,1686.0,958321.13,2,Recently Active,Recent purchase activity
CUST02668,2025-12-31,443,1605.0,980919.68,1,Recently Active,Recent purchase activity
CUST02669,2025-12-30,463,1752.0,954386.0199999998,2,Recently Active,Recent purchase activity
CUST02670,2025-12-30,496,1845.0,1078643.02,2,Recently Active,Recent purchase activity
CUST02671,2025-12-31,1036,3642.0,2166373.7700000005,1,Recently Active,Recent purchase activity
CUST02672,2025-12-31,433,1631.0,984741.5199999999,1,Recently Active,Recent purchase activity
CUST02673,2025-12-28,356,1287.0,772170.08,4,Active - Monitor,Monitor purchase recency
CUST02674,2025-12-26,676,2366.0,1413404.38,6,Active - Monitor,Monitor purchase recency
CUST02675,2025-12-31,356,1349.0,876035.95,1,Recently Active,Recent purchase activity
CUST02676,2025-12-28,339,1308.0,753307.04,4,Active - Monitor,Monitor purchase recency
CUST02677,2025-12-27,430,1468.0,872017.87,5,Active - Monitor,Monitor purchase recency
CUST02678,2025-12-28,479,1782.0,1080800.9500000002,4,Active - Monitor,Monitor purchase recency
CUST02679,2025-12-31,1061,3876.0,2223821.2599999993,1,Recently Active,Recent purchase activity
CUST02680,2025-12-30,491,1755.0,1062731.11,2,Recently Active,Recent purchase activity
CUST02681,2025-12-31,479,1668.0,871832.5299999999,1,Recently Active,Recent purchase activity
CUST02682,2025-12-30,308,1198.0,703476.03,2,Recently Active,Recent purchase activity
CUST02683,2025-12-31,743,2587.0,1566469.89,1,Recently Active,Recent purchase activity
CUST02684,2025-12-30,336,1298.0,751214.7000000001,2,Recently Active,Recent purchase activity
CUST02685,2025-12-30,428,1499.0,883685.2600000002,2,Recently Active,Recent purchase activity
CUST02686,2025-12-28,495,1836.0,1068342.51,4,Active - Monitor,Monitor purchase recency
CUST02687,2025-12-31,1104,4089.0,2250273.9299999997,1,Recently Active,Recent purchase activity
CUST02688,2025-12-31,338,1244.0,713115.1599999999,1,Recently Active,Recent purchase activity
CUST02689,2025-12-30,450,1588.0,878148.4399999998,2,Recently Active,Recent purchase activity
CUST02690,2025-12-29,678,2412.0,1459849.18,3,Recently Active,Recent purchase activity
CUST02691,2025-12-27,309,1140.0,591894.2000000001,5,Active - Monitor,Monitor purchase recency
CUST02692,2025-12-25,327,1181.0,662566.3500000001,7,Active - Monitor,Monitor purchase recency
CUST02693,2025-12-31,331,1187.0,683011.1400000001,1,Recently Active,Recent purchase activity
CUST02694,2025-12-25,314,1154.0,717340.0099999999,7,Active - Monitor,Monitor purchase recency
CUST02695,2025-12-27,348,1234.0,768849.4600000001,5,Active - Monitor,Monitor purchase recency
CUST02696,2025-12-30,332,1202.0,718323.64,2,Recently Active,Recent purchase activity
CUST02697,2025-12-26,476,1769.0,1094237.5599999998,6,Active - Monitor,Monitor purchase recency
CUST02698,2025-12-28,346,1239.0,727986.66,4,Active - Monitor,Monitor purchase recency
CUST02699,2025-12-29,338,1245.0,737437.52,3,Recently Active,Recent purchase activity
CUST02700,2025-12-28,482,1721.0,927407.12,4,Active - Monitor,Monitor purchase recency
CUST02701,2025-12-31,304,1085.0,657919.47,1,Recently Active,Recent purchase activity
CUST02702,2025-12-30,343,1275.0,741244.9700000002,2,Recently Active,Recent purchase activity
CUST02703,2025-12-31,497,1766.0,1038378.5999999999,1,Recently Active,Recent purchase activity
CUST02704,2025-12-28,514,1862.0,1070976.7000000002,4,Active - Monitor,Monitor purchase recency
CUST02705,2025-12-31,468,1767.0,1049153.7100000002,1,Recently Active,Recent purchase activity
CUST02706,2025-12-29,315,1132.0,602763.7600000001,3,Recently Active,Recent purchase activity
CUST02707,2025-12-31,703,2513.0,1514977.06,1,Recently Active,Recent purchase activity
CUST02708,2025-12-31,692,2354.0,1269716.09,1,Recently Active,Recent purchase activity
CUST02709,2025-12-30,343,1234.0,729206.2100000001,2,Recently Active,Recent purchase activity
CUST02710,2025-12-27,678,2462.0,1328484.1899999995,5,Active - Monitor,Monitor purchase recency
CUST02711,2025-12-31,463,1678.0,1026756.9500000001,1,Recently Active,Recent purchase activity
CUST02712,2025-12-23,317,1113.0,626801.8999999999,9,Inactivity Watch,Review customer engagement
CUST02713,2025-12-29,342,1211.0,703015.72,3,Recently Active,Recent purchase activity
CUST02714,2025-12-31,352,1261.0,701653.51,1,Recently Active,Recent purchase activity
CUST02715,2025-12-20,332,1246.0,703531.4700000001,12,Inactivity Watch,Review customer engagement
CUST02716,2025-12-31,350,1205.0,641667.81,1,Recently Active,Recent purchase activity
CUST02717,2025-12-26,298,1043.0,608574.2000000001,6,Active - Monitor,Monitor purchase recency
CUST02718,2025-12-30,450,1651.0,905500.7600000001,2,Recently Active,Recent purchase activity
CUST02719,2025-12-30,732,2708.0,1528933.25,2,Recently Active,Recent purchase activity
CUST02720,2025-12-29,477,1650.0,1028595.65,3,Recently Active,Recent purchase activity
CUST02721,2025-12-31,479,1822.0,1069707.06,1,Recently Active,Recent purchase activity
CUST02722,2025-12-28,310,1113.0,641748.21,4,Active - Monitor,Monitor purchase recency
CUST02723,2025-12-31,470,1674.0,952489.4900000002,1,Recently Active,Recent purchase activity
CUST02724,2025-12-31,356,1327.0,797610.6900000001,1,Recently Active,Recent purchase activity
CUST02725,2025-12-31,326,1142.0,664237.76,1,Recently Active,Recent purchase activity
CUST02726,2025-12-31,1157,4148.0,2466661.99,1,Recently Active,Recent purchase activity
CUST02727,2025-12-31,511,1869.0,1065956.71,1,Recently Active,Recent purchase activity
CUST02728,2025-12-28,469,1641.0,1047560.28,4,Active - Monitor,Monitor purchase recency
CUST02729,2025-12-26,332,1115.0,632055.4900000001,6,Active - Monitor,Monitor purchase recency
CUST02730,2025-12-30,1060,3887.0,2247650.63,2,Recently Active,Recent purchase activity
CUST02731,2025-12-29,345,1320.0,776236.99,3,Recently Active,Recent purchase activity
CUST02732,2025-12-29,463,1642.0,1027286.03,3,Recently Active,Recent purchase activity
CUST02733,2025-12-31,502,1850.0,1066253.1900000002,1,Recently Active,Recent purchase activity
CUST02734,2025-12-26,652,2435.0,1444880.07,6,Active - Monitor,Monitor purchase recency
CUST02735,2025-12-31,719,2670.0,1579177.5,1,Recently Active,Recent purchase activity
CUST02736,2025-12-27,320,1226.0,736004.62,5,Active - Monitor,Monitor purchase recency
CUST02737,2025-12-23,326,1200.0,682827.91,9,Inactivity Watch,Review customer engagement
CUST02738,2025-12-30,682,2467.0,1417067.8100000003,2,Recently Active,Recent purchase activity
CUST02739,2025-12-31,331,1230.0,749189.42,1,Recently Active,Recent purchase activity
CUST02740,2025-12-30,705,2631.0,1543611.7400000002,2,Recently Active,Recent purchase activity
CUST02741,2025-12-30,498,1780.0,1057950.5,2,Recently Active,Recent purchase activity
CUST02742,2025-12-30,287,1062.0,635752.34,2,Recently Active,Recent purchase activity
CUST02743,2025-12-25,305,1138.0,605573.66,7,Active - Monitor,Monitor purchase recency
CUST02744,2025-12-31,1086,3799.0,2240935.0500000007,1,Recently Active,Recent purchase activity
CUST02745,2025-12-31,323,1153.0,645244.01,1,Recently Active,Recent purchase activity
CUST02746,2025-12-30,462,1694.0,951979.0199999998,2,Recently Active,Recent purchase activity
CUST02747,2025-12-30,680,2442.0,1405218.3699999996,2,Recently Active,Recent purchase activity
CUST02748,2025-12-31,475,1712.0,967869.0100000004,1,Recently Active,Recent purchase activity
CUST02749,2025-12-31,312,1141.0,638861.67,1,Recently Active,Recent purchase activity
CUST02750,2025-12-31,326,1143.0,705130.2400000001,1,Recently Active,Recent purchase activity
CUST02751,2025-12-26,334,1254.0,734805.3200000001,6,Active - Monitor,Monitor purchase recency
CUST02752,2025-12-29,1101,4021.0,2334337.1799999997,3,Recently Active,Recent purchase activity
CUST02753,2025-12-28,431,1459.0,845581.34,4,Active - Monitor,Monitor purchase recency
CUST02754,2025-12-28,316,1082.0,618018.4100000001,4,Active - Monitor,Monitor purchase recency
CUST02755,2025-12-31,338,1232.0,739467.4099999999,1,Recently Active,Recent purchase activity
CUST02756,2025-12-30,465,1628.0,950980.1100000001,2,Recently Active,Recent purchase activity
CUST02757,2025-12-23,447,1678.0,1042924.1000000001,9,Inactivity Watch,Review customer engagement
CUST02758,2025-12-30,320,1158.0,651056.6599999999,2,Recently Active,Recent purchase activity
CUST02759,2025-12-29,316,1191.0,726735.9299999999,3,Recently Active,Recent purchase activity
CUST02760,2025-12-30,694,2595.0,1457390.76,2,Recently Active,Recent purchase activity
CUST02761,2025-12-30,1024,3820.0,2166251.1,2,Recently Active,Recent purchase activity
CUST02762,2025-12-30,492,1769.0,1094073.58,2,Recently Active,Recent purchase activity
CUST02763,2025-12-31,336,1219.0,766824.6300000001,1,Recently Active,Recent purchase activity
CUST02764,2025-12-31,705,2564.0,1472287.4300000002,1,Recently Active,Recent purchase activity
CUST02765,2025-12-30,485,1719.0,899772.5399999999,2,Recently Active,Recent purchase activity
CUST02766,2025-12-31,675,2421.0,1386647.73,1,Recently Active,Recent purchase activity
CUST02767,2025-12-29,338,1236.0,747713.3300000001,3,Recently Active,Recent purchase activity
CUST02768,2025-12-30,686,2513.0,1427284.78,2,Recently Active,Recent purchase activity
CUST02769,2025-12-30,331,1242.0,738263.5299999999,2,Recently Active,Recent purchase activity
CUST02770,2025-12-31,479,1788.0,966692.7999999999,1,Recently Active,Recent purchase activity
CUST02771,2025-12-31,431,1532.0,909324.6300000001,1,Recently Active,Recent purchase activity
CUST02772,2025-12-29,318,1163.0,737657.21,3,Recently Active,Recent purchase activity
CUST02773,2025-12-23,350,1253.0,739652.0800000001,9,Inactivity Watch,Review customer engagement
CUST02774,2025-12-31,716,2615.0,1609799.5000000002,1,Recently Active,Recent purchase activity
CUST02775,2025-12-31,442,1523.0,831248.1500000001,1,Recently Active,Recent purchase activity
CUST02776,2025-12-30,429,1541.0,946980.2599999999,2,Recently Active,Recent purchase activity
CUST02777,2025-12-28,344,1208.0,695586.2000000001,4,Active - Monitor,Monitor purchase recency
CUST02778,2025-12-26,303,1051.0,626918.12,6,Active - Monitor,Monitor purchase recency
CUST02779,2025-12-27,326,1155.0,699747.8999999999,5,Active - Monitor,Monitor purchase recency
CUST02780,2025-12-31,296,1115.0,651335.1199999999,1,Recently Active,Recent purchase activity
CUST02781,2025-12-31,429,1537.0,870153.8000000003,1,Recently Active,Recent purchase activity
CUST02782,2025-12-28,330,1184.0,673341.3300000001,4,Active - Monitor,Monitor purchase recency
CUST02783,2025-12-30,758,2922.0,1734673.1,2,Recently Active,Recent purchase activity
CUST02784,2025-12-30,470,1730.0,984434.0799999998,2,Recently Active,Recent purchase activity
CUST02785,2025-12-31,479,1750.0,999306.04,1,Recently Active,Recent purchase activity
CUST02786,2025-12-30,333,1239.0,708211.0900000001,2,Recently Active,Recent purchase activity
CUST02787,2025-12-31,679,2602.0,1505489.9299999995,1,Recently Active,Recent purchase activity
CUST02788,2025-12-30,1074,3933.0,2402848.369999999,2,Recently Active,Recent purchase activity
CUST02789,2025-12-30,695,2550.0,1401417.92,2,Recently Active,Recent purchase activity
CUST02790,2025-12-24,680,2465.0,1373991.83,8,Inactivity Watch,Review customer engagement
CUST02791,2025-12-31,314,1222.0,687161.76,1,Recently Active,Recent purchase activity
CUST02792,2025-12-31,430,1591.0,868649.9799999999,1,Recently Active,Recent purchase activity
CUST02793,2025-12-23,289,1059.0,617329.78,9,Inactivity Watch,Review customer engagement
CUST02794,2025-12-27,325,1143.0,641660.9000000001,5,Active - Monitor,Monitor purchase recency
CUST02795,2025-12-29,458,1699.0,935495.7500000001,3,Recently Active,Recent purchase activity
CUST02796,2025-12-30,362,1304.0,713122.0800000001,2,Recently Active,Recent purchase activity
CUST02797,2025-12-30,486,1842.0,1071613.5699999998,2,Recently Active,Recent purchase activity
CUST02798,2025-12-31,1062,3774.0,2219243.9399999995,1,Recently Active,Recent purchase activity
CUST02799,2025-12-30,479,1773.0,1070829.7200000002,2,Recently Active,Recent purchase activity
CUST02800,2025-12-29,343,1216.0,686970.68,3,Recently Active,Recent purchase activity
CUST02801,2025-12-31,330,1139.0,744272.3799999999,1,Recently Active,Recent purchase activity
CUST02802,2025-12-31,451,1618.0,907484.9799999999,1,Recently Active,Recent purchase activity
CUST02803,2025-12-29,459,1738.0,971495.9000000001,3,Recently Active,Recent purchase activity
CUST02804,2025-12-31,443,1637.0,971451.1099999999,1,Recently Active,Recent purchase activity
CUST02805,2025-12-30,1077,3946.0,2309488.2199999997,2,Recently Active,Recent purchase activity
CUST02806,2025-12-31,1039,3772.0,2372430.639999999,1,Recently Active,Recent purchase activity
CUST02807,2025-12-31,459,1703.0,952808.7899999999,1,Recently Active,Recent purchase activity
CUST02808,2025-12-26,337,1231.0,719351.77,6,Active - Monitor,Monitor purchase recency
CUST02809,2025-12-30,326,1228.0,715879.98,2,Recently Active,Recent purchase activity
CUST02810,2025-12-27,335,1181.0,739214.3300000001,5,Active - Monitor,Monitor purchase recency
CUST02811,2025-12-29,720,2581.0,1468619.6799999997,3,Recently Active,Recent purchase activity
CUST02812,2025-12-31,685,2350.0,1383189.8199999996,1,Recently Active,Recent purchase activity
CUST02813,2025-12-31,449,1539.0,870109.28,1,Recently Active,Recent purchase activity
CUST02814,2025-12-31,657,2472.0,1412531.7699999996,1,Recently Active,Recent purchase activity
CUST02815,2025-12-30,340,1267.0,770683.0900000002,2,Recently Active,Recent purchase activity
CUST02816,2025-12-31,474,1637.0,965660.4600000002,1,Recently Active,Recent purchase activity
CUST02817,2025-12-29,357,1293.0,750892.1700000002,3,Recently Active,Recent purchase activity
CUST02818,2025-12-30,507,1846.0,1129155.03,2,Recently Active,Recent purchase activity
CUST02819,2025-12-27,304,1115.0,608169.1799999999,5,Active - Monitor,Monitor purchase recency
CUST02820,2025-12-31,465,1689.0,941781.6300000001,1,Recently Active,Recent purchase activity
CUST02821,2025-12-31,675,2479.0,1427447.27,1,Recently Active,Recent purchase activity
CUST02822,2025-12-27,311,1115.0,659034.91,5,Active - Monitor,Monitor purchase recency
CUST02823,2025-12-31,673,2326.0,1264660.0599999998,1,Recently Active,Recent purchase activity
CUST02824,2025-12-22,322,1228.0,698706.1500000001,10,Inactivity Watch,Review customer engagement
CUST02825,2025-12-31,441,1671.0,983266.3500000001,1,Recently Active,Recent purchase activity
CUST02826,2025-12-27,499,1814.0,1050971.87,5,Active - Monitor,Monitor purchase recency
CUST02827,2025-12-27,351,1244.0,712075.25,5,Active - Monitor,Monitor purchase recency
CUST02828,2025-12-29,493,1755.0,971111.67,3,Recently Active,Recent purchase activity
CUST02829,2025-12-28,318,1185.0,661397.6800000002,4,Active - Monitor,Monitor purchase recency
CUST02830,2025-12-28,495,1776.0,1074232.3099999998,4,Active - Monitor,Monitor purchase recency
CUST02831,2025-12-31,334,1216.0,785859.8700000001,1,Recently Active,Recent purchase activity
CUST02832,2025-12-28,316,1109.0,637999.73,4,Active - Monitor,Monitor purchase recency
CUST02833,2025-12-27,297,1044.0,577375.86,5,Active - Monitor,Monitor purchase recency
CUST02834,2025-12-31,466,1662.0,1063384.53,1,Recently Active,Recent purchase activity
CUST02835,2025-12-30,334,1213.0,717393.7199999999,2,Recently Active,Recent purchase activity
CUST02836,2025-12-31,312,1079.0,602391.9200000002,1,Recently Active,Recent purchase activity
CUST02837,2025-12-25,331,1295.0,746419.0599999999,7,Active - Monitor,Monitor purchase recency
CUST02838,2025-12-27,342,1185.0,686852.5099999999,5,Active - Monitor,Monitor purchase recency
CUST02839,2025-12-23,329,1210.0,764319.54,9,Inactivity Watch,Review customer engagement
CUST02840,2025-12-30,499,1782.0,1062062.69,2,Recently Active,Recent purchase activity
CUST02841,2025-12-25,656,2334.0,1285605.24,7,Active - Monitor,Monitor purchase recency
CUST02842,2025-12-26,326,1144.0,676257.95,6,Active - Monitor,Monitor purchase recency
CUST02843,2025-12-29,303,1129.0,726211.8600000001,3,Recently Active,Recent purchase activity
CUST02844,2025-12-31,677,2609.0,1424042.5899999996,1,Recently Active,Recent purchase activity
CUST02845,2025-12-31,1089,3999.0,2257872.1899999985,1,Recently Active,Recent purchase activity
CUST02846,2025-12-31,1055,3902.0,2333942.38,1,Recently Active,Recent purchase activity
CUST02847,2025-12-29,473,1585.0,1004539.9199999998,3,Recently Active,Recent purchase activity
CUST02848,2025-12-29,331,1223.0,662725.76,3,Recently Active,Recent purchase activity
CUST02849,2025-12-30,333,1121.0,636325.0800000001,2,Recently Active,Recent purchase activity
CUST02850,2025-12-26,354,1329.0,799384.72,6,Active - Monitor,Monitor purchase recency
CUST02851,2025-12-29,323,1211.0,703969.87,3,Recently Active,Recent purchase activity
CUST02852,2025-12-26,330,1154.0,716204.9899999998,6,Active - Monitor,Monitor purchase recency
CUST02853,2025-12-25,311,1094.0,605678.3099999999,7,Active - Monitor,Monitor purchase recency
CUST02854,2025-12-26,319,1182.0,707345.54,6,Active - Monitor,Monitor purchase recency
CUST02855,2025-12-30,1074,3901.0,2362217.35,2,Recently Active,Recent purchase activity
CUST02856,2025-12-31,318,1182.0,669002.1000000001,1,Recently Active,Recent purchase activity
CUST02857,2025-12-30,339,1248.0,669128.3600000001,2,Recently Active,Recent purchase activity
CUST02858,2025-12-31,312,1204.0,677019.7699999999,1,Recently Active,Recent purchase activity
CUST02859,2025-12-30,492,1755.0,1049598.69,2,Recently Active,Recent purchase activity
CUST02860,2025-12-28,311,1081.0,607839.76,4,Active - Monitor,Monitor purchase recency
CUST02861,2025-12-31,468,1725.0,1012634.8200000001,1,Recently Active,Recent purchase activity
CUST02862,2025-12-31,486,1801.0,1081102.4300000002,1,Recently Active,Recent purchase activity
CUST02863,2025-12-31,1096,4036.0,2235876.889999999,1,Recently Active,Recent purchase activity
CUST02864,2025-12-21,311,1084.0,689966.08,11,Inactivity Watch,Review customer engagement
CUST02865,2025-12-30,312,1080.0,639270.89,2,Recently Active,Recent purchase activity
CUST02866,2025-12-29,460,1623.0,943764.0299999999,3,Recently Active,Recent purchase activity
CUST02867,2025-12-31,467,1691.0,977119.7400000001,1,Recently Active,Recent purchase activity
CUST02868,2025-12-29,467,1629.0,914568.4700000002,3,Recently Active,Recent purchase activity
CUST02869,2025-12-28,473,1719.0,1052166.88,4,Active - Monitor,Monitor purchase recency
CUST02870,2025-12-31,717,2579.0,1473606.3799999997,1,Recently Active,Recent purchase activity
CUST02871,2025-12-27,323,1266.0,735485.67,5,Active - Monitor,Monitor purchase recency
CUST02872,2025-12-30,1074,3887.0,2262014.3699999996,2,Recently Active,Recent purchase activity
CUST02873,2025-12-29,368,1392.0,789936.9700000001,3,Recently Active,Recent purchase activity
CUST02874,2025-12-28,305,1076.0,589599.81,4,Active - Monitor,Monitor purchase recency
CUST02875,2025-12-22,306,1145.0,677292.53,10,Inactivity Watch,Review customer engagement
CUST02876,2025-12-30,666,2405.0,1429036.8299999998,2,Recently Active,Recent purchase activity
CUST02877,2025-12-26,487,1729.0,1005550.6699999999,6,Active - Monitor,Monitor purchase recency
CUST02878,2025-12-28,311,1169.0,670253.7199999999,4,Active - Monitor,Monitor purchase recency
CUST02879,2025-12-31,708,2602.0,1568105.0799999998,1,Recently Active,Recent purchase activity
CUST02880,2025-12-31,1070,3795.0,2133692.2999999993,1,Recently Active,Recent purchase activity
CUST02881,2025-12-27,426,1471.0,799749.1600000003,5,Active - Monitor,Monitor purchase recency
CUST02882,2025-12-31,315,1133.0,602173.9400000001,1,Recently Active,Recent purchase activity
CUST02883,2025-12-30,487,1745.0,1046026.1799999998,2,Recently Active,Recent purchase activity
CUST02884,2025-12-31,487,1879.0,996881.1199999999,1,Recently Active,Recent purchase activity
CUST02885,2025-12-27,356,1215.0,696067.4600000003,5,Active - Monitor,Monitor purchase recency
CUST02886,2025-12-30,315,1176.0,722946.47,2,Recently Active,Recent purchase activity
CUST02887,2025-12-31,460,1631.0,968491.7300000001,1,Recently Active,Recent purchase activity
CUST02888,2025-12-30,687,2361.0,1412834.3099999998,2,Recently Active,Recent purchase activity
CUST02889,2025-12-24,325,1240.0,742383.03,8,Inactivity Watch,Review customer engagement
CUST02890,2025-12-30,351,1282.0,776354.02,2,Recently Active,Recent purchase activity
CUST02891,2025-12-29,1101,3952.0,2331303.5799999996,3,Recently Active,Recent purchase activity
CUST02892,2025-12-25,464,1707.0,894579.8300000001,7,Active - Monitor,Monitor purchase recency
CUST02893,2025-12-29,486,1660.0,958038.6300000002,3,Recently Active,Recent purchase activity
CUST02894,2025-12-22,310,1058.0,532937.9199999999,10,Inactivity Watch,Review customer engagement
CUST02895,2025-12-30,1064,3882.0,2216702.9899999993,2,Recently Active,Recent purchase activity
CUST02896,2025-12-31,475,1563.0,932152.68,1,Recently Active,Recent purchase activity
CUST02897,2025-12-28,338,1254.0,749471.29,4,Active - Monitor,Monitor purchase recency
CUST02898,2025-12-31,304,1034.0,623261.11,1,Recently Active,Recent purchase activity
CUST02899,2025-12-29,446,1625.0,909754.27,3,Recently Active,Recent purchase activity
CUST02900,2025-12-31,347,1254.0,724183.56,1,Recently Active,Recent purchase activity
CUST02901,2025-12-31,323,1122.0,649647.37,1,Recently Active,Recent purchase activity
CUST02902,2025-12-31,698,2554.0,1504022.0399999998,1,Recently Active,Recent purchase activity
CUST02903,2025-12-31,732,2624.0,1465234.4900000002,1,Recently Active,Recent purchase activity
CUST02904,2025-12-29,468,1675.0,956738.9000000001,3,Recently Active,Recent purchase activity
CUST02905,2025-12-30,315,1128.0,693023.51,2,Recently Active,Recent purchase activity
CUST02906,2025-12-29,325,1069.0,609032.56,3,Recently Active,Recent purchase activity
CUST02907,2025-12-31,442,1557.0,898950.0899999999,1,Recently Active,Recent purchase activity
CUST02908,2025-12-28,316,1127.0,622858.9600000002,4,Active - Monitor,Monitor purchase recency
CUST02909,2025-12-30,477,1749.0,994121.89,2,Recently Active,Recent purchase activity
CUST02910,2025-12-31,1083,3947.0,2301278.28,1,Recently Active,Recent purchase activity
CUST02911,2025-12-27,298,1090.0,670206.4800000002,5,Active - Monitor,Monitor purchase recency
CUST02912,2025-12-31,707,2525.0,1441219.32,1,Recently Active,Recent purchase activity
CUST02913,2025-12-31,369,1370.0,862005.5899999999,1,Recently Active,Recent purchase activity
CUST02914,2025-12-27,322,1165.0,616379.3400000001,5,Active - Monitor,Monitor purchase recency
CUST02915,2025-12-31,443,1674.0,907312.2500000002,1,Recently Active,Recent purchase activity
CUST02916,2025-12-30,547,1921.0,1091987.9299999997,2,Recently Active,Recent purchase activity
CUST02917,2025-12-29,359,1236.0,740386.73,3,Recently Active,Recent purchase activity
CUST02918,2025-12-31,467,1791.0,1056552.01,1,Recently Active,Recent purchase activity
CUST02919,2025-12-31,701,2558.0,1515790.35,1,Recently Active,Recent purchase activity
CUST02920,2025-12-27,351,1279.0,706503.5599999998,5,Active - Monitor,Monitor purchase recency
CUST02921,2025-12-31,717,2488.0,1502787.92,1,Recently Active,Recent purchase activity
CUST02922,2025-12-28,464,1691.0,957409.5200000003,4,Active - Monitor,Monitor purchase recency
CUST02923,2025-12-31,1098,3860.0,2224022.8499999996,1,Recently Active,Recent purchase activity
CUST02924,2025-12-30,679,2533.0,1458340.5,2,Recently Active,Recent purchase activity
CUST02925,2025-12-30,699,2581.0,1540857.64,2,Recently Active,Recent purchase activity
CUST02926,2025-12-30,327,1220.0,679449.7200000001,2,Recently Active,Recent purchase activity
CUST02927,2025-12-31,472,1760.0,1020876.7300000001,1,Recently Active,Recent purchase activity
CUST02928,2025-12-31,343,1204.0,702543.8400000002,1,Recently Active,Recent purchase activity
CUST02929,2025-12-27,687,2534.0,1427796.5999999999,5,Active - Monitor,Monitor purchase recency
CUST02930,2025-12-31,453,1600.0,956566.95,1,Recently Active,Recent purchase activity
CUST02931,2025-12-31,459,1590.0,869431.6500000001,1,Recently Active,Recent purchase activity
CUST02932,2025-12-29,342,1254.0,736991.6499999999,3,Recently Active,Recent purchase activity
CUST02933,2025-12-31,351,1329.0,722910.8300000001,1,Recently Active,Recent purchase activity
CUST02934,2025-12-27,346,1236.0,694253.4900000001,5,Active - Monitor,Monitor purchase recency
CUST02935,2025-12-25,441,1570.0,962418.9500000001,7,Active - Monitor,Monitor purchase recency
CUST02936,2025-12-29,321,1103.0,629809.6599999999,3,Recently Active,Recent purchase activity
CUST02937,2025-12-28,309,1164.0,712380.3999999999,4,Active - Monitor,Monitor purchase recency
CUST02938,2025-12-27,311,1191.0,683950.0400000002,5,Active - Monitor,Monitor purchase recency
CUST02939,2025-12-29,1052,3748.0,2159901.4399999995,3,Recently Active,Recent purchase activity
CUST02940,2025-12-24,326,1121.0,661894.5100000001,8,Inactivity Watch,Review customer engagement
CUST02941,2025-12-30,1057,3828.0,2248544.62,2,Recently Active,Recent purchase activity
CUST02942,2025-12-25,351,1226.0,721081.8300000001,7,Active - Monitor,Monitor purchase recency
CUST02943,2025-12-31,493,1860.0,1101065.65,1,Recently Active,Recent purchase activity
CUST02944,2025-12-30,496,1816.0,1026700.3299999998,2,Recently Active,Recent purchase activity
CUST02945,2025-12-31,343,1235.0,668877.2799999998,1,Recently Active,Recent purchase activity
CUST02946,2025-12-27,350,1325.0,765918.91,5,Active - Monitor,Monitor purchase recency
CUST02947,2025-12-31,656,2466.0,1439918.5700000003,1,Recently Active,Recent purchase activity
CUST02948,2025-12-29,1094,3830.0,2211552.69,3,Recently Active,Recent purchase activity
CUST02949,2025-12-31,677,2481.0,1404507.2099999995,1,Recently Active,Recent purchase activity
CUST02950,2025-12-31,353,1194.0,686513.52,1,Recently Active,Recent purchase activity
CUST02951,2025-12-01,328,1175.0,625523.2699999999,31,Extended Inactivity,Review individually; inactivity is not proof of churn
CUST02952,2025-12-27,310,1068.0,628200.46,5,Active - Monitor,Monitor purchase recency
CUST02953,2025-12-31,1095,3989.0,2216394.229999999,1,Recently Active,Recent purchase activity
CUST02954,2025-12-31,664,2376.0,1326759.2700000003,1,Recently Active,Recent purchase activity
CUST02955,2025-12-30,461,1665.0,932390.0,2,Recently Active,Recent purchase activity
CUST02956,2025-12-27,449,1529.0,907616.1099999998,5,Active - Monitor,Monitor purchase recency
CUST02957,2025-12-30,711,2621.0,1506787.73,2,Recently Active,Recent purchase activity
CUST02958,2025-12-30,320,1237.0,787524.54,2,Recently Active,Recent purchase activity
CUST02959,2025-12-27,339,1271.0,664444.56,5,Active - Monitor,Monitor purchase recency
CUST02960,2025-12-30,367,1224.0,738310.1499999998,2,Recently Active,Recent purchase activity
CUST02961,2025-12-30,1083,3952.0,2348724.93,2,Recently Active,Recent purchase activity
CUST02962,2025-12-31,481,1733.0,932414.0499999999,1,Recently Active,Recent purchase activity
CUST02963,2025-12-28,312,1140.0,677328.9199999999,4,Active - Monitor,Monitor purchase recency
CUST02964,2025-12-31,1115,3958.0,2241817.8999999985,1,Recently Active,Recent purchase activity
CUST02965,2025-12-31,726,2626.0,1578411.9000000004,1,Recently Active,Recent purchase activity
CUST02966,2025-12-31,470,1778.0,1056619.3599999999,1,Recently Active,Recent purchase activity
CUST02967,2025-12-31,1091,4051.0,2355147.1999999997,1,Recently Active,Recent purchase activity
CUST02968,2025-12-26,327,1194.0,674394.7900000002,6,Active - Monitor,Monitor purchase recency
CUST02969,2025-12-31,696,2507.0,1505656.2200000002,1,Recently Active,Recent purchase activity
CUST02970,2025-12-29,742,2658.0,1518578.9999999995,3,Recently Active,Recent purchase activity
CUST02971,2025-12-30,468,1733.0,1005908.1500000001,2,Recently Active,Recent purchase activity
CUST02972,2025-12-28,311,1119.0,680248.1200000001,4,Active - Monitor,Monitor purchase recency
CUST02973,2025-12-30,370,1313.0,733422.0900000001,2,Recently Active,Recent purchase activity
CUST02974,2025-12-31,462,1634.0,955660.3400000001,1,Recently Active,Recent purchase activity
CUST02975,2025-12-27,334,1132.0,677400.66,5,Active - Monitor,Monitor purchase recency
CUST02976,2025-12-30,328,1187.0,708660.5800000001,2,Recently Active,Recent purchase activity
CUST02977,2025-12-28,715,2659.0,1535592.1099999999,4,Active - Monitor,Monitor purchase recency
CUST02978,2025-12-30,684,2373.0,1422453.54,2,Recently Active,Recent purchase activity
CUST02979,2025-12-26,339,1216.0,693656.2700000001,6,Active - Monitor,Monitor purchase recency
CUST02980,2025-12-29,334,1147.0,712583.6199999999,3,Recently Active,Recent purchase activity
CUST02981,2025-12-30,321,1148.0,631793.36,2,Recently Active,Recent purchase activity
CUST02982,2025-12-29,476,1729.0,1013636.1400000001,3,Recently Active,Recent purchase activity
CUST02983,2025-12-30,446,1696.0,984345.7,2,Recently Active,Recent purchase activity
CUST02984,2025-12-31,428,1617.0,991657.0,1,Recently Active,Recent purchase activity
CUST02985,2025-12-31,671,2430.0,1432433.5199999998,1,Recently Active,Recent purchase activity
CUST02986,2025-12-24,357,1326.0,810216.0299999999,8,Inactivity Watch,Review customer engagement
CUST02987,2025-12-31,1026,3723.0,2102464.9,1,Recently Active,Recent purchase activity
CUST02988,2025-12-28,472,1729.0,988058.0999999999,4,Active - Monitor,Monitor purchase recency
CUST02989,2025-12-30,720,2654.0,1509809.75,2,Recently Active,Recent purchase activity
CUST02990,2025-12-31,470,1678.0,911086.9800000001,1,Recently Active,Recent purchase activity
CUST02991,2025-12-30,1026,3815.0,2293567.6599999997,2,Recently Active,Recent purchase activity
CUST02992,2025-12-27,255,937.0,556874.4500000001,5,Active - Monitor,Monitor purchase recency
CUST02993,2025-12-31,441,1588.0,936814.5800000002,1,Recently Active,Recent purchase activity
CUST02994,2025-12-26,323,1218.0,758284.37,6,Active - Monitor,Monitor purchase recency
CUST02995,2025-12-28,326,1205.0,676809.17,4,Active - Monitor,Monitor purchase recency
CUST02996,2025-12-31,736,2713.0,1594713.8899999997,1,Recently Active,Recent purchase activity
CUST02997,2025-12-31,483,1737.0,1081338.68,1,Recently Active,Recent purchase activity
CUST02998,2025-12-25,365,1329.0,724422.2400000001,7,Active - Monitor,Monitor purchase recency
CUST02999,2025-12-31,1057,3778.0,2151879.8,1,Recently Active,Recent purchase activity
CUST03000,2025-12-30,317,1134.0,711776.24,2,Recently Active,Recent purchase activity
CUST03001,2025-12-26,678,2580.0,1570216.5799999998,6,Active - Monitor,Monitor purchase recency
CUST03002,2025-12-31,470,1618.0,1034381.77,1,Recently Active,Recent purchase activity
CUST03003,2025-12-31,716,2656.0,1534433.8,1,Recently Active,Recent purchase activity
CUST03004,2025-12-27,497,1798.0,1059529.29,5,Active - Monitor,Monitor purchase recency
CUST03005,2025-12-24,310,1169.0,679955.76,8,Inactivity Watch,Review customer engagement
CUST03006,2025-12-31,344,1276.0,774717.1800000002,1,Recently Active,Recent purchase activity
CUST03007,2025-12-29,457,1699.0,962802.8600000002,3,Recently Active,Recent purchase activity
CUST03008,2025-12-26,357,1270.0,743166.7,6,Active - Monitor,Monitor purchase recency
CUST03009,2025-12-30,454,1580.0,910683.18,2,Recently Active,Recent purchase activity
CUST03010,2025-12-21,329,1170.0,772842.09,11,Inactivity Watch,Review customer engagement
CUST03011,2025-12-29,471,1697.0,956139.4099999999,3,Recently Active,Recent purchase activity
CUST03012,2025-12-31,460,1741.0,1023997.1099999998,1,Recently Active,Recent purchase activity
CUST03013,2025-12-27,753,2732.0,1580785.91,5,Active - Monitor,Monitor purchase recency
CUST03014,2025-12-31,455,1675.0,993687.55,1,Recently Active,Recent purchase activity
CUST03015,2025-12-31,451,1632.0,954566.3500000001,1,Recently Active,Recent purchase activity
CUST03016,2025-12-31,462,1714.0,1055065.2600000002,1,Recently Active,Recent purchase activity
CUST03017,2025-12-29,307,1109.0,576571.7,3,Recently Active,Recent purchase activity
CUST03018,2025-12-31,1039,3762.0,2170709.6999999997,1,Recently Active,Recent purchase activity
CUST03019,2025-12-30,342,1238.0,792166.93,2,Recently Active,Recent purchase activity
CUST03020,2025-12-26,314,1115.0,654846.6100000001,6,Active - Monitor,Monitor purchase recency
CUST03021,2025-12-31,331,1271.0,734872.21,1,Recently Active,Recent purchase activity
CUST03022,2025-12-30,447,1604.0,907150.38,2,Recently Active,Recent purchase activity
CUST03023,2025-12-26,314,1116.0,717584.6799999999,6,Active - Monitor,Monitor purchase recency
CUST03024,2025-12-25,312,1155.0,674977.6999999998,7,Active - Monitor,Monitor purchase recency
CUST03025,2025-12-24,454,1679.0,1000297.5800000002,8,Inactivity Watch,Review customer engagement
CUST03026,2025-12-31,1086,3983.0,2270568.9999999995,1,Recently Active,Recent purchase activity
CUST03027,2025-12-29,342,1305.0,767279.74,3,Recently Active,Recent purchase activity
CUST03028,2025-12-28,343,1335.0,757047.0900000002,4,Active - Monitor,Monitor purchase recency
CUST03029,2025-12-29,324,1125.0,736649.48,3,Recently Active,Recent purchase activity
CUST03030,2025-12-31,464,1622.0,979559.49,1,Recently Active,Recent purchase activity
CUST03031,2025-12-25,345,1237.0,760451.5300000001,7,Active - Monitor,Monitor purchase recency
CUST03032,2025-12-30,687,2385.0,1455807.5700000003,2,Recently Active,Recent purchase activity
CUST03033,2025-12-29,434,1578.0,893423.0,3,Recently Active,Recent purchase activity
CUST03034,2025-12-30,345,1224.0,652185.64,2,Recently Active,Recent purchase activity
CUST03035,2025-12-29,320,1088.0,671453.04,3,Recently Active,Recent purchase activity
CUST03036,2025-12-30,350,1265.0,671120.4100000001,2,Recently Active,Recent purchase activity
CUST03037,2025-12-30,453,1641.0,983941.1400000001,2,Recently Active,Recent purchase activity
CUST03038,2025-12-31,430,1529.0,820509.4799999997,1,Recently Active,Recent purchase activity
CUST03039,2025-12-29,489,1805.0,1087469.95,3,Recently Active,Recent purchase activity
CUST03040,2025-12-30,322,1208.0,673274.9800000001,2,Recently Active,Recent purchase activity
CUST03041,2025-12-25,330,1286.0,780467.7799999999,7,Active - Monitor,Monitor purchase recency
CUST03042,2025-12-31,478,1785.0,967269.48,1,Recently Active,Recent purchase activity
CUST03043,2025-12-31,455,1671.0,955171.25,1,Recently Active,Recent purchase activity
CUST03044,2025-12-31,490,1769.0,1011413.0000000002,1,Recently Active,Recent purchase activity
CUST03045,2025-12-30,437,1534.0,968796.63,2,Recently Active,Recent purchase activity
CUST03046,2025-12-28,356,1394.0,772219.2500000001,4,Active - Monitor,Monitor purchase recency
CUST03047,2025-12-28,441,1623.0,1012101.08,4,Active - Monitor,Monitor purchase recency
CUST03048,2025-12-29,301,1117.0,709940.1600000001,3,Recently Active,Recent purchase activity
CUST03049,2025-12-29,330,1288.0,793208.46,3,Recently Active,Recent purchase activity
CUST03050,2025-12-26,473,1659.0,1048587.45,6,Active - Monitor,Monitor purchase recency
CUST03051,2025-12-29,469,1577.0,920839.39,3,Recently Active,Recent purchase activity
CUST03052,2025-12-28,446,1658.0,936652.28,4,Active - Monitor,Monitor purchase recency
CUST03053,2025-12-31,492,1761.0,1022998.4200000002,1,Recently Active,Recent purchase activity
CUST03054,2025-12-27,716,2609.0,1556307.5799999998,5,Active - Monitor,Monitor purchase recency
CUST03055,2025-12-29,460,1754.0,1076655.4100000001,3,Recently Active,Recent purchase activity
CUST03056,2025-12-29,473,1682.0,959074.1500000001,3,Recently Active,Recent purchase activity
CUST03057,2025-12-28,342,1201.0,686863.0600000002,4,Active - Monitor,Monitor purchase recency
CUST03058,2025-12-30,449,1661.0,1001395.5900000001,2,Recently Active,Recent purchase activity
CUST03059,2025-12-30,320,1212.0,718341.8,2,Recently Active,Recent purchase activity
CUST03060,2025-12-31,694,2637.0,1518633.4500000002,1,Recently Active,Recent purchase activity
CUST03061,2025-12-30,329,1125.0,703071.18,2,Recently Active,Recent purchase activity
CUST03062,2025-12-30,681,2526.0,1451842.88,2,Recently Active,Recent purchase activity
CUST03063,2025-12-26,483,1753.0,1065089.2,6,Active - Monitor,Monitor purchase recency
CUST03064,2025-12-29,723,2648.0,1602048.02,3,Recently Active,Recent purchase activity
CUST03065,2025-12-27,353,1327.0,787715.2200000002,5,Active - Monitor,Monitor purchase recency
CUST03066,2025-12-27,449,1641.0,966317.67,5,Active - Monitor,Monitor purchase recency
CUST03067,2025-12-27,730,2571.0,1514128.6999999995,5,Active - Monitor,Monitor purchase recency
CUST03068,2025-12-31,344,1235.0,769620.61,1,Recently Active,Recent purchase activity
CUST03069,2025-12-26,338,1219.0,729666.9400000001,6,Active - Monitor,Monitor purchase recency
CUST03070,2025-12-29,715,2481.0,1433557.95,3,Recently Active,Recent purchase activity
CUST03071,2025-12-31,695,2534.0,1516595.79,1,Recently Active,Recent purchase activity
CUST03072,2025-12-30,330,1221.0,673496.3999999999,2,Recently Active,Recent purchase activity
CUST03073,2025-12-31,314,1085.0,628409.2200000002,1,Recently Active,Recent purchase activity
CUST03074,2025-12-26,466,1621.0,920124.91,6,Active - Monitor,Monitor purchase recency
CUST03075,2025-12-22,334,1197.0,679107.79,10,Inactivity Watch,Review customer engagement
CUST03076,2025-12-29,340,1254.0,738729.4999999999,3,Recently Active,Recent purchase activity
CUST03077,2025-12-25,330,1194.0,695748.4299999999,7,Active - Monitor,Monitor purchase recency
CUST03078,2025-12-31,1167,4127.0,2475245.1399999997,1,Recently Active,Recent purchase activity
CUST03079,2025-12-31,1041,3939.0,2376814.4599999995,1,Recently Active,Recent purchase activity
CUST03080,2025-12-29,493,1873.0,1100755.27,3,Recently Active,Recent purchase activity
CUST03081,2025-12-31,467,1662.0,946405.4500000001,1,Recently Active,Recent purchase activity
CUST03082,2025-12-31,1088,3902.0,2287151.0199999996,1,Recently Active,Recent purchase activity
CUST03083,2025-12-30,421,1492.0,819921.2400000001,2,Recently Active,Recent purchase activity
CUST03084,2025-12-31,342,1263.0,685577.6599999999,1,Recently Active,Recent purchase activity
CUST03085,2025-12-26,315,1160.0,668304.45,6,Active - Monitor,Monitor purchase recency
CUST03086,2025-12-25,457,1637.0,988879.77,7,Active - Monitor,Monitor purchase recency
CUST03087,2025-12-31,1083,4035.0,2194922.05,1,Recently Active,Recent purchase activity
CUST03088,2025-12-31,318,1128.0,657059.51,1,Recently Active,Recent purchase activity
CUST03089,2025-12-31,344,1328.0,787946.21,1,Recently Active,Recent purchase activity
CUST03090,2025-12-27,714,2753.0,1538744.64,5,Active - Monitor,Monitor purchase recency
CUST03091,2025-12-22,326,1204.0,699735.38,10,Inactivity Watch,Review customer engagement
CUST03092,2025-12-31,314,1146.0,642839.4800000001,1,Recently Active,Recent purchase activity
CUST03093,2025-12-30,489,1797.0,1017157.9500000001,2,Recently Active,Recent purchase activity
CUST03094,2025-12-31,489,1808.0,1055122.5699999998,1,Recently Active,Recent purchase activity
CUST03095,2025-12-24,503,1705.0,982306.6200000001,8,Inactivity Watch,Review customer engagement
CUST03096,2025-12-30,312,1151.0,697287.73,2,Recently Active,Recent purchase activity
CUST03097,2025-12-31,322,1122.0,681355.8300000001,1,Recently Active,Recent purchase activity
CUST03098,2025-12-24,428,1565.0,868911.8,8,Inactivity Watch,Review customer engagement
CUST03099,2025-12-31,470,1715.0,1014245.8899999999,1,Recently Active,Recent purchase activity
CUST03100,2025-12-28,706,2572.0,1563131.16,4,Active - Monitor,Monitor purchase recency
CUST03101,2025-12-30,447,1677.0,1006676.8500000001,2,Recently Active,Recent purchase activity
CUST03102,2025-12-29,461,1652.0,964407.9500000001,3,Recently Active,Recent purchase activity
CUST03103,2025-12-31,339,1198.0,732000.7899999998,1,Recently Active,Recent purchase activity
CUST03104,2025-12-29,318,1188.0,712881.1700000002,3,Recently Active,Recent purchase activity
CUST03105,2025-12-31,499,1813.0,1045659.94,1,Recently Active,Recent purchase activity
CUST03106,2025-12-26,340,1222.0,737102.7600000001,6,Active - Monitor,Monitor purchase recency
CUST03107,2025-12-28,345,1230.0,685037.52,4,Active - Monitor,Monitor purchase recency
CUST03108,2025-12-30,328,1168.0,702750.5,2,Recently Active,Recent purchase activity
CUST03109,2025-12-31,660,2301.0,1317823.7199999997,1,Recently Active,Recent purchase activity
CUST03110,2025-12-25,321,1136.0,633886.4400000001,7,Active - Monitor,Monitor purchase recency
CUST03111,2025-12-30,319,1190.0,671100.44,2,Recently Active,Recent purchase activity
CUST03112,2025-12-26,458,1736.0,1010910.04,6,Active - Monitor,Monitor purchase recency
CUST03113,2025-12-28,476,1702.0,958332.6900000001,4,Active - Monitor,Monitor purchase recency
CUST03114,2025-12-30,319,1149.0,707682.48,2,Recently Active,Recent purchase activity
CUST03115,2025-12-26,465,1728.0,1069859.31,6,Active - Monitor,Monitor purchase recency
CUST03116,2025-12-31,481,1804.0,1046703.6900000001,1,Recently Active,Recent purchase activity
CUST03117,2025-12-27,324,1216.0,704502.8799999999,5,Active - Monitor,Monitor purchase recency
CUST03118,2025-12-31,748,2609.0,1430398.98,1,Recently Active,Recent purchase activity
CUST03119,2025-12-31,312,1044.0,605444.62,1,Recently Active,Recent purchase activity
CUST03120,2025-12-30,693,2440.0,1429866.64,2,Recently Active,Recent purchase activity
CUST03121,2025-12-30,318,1118.0,667982.9800000001,2,Recently Active,Recent purchase activity
CUST03122,2025-12-28,316,1123.0,650545.01,4,Active - Monitor,Monitor purchase recency
CUST03123,2025-12-30,495,1826.0,1051780.83,2,Recently Active,Recent purchase activity
CUST03124,2025-12-31,491,1808.0,1033322.3499999999,1,Recently Active,Recent purchase activity
CUST03125,2025-12-22,330,1169.0,667055.4900000002,10,Inactivity Watch,Review customer engagement
CUST03126,2025-12-31,1101,3858.0,2182780.1499999994,1,Recently Active,Recent purchase activity
CUST03127,2025-12-29,376,1380.0,758780.1600000001,3,Recently Active,Recent purchase activity
CUST03128,2025-12-31,488,1711.0,932210.3,1,Recently Active,Recent purchase activity
CUST03129,2025-12-30,316,1205.0,725506.65,2,Recently Active,Recent purchase activity
CUST03130,2025-12-27,307,1102.0,647687.22,5,Active - Monitor,Monitor purchase recency
CUST03131,2025-12-29,679,2401.0,1399322.9300000002,3,Recently Active,Recent purchase activity
CUST03132,2025-12-28,361,1373.0,822945.08,4,Active - Monitor,Monitor purchase recency
CUST03133,2025-12-28,502,1847.0,1071637.33,4,Active - Monitor,Monitor purchase recency
CUST03134,2025-12-30,724,2700.0,1590102.89,2,Recently Active,Recent purchase activity
CUST03135,2025-12-31,336,1294.0,747302.15,1,Recently Active,Recent purchase activity
CUST03136,2025-12-30,459,1708.0,1045374.74,2,Recently Active,Recent purchase activity
CUST03137,2025-12-19,322,1133.0,661458.2000000001,13,Inactivity Watch,Review customer engagement
CUST03138,2025-12-29,726,2654.0,1587282.68,3,Recently Active,Recent purchase activity
CUST03139,2025-12-30,327,1173.0,650710.5399999999,2,Recently Active,Recent purchase activity
CUST03140,2025-12-31,1088,3968.0,2336151.9899999993,1,Recently Active,Recent purchase activity
CUST03141,2025-12-25,307,1109.0,664425.42,7,Active - Monitor,Monitor purchase recency
CUST03142,2025-12-30,325,1117.0,644538.6599999999,2,Recently Active,Recent purchase activity
CUST03143,2025-12-31,471,1702.0,1008689.5099999999,1,Recently Active,Recent purchase activity
CUST03144,2025-12-24,334,1181.0,692229.8300000001,8,Inactivity Watch,Review customer engagement
CUST03145,2025-12-30,347,1320.0,784109.15,2,Recently Active,Recent purchase activity
CUST03146,2025-12-28,488,1722.0,1053989.16,4,Active - Monitor,Monitor purchase recency
CUST03147,2025-12-31,310,1106.0,640845.0200000001,1,Recently Active,Recent purchase activity
CUST03148,2025-12-31,469,1704.0,1027273.2700000003,1,Recently Active,Recent purchase activity
CUST03149,2025-12-30,489,1767.0,1043644.9100000001,2,Recently Active,Recent purchase activity
CUST03150,2025-12-31,1094,4126.0,2297943.9400000004,1,Recently Active,Recent purchase activity
CUST03151,2025-12-29,311,1118.0,698923.8799999999,3,Recently Active,Recent purchase activity
CUST03152,2025-12-31,466,1715.0,937002.1499999999,1,Recently Active,Recent purchase activity
CUST03153,2025-12-31,656,2343.0,1451387.5,1,Recently Active,Recent purchase activity
CUST03154,2025-12-20,437,1526.0,936570.2199999999,12,Inactivity Watch,Review customer engagement
CUST03155,2025-12-24,321,1079.0,632542.19,8,Inactivity Watch,Review customer engagement
CUST03156,2025-12-31,323,1093.0,612266.6900000001,1,Recently Active,Recent purchase activity
CUST03157,2025-12-31,321,1235.0,725331.4400000001,1,Recently Active,Recent purchase activity
CUST03158,2025-12-30,327,1268.0,757583.9600000001,2,Recently Active,Recent purchase activity
CUST03159,2025-12-27,497,1816.0,1045088.2599999999,5,Active - Monitor,Monitor purchase recency
CUST03160,2025-12-27,447,1685.0,1032449.7399999999,5,Active - Monitor,Monitor purchase recency
CUST03161,2025-12-27,323,1234.0,757379.7500000001,5,Active - Monitor,Monitor purchase recency
CUST03162,2025-12-31,1030,3747.0,2193836.7600000002,1,Recently Active,Recent purchase activity
CUST03163,2025-12-28,447,1644.0,967737.5499999998,4,Active - Monitor,Monitor purchase recency
CUST03164,2025-12-30,1059,3682.0,2137388.4200000004,2,Recently Active,Recent purchase activity
CUST03165,2025-12-30,325,1227.0,669944.0499999999,2,Recently Active,Recent purchase activity
CUST03166,2025-12-31,444,1656.0,1000853.0099999998,1,Recently Active,Recent purchase activity
CUST03167,2025-12-31,329,1243.0,740833.84,1,Recently Active,Recent purchase activity
CUST03168,2025-12-30,1095,3892.0,2378008.5299999993,2,Recently Active,Recent purchase activity
CUST03169,2025-12-31,314,1151.0,668551.0700000001,1,Recently Active,Recent purchase activity
CUST03170,2025-12-31,371,1334.0,800105.7500000001,1,Recently Active,Recent purchase activity
CUST03171,2025-12-27,431,1570.0,889765.01,5,Active - Monitor,Monitor purchase recency
CUST03172,2025-12-27,321,1162.0,653552.0499999999,5,Active - Monitor,Monitor purchase recency
CUST03173,2025-12-31,725,2682.0,1589101.46,1,Recently Active,Recent purchase activity
CUST03174,2025-12-27,320,1157.0,706933.68,5,Active - Monitor,Monitor purchase recency
CUST03175,2025-12-30,318,1161.0,669779.98,2,Recently Active,Recent purchase activity
CUST03176,2025-12-31,349,1186.0,694655.19,1,Recently Active,Recent purchase activity
CUST03177,2025-12-27,316,1106.0,593550.45,5,Active - Monitor,Monitor purchase recency
CUST03178,2025-12-31,670,2464.0,1420887.77,1,Recently Active,Recent purchase activity
CUST03179,2025-12-30,1077,3869.0,2220958.249999999,2,Recently Active,Recent purchase activity
CUST03180,2025-12-31,1096,4057.0,2266761.229999999,1,Recently Active,Recent purchase activity
CUST03181,2025-12-31,1085,4006.0,2288077.6299999994,1,Recently Active,Recent purchase activity
CUST03182,2025-12-26,313,1152.0,627847.96,6,Active - Monitor,Monitor purchase recency
CUST03183,2025-12-31,480,1863.0,1143468.7699999998,1,Recently Active,Recent purchase activity
CUST03184,2025-12-30,318,1109.0,643874.63,2,Recently Active,Recent purchase activity
CUST03185,2025-12-27,687,2497.0,1408894.17,5,Active - Monitor,Monitor purchase recency
CUST03186,2025-12-31,1077,3787.0,2174810.59,1,Recently Active,Recent purchase activity
CUST03187,2025-12-30,337,1181.0,688417.77,2,Recently Active,Recent purchase activity
CUST03188,2025-12-24,467,1648.0,978891.13,8,Inactivity Watch,Review customer engagement
CUST03189,2025-12-30,454,1705.0,977819.1499999999,2,Recently Active,Recent purchase activity
CUST03190,2025-12-31,1090,3900.0,2337680.4899999998,1,Recently Active,Recent purchase activity
CUST03191,2025-12-27,662,2342.0,1391400.8999999997,5,Active - Monitor,Monitor purchase recency
CUST03192,2025-12-31,723,2660.0,1459993.2399999998,1,Recently Active,Recent purchase activity
CUST03193,2025-12-30,704,2536.0,1588942.4300000002,2,Recently Active,Recent purchase activity
CUST03194,2025-12-31,1108,3977.0,2413753.3999999994,1,Recently Active,Recent purchase activity
CUST03195,2025-12-30,1089,3869.0,2316465.0,2,Recently Active,Recent purchase activity
CUST03196,2025-12-30,343,1267.0,695420.1699999999,2,Recently Active,Recent purchase activity
CUST03197,2025-12-31,1026,3657.0,2070490.8299999998,1,Recently Active,Recent purchase activity
CUST03198,2025-12-30,482,1639.0,1011730.79,2,Recently Active,Recent purchase activity
CUST03199,2025-12-28,315,1144.0,642297.4,4,Active - Monitor,Monitor purchase recency
CUST03200,2025-12-30,454,1605.0,956822.46,2,Recently Active,Recent purchase activity
CUST03201,2025-12-30,462,1704.0,1059247.21,2,Recently Active,Recent purchase activity
CUST03202,2025-12-26,455,1583.0,995906.69,6,Active - Monitor,Monitor purchase recency
CUST03203,2025-12-31,315,1169.0,651381.9600000001,1,Recently Active,Recent purchase activity
CUST03204,2025-12-28,488,1780.0,1076588.05,4,Active - Monitor,Monitor purchase recency
CUST03205,2025-12-30,494,1793.0,1008656.5200000001,2,Recently Active,Recent purchase activity
CUST03206,2025-12-31,323,1183.0,672908.3499999999,1,Recently Active,Recent purchase activity
CUST03207,2025-12-31,703,2556.0,1449284.5299999998,1,Recently Active,Recent purchase activity
CUST03208,2025-12-31,460,1625.0,933779.89,1,Recently Active,Recent purchase activity
CUST03209,2025-12-30,688,2467.0,1390149.47,2,Recently Active,Recent purchase activity
CUST03210,2025-12-27,475,1695.0,1058865.05,5,Active - Monitor,Monitor purchase recency
CUST03211,2025-12-31,1063,3831.0,2261922.2599999993,1,Recently Active,Recent purchase activity
CUST03212,2025-12-28,664,2417.0,1411429.3400000005,4,Active - Monitor,Monitor purchase recency
CUST03213,2025-12-31,517,1844.0,1132821.7399999998,1,Recently Active,Recent purchase activity
CUST03214,2025-12-31,334,1199.0,693065.24,1,Recently Active,Recent purchase activity
CUST03215,2025-12-28,438,1640.0,925055.1600000001,4,Active - Monitor,Monitor purchase recency
CUST03216,2025-12-26,469,1644.0,1010114.6900000001,6,Active - Monitor,Monitor purchase recency
CUST03217,2025-12-29,428,1526.0,843690.2500000001,3,Recently Active,Recent purchase activity
CUST03218,2025-12-29,720,2608.0,1513514.5799999998,3,Recently Active,Recent purchase activity
CUST03219,2025-12-31,1083,3886.0,2271616.7899999996,1,Recently Active,Recent purchase activity
CUST03220,2025-12-30,508,1850.0,1030095.3800000002,2,Recently Active,Recent purchase activity
CUST03221,2025-12-30,313,1109.0,621507.4,2,Recently Active,Recent purchase activity
CUST03222,2025-12-30,682,2478.0,1452971.8899999997,2,Recently Active,Recent purchase activity
CUST03223,2025-12-25,358,1321.0,757598.1799999999,7,Active - Monitor,Monitor purchase recency
CUST03224,2025-12-29,453,1682.0,1048984.36,3,Recently Active,Recent purchase activity
CUST03225,2025-12-30,317,1117.0,646640.2000000001,2,Recently Active,Recent purchase activity
CUST03226,2025-12-17,309,1120.0,689810.44,15,Extended Inactivity,Review individually; inactivity is not proof of churn
CUST03227,2025-12-27,495,1812.0,1032207.9000000001,5,Active - Monitor,Monitor purchase recency
CUST03228,2025-12-31,669,2427.0,1398540.83,1,Recently Active,Recent purchase activity
CUST03229,2025-12-29,723,2561.0,1476628.5199999996,3,Recently Active,Recent purchase activity
CUST03230,2025-12-27,470,1732.0,1031344.49,5,Active - Monitor,Monitor purchase recency
CUST03231,2025-12-31,692,2443.0,1398436.34,1,Recently Active,Recent purchase activity
CUST03232,2025-12-31,448,1682.0,969355.0700000001,1,Recently Active,Recent purchase activity
CUST03233,2025-12-29,452,1573.0,847878.06,3,Recently Active,Recent purchase activity
CUST03234,2025-12-30,304,1173.0,734477.7100000001,2,Recently Active,Recent purchase activity
CUST03235,2025-12-29,468,1690.0,971220.3299999998,3,Recently Active,Recent purchase activity
CUST03236,2025-12-28,742,2790.0,1669263.13,4,Active - Monitor,Monitor purchase recency
CUST03237,2025-12-31,478,1753.0,1016454.59,1,Recently Active,Recent purchase activity
CUST03238,2025-12-30,694,2535.0,1367461.0300000003,2,Recently Active,Recent purchase activity
CUST03239,2025-12-31,1082,4037.0,2310947.4799999995,1,Recently Active,Recent purchase activity
CUST03240,2025-12-27,1055,3724.0,2155636.6300000004,5,Active - Monitor,Monitor purchase recency
CUST03241,2025-12-31,1108,3979.0,2282350.6099999994,1,Recently Active,Recent purchase activity
CUST03242,2025-12-31,722,2579.0,1418109.4,1,Recently Active,Recent purchase activity
CUST03243,2025-12-27,1095,3916.0,2215279.43,5,Active - Monitor,Monitor purchase recency
CUST03244,2025-12-31,460,1607.0,923743.4900000001,1,Recently Active,Recent purchase activity
CUST03245,2025-12-30,341,1184.0,717994.0700000001,2,Recently Active,Recent purchase activity
CUST03246,2025-12-27,680,2465.0,1388969.5200000003,5,Active - Monitor,Monitor purchase recency
CUST03247,2025-12-31,324,1195.0,629810.53,1,Recently Active,Recent purchase activity
CUST03248,2025-12-29,455,1639.0,920550.5,3,Recently Active,Recent purchase activity
CUST03249,2025-12-31,1077,3980.0,2360265.319999999,1,Recently Active,Recent purchase activity
CUST03250,2025-12-30,735,2667.0,1530844.2600000002,2,Recently Active,Recent purchase activity
CUST03251,2025-12-29,339,1184.0,748149.0599999999,3,Recently Active,Recent purchase activity
CUST03252,2025-12-31,290,1073.0,577250.49,1,Recently Active,Recent purchase activity
CUST03253,2025-12-31,494,1724.0,1062381.2400000002,1,Recently Active,Recent purchase activity
CUST03254,2025-12-31,741,2585.0,1401451.45,1,Recently Active,Recent purchase activity
CUST03255,2025-12-29,710,2558.0,1472562.23,3,Recently Active,Recent purchase activity
CUST03256,2025-12-31,687,2515.0,1403112.8299999996,1,Recently Active,Recent purchase activity
CUST03257,2025-12-31,353,1309.0,837399.8600000001,1,Recently Active,Recent purchase activity
CUST03258,2025-12-31,728,2615.0,1450573.88,1,Recently Active,Recent purchase activity
CUST03259,2025-12-30,485,1684.0,858407.7200000001,2,Recently Active,Recent purchase activity
CUST03260,2025-12-30,488,1808.0,1095703.4800000002,2,Recently Active,Recent purchase activity
CUST03261,2025-12-30,1061,3901.0,2191978.09,2,Recently Active,Recent purchase activity
CUST03262,2025-12-29,487,1749.0,999594.44,3,Recently Active,Recent purchase activity
CUST03263,2025-12-30,323,1152.0,624723.3700000001,2,Recently Active,Recent purchase activity
CUST03264,2025-12-30,348,1255.0,686392.57,2,Recently Active,Recent purchase activity
CUST03265,2025-12-29,485,1701.0,946330.02,3,Recently Active,Recent purchase activity
CUST03266,2025-12-31,503,1777.0,1035517.9100000001,1,Recently Active,Recent purchase activity
CUST03267,2025-12-31,1057,3861.0,2275640.09,1,Recently Active,Recent purchase activity
CUST03268,2025-12-25,459,1625.0,950333.95,7,Active - Monitor,Monitor purchase recency
CUST03269,2025-12-31,466,1735.0,1018984.1099999998,1,Recently Active,Recent purchase activity
CUST03270,2025-12-29,635,2304.0,1364566.3099999998,3,Recently Active,Recent purchase activity
CUST03271,2025-12-31,684,2528.0,1509864.14,1,Recently Active,Recent purchase activity
CUST03272,2025-12-30,1121,4037.0,2329030.0399999996,2,Recently Active,Recent purchase activity
CUST03273,2025-12-30,448,1700.0,974708.8200000001,2,Recently Active,Recent purchase activity
CUST03274,2025-12-30,1068,3938.0,2266853.5599999996,2,Recently Active,Recent purchase activity
CUST03275,2025-12-31,459,1587.0,960492.41,1,Recently Active,Recent purchase activity
CUST03276,2025-12-26,346,1156.0,682578.5700000001,6,Active - Monitor,Monitor purchase recency
CUST03277,2025-12-31,357,1334.0,777054.2900000002,1,Recently Active,Recent purchase activity
CUST03278,2025-12-29,502,1826.0,1069173.2100000002,3,Recently Active,Recent purchase activity
CUST03279,2025-12-31,701,2605.0,1425661.4100000004,1,Recently Active,Recent purchase activity
CUST03280,2025-12-28,336,1260.0,780917.8300000001,4,Active - Monitor,Monitor purchase recency
CUST03281,2025-12-30,459,1674.0,911466.1,2,Recently Active,Recent purchase activity
CUST03282,2025-12-26,322,1161.0,683873.17,6,Active - Monitor,Monitor purchase recency
CUST03283,2025-12-29,355,1265.0,721645.3500000001,3,Recently Active,Recent purchase activity
CUST03284,2025-12-26,314,1169.0,663537.14,6,Active - Monitor,Monitor purchase recency
CUST03285,2025-12-31,1022,3494.0,2056335.4999999995,1,Recently Active,Recent purchase activity
CUST03286,2025-12-31,1055,3897.0,2287114.6399999997,1,Recently Active,Recent purchase activity
CUST03287,2025-12-30,666,2421.0,1473466.8699999999,2,Recently Active,Recent purchase activity
CUST03288,2025-12-26,331,1158.0,699484.96,6,Active - Monitor,Monitor purchase recency
CUST03289,2025-12-31,1067,3866.0,2200281.5299999993,1,Recently Active,Recent purchase activity
CUST03290,2025-12-28,345,1293.0,714096.72,4,Active - Monitor,Monitor purchase recency
CUST03291,2025-12-31,305,1165.0,643744.1000000001,1,Recently Active,Recent purchase activity
CUST03292,2025-12-27,330,1217.0,740822.6000000001,5,Active - Monitor,Monitor purchase recency
CUST03293,2025-12-23,319,1216.0,723144.3700000001,9,Inactivity Watch,Review customer engagement
CUST03294,2025-12-31,336,1254.0,732822.44,1,Recently Active,Recent purchase activity
CUST03295,2025-12-30,326,1252.0,725773.89,2,Recently Active,Recent purchase activity
CUST03296,2025-12-30,356,1308.0,759078.72,2,Recently Active,Recent purchase activity
CUST03297,2025-12-31,674,2457.0,1411868.65,1,Recently Active,Recent purchase activity
CUST03298,2025-12-30,1079,4011.0,2270472.519999999,2,Recently Active,Recent purchase activity
CUST03299,2025-12-31,1092,3862.0,2262018.8899999997,1,Recently Active,Recent purchase activity
CUST03300,2025-12-31,705,2554.0,1557200.0999999996,1,Recently Active,Recent purchase activity
CUST03301,2025-12-30,458,1688.0,987525.14,2,Recently Active,Recent purchase activity
CUST03302,2025-12-29,454,1616.0,931710.3,3,Recently Active,Recent purchase activity
CUST03303,2025-12-30,1105,3949.0,2234998.59,2,Recently Active,Recent purchase activity
CUST03304,2025-12-29,331,1243.0,697976.07,3,Recently Active,Recent purchase activity
CUST03305,2025-12-28,696,2597.0,1458943.12,4,Active - Monitor,Monitor purchase recency
CUST03306,2025-12-29,321,1101.0,673171.4300000002,3,Recently Active,Recent purchase activity
CUST03307,2025-12-27,335,1254.0,644249.7400000001,5,Active - Monitor,Monitor purchase recency
CUST03308,2025-12-30,465,1641.0,895157.79,2,Recently Active,Recent purchase activity
CUST03309,2025-12-30,647,2320.0,1345771.3399999999,2,Recently Active,Recent purchase activity
CUST03310,2025-12-29,1098,4005.0,2349902.340000001,3,Recently Active,Recent purchase activity
CUST03311,2025-12-31,311,1153.0,681229.3100000002,1,Recently Active,Recent purchase activity
CUST03312,2025-12-30,328,1188.0,639808.77,2,Recently Active,Recent purchase activity
CUST03313,2025-12-31,699,2671.0,1548188.2299999995,1,Recently Active,Recent purchase activity
CUST03314,2025-12-31,451,1650.0,1042414.4199999998,1,Recently Active,Recent purchase activity
CUST03315,2025-12-31,338,1214.0,723227.94,1,Recently Active,Recent purchase activity
CUST03316,2025-12-31,437,1620.0,982776.0200000001,1,Recently Active,Recent purchase activity
CUST03317,2025-12-31,679,2443.0,1468817.4399999997,1,Recently Active,Recent purchase activity
CUST03318,2025-12-31,713,2547.0,1496114.0999999996,1,Recently Active,Recent purchase activity
CUST03319,2025-12-31,689,2530.0,1480077.0199999998,1,Recently Active,Recent purchase activity
CUST03320,2025-12-28,286,1007.0,595175.56,4,Active - Monitor,Monitor purchase recency
CUST03321,2025-12-31,359,1312.0,743490.2500000001,1,Recently Active,Recent purchase activity
CUST03322,2025-12-27,361,1235.0,718189.33,5,Active - Monitor,Monitor purchase recency
CUST03323,2025-12-31,312,1137.0,607770.6699999999,1,Recently Active,Recent purchase activity
CUST03324,2025-12-31,483,1759.0,996934.45,1,Recently Active,Recent purchase activity
CUST03325,2025-12-29,474,1805.0,1056686.2200000002,3,Recently Active,Recent purchase activity
CUST03326,2025-12-29,342,1250.0,720800.0800000001,3,Recently Active,Recent purchase activity
CUST03327,2025-12-23,486,1740.0,1044327.2700000001,9,Inactivity Watch,Review customer engagement
CUST03328,2025-12-31,308,1105.0,593464.66,1,Recently Active,Recent purchase activity
CUST03329,2025-12-31,1032,3713.0,2141995.01,1,Recently Active,Recent purchase activity
CUST03330,2025-12-29,469,1736.0,977405.2900000002,3,Recently Active,Recent purchase activity
CUST03331,2025-12-29,470,1736.0,1043863.0699999998,3,Recently Active,Recent purchase activity
CUST03332,2025-12-29,348,1341.0,768676.19,3,Recently Active,Recent purchase activity
CUST03333,2025-12-24,302,1107.0,684892.6500000001,8,Inactivity Watch,Review customer engagement
CUST03334,2025-12-29,679,2440.0,1453096.71,3,Recently Active,Recent purchase activity
CUST03335,2025-12-30,503,1838.0,1126766.4299999997,2,Recently Active,Recent purchase activity
CUST03336,2025-12-23,362,1352.0,818895.43,9,Inactivity Watch,Review customer engagement
CUST03337,2025-12-31,321,1221.0,702950.3499999999,1,Recently Active,Recent purchase activity
CUST03338,2025-12-31,1065,3893.0,2255460.2600000002,1,Recently Active,Recent purchase activity
CUST03339,2025-12-31,330,1251.0,744745.53,1,Recently Active,Recent purchase activity
CUST03340,2025-12-29,339,1226.0,715753.3700000001,3,Recently Active,Recent purchase activity
CUST03341,2025-12-31,639,2199.0,1235964.6900000002,1,Recently Active,Recent purchase activity
CUST03342,2025-12-31,1048,3812.0,2152956.379999999,1,Recently Active,Recent purchase activity
CUST03343,2025-12-31,726,2729.0,1531593.5899999999,1,Recently Active,Recent purchase activity
CUST03344,2025-12-28,312,1144.0,671177.0099999999,4,Active - Monitor,Monitor purchase recency
CUST03345,2025-12-31,716,2569.0,1458980.9099999997,1,Recently Active,Recent purchase activity
CUST03346,2025-12-28,324,1216.0,651593.1700000002,4,Active - Monitor,Monitor purchase recency
CUST03347,2025-12-31,494,1810.0,1095903.6300000001,1,Recently Active,Recent purchase activity
CUST03348,2025-12-28,318,1184.0,615005.8300000001,4,Active - Monitor,Monitor purchase recency
CUST03349,2025-12-30,315,1184.0,663423.2700000001,2,Recently Active,Recent purchase activity
CUST03350,2025-12-27,454,1725.0,988391.2500000001,5,Active - Monitor,Monitor purchase recency
CUST03351,2025-12-29,354,1307.0,813882.3699999999,3,Recently Active,Recent purchase activity
CUST03352,2025-12-30,668,2444.0,1454568.36,2,Recently Active,Recent purchase activity
CUST03353,2025-12-31,486,1686.0,933506.6000000001,1,Recently Active,Recent purchase activity
CUST03354,2025-12-30,509,1867.0,1106211.2799999998,2,Recently Active,Recent purchase activity
CUST03355,2025-12-27,451,1643.0,1002570.9499999998,5,Active - Monitor,Monitor purchase recency
CUST03356,2025-12-29,682,2515.0,1517204.1900000002,3,Recently Active,Recent purchase activity
CUST03357,2025-12-30,451,1628.0,994988.3300000001,2,Recently Active,Recent purchase activity
CUST03358,2025-12-31,699,2428.0,1427994.6699999997,1,Recently Active,Recent purchase activity
CUST03359,2025-12-28,318,1237.0,710631.2300000002,4,Active - Monitor,Monitor purchase recency
CUST03360,2025-12-30,491,1755.0,1030107.01,2,Recently Active,Recent purchase activity
CUST03361,2025-12-30,457,1631.0,976649.3700000001,2,Recently Active,Recent purchase activity
CUST03362,2025-12-31,315,1174.0,715912.4899999999,1,Recently Active,Recent purchase activity
CUST03363,2025-12-29,350,1259.0,759333.88,3,Recently Active,Recent purchase activity
CUST03364,2025-12-31,453,1615.0,972446.25,1,Recently Active,Recent purchase activity
CUST03365,2025-12-31,512,1878.0,1098697.74,1,Recently Active,Recent purchase activity
CUST03366,2025-12-31,677,2313.0,1412125.5299999996,1,Recently Active,Recent purchase activity
CUST03367,2025-12-31,681,2469.0,1396080.39,1,Recently Active,Recent purchase activity
CUST03368,2025-12-30,463,1739.0,1036915.8299999998,2,Recently Active,Recent purchase activity
CUST03369,2025-12-31,498,1852.0,1072036.01,1,Recently Active,Recent purchase activity
CUST03370,2025-12-30,339,1257.0,807098.36,2,Recently Active,Recent purchase activity
CUST03371,2025-12-31,1140,4251.0,2588512.98,1,Recently Active,Recent purchase activity
CUST03372,2025-12-31,510,1944.0,1126851.69,1,Recently Active,Recent purchase activity
CUST03373,2025-12-29,344,1198.0,766705.71,3,Recently Active,Recent purchase activity
CUST03374,2025-12-31,725,2602.0,1556540.3699999996,1,Recently Active,Recent purchase activity
CUST03375,2025-12-31,450,1700.0,927781.7199999997,1,Recently Active,Recent purchase activity
CUST03376,2025-12-29,483,1694.0,1043127.2699999998,3,Recently Active,Recent purchase activity
CUST03377,2025-12-30,1054,3815.0,2192756.259999999,2,Recently Active,Recent purchase activity
CUST03378,2025-12-29,487,1880.0,1153500.25,3,Recently Active,Recent purchase activity
CUST03379,2025-12-30,1081,3839.0,2195765.059999999,2,Recently Active,Recent purchase activity
CUST03380,2025-12-29,468,1581.0,912696.15,3,Recently Active,Recent purchase activity
CUST03381,2025-12-26,690,2436.0,1363215.88,6,Active - Monitor,Monitor purchase recency
CUST03382,2025-12-29,417,1515.0,953424.3200000001,3,Recently Active,Recent purchase activity
CUST03383,2025-12-31,488,1715.0,1011355.9700000002,1,Recently Active,Recent purchase activity
CUST03384,2025-12-31,471,1725.0,1044469.36,1,Recently Active,Recent purchase activity
CUST03385,2025-12-29,453,1647.0,972361.0800000001,3,Recently Active,Recent purchase activity
CUST03386,2025-12-31,375,1426.0,902139.4299999999,1,Recently Active,Recent purchase activity
CUST03387,2025-12-31,473,1755.0,1001330.4700000001,1,Recently Active,Recent purchase activity
CUST03388,2025-12-27,406,1426.0,819340.61,5,Active - Monitor,Monitor purchase recency
CUST03389,2025-12-30,716,2679.0,1587758.55,2,Recently Active,Recent purchase activity
CUST03390,2025-12-31,314,1150.0,660675.7500000001,1,Recently Active,Recent purchase activity
CUST03391,2025-12-29,340,1214.0,686547.7000000002,3,Recently Active,Recent purchase activity
CUST03392,2025-12-29,467,1755.0,974134.48,3,Recently Active,Recent purchase activity
CUST03393,2025-12-29,474,1742.0,997522.9199999999,3,Recently Active,Recent purchase activity
CUST03394,2025-12-31,319,1092.0,589561.2900000002,1,Recently Active,Recent purchase activity
CUST03395,2025-12-27,334,1217.0,725922.8800000001,5,Active - Monitor,Monitor purchase recency
CUST03396,2025-12-27,476,1722.0,985702.3200000001,5,Active - Monitor,Monitor purchase recency
CUST03397,2025-12-31,472,1762.0,978920.1800000002,1,Recently Active,Recent purchase activity
CUST03398,2025-12-31,349,1251.0,676516.0800000001,1,Recently Active,Recent purchase activity
CUST03399,2025-12-31,1036,3627.0,2201787.2399999993,1,Recently Active,Recent purchase activity
CUST03400,2025-12-25,325,1167.0,705897.1799999999,7,Active - Monitor,Monitor purchase recency
CUST03401,2025-12-27,693,2546.0,1528000.5599999998,5,Active - Monitor,Monitor purchase recency
CUST03402,2025-12-27,318,1200.0,707415.5600000002,5,Active - Monitor,Monitor purchase recency
CUST03403,2025-12-29,321,1157.0,664954.2100000001,3,Recently Active,Recent purchase activity
CUST03404,2025-12-31,461,1603.0,1012753.9899999998,1,Recently Active,Recent purchase activity
CUST03405,2025-12-31,720,2685.0,1642266.67,1,Recently Active,Recent purchase activity
CUST03406,2025-12-31,331,1240.0,723270.5100000001,1,Recently Active,Recent purchase activity
CUST03407,2025-12-30,469,1636.0,891086.3599999999,2,Recently Active,Recent purchase activity
CUST03408,2025-12-30,428,1566.0,854524.1799999999,2,Recently Active,Recent purchase activity
CUST03409,2025-12-30,428,1517.0,933765.25,2,Recently Active,Recent purchase activity
CUST03410,2025-12-31,476,1638.0,1026773.1000000001,1,Recently Active,Recent purchase activity
CUST03411,2025-12-31,653,2316.0,1305482.1500000001,1,Recently Active,Recent purchase activity
CUST03412,2025-12-28,347,1279.0,729052.86,4,Active - Monitor,Monitor purchase recency
CUST03413,2025-12-30,726,2725.0,1526880.7299999995,2,Recently Active,Recent purchase activity
CUST03414,2025-12-28,1085,3849.0,2300276.5399999996,4,Active - Monitor,Monitor purchase recency
CUST03415,2025-12-31,312,1118.0,617068.29,1,Recently Active,Recent purchase activity
CUST03416,2025-12-30,670,2417.0,1517816.8799999997,2,Recently Active,Recent purchase activity
CUST03417,2025-12-30,454,1706.0,916595.75,2,Recently Active,Recent purchase activity
CUST03418,2025-12-15,335,1254.0,710414.29,17,Extended Inactivity,Review individually; inactivity is not proof of churn
CUST03419,2025-12-30,422,1472.0,919901.4599999998,2,Recently Active,Recent purchase activity
CUST03420,2025-12-31,708,2606.0,1554208.99,1,Recently Active,Recent purchase activity
CUST03421,2025-12-31,456,1645.0,918806.1000000001,1,Recently Active,Recent purchase activity
CUST03422,2025-12-31,327,1195.0,707878.9999999999,1,Recently Active,Recent purchase activity
CUST03423,2025-12-31,1050,3883.0,2245813.4199999995,1,Recently Active,Recent purchase activity
CUST03424,2025-12-31,336,1234.0,715270.97,1,Recently Active,Recent purchase activity
CUST03425,2025-12-29,352,1245.0,681221.5500000002,3,Recently Active,Recent purchase activity
CUST03426,2025-12-27,300,1114.0,618811.62,5,Active - Monitor,Monitor purchase recency
CUST03427,2025-12-31,1040,3790.0,2130842.7799999993,1,Recently Active,Recent purchase activity
CUST03428,2025-12-30,308,1135.0,654208.47,2,Recently Active,Recent purchase activity
CUST03429,2025-12-31,707,2631.0,1519219.6199999996,1,Recently Active,Recent purchase activity
CUST03430,2025-12-30,704,2647.0,1499763.2899999998,2,Recently Active,Recent purchase activity
CUST03431,2025-12-31,332,1151.0,612896.8599999999,1,Recently Active,Recent purchase activity
CUST03432,2025-12-31,705,2599.0,1542027.9100000001,1,Recently Active,Recent purchase activity
CUST03433,2025-12-31,472,1723.0,989150.4299999999,1,Recently Active,Recent purchase activity
CUST03434,2025-12-27,427,1465.0,908133.3300000001,5,Active - Monitor,Monitor purchase recency
CUST03435,2025-12-26,476,1687.0,1011835.3799999999,6,Active - Monitor,Monitor purchase recency
CUST03436,2025-12-26,339,1224.0,696358.9199999999,6,Active - Monitor,Monitor purchase recency
CUST03437,2025-12-27,313,1153.0,696780.64,5,Active - Monitor,Monitor purchase recency
CUST03438,2025-12-30,316,1142.0,713171.54,2,Recently Active,Recent purchase activity
CUST03439,2025-12-30,311,1109.0,684488.26,2,Recently Active,Recent purchase activity
CUST03440,2025-12-28,484,1843.0,1137618.11,4,Active - Monitor,Monitor purchase recency
CUST03441,2025-12-30,321,1164.0,681221.21,2,Recently Active,Recent purchase activity
CUST03442,2025-12-29,330,1164.0,646450.9199999999,3,Recently Active,Recent purchase activity
CUST03443,2025-12-31,458,1674.0,922793.4600000002,1,Recently Active,Recent purchase activity
CUST03444,2025-12-29,492,1834.0,1125786.74,3,Recently Active,Recent purchase activity
CUST03445,2025-12-31,705,2444.0,1409626.31,1,Recently Active,Recent purchase activity
CUST03446,2025-12-30,337,1188.0,670463.97,2,Recently Active,Recent purchase activity
CUST03447,2025-12-31,718,2648.0,1613341.01,1,Recently Active,Recent purchase activity
CUST03448,2025-12-28,323,1198.0,690965.6400000001,4,Active - Monitor,Monitor purchase recency
CUST03449,2025-12-30,698,2603.0,1504167.42,2,Recently Active,Recent purchase activity
CUST03450,2025-12-31,1094,3881.0,2256613.139999999,1,Recently Active,Recent purchase activity
CUST03451,2025-12-30,346,1261.0,774737.76,2,Recently Active,Recent purchase activity
CUST03452,2025-12-31,496,1754.0,1035961.1099999999,1,Recently Active,Recent purchase activity
CUST03453,2025-12-29,304,1062.0,676634.1400000001,3,Recently Active,Recent purchase activity
CUST03454,2025-12-31,493,1701.0,979331.0200000003,1,Recently Active,Recent purchase activity
CUST03455,2025-12-30,446,1613.0,959224.3,2,Recently Active,Recent purchase activity
CUST03456,2025-12-31,651,2304.0,1262133.43,1,Recently Active,Recent purchase activity
CUST03457,2025-12-31,758,2676.0,1517375.9599999995,1,Recently Active,Recent purchase activity
CUST03458,2025-12-30,473,1744.0,1044553.9199999999,2,Recently Active,Recent purchase activity
CUST03459,2025-12-15,331,1174.0,636925.3500000001,17,Extended Inactivity,Review individually; inactivity is not proof of churn
CUST03460,2025-12-23,334,1199.0,628795.2699999998,9,Inactivity Watch,Review customer engagement
CUST03461,2025-12-31,430,1585.0,935654.0299999999,1,Recently Active,Recent purchase activity
CUST03462,2025-12-31,1083,4086.0,2417050.4299999992,1,Recently Active,Recent purchase activity
CUST03463,2025-12-31,435,1599.0,897913.8800000001,1,Recently Active,Recent purchase activity
CUST03464,2025-12-29,340,1288.0,683562.51,3,Recently Active,Recent purchase activity
CUST03465,2025-12-31,1107,4017.0,2302976.37,1,Recently Active,Recent purchase activity
CUST03466,2025-12-31,718,2630.0,1509494.4,1,Recently Active,Recent purchase activity
CUST03467,2025-12-27,452,1615.0,942794.89,5,Active - Monitor,Monitor purchase recency
CUST03468,2025-12-31,479,1729.0,1021144.9100000004,1,Recently Active,Recent purchase activity
CUST03469,2025-12-22,315,1136.0,640904.9099999999,10,Inactivity Watch,Review customer engagement
CUST03470,2025-12-31,1024,3709.0,2078954.4899999998,1,Recently Active,Recent purchase activity
CUST03471,2025-12-29,342,1214.0,738617.6400000001,3,Recently Active,Recent purchase activity
CUST03472,2025-12-31,698,2536.0,1486515.9700000002,1,Recently Active,Recent purchase activity
CUST03473,2025-12-29,482,1736.0,1005867.8,3,Recently Active,Recent purchase activity
CUST03474,2025-12-26,715,2677.0,1531508.9699999993,6,Active - Monitor,Monitor purchase recency
CUST03475,2025-12-31,325,1153.0,724421.0200000001,1,Recently Active,Recent purchase activity
CUST03476,2025-12-31,469,1702.0,982131.0100000001,1,Recently Active,Recent purchase activity
CUST03477,2025-12-30,429,1640.0,901874.0,2,Recently Active,Recent purchase activity
CUST03478,2025-12-31,454,1690.0,1045493.9300000004,1,Recently Active,Recent purchase activity
CUST03479,2025-12-30,484,1749.0,1028844.23,2,Recently Active,Recent purchase activity
CUST03480,2025-12-30,1045,3855.0,2255071.9999999995,2,Recently Active,Recent purchase activity
CUST03481,2025-12-28,459,1608.0,945679.7999999999,4,Active - Monitor,Monitor purchase recency
CUST03482,2025-12-30,316,1143.0,686940.9100000001,2,Recently Active,Recent purchase activity
CUST03483,2025-12-28,496,1883.0,1108847.2899999998,4,Active - Monitor,Monitor purchase recency
CUST03484,2025-12-30,1025,3791.0,2260959.249999999,2,Recently Active,Recent purchase activity
CUST03485,2025-12-29,384,1380.0,760930.8000000002,3,Recently Active,Recent purchase activity
CUST03486,2025-12-29,323,1211.0,735895.62,3,Recently Active,Recent purchase activity
CUST03487,2025-12-29,331,1151.0,686858.77,3,Recently Active,Recent purchase activity
CUST03488,2025-12-26,374,1377.0,834347.8900000001,6,Active - Monitor,Monitor purchase recency
CUST03489,2025-12-30,511,1925.0,1215900.92,2,Recently Active,Recent purchase activity
CUST03490,2025-12-24,338,1309.0,730929.4800000001,8,Inactivity Watch,Review customer engagement
CUST03491,2025-12-23,334,1199.0,717656.3600000001,9,Inactivity Watch,Review customer engagement
CUST03492,2025-12-27,315,1212.0,652479.7000000002,5,Active - Monitor,Monitor purchase recency
CUST03493,2025-12-29,447,1597.0,960328.5300000001,3,Recently Active,Recent purchase activity
CUST03494,2025-12-30,498,1783.0,1054265.2,2,Recently Active,Recent purchase activity
CUST03495,2025-12-31,462,1688.0,1096582.29,1,Recently Active,Recent purchase activity
CUST03496,2025-12-30,698,2581.0,1518811.64,2,Recently Active,Recent purchase activity
CUST03497,2025-12-31,667,2434.0,1355326.12,1,Recently Active,Recent purchase activity
CUST03498,2025-12-28,308,1019.0,574549.61,4,Active - Monitor,Monitor purchase recency
CUST03499,2025-12-31,482,1729.0,976625.8799999999,1,Recently Active,Recent purchase activity
CUST03500,2025-12-27,321,1153.0,712328.3200000001,5,Active - Monitor,Monitor purchase recency
CUST03501,2025-12-28,476,1732.0,926700.4999999999,4,Active - Monitor,Monitor purchase recency
CUST03502,2025-12-31,1059,3847.0,2188240.019999999,1,Recently Active,Recent purchase activity
CUST03503,2025-12-30,677,2352.0,1289805.8099999998,2,Recently Active,Recent purchase activity
CUST03504,2025-12-31,484,1785.0,1046023.7599999999,1,Recently Active,Recent purchase activity
CUST03505,2025-12-25,324,1162.0,724089.9200000002,7,Active - Monitor,Monitor purchase recency
CUST03506,2025-12-28,359,1257.0,747066.16,4,Active - Monitor,Monitor purchase recency
CUST03507,2025-12-29,470,1724.0,1001923.2100000002,3,Recently Active,Recent purchase activity
CUST03508,2025-12-23,310,1187.0,673318.52,9,Inactivity Watch,Review customer engagement
CUST03509,2025-12-30,469,1680.0,1032474.0499999999,2,Recently Active,Recent purchase activity
CUST03510,2025-12-28,301,1088.0,600163.8400000001,4,Active - Monitor,Monitor purchase recency
CUST03511,2025-12-31,325,1103.0,640751.05,1,Recently Active,Recent purchase activity
CUST03512,2025-12-31,718,2639.0,1532617.7799999998,1,Recently Active,Recent purchase activity
CUST03513,2025-12-27,438,1594.0,996477.8900000001,5,Active - Monitor,Monitor purchase recency
CUST03514,2025-12-29,348,1349.0,704676.8700000001,3,Recently Active,Recent purchase activity
CUST03515,2025-12-30,677,2547.0,1487238.8299999996,2,Recently Active,Recent purchase activity
CUST03516,2025-12-31,483,1790.0,1069978.81,1,Recently Active,Recent purchase activity
CUST03517,2025-12-28,730,2586.0,1551898.05,4,Active - Monitor,Monitor purchase recency
CUST03518,2025-12-31,694,2525.0,1492385.1800000004,1,Recently Active,Recent purchase activity
CUST03519,2025-12-30,707,2659.0,1550428.68,2,Recently Active,Recent purchase activity
CUST03520,2025-12-31,1070,3976.0,2254383.34,1,Recently Active,Recent purchase activity
CUST03521,2025-12-29,309,1139.0,683466.52,3,Recently Active,Recent purchase activity
CUST03522,2025-12-31,330,1189.0,643814.73,1,Recently Active,Recent purchase activity
CUST03523,2025-12-31,674,2413.0,1430623.95,1,Recently Active,Recent purchase activity
CUST03524,2025-12-31,692,2452.0,1416532.8999999997,1,Recently Active,Recent purchase activity
CUST03525,2025-12-30,472,1791.0,1013504.9800000002,2,Recently Active,Recent purchase activity
CUST03526,2025-12-27,467,1611.0,943969.0499999998,5,Active - Monitor,Monitor purchase recency
CUST03527,2025-12-31,327,1226.0,716088.9000000001,1,Recently Active,Recent purchase activity
CUST03528,2025-12-31,329,1157.0,666446.9200000002,1,Recently Active,Recent purchase activity
CUST03529,2025-12-29,334,1231.0,727625.02,3,Recently Active,Recent purchase activity
CUST03530,2025-12-31,320,1151.0,649065.91,1,Recently Active,Recent purchase activity
CUST03531,2025-12-29,486,1739.0,985660.3,3,Recently Active,Recent purchase activity
CUST03532,2025-12-31,465,1660.0,963294.75,1,Recently Active,Recent purchase activity
CUST03533,2025-12-29,676,2469.0,1437870.25,3,Recently Active,Recent purchase activity
CUST03534,2025-12-28,301,1040.0,618791.22,4,Active - Monitor,Monitor purchase recency
CUST03535,2025-12-31,693,2475.0,1374054.3499999996,1,Recently Active,Recent purchase activity
CUST03536,2025-12-29,320,1062.0,616379.2599999999,3,Recently Active,Recent purchase activity
CUST03537,2025-12-23,307,1097.0,593683.2299999999,9,Inactivity Watch,Review customer engagement
CUST03538,2025-12-31,439,1642.0,896174.5199999999,1,Recently Active,Recent purchase activity
CUST03539,2025-12-30,458,1721.0,965868.08,2,Recently Active,Recent purchase activity
CUST03540,2025-12-29,756,2732.0,1615643.0899999999,3,Recently Active,Recent purchase activity
CUST03541,2025-12-31,461,1700.0,1034447.99,1,Recently Active,Recent purchase activity
CUST03542,2025-12-31,1118,3932.0,2420604.11,1,Recently Active,Recent purchase activity
CUST03543,2025-12-31,478,1750.0,1056299.7199999995,1,Recently Active,Recent purchase activity
CUST03544,2025-12-30,305,1006.0,580166.27,2,Recently Active,Recent purchase activity
CUST03545,2025-12-31,430,1586.0,966461.7900000002,1,Recently Active,Recent purchase activity
CUST03546,2025-12-28,655,2484.0,1394383.99,4,Active - Monitor,Monitor purchase recency
CUST03547,2025-12-31,480,1751.0,1046754.05,1,Recently Active,Recent purchase activity
CUST03548,2025-12-30,300,996.0,605700.06,2,Recently Active,Recent purchase activity
CUST03549,2025-12-30,452,1714.0,958964.5200000003,2,Recently Active,Recent purchase activity
CUST03550,2025-12-31,449,1592.0,934469.79,1,Recently Active,Recent purchase activity
CUST03551,2025-12-31,430,1600.0,927012.7799999998,1,Recently Active,Recent purchase activity
CUST03552,2025-12-26,485,1677.0,947489.6299999999,6,Active - Monitor,Monitor purchase recency
CUST03553,2025-12-27,332,1224.0,734518.3300000001,5,Active - Monitor,Monitor purchase recency
CUST03554,2025-12-30,672,2540.0,1390624.0599999998,2,Recently Active,Recent purchase activity
CUST03555,2025-12-31,311,1124.0,647466.6699999999,1,Recently Active,Recent purchase activity
CUST03556,2025-12-18,304,1150.0,719288.7699999999,14,Inactivity Watch,Review customer engagement
CUST03557,2025-12-25,502,1772.0,1064561.61,7,Active - Monitor,Monitor purchase recency
CUST03558,2025-12-29,483,1662.0,965662.91,3,Recently Active,Recent purchase activity
CUST03559,2025-12-29,310,1105.0,653716.0,3,Recently Active,Recent purchase activity
CUST03560,2025-12-29,335,1147.0,660735.8599999999,3,Recently Active,Recent purchase activity
CUST03561,2025-12-29,444,1608.0,909345.2400000001,3,Recently Active,Recent purchase activity
CUST03562,2025-12-31,1122,4112.0,2369574.1499999994,1,Recently Active,Recent purchase activity
CUST03563,2025-12-31,647,2363.0,1453267.49,1,Recently Active,Recent purchase activity
CUST03564,2025-12-31,736,2703.0,1575597.4799999997,1,Recently Active,Recent purchase activity
CUST03565,2025-12-20,486,1688.0,931498.64,12,Inactivity Watch,Review customer engagement
CUST03566,2025-12-29,686,2563.0,1426332.91,3,Recently Active,Recent purchase activity
CUST03567,2025-12-30,1050,3835.0,2220750.9599999995,2,Recently Active,Recent purchase activity
CUST03568,2025-12-24,338,1167.0,670896.41,8,Inactivity Watch,Review customer engagement
CUST03569,2025-12-30,480,1869.0,1104114.14,2,Recently Active,Recent purchase activity
CUST03570,2025-12-31,716,2700.0,1531616.8599999999,1,Recently Active,Recent purchase activity
CUST03571,2025-12-30,678,2390.0,1295113.3099999998,2,Recently Active,Recent purchase activity
CUST03572,2025-12-29,691,2506.0,1337369.9300000002,3,Recently Active,Recent purchase activity
CUST03573,2025-12-31,1116,3929.0,2310076.5500000003,1,Recently Active,Recent purchase activity
CUST03574,2025-12-31,274,1025.0,596866.48,1,Recently Active,Recent purchase activity
CUST03575,2025-12-31,447,1643.0,942457.8099999998,1,Recently Active,Recent purchase activity
CUST03576,2025-12-23,332,1173.0,648356.5699999998,9,Inactivity Watch,Review customer engagement
CUST03577,2025-12-30,500,1877.0,1138232.48,2,Recently Active,Recent purchase activity
CUST03578,2025-12-29,321,1211.0,712967.92,3,Recently Active,Recent purchase activity
CUST03579,2025-12-27,465,1740.0,1040492.9400000001,5,Active - Monitor,Monitor purchase recency
CUST03580,2025-12-31,455,1700.0,998608.3899999999,1,Recently Active,Recent purchase activity
CUST03581,2025-12-27,454,1680.0,927207.3800000001,5,Active - Monitor,Monitor purchase recency
CUST03582,2025-12-31,325,1231.0,715045.8200000001,1,Recently Active,Recent purchase activity
CUST03583,2025-12-30,678,2568.0,1484367.41,2,Recently Active,Recent purchase activity
CUST03584,2025-12-30,317,1109.0,648579.47,2,Recently Active,Recent purchase activity
CUST03585,2025-12-27,496,1797.0,981572.9600000001,5,Active - Monitor,Monitor purchase recency
CUST03586,2025-12-30,1038,3745.0,2228470.539999999,2,Recently Active,Recent purchase activity
CUST03587,2025-12-29,707,2648.0,1557903.2499999995,3,Recently Active,Recent purchase activity
CUST03588,2025-12-28,477,1756.0,1061531.19,4,Active - Monitor,Monitor purchase recency
CUST03589,2025-12-29,325,1173.0,646181.2500000001,3,Recently Active,Recent purchase activity
CUST03590,2025-12-31,315,1106.0,695137.7399999999,1,Recently Active,Recent purchase activity
CUST03591,2025-12-31,692,2416.0,1380188.4700000002,1,Recently Active,Recent purchase activity
CUST03592,2025-12-24,327,1206.0,651812.1399999999,8,Inactivity Watch,Review customer engagement
CUST03593,2025-12-27,324,1251.0,667982.42,5,Active - Monitor,Monitor purchase recency
CUST03594,2025-12-29,485,1622.0,953138.1600000001,3,Recently Active,Recent purchase activity
CUST03595,2025-12-28,346,1208.0,707710.73,4,Active - Monitor,Monitor purchase recency
CUST03596,2025-12-31,726,2638.0,1586603.3299999996,1,Recently Active,Recent purchase activity
CUST03597,2025-12-30,493,1740.0,1031506.4199999999,2,Recently Active,Recent purchase activity
CUST03598,2025-12-30,751,2765.0,1613931.32,2,Recently Active,Recent purchase activity
CUST03599,2025-12-28,330,1222.0,682736.8,4,Active - Monitor,Monitor purchase recency
CUST03600,2025-12-31,1053,3858.0,2220526.8799999994,1,Recently Active,Recent purchase activity
CUST03601,2025-12-31,1092,3979.0,2446160.909999999,1,Recently Active,Recent purchase activity
CUST03602,2025-12-31,477,1746.0,1059374.5699999998,1,Recently Active,Recent purchase activity
CUST03603,2025-12-29,319,1082.0,699341.28,3,Recently Active,Recent purchase activity
CUST03604,2025-12-31,332,1247.0,743323.87,1,Recently Active,Recent purchase activity
CUST03605,2025-12-31,1071,3741.0,2077746.2000000004,1,Recently Active,Recent purchase activity
CUST03606,2025-12-30,449,1615.0,871989.5099999999,2,Recently Active,Recent purchase activity
CUST03607,2025-12-30,334,1262.0,683040.77,2,Recently Active,Recent purchase activity
CUST03608,2025-12-27,322,1168.0,728184.4599999998,5,Active - Monitor,Monitor purchase recency
CUST03609,2025-12-30,1033,3820.0,2201366.7699999996,2,Recently Active,Recent purchase activity
CUST03610,2025-12-31,1051,3788.0,2219964.869999999,1,Recently Active,Recent purchase activity
CUST03611,2025-12-24,308,1104.0,643860.5599999999,8,Inactivity Watch,Review customer engagement
CUST03612,2025-12-31,468,1689.0,1041825.6000000001,1,Recently Active,Recent purchase activity
CUST03613,2025-12-28,733,2544.0,1496115.4099999997,4,Active - Monitor,Monitor purchase recency
CUST03614,2025-12-31,691,2499.0,1383085.1399999994,1,Recently Active,Recent purchase activity
CUST03615,2025-12-31,484,1775.0,1054495.8300000003,1,Recently Active,Recent purchase activity
CUST03616,2025-12-31,726,2533.0,1525097.9899999995,1,Recently Active,Recent purchase activity
CUST03617,2025-12-30,710,2556.0,1478987.9200000002,2,Recently Active,Recent purchase activity
CUST03618,2025-12-26,463,1712.0,1025071.7800000001,6,Active - Monitor,Monitor purchase recency
CUST03619,2025-12-31,484,1796.0,1016711.2500000001,1,Recently Active,Recent purchase activity
CUST03620,2025-12-31,727,2566.0,1518912.4099999995,1,Recently Active,Recent purchase activity
CUST03621,2025-12-30,738,2671.0,1499517.5100000005,2,Recently Active,Recent purchase activity
CUST03622,2025-12-28,339,1212.0,755371.6300000001,4,Active - Monitor,Monitor purchase recency
CUST03623,2025-12-30,435,1660.0,985451.0200000001,2,Recently Active,Recent purchase activity
CUST03624,2025-12-27,438,1572.0,839744.02,5,Active - Monitor,Monitor purchase recency
CUST03625,2025-12-29,1063,3924.0,2272758.2800000003,3,Recently Active,Recent purchase activity
CUST03626,2025-12-30,460,1623.0,919305.3500000001,2,Recently Active,Recent purchase activity
CUST03627,2025-12-30,357,1290.0,792183.3400000001,2,Recently Active,Recent purchase activity
CUST03628,2025-12-28,334,1235.0,691567.7699999999,4,Active - Monitor,Monitor purchase recency
CUST03629,2025-12-31,1137,4065.0,2402991.2999999993,1,Recently Active,Recent purchase activity
CUST03630,2025-12-31,454,1575.0,972138.8200000002,1,Recently Active,Recent purchase activity
CUST03631,2025-12-30,318,1166.0,735278.2400000001,2,Recently Active,Recent purchase activity
CUST03632,2025-12-25,460,1661.0,984289.2500000002,7,Active - Monitor,Monitor purchase recency
CUST03633,2025-12-29,317,1157.0,626819.3900000001,3,Recently Active,Recent purchase activity
CUST03634,2025-12-29,348,1278.0,716394.95,3,Recently Active,Recent purchase activity
CUST03635,2025-12-31,321,1197.0,766776.6100000001,1,Recently Active,Recent purchase activity
CUST03636,2025-12-30,687,2432.0,1347166.9599999995,2,Recently Active,Recent purchase activity
CUST03637,2025-12-31,693,2504.0,1466869.1,1,Recently Active,Recent purchase activity
CUST03638,2025-12-29,331,1184.0,640998.58,3,Recently Active,Recent purchase activity
CUST03639,2025-12-29,454,1566.0,898955.98,3,Recently Active,Recent purchase activity
CUST03640,2025-12-31,725,2686.0,1552779.1199999999,1,Recently Active,Recent purchase activity
CUST03641,2025-12-30,338,1299.0,708332.28,2,Recently Active,Recent purchase activity
CUST03642,2025-12-29,320,1134.0,631735.8200000001,3,Recently Active,Recent purchase activity
CUST03643,2025-12-31,687,2557.0,1594748.1400000001,1,Recently Active,Recent purchase activity
CUST03644,2025-12-23,441,1531.0,902522.2399999999,9,Inactivity Watch,Review customer engagement
CUST03645,2025-12-31,347,1210.0,750088.1399999999,1,Recently Active,Recent purchase activity
CUST03646,2025-12-31,467,1775.0,1046390.87,1,Recently Active,Recent purchase activity
CUST03647,2025-12-31,697,2555.0,1574418.0499999993,1,Recently Active,Recent purchase activity
CUST03648,2025-12-31,347,1191.0,707378.5300000001,1,Recently Active,Recent purchase activity
CUST03649,2025-12-31,493,1754.0,1010183.0599999999,1,Recently Active,Recent purchase activity
CUST03650,2025-12-24,295,1124.0,684694.83,8,Inactivity Watch,Review customer engagement
CUST03651,2025-12-31,331,1213.0,700183.17,1,Recently Active,Recent purchase activity
CUST03652,2025-12-31,710,2404.0,1414928.5099999993,1,Recently Active,Recent purchase activity
CUST03653,2025-12-30,481,1724.0,994101.2400000001,2,Recently Active,Recent purchase activity
CUST03654,2025-12-31,699,2491.0,1413575.01,1,Recently Active,Recent purchase activity
CUST03655,2025-12-31,325,1247.0,693637.8300000002,1,Recently Active,Recent purchase activity
CUST03656,2025-12-30,479,1772.0,1011105.18,2,Recently Active,Recent purchase activity
CUST03657,2025-12-30,323,1116.0,591594.3200000001,2,Recently Active,Recent purchase activity
CUST03658,2025-12-30,688,2430.0,1461880.5199999998,2,Recently Active,Recent purchase activity
CUST03659,2025-12-31,470,1740.0,1037411.76,1,Recently Active,Recent purchase activity
CUST03660,2025-12-29,1116,4040.0,2228949.1199999996,3,Recently Active,Recent purchase activity
CUST03661,2025-12-30,502,1845.0,1036065.16,2,Recently Active,Recent purchase activity
CUST03662,2025-12-23,286,1055.0,591201.92,9,Inactivity Watch,Review customer engagement
CUST03663,2025-12-29,474,1684.0,982191.61,3,Recently Active,Recent purchase activity
CUST03664,2025-12-30,996,3610.0,2113067.29,2,Recently Active,Recent purchase activity
CUST03665,2025-12-18,321,1179.0,751080.4500000001,14,Inactivity Watch,Review customer engagement
CUST03666,2025-12-27,323,1112.0,631843.7799999999,5,Active - Monitor,Monitor purchase recency
CUST03667,2025-12-31,527,1964.0,1077607.95,1,Recently Active,Recent purchase activity
CUST03668,2025-12-31,472,1656.0,940147.4900000001,1,Recently Active,Recent purchase activity
CUST03669,2025-12-26,317,1133.0,671235.49,6,Active - Monitor,Monitor purchase recency
CUST03670,2025-12-28,347,1182.0,720010.4900000001,4,Active - Monitor,Monitor purchase recency
CUST03671,2025-12-23,323,1171.0,708423.18,9,Inactivity Watch,Review customer engagement
CUST03672,2025-12-30,464,1731.0,1053603.52,2,Recently Active,Recent purchase activity
CUST03673,2025-12-31,1082,3787.0,2195158.079999999,1,Recently Active,Recent purchase activity
CUST03674,2025-12-29,455,1595.0,1029347.2600000001,3,Recently Active,Recent purchase activity
CUST03675,2025-12-31,439,1613.0,963092.8800000001,1,Recently Active,Recent purchase activity
CUST03676,2025-12-30,315,1114.0,648247.04,2,Recently Active,Recent purchase activity
CUST03677,2025-12-29,711,2600.0,1513852.6700000002,3,Recently Active,Recent purchase activity
CUST03678,2025-12-31,1116,3911.0,2295398.5699999994,1,Recently Active,Recent purchase activity
CUST03679,2025-12-31,689,2444.0,1490752.25,1,Recently Active,Recent purchase activity
CUST03680,2025-12-31,481,1702.0,924685.5400000002,1,Recently Active,Recent purchase activity
CUST03681,2025-12-31,1044,3708.0,2114385.6799999997,1,Recently Active,Recent purchase activity
CUST03682,2025-12-29,489,1757.0,998101.6499999999,3,Recently Active,Recent purchase activity
CUST03683,2025-12-27,317,1151.0,645005.21,5,Active - Monitor,Monitor purchase recency
CUST03684,2025-12-30,322,1113.0,634172.2000000001,2,Recently Active,Recent purchase activity
CUST03685,2025-12-25,321,1129.0,700638.2100000001,7,Active - Monitor,Monitor purchase recency
CUST03686,2025-12-30,488,1706.0,1030739.2100000002,2,Recently Active,Recent purchase activity
CUST03687,2025-12-21,304,1124.0,642952.75,11,Inactivity Watch,Review customer engagement
CUST03688,2025-12-20,349,1314.0,744727.5100000001,12,Inactivity Watch,Review customer engagement
CUST03689,2025-12-29,454,1679.0,1027325.69,3,Recently Active,Recent purchase activity
CUST03690,2025-12-30,694,2660.0,1526051.7199999997,2,Recently Active,Recent purchase activity
CUST03691,2025-12-31,463,1760.0,1013297.6199999999,1,Recently Active,Recent purchase activity
CUST03692,2025-12-29,674,2399.0,1451242.95,3,Recently Active,Recent purchase activity
CUST03693,2025-12-26,735,2629.0,1584841.2599999998,6,Active - Monitor,Monitor purchase recency
CUST03694,2025-12-28,328,1220.0,674593.6100000001,4,Active - Monitor,Monitor purchase recency
CUST03695,2025-12-30,1051,3866.0,2384080.6799999992,2,Recently Active,Recent purchase activity
CUST03696,2025-12-27,303,1159.0,617499.7399999998,5,Active - Monitor,Monitor purchase recency
CUST03697,2025-12-30,692,2564.0,1451757.4899999998,2,Recently Active,Recent purchase activity
CUST03698,2025-12-31,460,1697.0,973544.54,1,Recently Active,Recent purchase activity
CUST03699,2025-12-30,465,1652.0,922320.68,2,Recently Active,Recent purchase activity
CUST03700,2025-12-31,1125,4035.0,2334164.919999999,1,Recently Active,Recent purchase activity
CUST03701,2025-12-30,693,2537.0,1420341.28,2,Recently Active,Recent purchase activity
CUST03702,2025-12-25,348,1229.0,691059.74,7,Active - Monitor,Monitor purchase recency
CUST03703,2025-12-31,460,1578.0,964992.7300000001,1,Recently Active,Recent purchase activity
CUST03704,2025-12-31,475,1700.0,1049069.72,1,Recently Active,Recent purchase activity
CUST03705,2025-12-27,448,1660.0,1001924.09,5,Active - Monitor,Monitor purchase recency
CUST03706,2025-12-29,340,1160.0,680990.8800000001,3,Recently Active,Recent purchase activity
CUST03707,2025-12-31,728,2651.0,1558567.0699999998,1,Recently Active,Recent purchase activity
CUST03708,2025-12-28,312,1219.0,771038.5700000001,4,Active - Monitor,Monitor purchase recency
CUST03709,2025-12-31,1032,3787.0,2162370.169999999,1,Recently Active,Recent purchase activity
CUST03710,2025-12-29,709,2481.0,1509209.46,3,Recently Active,Recent purchase activity
CUST03711,2025-12-31,691,2329.0,1329782.82,1,Recently Active,Recent purchase activity
CUST03712,2025-12-24,487,1796.0,995479.5900000002,8,Inactivity Watch,Review customer engagement
CUST03713,2025-12-31,755,2696.0,1648691.8499999994,1,Recently Active,Recent purchase activity
CUST03714,2025-12-26,310,1153.0,656630.1200000001,6,Active - Monitor,Monitor purchase recency
CUST03715,2025-12-29,459,1722.0,980527.3199999998,3,Recently Active,Recent purchase activity
CUST03716,2025-12-25,493,1809.0,1115393.47,7,Active - Monitor,Monitor purchase recency
CUST03717,2025-12-31,437,1564.0,836039.85,1,Recently Active,Recent purchase activity
CUST03718,2025-12-31,474,1658.0,985894.97,1,Recently Active,Recent purchase activity
CUST03719,2025-12-31,727,2723.0,1622452.5399999996,1,Recently Active,Recent purchase activity
CUST03720,2025-12-30,309,1055.0,625618.4100000001,2,Recently Active,Recent purchase activity
CUST03721,2025-12-31,1106,3971.0,2342141.6299999994,1,Recently Active,Recent purchase activity
CUST03722,2025-12-31,463,1693.0,1032495.49,1,Recently Active,Recent purchase activity
CUST03723,2025-12-29,499,1901.0,1207819.48,3,Recently Active,Recent purchase activity
CUST03724,2025-12-31,1055,3796.0,2094338.2999999998,1,Recently Active,Recent purchase activity
CUST03725,2025-12-30,1033,3836.0,2300864.11,2,Recently Active,Recent purchase activity
CUST03726,2025-12-31,493,1770.0,1081182.0000000002,1,Recently Active,Recent purchase activity
CUST03727,2025-12-30,1103,4027.0,2402034.95,2,Recently Active,Recent purchase activity
CUST03728,2025-12-28,433,1578.0,887834.41,4,Active - Monitor,Monitor purchase recency
CUST03729,2025-12-28,319,1193.0,709122.09,4,Active - Monitor,Monitor purchase recency
CUST03730,2025-12-31,479,1787.0,1003322.5199999999,1,Recently Active,Recent purchase activity
CUST03731,2025-12-29,302,1072.0,670090.79,3,Recently Active,Recent purchase activity
CUST03732,2025-12-28,671,2441.0,1420902.6599999997,4,Active - Monitor,Monitor purchase recency
CUST03733,2025-12-31,299,1065.0,650228.39,1,Recently Active,Recent purchase activity
CUST03734,2025-12-31,523,1915.0,1130314.6399999997,1,Recently Active,Recent purchase activity
CUST03735,2025-12-20,316,1147.0,644867.8600000001,12,Inactivity Watch,Review customer engagement
CUST03736,2025-12-30,317,1179.0,626296.53,2,Recently Active,Recent purchase activity
CUST03737,2025-12-31,718,2564.0,1502828.9000000001,1,Recently Active,Recent purchase activity
CUST03738,2025-12-30,333,1158.0,609505.7300000001,2,Recently Active,Recent purchase activity
CUST03739,2025-12-31,1033,3754.0,2175534.6199999996,1,Recently Active,Recent purchase activity
CUST03740,2025-12-30,314,1135.0,629357.7999999999,2,Recently Active,Recent purchase activity
CUST03741,2025-12-28,444,1580.0,900722.9100000001,4,Active - Monitor,Monitor purchase recency
CUST03742,2025-12-30,488,1766.0,1049208.21,2,Recently Active,Recent purchase activity
CUST03743,2025-12-31,421,1605.0,934272.3300000001,1,Recently Active,Recent purchase activity
CUST03744,2025-12-30,334,1220.0,728962.61,2,Recently Active,Recent purchase activity
CUST03745,2025-12-31,704,2473.0,1484941.1399999997,1,Recently Active,Recent purchase activity
CUST03746,2025-12-31,329,1217.0,720363.2500000001,1,Recently Active,Recent purchase activity
CUST03747,2025-12-22,337,1195.0,745841.4099999999,10,Inactivity Watch,Review customer engagement
CUST03748,2025-12-30,456,1654.0,1045753.43,2,Recently Active,Recent purchase activity
CUST03749,2025-12-30,312,1119.0,719441.34,2,Recently Active,Recent purchase activity
CUST03750,2025-12-31,473,1767.0,1031383.99,1,Recently Active,Recent purchase activity
CUST03751,2025-12-23,328,1159.0,688883.1799999999,9,Inactivity Watch,Review customer engagement
CUST03752,2025-12-31,699,2667.0,1540647.35,1,Recently Active,Recent purchase activity
CUST03753,2025-12-29,341,1266.0,701042.05,3,Recently Active,Recent purchase activity
CUST03754,2025-12-31,478,1821.0,1065215.34,1,Recently Active,Recent purchase activity
CUST03755,2025-12-31,437,1604.0,868910.8600000001,1,Recently Active,Recent purchase activity
CUST03756,2025-12-31,719,2688.0,1486136.4999999995,1,Recently Active,Recent purchase activity
CUST03757,2025-12-30,315,1175.0,671218.58,2,Recently Active,Recent purchase activity
CUST03758,2025-12-31,476,1766.0,987561.3200000001,1,Recently Active,Recent purchase activity
CUST03759,2025-12-28,439,1621.0,987214.62,4,Active - Monitor,Monitor purchase recency
CUST03760,2025-12-31,311,1212.0,665373.2300000001,1,Recently Active,Recent purchase activity
CUST03761,2025-12-29,463,1670.0,917554.68,3,Recently Active,Recent purchase activity
CUST03762,2025-12-31,452,1630.0,996738.5799999998,1,Recently Active,Recent purchase activity
CUST03763,2025-12-28,331,1171.0,719199.5299999999,4,Active - Monitor,Monitor purchase recency
CUST03764,2025-12-19,482,1759.0,1040353.55,13,Inactivity Watch,Review customer engagement
CUST03765,2025-12-30,431,1589.0,962151.17,2,Recently Active,Recent purchase activity
CUST03766,2025-12-19,326,1148.0,700645.1199999999,13,Inactivity Watch,Review customer engagement
CUST03767,2025-12-30,491,1769.0,1072067.96,2,Recently Active,Recent purchase activity
CUST03768,2025-12-28,462,1709.0,1065066.22,4,Active - Monitor,Monitor purchase recency
CUST03769,2025-12-31,1061,3921.0,2329410.03,1,Recently Active,Recent purchase activity
CUST03770,2025-12-31,463,1596.0,894352.5800000001,1,Recently Active,Recent purchase activity
CUST03771,2025-12-27,334,1268.0,711211.64,5,Active - Monitor,Monitor purchase recency
CUST03772,2025-12-30,732,2596.0,1535029.57,2,Recently Active,Recent purchase activity
CUST03773,2025-12-30,458,1662.0,970859.3500000001,2,Recently Active,Recent purchase activity
CUST03774,2025-12-30,715,2572.0,1439261.3000000003,2,Recently Active,Recent purchase activity
CUST03775,2025-12-30,454,1642.0,892066.69,2,Recently Active,Recent purchase activity
CUST03776,2025-12-31,359,1268.0,794179.15,1,Recently Active,Recent purchase activity
CUST03777,2025-12-31,489,1771.0,973589.06,1,Recently Active,Recent purchase activity
CUST03778,2025-12-31,310,1140.0,673178.85,1,Recently Active,Recent purchase activity
CUST03779,2025-12-30,334,1252.0,726542.4400000001,2,Recently Active,Recent purchase activity
CUST03780,2025-12-30,441,1498.0,869001.7199999999,2,Recently Active,Recent purchase activity
CUST03781,2025-12-31,476,1709.0,984938.6000000001,1,Recently Active,Recent purchase activity
CUST03782,2025-12-25,324,1224.0,706697.7599999999,7,Active - Monitor,Monitor purchase recency
CUST03783,2025-12-21,313,1129.0,675084.77,11,Inactivity Watch,Review customer engagement
CUST03784,2025-12-22,313,1071.0,595134.5300000001,10,Inactivity Watch,Review customer engagement
CUST03785,2025-12-31,460,1695.0,1087646.77,1,Recently Active,Recent purchase activity
CUST03786,2025-12-30,447,1572.0,871982.5400000002,2,Recently Active,Recent purchase activity
CUST03787,2025-12-31,718,2662.0,1605113.88,1,Recently Active,Recent purchase activity
CUST03788,2025-12-30,311,1182.0,761143.64,2,Recently Active,Recent purchase activity
CUST03789,2025-12-17,504,1834.0,1057508.75,15,Extended Inactivity,Review individually; inactivity is not proof of churn
CUST03790,2025-12-24,306,1105.0,607446.8200000001,8,Inactivity Watch,Review customer engagement
CUST03791,2025-12-30,681,2400.0,1426979.2799999996,2,Recently Active,Recent purchase activity
CUST03792,2025-12-27,442,1585.0,900791.51,5,Active - Monitor,Monitor purchase recency
CUST03793,2025-12-24,311,1072.0,685522.1599999999,8,Inactivity Watch,Review customer engagement
CUST03794,2025-12-29,478,1688.0,933943.0800000001,3,Recently Active,Recent purchase activity
CUST03795,2025-12-31,703,2486.0,1379221.78,1,Recently Active,Recent purchase activity
CUST03796,2025-12-26,316,1150.0,722966.6,6,Active - Monitor,Monitor purchase recency
CUST03797,2025-12-22,310,1120.0,655051.2099999998,10,Inactivity Watch,Review customer engagement
CUST03798,2025-12-30,447,1586.0,914579.7100000002,2,Recently Active,Recent purchase activity
CUST03799,2025-12-31,312,1154.0,681422.3,1,Recently Active,Recent purchase activity
CUST03800,2025-12-30,306,1202.0,677582.0,2,Recently Active,Recent purchase activity
CUST03801,2025-12-30,332,1202.0,717815.1,2,Recently Active,Recent purchase activity
CUST03802,2025-12-28,330,1250.0,679979.0599999998,4,Active - Monitor,Monitor purchase recency
CUST03803,2025-12-29,679,2467.0,1423882.5699999998,3,Recently Active,Recent purchase activity
CUST03804,2025-12-30,1066,3753.0,2123974.39,2,Recently Active,Recent purchase activity
CUST03805,2025-12-30,338,1147.0,717222.1700000002,2,Recently Active,Recent purchase activity
CUST03806,2025-12-28,724,2667.0,1633679.4399999997,4,Active - Monitor,Monitor purchase recency
CUST03807,2025-12-21,461,1729.0,928845.5500000002,11,Inactivity Watch,Review customer engagement
CUST03808,2025-12-31,333,1255.0,738923.0099999998,1,Recently Active,Recent purchase activity
CUST03809,2025-12-23,500,1853.0,994146.35,9,Inactivity Watch,Review customer engagement
CUST03810,2025-12-28,336,1246.0,671840.7200000001,4,Active - Monitor,Monitor purchase recency
CUST03811,2025-12-25,328,1118.0,628786.3,7,Active - Monitor,Monitor purchase recency
CUST03812,2025-12-31,328,1179.0,646731.8299999998,1,Recently Active,Recent purchase activity
CUST03813,2025-12-29,489,1729.0,1107258.8000000003,3,Recently Active,Recent purchase activity
CUST03814,2025-12-30,494,1701.0,928868.2300000001,2,Recently Active,Recent purchase activity
CUST03815,2025-12-31,328,1151.0,714225.9500000001,1,Recently Active,Recent purchase activity
CUST03816,2025-12-29,324,1173.0,704533.71,3,Recently Active,Recent purchase activity
CUST03817,2025-12-31,473,1771.0,1017743.1000000002,1,Recently Active,Recent purchase activity
CUST03818,2025-12-31,712,2583.0,1491310.9200000002,1,Recently Active,Recent purchase activity
CUST03819,2025-12-31,323,1112.0,724546.6900000002,1,Recently Active,Recent purchase activity
CUST03820,2025-12-29,451,1649.0,1016344.2700000003,3,Recently Active,Recent purchase activity
CUST03821,2025-12-27,439,1584.0,948280.48,5,Active - Monitor,Monitor purchase recency
CUST03822,2025-12-27,463,1757.0,996168.6500000001,5,Active - Monitor,Monitor purchase recency
CUST03823,2025-12-31,716,2582.0,1552473.87,1,Recently Active,Recent purchase activity
CUST03824,2025-12-25,355,1302.0,725375.46,7,Active - Monitor,Monitor purchase recency
CUST03825,2025-12-31,324,1182.0,694382.3900000001,1,Recently Active,Recent purchase activity
CUST03826,2025-12-31,316,1110.0,644803.0299999999,1,Recently Active,Recent purchase activity
CUST03827,2025-12-31,1038,3920.0,2434239.6799999997,1,Recently Active,Recent purchase activity
CUST03828,2025-12-30,297,984.0,541539.6599999999,2,Recently Active,Recent purchase activity
CUST03829,2025-12-31,698,2464.0,1483164.9700000004,1,Recently Active,Recent purchase activity
CUST03830,2025-12-28,340,1262.0,749826.9600000002,4,Active - Monitor,Monitor purchase recency
CUST03831,2025-12-27,498,1800.0,1034357.8899999999,5,Active - Monitor,Monitor purchase recency
CUST03832,2025-12-31,474,1725.0,916446.9299999999,1,Recently Active,Recent purchase activity
CUST03833,2025-12-31,689,2476.0,1473744.2499999998,1,Recently Active,Recent purchase activity
CUST03834,2025-12-29,317,1115.0,666899.23,3,Recently Active,Recent purchase activity
CUST03835,2025-12-28,449,1610.0,959315.8400000001,4,Active - Monitor,Monitor purchase recency
CUST03836,2025-12-31,685,2421.0,1377624.4400000002,1,Recently Active,Recent purchase activity
CUST03837,2025-12-31,1084,3949.0,2232481.9900000007,1,Recently Active,Recent purchase activity
CUST03838,2025-12-31,1022,3657.0,2163316.9399999995,1,Recently Active,Recent purchase activity
CUST03839,2025-12-31,1082,3902.0,2262129.5799999996,1,Recently Active,Recent purchase activity
CUST03840,2025-12-29,298,1043.0,609977.37,3,Recently Active,Recent purchase activity
CUST03841,2025-12-31,326,1172.0,719802.9100000001,1,Recently Active,Recent purchase activity
CUST03842,2025-12-29,438,1580.0,893271.32,3,Recently Active,Recent purchase activity
CUST03843,2025-12-31,344,1221.0,731480.77,1,Recently Active,Recent purchase activity
CUST03844,2025-12-30,1070,3872.0,2382420.67,2,Recently Active,Recent purchase activity
CUST03845,2025-12-31,467,1635.0,918838.67,1,Recently Active,Recent purchase activity
CUST03846,2025-12-24,328,1196.0,687015.87,8,Inactivity Watch,Review customer engagement
CUST03847,2025-12-30,1030,3718.0,2073326.75,2,Recently Active,Recent purchase activity
CUST03848,2025-12-31,297,1031.0,675050.11,1,Recently Active,Recent purchase activity
CUST03849,2025-12-29,488,1818.0,1094738.97,3,Recently Active,Recent purchase activity
CUST03850,2025-12-31,459,1616.0,962894.9500000001,1,Recently Active,Recent purchase activity
CUST03851,2025-12-30,742,2706.0,1597282.2799999998,2,Recently Active,Recent purchase activity
CUST03852,2025-12-29,452,1654.0,903492.7,3,Recently Active,Recent purchase activity
CUST03853,2025-12-31,342,1211.0,761845.3200000001,1,Recently Active,Recent purchase activity
CUST03854,2025-12-31,336,1258.0,671756.2100000001,1,Recently Active,Recent purchase activity
CUST03855,2025-12-31,465,1684.0,1027999.7,1,Recently Active,Recent purchase activity
CUST03856,2025-12-29,477,1737.0,1009793.7099999997,3,Recently Active,Recent purchase activity
CUST03857,2025-12-31,323,1143.0,668058.7400000001,1,Recently Active,Recent purchase activity
CUST03858,2025-12-30,451,1648.0,960852.7500000001,2,Recently Active,Recent purchase activity
CUST03859,2025-12-30,508,1901.0,1049452.26,2,Recently Active,Recent purchase activity
CUST03860,2025-12-25,312,1217.0,681489.2,7,Active - Monitor,Monitor purchase recency
CUST03861,2025-12-31,338,1229.0,739895.3900000001,1,Recently Active,Recent purchase activity
CUST03862,2025-12-29,367,1295.0,767748.81,3,Recently Active,Recent purchase activity
CUST03863,2025-12-26,448,1610.0,896701.99,6,Active - Monitor,Monitor purchase recency
CUST03864,2025-12-31,741,2703.0,1626218.5700000003,1,Recently Active,Recent purchase activity
CUST03865,2025-12-21,337,1176.0,684104.2100000001,11,Inactivity Watch,Review customer engagement
CUST03866,2025-12-31,480,1749.0,1054202.9999999998,1,Recently Active,Recent purchase activity
CUST03867,2025-12-30,689,2425.0,1441402.7899999998,2,Recently Active,Recent purchase activity
CUST03868,2025-12-31,463,1602.0,981248.5999999999,1,Recently Active,Recent purchase activity
CUST03869,2025-12-29,1071,3824.0,2177313.38,3,Recently Active,Recent purchase activity
CUST03870,2025-12-28,319,1137.0,593514.0000000001,4,Active - Monitor,Monitor purchase recency
CUST03871,2025-12-31,510,1811.0,1045051.7100000001,1,Recently Active,Recent purchase activity
CUST03872,2025-12-31,455,1646.0,974216.8700000001,1,Recently Active,Recent purchase activity
CUST03873,2025-12-30,330,1224.0,701690.4500000002,2,Recently Active,Recent purchase activity
CUST03874,2025-12-28,449,1724.0,999660.45,4,Active - Monitor,Monitor purchase recency
CUST03875,2025-12-25,471,1705.0,1077987.71,7,Active - Monitor,Monitor purchase recency
CUST03876,2025-12-31,280,1037.0,599773.7,1,Recently Active,Recent purchase activity
CUST03877,2025-12-29,455,1637.0,926715.5600000002,3,Recently Active,Recent purchase activity
CUST03878,2025-12-29,489,1769.0,1079540.5300000003,3,Recently Active,Recent purchase activity
CUST03879,2025-12-17,354,1321.0,804404.61,15,Extended Inactivity,Review individually; inactivity is not proof of churn
CUST03880,2025-12-31,324,1168.0,731893.5599999999,1,Recently Active,Recent purchase activity
CUST03881,2025-12-30,698,2497.0,1523986.7999999998,2,Recently Active,Recent purchase activity
CUST03882,2025-12-31,1094,3985.0,2271145.26,1,Recently Active,Recent purchase activity
CUST03883,2025-12-28,304,1109.0,657207.64,4,Active - Monitor,Monitor purchase recency
CUST03884,2025-12-27,442,1577.0,868054.4800000002,5,Active - Monitor,Monitor purchase recency
CUST03885,2025-12-30,470,1772.0,1021768.11,2,Recently Active,Recent purchase activity
CUST03886,2025-12-31,461,1730.0,1053597.5,1,Recently Active,Recent purchase activity
CUST03887,2025-12-30,311,1109.0,618311.3500000001,2,Recently Active,Recent purchase activity
CUST03888,2025-12-19,346,1193.0,634193.82,13,Inactivity Watch,Review customer engagement
CUST03889,2025-12-26,302,1067.0,609406.6,6,Active - Monitor,Monitor purchase recency
CUST03890,2025-12-29,318,1078.0,622844.2200000001,3,Recently Active,Recent purchase activity
CUST03891,2025-12-30,315,1187.0,690519.71,2,Recently Active,Recent purchase activity
CUST03892,2025-12-31,338,1226.0,665844.32,1,Recently Active,Recent purchase activity
CUST03893,2025-12-24,347,1207.0,732915.0000000001,8,Inactivity Watch,Review customer engagement
CUST03894,2025-12-28,301,1044.0,631351.15,4,Active - Monitor,Monitor purchase recency
CUST03895,2025-12-27,346,1201.0,761655.6199999999,5,Active - Monitor,Monitor purchase recency
CUST03896,2025-12-31,1063,3851.0,2190819.9699999997,1,Recently Active,Recent purchase activity
CUST03897,2025-12-30,339,1228.0,703927.2799999999,2,Recently Active,Recent purchase activity
CUST03898,2025-12-31,655,2333.0,1374907.5599999998,1,Recently Active,Recent purchase activity
CUST03899,2025-12-31,719,2679.0,1648722.5800000003,1,Recently Active,Recent purchase activity
CUST03900,2025-12-30,714,2697.0,1519015.5599999998,2,Recently Active,Recent purchase activity
CUST03901,2025-12-30,379,1361.0,742392.8300000001,2,Recently Active,Recent purchase activity
CUST03902,2025-12-31,1052,3679.0,2111116.89,1,Recently Active,Recent purchase activity
CUST03903,2025-12-31,302,1107.0,606663.8499999999,1,Recently Active,Recent purchase activity
CUST03904,2025-12-21,349,1246.0,709083.4,11,Inactivity Watch,Review customer engagement
CUST03905,2025-12-31,348,1251.0,712994.4799999999,1,Recently Active,Recent purchase activity
CUST03906,2025-12-23,322,1239.0,742621.7100000001,9,Inactivity Watch,Review customer engagement
CUST03907,2025-12-31,333,1198.0,680371.23,1,Recently Active,Recent purchase activity
CUST03908,2025-12-30,663,2335.0,1276030.0699999998,2,Recently Active,Recent purchase activity
CUST03909,2025-12-19,452,1631.0,911661.9,13,Inactivity Watch,Review customer engagement
CUST03910,2025-12-31,1073,3929.0,2312004.9499999993,1,Recently Active,Recent purchase activity
CUST03911,2025-12-31,466,1635.0,962625.2399999999,1,Recently Active,Recent purchase activity
CUST03912,2025-12-22,301,1061.0,627597.36,10,Inactivity Watch,Review customer engagement
CUST03913,2025-12-30,440,1727.0,936931.7599999999,2,Recently Active,Recent purchase activity
CUST03914,2025-12-28,335,1166.0,714167.59,4,Active - Monitor,Monitor purchase recency
CUST03915,2025-12-31,1078,3858.0,2334697.1799999997,1,Recently Active,Recent purchase activity
CUST03916,2025-12-30,433,1623.0,889875.6100000001,2,Recently Active,Recent purchase activity
CUST03917,2025-12-21,311,1178.0,780027.4199999999,11,Inactivity Watch,Review customer engagement
CUST03918,2025-12-30,417,1493.0,853968.7700000001,2,Recently Active,Recent purchase activity
CUST03919,2025-12-31,717,2615.0,1492726.2200000002,1,Recently Active,Recent purchase activity
CUST03920,2025-12-31,1081,3922.0,2190457.2599999993,1,Recently Active,Recent purchase activity
CUST03921,2025-12-31,486,1772.0,959081.29,1,Recently Active,Recent purchase activity
CUST03922,2025-12-30,437,1457.0,847829.97,2,Recently Active,Recent purchase activity
CUST03923,2025-12-30,473,1749.0,1029700.7800000001,2,Recently Active,Recent purchase activity
CUST03924,2025-12-26,351,1268.0,685538.4,6,Active - Monitor,Monitor purchase recency
CUST03925,2025-12-31,291,1055.0,619653.7000000001,1,Recently Active,Recent purchase activity
CUST03926,2025-12-31,493,1713.0,1018768.71,1,Recently Active,Recent purchase activity
CUST03927,2025-12-31,735,2668.0,1470713.49,1,Recently Active,Recent purchase activity
CUST03928,2025-12-31,434,1625.0,957646.91,1,Recently Active,Recent purchase activity
CUST03929,2025-12-30,1091,4106.0,2303870.08,2,Recently Active,Recent purchase activity
CUST03930,2025-12-31,484,1854.0,1119128.69,1,Recently Active,Recent purchase activity
CUST03931,2025-12-28,446,1650.0,968908.5100000002,4,Active - Monitor,Monitor purchase recency
CUST03932,2025-12-26,295,1033.0,657799.8099999999,6,Active - Monitor,Monitor purchase recency
CUST03933,2025-12-29,489,1755.0,1071888.89,3,Recently Active,Recent purchase activity
CUST03934,2025-12-26,322,1266.0,763439.4299999999,6,Active - Monitor,Monitor purchase recency
CUST03935,2025-12-30,409,1459.0,836986.49,2,Recently Active,Recent purchase activity
CUST03936,2025-12-27,457,1770.0,1016332.6600000001,5,Active - Monitor,Monitor purchase recency
CUST03937,2025-12-30,448,1672.0,992174.8500000001,2,Recently Active,Recent purchase activity
CUST03938,2025-12-30,705,2686.0,1650098.7499999998,2,Recently Active,Recent purchase activity
CUST03939,2025-12-31,483,1727.0,1035260.8900000001,1,Recently Active,Recent purchase activity
CUST03940,2025-12-29,465,1718.0,1047565.91,3,Recently Active,Recent purchase activity
CUST03941,2025-12-30,446,1654.0,993984.4099999999,2,Recently Active,Recent purchase activity
CUST03942,2025-12-25,317,1087.0,588009.89,7,Active - Monitor,Monitor purchase recency
CUST03943,2025-12-31,311,1121.0,683212.8800000001,1,Recently Active,Recent purchase activity
CUST03944,2025-12-31,316,1200.0,647322.12,1,Recently Active,Recent purchase activity
CUST03945,2025-12-30,755,2778.0,1600881.8900000001,2,Recently Active,Recent purchase activity
CUST03946,2025-12-30,325,1099.0,649767.87,2,Recently Active,Recent purchase activity
CUST03947,2025-12-31,1109,4186.0,2452113.8499999996,1,Recently Active,Recent purchase activity
CUST03948,2025-12-29,317,1057.0,610362.8700000002,3,Recently Active,Recent purchase activity
CUST03949,2025-12-30,688,2543.0,1503162.17,2,Recently Active,Recent purchase activity
CUST03950,2025-12-24,698,2555.0,1462706.0600000005,8,Inactivity Watch,Review customer engagement
CUST03951,2025-12-31,324,1108.0,641964.0199999999,1,Recently Active,Recent purchase activity
CUST03952,2025-12-24,449,1629.0,961522.03,8,Inactivity Watch,Review customer engagement
CUST03953,2025-12-31,480,1752.0,983434.3400000001,1,Recently Active,Recent purchase activity
CUST03954,2025-12-29,352,1252.0,684452.8599999998,3,Recently Active,Recent purchase activity
CUST03955,2025-12-29,327,1144.0,690293.68,3,Recently Active,Recent purchase activity
CUST03956,2025-12-30,721,2700.0,1556957.1700000002,2,Recently Active,Recent purchase activity
CUST03957,2025-12-30,477,1722.0,1053421.27,2,Recently Active,Recent purchase activity
CUST03958,2025-12-30,1039,3850.0,2305700.53,2,Recently Active,Recent purchase activity
CUST03959,2025-12-28,322,1119.0,612160.46,4,Active - Monitor,Monitor purchase recency
CUST03960,2025-12-29,333,1226.0,686539.1,3,Recently Active,Recent purchase activity
CUST03961,2025-12-31,462,1667.0,997309.27,1,Recently Active,Recent purchase activity
CUST03962,2025-12-31,484,1780.0,1020329.95,1,Recently Active,Recent purchase activity
CUST03963,2025-12-21,345,1200.0,718954.6200000001,11,Inactivity Watch,Review customer engagement
CUST03964,2025-12-25,313,1108.0,673151.41,7,Active - Monitor,Monitor purchase recency
CUST03965,2025-12-29,317,1136.0,664644.12,3,Recently Active,Recent purchase activity
CUST03966,2025-12-31,326,1231.0,755328.89,1,Recently Active,Recent purchase activity
CUST03967,2025-12-29,316,1181.0,664900.44,3,Recently Active,Recent purchase activity
CUST03968,2025-12-29,320,1214.0,760852.1200000001,3,Recently Active,Recent purchase activity
CUST03969,2025-12-31,341,1226.0,702224.3099999999,1,Recently Active,Recent purchase activity
CUST03970,2025-12-30,475,1760.0,1079532.01,2,Recently Active,Recent purchase activity
CUST03971,2025-12-23,343,1192.0,718522.91,9,Inactivity Watch,Review customer engagement
CUST03972,2025-12-30,499,1714.0,961401.0100000002,2,Recently Active,Recent purchase activity
CUST03973,2025-12-31,633,2248.0,1371929.4600000002,1,Recently Active,Recent purchase activity
CUST03974,2025-12-31,319,1217.0,744747.2099999998,1,Recently Active,Recent purchase activity
CUST03975,2025-12-30,295,1000.0,598470.8800000001,2,Recently Active,Recent purchase activity
CUST03976,2025-12-28,315,1103.0,685834.08,4,Active - Monitor,Monitor purchase recency
CUST03977,2025-12-31,343,1253.0,742506.2600000001,1,Recently Active,Recent purchase activity
CUST03978,2025-12-30,327,1240.0,779234.1500000001,2,Recently Active,Recent purchase activity
CUST03979,2025-12-30,1063,3865.0,2298119.499999999,2,Recently Active,Recent purchase activity
CUST03980,2025-12-26,341,1234.0,741660.4199999999,6,Active - Monitor,Monitor purchase recency
CUST03981,2025-12-29,338,1276.0,658897.2399999999,3,Recently Active,Recent purchase activity
CUST03982,2025-12-24,312,1161.0,713905.9099999999,8,Inactivity Watch,Review customer engagement
CUST03983,2025-12-29,341,1282.0,763851.6100000001,3,Recently Active,Recent purchase activity
CUST03984,2025-12-28,319,1094.0,599733.23,4,Active - Monitor,Monitor purchase recency
CUST03985,2025-12-30,713,2472.0,1399086.6199999996,2,Recently Active,Recent purchase activity
CUST03986,2025-12-30,313,1187.0,713697.01,2,Recently Active,Recent purchase activity
CUST03987,2025-12-29,461,1693.0,983717.97,3,Recently Active,Recent purchase activity
CUST03988,2025-12-28,341,1205.0,614275.0900000001,4,Active - Monitor,Monitor purchase recency
CUST03989,2025-12-31,679,2479.0,1480593.0699999998,1,Recently Active,Recent purchase activity
CUST03990,2025-12-28,1067,3965.0,2239843.3000000003,4,Active - Monitor,Monitor purchase recency
CUST03991,2025-12-31,317,1218.0,703898.2999999999,1,Recently Active,Recent purchase activity
CUST03992,2025-12-27,435,1681.0,947165.2799999999,5,Active - Monitor,Monitor purchase recency
CUST03993,2025-12-31,459,1631.0,978133.6499999999,1,Recently Active,Recent purchase activity
CUST03994,2025-12-30,296,1099.0,592200.26,2,Recently Active,Recent purchase activity
CUST03995,2025-12-27,340,1150.0,628758.7400000001,5,Active - Monitor,Monitor purchase recency
CUST03996,2025-12-31,385,1377.0,824220.6300000001,1,Recently Active,Recent purchase activity
CUST03997,2025-12-30,328,1232.0,656168.0599999999,2,Recently Active,Recent purchase activity
CUST03998,2025-12-19,323,1053.0,586917.1900000001,13,Inactivity Watch,Review customer engagement
CUST03999,2025-12-29,436,1501.0,874214.4499999998,3,Recently Active,Recent purchase activity
CUST04000,2025-12-31,337,1182.0,688277.3599999999,1,Recently Active,Recent purchase activity
CUST04001,2025-12-30,502,1856.0,1092199.4000000001,2,Recently Active,Recent purchase activity
CUST04002,2025-12-27,312,1124.0,699654.92,5,Active - Monitor,Monitor purchase recency
CUST04003,2025-12-28,325,1178.0,767853.75,4,Active - Monitor,Monitor purchase recency
CUST04004,2025-12-29,316,1275.0,731509.9600000001,3,Recently Active,Recent purchase activity
CUST04005,2025-12-28,432,1571.0,936256.6000000001,4,Active - Monitor,Monitor purchase recency
CUST04006,2025-12-26,308,1079.0,636969.24,6,Active - Monitor,Monitor purchase recency
CUST04007,2025-12-31,688,2495.0,1439912.5899999999,1,Recently Active,Recent purchase activity
CUST04008,2025-12-31,455,1748.0,982064.8900000001,1,Recently Active,Recent purchase activity
CUST04009,2025-12-31,329,1147.0,636450.34,1,Recently Active,Recent purchase activity
CUST04010,2025-12-31,325,1195.0,681347.4199999999,1,Recently Active,Recent purchase activity
CUST04011,2025-12-31,1065,3734.0,2152017.7,1,Recently Active,Recent purchase activity
CUST04012,2025-12-25,337,1154.0,718975.0700000001,7,Active - Monitor,Monitor purchase recency
CUST04013,2025-12-30,503,1856.0,1130208.41,2,Recently Active,Recent purchase activity
CUST04014,2025-12-31,478,1739.0,1068458.18,1,Recently Active,Recent purchase activity
CUST04015,2025-12-30,534,1955.0,1091693.51,2,Recently Active,Recent purchase activity
CUST04016,2025-12-30,446,1537.0,896293.5399999999,2,Recently Active,Recent purchase activity
CUST04017,2025-12-29,332,1246.0,716918.57,3,Recently Active,Recent purchase activity
CUST04018,2025-12-30,441,1588.0,1033616.6700000004,2,Recently Active,Recent purchase activity
CUST04019,2025-12-31,696,2559.0,1546510.5899999999,1,Recently Active,Recent purchase activity
CUST04020,2025-12-26,684,2436.0,1403647.3,6,Active - Monitor,Monitor purchase recency
CUST04021,2025-12-29,324,1161.0,717992.0900000001,3,Recently Active,Recent purchase activity
CUST04022,2025-12-31,737,2768.0,1546566.4099999997,1,Recently Active,Recent purchase activity
CUST04023,2025-12-31,467,1721.0,997274.6099999999,1,Recently Active,Recent purchase activity
CUST04024,2025-12-30,486,1764.0,1105477.43,2,Recently Active,Recent purchase activity
CUST04025,2025-12-31,445,1497.0,846754.27,1,Recently Active,Recent purchase activity
CUST04026,2025-12-28,480,1799.0,1089941.8499999999,4,Active - Monitor,Monitor purchase recency
CUST04027,2025-12-30,683,2584.0,1508844.03,2,Recently Active,Recent purchase activity
CUST04028,2025-12-27,489,1794.0,1003790.8799999998,5,Active - Monitor,Monitor purchase recency
CUST04029,2025-12-31,718,2533.0,1556369.8600000003,1,Recently Active,Recent purchase activity
CUST04030,2025-12-29,692,2597.0,1461676.8399999999,3,Recently Active,Recent purchase activity
CUST04031,2025-12-28,1029,3773.0,2211843.08,4,Active - Monitor,Monitor purchase recency
CUST04032,2025-12-28,712,2697.0,1512523.9699999997,4,Active - Monitor,Monitor purchase recency
CUST04033,2025-12-31,341,1306.0,774011.3600000001,1,Recently Active,Recent purchase activity
CUST04034,2025-12-28,290,1085.0,615977.13,4,Active - Monitor,Monitor purchase recency
CUST04035,2025-12-30,333,1203.0,733852.97,2,Recently Active,Recent purchase activity
CUST04036,2025-12-30,433,1532.0,913845.92,2,Recently Active,Recent purchase activity
CUST04037,2025-12-30,493,1670.0,956071.2199999999,2,Recently Active,Recent purchase activity
CUST04038,2025-12-30,1088,4051.0,2461450.99,2,Recently Active,Recent purchase activity
CUST04039,2025-12-29,458,1690.0,941480.04,3,Recently Active,Recent purchase activity
CUST04040,2025-12-30,455,1608.0,883986.4300000003,2,Recently Active,Recent purchase activity
CUST04041,2025-12-30,680,2499.0,1431391.2999999998,2,Recently Active,Recent purchase activity
CUST04042,2025-12-30,716,2440.0,1502733.8900000001,2,Recently Active,Recent purchase activity
CUST04043,2025-12-29,329,1267.0,763214.63,3,Recently Active,Recent purchase activity
CUST04044,2025-12-31,438,1650.0,919758.5100000002,1,Recently Active,Recent purchase activity
CUST04045,2025-12-31,1118,4110.0,2352034.0199999996,1,Recently Active,Recent purchase activity
CUST04046,2025-12-31,690,2458.0,1389994.0199999996,1,Recently Active,Recent purchase activity
CUST04047,2025-12-30,350,1217.0,692630.02,2,Recently Active,Recent purchase activity
CUST04048,2025-12-31,350,1318.0,720600.31,1,Recently Active,Recent purchase activity
CUST04049,2025-12-31,670,2431.0,1408843.1100000003,1,Recently Active,Recent purchase activity
CUST04050,2025-12-31,652,2340.0,1449453.72,1,Recently Active,Recent purchase activity
CUST04051,2025-12-31,714,2391.0,1327817.7999999998,1,Recently Active,Recent purchase activity
CUST04052,2025-12-29,313,1100.0,630420.78,3,Recently Active,Recent purchase activity
CUST04053,2025-12-31,705,2619.0,1536209.9699999997,1,Recently Active,Recent purchase activity
CUST04054,2025-12-31,1039,3864.0,2234938.9699999997,1,Recently Active,Recent purchase activity
CUST04055,2025-12-30,456,1624.0,1001116.5300000001,2,Recently Active,Recent purchase activity
CUST04056,2025-12-31,505,1928.0,1265893.63,1,Recently Active,Recent purchase activity
CUST04057,2025-12-26,312,1140.0,650109.3500000001,6,Active - Monitor,Monitor purchase recency
CUST04058,2025-12-30,327,1141.0,725938.06,2,Recently Active,Recent purchase activity
CUST04059,2025-12-24,333,1153.0,714037.7000000001,8,Inactivity Watch,Review customer engagement
CUST04060,2025-12-29,292,1118.0,643702.42,3,Recently Active,Recent purchase activity
CUST04061,2025-12-28,362,1301.0,774776.6700000002,4,Active - Monitor,Monitor purchase recency
CUST04062,2025-12-31,473,1699.0,1007959.73,1,Recently Active,Recent purchase activity
CUST04063,2025-12-30,338,1189.0,667010.52,2,Recently Active,Recent purchase activity
CUST04064,2025-12-31,1103,4074.0,2356791.2599999993,1,Recently Active,Recent purchase activity
CUST04065,2025-12-30,1045,3743.0,2246279.449999999,2,Recently Active,Recent purchase activity
CUST04066,2025-12-30,346,1226.0,748205.8799999999,2,Recently Active,Recent purchase activity
CUST04067,2025-12-31,1078,3954.0,2201885.7699999996,1,Recently Active,Recent purchase activity
CUST04068,2025-12-31,464,1625.0,957752.3699999998,1,Recently Active,Recent purchase activity
CUST04069,2025-12-31,696,2493.0,1444853.1700000002,1,Recently Active,Recent purchase activity
CUST04070,2025-12-26,474,1735.0,1063611.98,6,Active - Monitor,Monitor purchase recency
CUST04071,2025-12-30,345,1291.0,725116.7399999999,2,Recently Active,Recent purchase activity
CUST04072,2025-12-30,691,2521.0,1542913.4099999995,2,Recently Active,Recent purchase activity
CUST04073,2025-12-30,460,1713.0,984115.1100000002,2,Recently Active,Recent purchase activity
CUST04074,2025-12-31,711,2580.0,1490855.0199999998,1,Recently Active,Recent purchase activity
CUST04075,2025-12-31,683,2433.0,1427349.9999999995,1,Recently Active,Recent purchase activity
CUST04076,2025-12-29,672,2429.0,1446695.8000000003,3,Recently Active,Recent purchase activity
CUST04077,2025-12-31,443,1548.0,907335.56,1,Recently Active,Recent purchase activity
CUST04078,2025-12-30,699,2446.0,1429205.36,2,Recently Active,Recent purchase activity
CUST04079,2025-12-28,704,2484.0,1468047.44,4,Active - Monitor,Monitor purchase recency
CUST04080,2025-12-31,694,2549.0,1527509.5199999996,1,Recently Active,Recent purchase activity
CUST04081,2025-12-30,323,1201.0,644992.24,2,Recently Active,Recent purchase activity
CUST04082,2025-12-28,1104,3867.0,2234238.119999999,4,Active - Monitor,Monitor purchase recency
CUST04083,2025-12-31,707,2529.0,1528163.92,1,Recently Active,Recent purchase activity
CUST04084,2025-12-30,455,1595.0,884340.52,2,Recently Active,Recent purchase activity
CUST04085,2025-12-31,1093,3865.0,2221602.6399999987,1,Recently Active,Recent purchase activity
CUST04086,2025-12-25,462,1643.0,936628.6899999998,7,Active - Monitor,Monitor purchase recency
CUST04087,2025-12-30,486,1721.0,1046860.1599999999,2,Recently Active,Recent purchase activity
CUST04088,2025-12-31,715,2529.0,1371104.96,1,Recently Active,Recent purchase activity
CUST04089,2025-12-28,326,1140.0,681150.3900000001,4,Active - Monitor,Monitor purchase recency
CUST04090,2025-12-31,707,2432.0,1429383.9299999995,1,Recently Active,Recent purchase activity
CUST04091,2025-12-31,693,2466.0,1411308.99,1,Recently Active,Recent purchase activity
CUST04092,2025-12-31,663,2509.0,1455895.6799999997,1,Recently Active,Recent purchase activity
CUST04093,2025-12-31,492,1842.0,1101372.2600000002,1,Recently Active,Recent purchase activity
CUST04094,2025-12-31,353,1207.0,722758.66,1,Recently Active,Recent purchase activity
CUST04095,2025-12-31,709,2487.0,1386389.2899999996,1,Recently Active,Recent purchase activity
CUST04096,2025-12-26,352,1337.0,789982.73,6,Active - Monitor,Monitor purchase recency
CUST04097,2025-12-31,474,1696.0,984337.8600000001,1,Recently Active,Recent purchase activity
CUST04098,2025-12-31,693,2501.0,1441910.9400000002,1,Recently Active,Recent purchase activity
CUST04099,2025-12-31,670,2565.0,1529931.24,1,Recently Active,Recent purchase activity
CUST04100,2025-12-31,344,1233.0,620480.2700000001,1,Recently Active,Recent purchase activity
CUST04101,2025-12-31,699,2508.0,1492057.8199999996,1,Recently Active,Recent purchase activity
CUST04102,2025-12-29,431,1516.0,932947.1900000001,3,Recently Active,Recent purchase activity
CUST04103,2025-12-27,480,1675.0,999960.5299999998,5,Active - Monitor,Monitor purchase recency
CUST04104,2025-12-30,441,1587.0,953435.97,2,Recently Active,Recent purchase activity
CUST04105,2025-12-26,333,1172.0,688630.96,6,Active - Monitor,Monitor purchase recency
CUST04106,2025-12-27,699,2529.0,1377766.8799999997,5,Active - Monitor,Monitor purchase recency
CUST04107,2025-12-31,343,1245.0,650757.11,1,Recently Active,Recent purchase activity
CUST04108,2025-12-31,1045,3758.0,2301511.700000001,1,Recently Active,Recent purchase activity
CUST04109,2025-12-31,308,1099.0,674073.01,1,Recently Active,Recent purchase activity
CUST04110,2025-12-31,1058,3911.0,2281681.51,1,Recently Active,Recent purchase activity
CUST04111,2025-12-31,347,1247.0,664743.67,1,Recently Active,Recent purchase activity
CUST04112,2025-12-31,502,1905.0,1094047.0,1,Recently Active,Recent purchase activity
CUST04113,2025-12-31,425,1521.0,868509.95,1,Recently Active,Recent purchase activity
CUST04114,2025-12-30,462,1728.0,1050223.9999999998,2,Recently Active,Recent purchase activity
CUST04115,2025-12-31,701,2531.0,1427568.6700000004,1,Recently Active,Recent purchase activity
CUST04116,2025-12-31,454,1751.0,1023175.9200000002,1,Recently Active,Recent purchase activity
CUST04117,2025-12-28,322,1189.0,711619.5599999999,4,Active - Monitor,Monitor purchase recency
CUST04118,2025-12-30,715,2600.0,1492550.5199999998,2,Recently Active,Recent purchase activity
CUST04119,2025-12-28,515,1853.0,1047280.9399999998,4,Active - Monitor,Monitor purchase recency
CUST04120,2025-12-31,504,1940.0,1142709.1600000001,1,Recently Active,Recent purchase activity
CUST04121,2025-12-29,701,2483.0,1372667.1599999997,3,Recently Active,Recent purchase activity
CUST04122,2025-12-30,478,1701.0,1010591.75,2,Recently Active,Recent purchase activity
CUST04123,2025-12-30,352,1204.0,662887.02,2,Recently Active,Recent purchase activity
CUST04124,2025-12-29,668,2533.0,1445033.6099999999,3,Recently Active,Recent purchase activity
CUST04125,2025-12-28,469,1616.0,937670.68,4,Active - Monitor,Monitor purchase recency
CUST04126,2025-12-29,334,1134.0,638352.28,3,Recently Active,Recent purchase activity
CUST04127,2025-12-30,325,1156.0,691100.37,2,Recently Active,Recent purchase activity
CUST04128,2025-12-31,343,1195.0,667276.9,1,Recently Active,Recent purchase activity
CUST04129,2025-12-30,711,2564.0,1501942.14,2,Recently Active,Recent purchase activity
CUST04130,2025-12-31,443,1647.0,969904.36,1,Recently Active,Recent purchase activity
CUST04131,2025-12-26,373,1302.0,740990.1199999999,6,Active - Monitor,Monitor purchase recency
CUST04132,2025-12-30,733,2583.0,1502277.6099999999,2,Recently Active,Recent purchase activity
CUST04133,2025-12-29,481,1725.0,998202.93,3,Recently Active,Recent purchase activity
CUST04134,2025-12-31,469,1754.0,1097669.1300000001,1,Recently Active,Recent purchase activity
CUST04135,2025-12-30,733,2601.0,1560000.15,2,Recently Active,Recent purchase activity
CUST04136,2025-12-28,722,2473.0,1495333.8399999999,4,Active - Monitor,Monitor purchase recency
CUST04137,2025-12-29,489,1746.0,1096648.7800000003,3,Recently Active,Recent purchase activity
CUST04138,2025-12-28,709,2607.0,1470986.63,4,Active - Monitor,Monitor purchase recency
CUST04139,2025-12-29,324,1115.0,617887.17,3,Recently Active,Recent purchase activity
CUST04140,2025-12-23,508,1826.0,1054160.64,9,Inactivity Watch,Review customer engagement
CUST04141,2025-12-29,331,1223.0,645595.21,3,Recently Active,Recent purchase activity
CUST04142,2025-12-26,304,1128.0,679624.0900000001,6,Active - Monitor,Monitor purchase recency
CUST04143,2025-12-27,466,1749.0,1015203.8799999999,5,Active - Monitor,Monitor purchase recency
CUST04144,2025-12-28,316,1048.0,616293.97,4,Active - Monitor,Monitor purchase recency
CUST04145,2025-12-31,311,1154.0,666166.9399999998,1,Recently Active,Recent purchase activity
CUST04146,2025-12-31,1040,3809.0,2141673.089999999,1,Recently Active,Recent purchase activity
CUST04147,2025-12-29,333,1099.0,653200.05,3,Recently Active,Recent purchase activity
CUST04148,2025-12-28,669,2486.0,1422649.4999999995,4,Active - Monitor,Monitor purchase recency
CUST04149,2025-12-31,663,2477.0,1413211.7299999997,1,Recently Active,Recent purchase activity
CUST04150,2025-12-30,302,1016.0,637946.4700000001,2,Recently Active,Recent purchase activity
CUST04151,2025-12-31,338,1377.0,798376.2200000001,1,Recently Active,Recent purchase activity
CUST04152,2025-12-31,492,1684.0,938317.1700000002,1,Recently Active,Recent purchase activity
CUST04153,2025-12-25,346,1242.0,690774.12,7,Active - Monitor,Monitor purchase recency
CUST04154,2025-12-30,735,2714.0,1546752.8499999996,2,Recently Active,Recent purchase activity
CUST04155,2025-12-30,302,1197.0,730705.97,2,Recently Active,Recent purchase activity
CUST04156,2025-12-30,313,1082.0,635926.7500000001,2,Recently Active,Recent purchase activity
CUST04157,2025-12-30,409,1416.0,869931.7100000001,2,Recently Active,Recent purchase activity
CUST04158,2025-12-31,290,1088.0,605387.24,1,Recently Active,Recent purchase activity
CUST04159,2025-12-25,319,1166.0,634638.7999999999,7,Active - Monitor,Monitor purchase recency
CUST04160,2025-12-28,472,1826.0,1066507.4200000002,4,Active - Monitor,Monitor purchase recency
CUST04161,2025-12-28,484,1795.0,1085369.3900000001,4,Active - Monitor,Monitor purchase recency
CUST04162,2025-12-31,749,2738.0,1538188.97,1,Recently Active,Recent purchase activity
CUST04163,2025-12-31,487,1756.0,1057139.3199999998,1,Recently Active,Recent purchase activity
CUST04164,2025-12-22,680,2535.0,1519803.73,10,Inactivity Watch,Review customer engagement
CUST04165,2025-12-31,678,2543.0,1394334.7899999998,1,Recently Active,Recent purchase activity
CUST04166,2025-12-31,1082,3995.0,2250955.4999999995,1,Recently Active,Recent purchase activity
CUST04167,2025-12-28,338,1279.0,754202.7400000001,4,Active - Monitor,Monitor purchase recency
CUST04168,2025-12-28,467,1784.0,1037126.3299999998,4,Active - Monitor,Monitor purchase recency
CUST04169,2025-12-31,749,2712.0,1576629.11,1,Recently Active,Recent purchase activity
CUST04170,2025-12-30,688,2385.0,1369609.1299999997,2,Recently Active,Recent purchase activity
CUST04171,2025-12-31,738,2587.0,1463470.3699999996,1,Recently Active,Recent purchase activity
CUST04172,2025-12-31,512,1829.0,1046459.9700000001,1,Recently Active,Recent purchase activity
CUST04173,2025-12-29,440,1598.0,924723.6400000001,3,Recently Active,Recent purchase activity
CUST04174,2025-12-29,312,1126.0,686557.8299999998,3,Recently Active,Recent purchase activity
CUST04175,2025-12-28,348,1251.0,697996.88,4,Active - Monitor,Monitor purchase recency
CUST04176,2025-12-31,452,1628.0,933010.6900000001,1,Recently Active,Recent purchase activity
CUST04177,2025-12-26,309,1062.0,645555.1500000001,6,Active - Monitor,Monitor purchase recency
CUST04178,2025-12-30,324,1157.0,631504.8500000001,2,Recently Active,Recent purchase activity
CUST04179,2025-12-26,286,1037.0,611882.37,6,Active - Monitor,Monitor purchase recency
CUST04180,2025-12-28,702,2523.0,1466977.0600000005,4,Active - Monitor,Monitor purchase recency
CUST04181,2025-12-30,676,2430.0,1398021.5200000003,2,Recently Active,Recent purchase activity
CUST04182,2025-12-29,470,1631.0,949591.8200000001,3,Recently Active,Recent purchase activity
CUST04183,2025-12-31,684,2484.0,1402804.9100000001,1,Recently Active,Recent purchase activity
CUST04184,2025-12-31,1083,3971.0,2397108.33,1,Recently Active,Recent purchase activity
CUST04185,2025-12-31,335,1202.0,702419.7299999999,1,Recently Active,Recent purchase activity
CUST04186,2025-12-29,640,2355.0,1289729.1500000001,3,Recently Active,Recent purchase activity
CUST04187,2025-12-30,346,1263.0,702174.9400000001,2,Recently Active,Recent purchase activity
CUST04188,2025-12-21,346,1251.0,706493.1800000002,11,Inactivity Watch,Review customer engagement
CUST04189,2025-12-29,485,1790.0,984093.5400000002,3,Recently Active,Recent purchase activity
CUST04190,2025-12-28,468,1716.0,1048282.0500000005,4,Active - Monitor,Monitor purchase recency
CUST04191,2025-12-31,456,1612.0,1017399.2499999999,1,Recently Active,Recent purchase activity
CUST04192,2025-12-31,324,1262.0,746358.5700000001,1,Recently Active,Recent purchase activity
CUST04193,2025-12-31,452,1722.0,982170.3699999999,1,Recently Active,Recent purchase activity
CUST04194,2025-12-31,694,2532.0,1398647.8399999999,1,Recently Active,Recent purchase activity
CUST04195,2025-12-30,685,2512.0,1459103.7,2,Recently Active,Recent purchase activity
CUST04196,2025-12-31,331,1145.0,700675.68,1,Recently Active,Recent purchase activity
CUST04197,2025-12-29,1095,3829.0,2257698.449999999,3,Recently Active,Recent purchase activity
CUST04198,2025-12-24,337,1174.0,667794.6200000001,8,Inactivity Watch,Review customer engagement
CUST04199,2025-12-28,681,2498.0,1372758.1700000002,4,Active - Monitor,Monitor purchase recency
CUST04200,2025-12-30,320,1108.0,634663.24,2,Recently Active,Recent purchase activity
CUST04201,2025-12-31,1108,4070.0,2329758.21,1,Recently Active,Recent purchase activity
CUST04202,2025-12-31,340,1263.0,772698.35,1,Recently Active,Recent purchase activity
CUST04203,2025-12-30,463,1587.0,850239.91,2,Recently Active,Recent purchase activity
CUST04204,2025-12-30,709,2558.0,1457746.9199999997,2,Recently Active,Recent purchase activity
CUST04205,2025-12-30,447,1641.0,898954.2800000001,2,Recently Active,Recent purchase activity
CUST04206,2025-12-27,441,1477.0,874362.0799999998,5,Active - Monitor,Monitor purchase recency
CUST04207,2025-12-30,444,1561.0,928766.75,2,Recently Active,Recent purchase activity
CUST04208,2025-12-28,470,1675.0,1027516.4399999998,4,Active - Monitor,Monitor purchase recency
CUST04209,2025-12-20,280,959.0,510076.6299999999,12,Inactivity Watch,Review customer engagement
CUST04210,2025-12-29,481,1686.0,983733.38,3,Recently Active,Recent purchase activity
CUST04211,2025-12-23,441,1581.0,895920.0900000001,9,Inactivity Watch,Review customer engagement
CUST04212,2025-12-24,345,1288.0,751757.4600000002,8,Inactivity Watch,Review customer engagement
CUST04213,2025-12-28,317,1195.0,637905.57,4,Active - Monitor,Monitor purchase recency
CUST04214,2025-12-28,355,1288.0,777103.72,4,Active - Monitor,Monitor purchase recency
CUST04215,2025-12-31,449,1563.0,899769.8000000002,1,Recently Active,Recent purchase activity
CUST04216,2025-12-21,314,1185.0,692061.81,11,Inactivity Watch,Review customer engagement
CUST04217,2025-12-27,321,1176.0,698922.16,5,Active - Monitor,Monitor purchase recency
CUST04218,2025-12-30,465,1640.0,864859.31,2,Recently Active,Recent purchase activity
CUST04219,2025-12-31,697,2501.0,1470807.23,1,Recently Active,Recent purchase activity
CUST04220,2025-12-30,324,1165.0,763292.7,2,Recently Active,Recent purchase activity
CUST04221,2025-12-30,326,1205.0,709347.33,2,Recently Active,Recent purchase activity
CUST04222,2025-12-25,482,1725.0,959061.7100000002,7,Active - Monitor,Monitor purchase recency
CUST04223,2025-12-30,335,1182.0,763357.02,2,Recently Active,Recent purchase activity
CUST04224,2025-12-31,1091,4017.0,2268218.4499999997,1,Recently Active,Recent purchase activity
CUST04225,2025-12-30,716,2551.0,1426949.5400000003,2,Recently Active,Recent purchase activity
CUST04226,2025-12-31,298,1056.0,606386.67,1,Recently Active,Recent purchase activity
CUST04227,2025-12-30,306,1148.0,675891.9800000001,2,Recently Active,Recent purchase activity
CUST04228,2025-12-31,320,1205.0,730303.03,1,Recently Active,Recent purchase activity
CUST04229,2025-12-31,717,2635.0,1606449.3099999998,1,Recently Active,Recent purchase activity
CUST04230,2025-12-30,513,1865.0,1040551.98,2,Recently Active,Recent purchase activity
CUST04231,2025-12-31,296,1063.0,635067.82,1,Recently Active,Recent purchase activity
CUST04232,2025-12-30,451,1560.0,957857.1700000002,2,Recently Active,Recent purchase activity
CUST04233,2025-12-29,446,1612.0,1036064.7,3,Recently Active,Recent purchase activity
CUST04234,2025-12-30,328,1247.0,766074.1500000001,2,Recently Active,Recent purchase activity
CUST04235,2025-12-30,364,1298.0,768907.2000000001,2,Recently Active,Recent purchase activity
CUST04236,2025-12-31,467,1703.0,1031626.7999999999,1,Recently Active,Recent purchase activity
CUST04237,2025-12-30,460,1643.0,965638.9999999998,2,Recently Active,Recent purchase activity
CUST04238,2025-12-31,492,1780.0,1054224.0000000002,1,Recently Active,Recent purchase activity
CUST04239,2025-12-29,1017,3565.0,2066957.529999999,3,Recently Active,Recent purchase activity
CUST04240,2025-12-27,333,1236.0,672251.07,5,Active - Monitor,Monitor purchase recency
CUST04241,2025-12-31,497,1856.0,1075179.08,1,Recently Active,Recent purchase activity
CUST04242,2025-12-31,446,1630.0,993099.7199999999,1,Recently Active,Recent purchase activity
CUST04243,2025-12-27,430,1577.0,947739.02,5,Active - Monitor,Monitor purchase recency
CUST04244,2025-12-31,790,2956.0,1698785.4899999998,1,Recently Active,Recent purchase activity
CUST04245,2025-12-29,305,1066.0,612314.3399999999,3,Recently Active,Recent purchase activity
CUST04246,2025-12-30,707,2519.0,1507041.7299999995,2,Recently Active,Recent purchase activity
CUST04247,2025-12-30,354,1328.0,753050.98,2,Recently Active,Recent purchase activity
CUST04248,2025-12-31,325,1219.0,664212.45,1,Recently Active,Recent purchase activity
CUST04249,2025-12-31,644,2345.0,1298696.52,1,Recently Active,Recent purchase activity
CUST04250,2025-12-24,283,1052.0,621182.7799999999,8,Inactivity Watch,Review customer engagement
CUST04251,2025-12-29,700,2731.0,1587041.5900000003,3,Recently Active,Recent purchase activity
CUST04252,2025-12-30,673,2503.0,1470672.3199999998,2,Recently Active,Recent purchase activity
CUST04253,2025-12-31,425,1525.0,799009.16,1,Recently Active,Recent purchase activity
CUST04254,2025-12-23,310,1108.0,675370.27,9,Inactivity Watch,Review customer engagement
CUST04255,2025-12-29,433,1567.0,859932.3500000001,3,Recently Active,Recent purchase activity
CUST04256,2025-12-29,702,2556.0,1550780.4699999997,3,Recently Active,Recent purchase activity
CUST04257,2025-12-26,317,1153.0,694174.92,6,Active - Monitor,Monitor purchase recency
CUST04258,2025-12-31,455,1591.0,903413.81,1,Recently Active,Recent purchase activity
CUST04259,2025-12-20,331,1137.0,620879.37,12,Inactivity Watch,Review customer engagement
CUST04260,2025-12-29,347,1362.0,843137.46,3,Recently Active,Recent purchase activity
CUST04261,2025-12-31,449,1674.0,1005482.8300000001,1,Recently Active,Recent purchase activity
CUST04262,2025-12-24,323,1123.0,588452.7,8,Inactivity Watch,Review customer engagement
CUST04263,2025-12-29,711,2554.0,1495865.41,3,Recently Active,Recent purchase activity
CUST04264,2025-12-31,512,1821.0,1044443.51,1,Recently Active,Recent purchase activity
CUST04265,2025-12-30,726,2581.0,1491700.8099999998,2,Recently Active,Recent purchase activity
CUST04266,2025-12-29,521,2001.0,1203170.5600000003,3,Recently Active,Recent purchase activity
CUST04267,2025-12-31,1054,3876.0,2294265.0199999996,1,Recently Active,Recent purchase activity
CUST04268,2025-12-31,326,1159.0,672828.5899999999,1,Recently Active,Recent purchase activity
CUST04269,2025-12-31,658,2337.0,1288023.06,1,Recently Active,Recent purchase activity
CUST04270,2025-12-31,345,1238.0,727536.49,1,Recently Active,Recent purchase activity
CUST04271,2025-12-29,703,2548.0,1444162.35,3,Recently Active,Recent purchase activity
CUST04272,2025-12-30,733,2680.0,1405151.63,2,Recently Active,Recent purchase activity
CUST04273,2025-12-31,628,2337.0,1348598.9899999998,1,Recently Active,Recent purchase activity
CUST04274,2025-12-31,358,1332.0,713438.4600000001,1,Recently Active,Recent purchase activity
CUST04275,2025-12-29,304,1112.0,638527.26,3,Recently Active,Recent purchase activity
CUST04276,2025-12-29,633,2268.0,1329298.76,3,Recently Active,Recent purchase activity
CUST04277,2025-12-30,493,1657.0,972472.5000000001,2,Recently Active,Recent purchase activity
CUST04278,2025-12-31,462,1654.0,968344.8599999999,1,Recently Active,Recent purchase activity
CUST04279,2025-12-29,449,1560.0,878354.2600000002,3,Recently Active,Recent purchase activity
CUST04280,2025-12-31,344,1286.0,742892.37,1,Recently Active,Recent purchase activity
CUST04281,2025-12-30,446,1707.0,1014971.8800000001,2,Recently Active,Recent purchase activity
CUST04282,2025-12-25,468,1668.0,928642.61,7,Active - Monitor,Monitor purchase recency
CUST04283,2025-12-31,1039,3737.0,2248320.8800000004,1,Recently Active,Recent purchase activity
CUST04284,2025-12-30,442,1645.0,958125.8300000004,2,Recently Active,Recent purchase activity
CUST04285,2025-12-30,992,3521.0,2113340.23,2,Recently Active,Recent purchase activity
CUST04286,2025-12-24,289,1059.0,615639.52,8,Inactivity Watch,Review customer engagement
CUST04287,2025-12-29,466,1747.0,999927.4199999999,3,Recently Active,Recent purchase activity
CUST04288,2025-12-31,675,2349.0,1346827.4200000002,1,Recently Active,Recent purchase activity
CUST04289,2025-12-30,478,1704.0,1000081.0700000002,2,Recently Active,Recent purchase activity
CUST04290,2025-12-31,452,1775.0,1085980.1900000002,1,Recently Active,Recent purchase activity
CUST04291,2025-12-30,297,1046.0,603847.69,2,Recently Active,Recent purchase activity
CUST04292,2025-12-29,336,1145.0,720047.0999999999,3,Recently Active,Recent purchase activity
CUST04293,2025-12-31,489,1742.0,939398.0100000002,1,Recently Active,Recent purchase activity
CUST04294,2025-12-30,480,1792.0,1164415.4500000002,2,Recently Active,Recent purchase activity
CUST04295,2025-12-29,791,2921.0,1736972.1099999996,3,Recently Active,Recent purchase activity
CUST04296,2025-12-31,663,2364.0,1450960.5299999998,1,Recently Active,Recent purchase activity
CUST04297,2025-12-31,493,1796.0,998443.2799999998,1,Recently Active,Recent purchase activity
CUST04298,2025-12-27,485,1685.0,954458.2399999999,5,Active - Monitor,Monitor purchase recency
CUST04299,2025-12-25,460,1638.0,976840.36,7,Active - Monitor,Monitor purchase recency
CUST04300,2025-12-28,471,1705.0,990109.9400000002,4,Active - Monitor,Monitor purchase recency
CUST04301,2025-12-27,479,1775.0,967160.7799999998,5,Active - Monitor,Monitor purchase recency
CUST04302,2025-12-31,459,1628.0,958374.51,1,Recently Active,Recent purchase activity
CUST04303,2025-12-27,326,1197.0,675042.0600000003,5,Active - Monitor,Monitor purchase recency
CUST04304,2025-12-30,1031,3737.0,2048075.6599999992,2,Recently Active,Recent purchase activity
CUST04305,2025-12-31,358,1362.0,753513.0700000001,1,Recently Active,Recent purchase activity
CUST04306,2025-12-26,370,1326.0,750835.24,6,Active - Monitor,Monitor purchase recency
CUST04307,2025-12-31,1159,4214.0,2542046.2699999996,1,Recently Active,Recent purchase activity
CUST04308,2025-12-29,478,1665.0,1005990.3999999999,3,Recently Active,Recent purchase activity
CUST04309,2025-12-29,727,2667.0,1541169.01,3,Recently Active,Recent purchase activity
CUST04310,2025-12-31,330,1231.0,718214.71,1,Recently Active,Recent purchase activity
CUST04311,2025-12-30,479,1719.0,934646.6200000001,2,Recently Active,Recent purchase activity
CUST04312,2025-12-31,685,2335.0,1303532.7000000002,1,Recently Active,Recent purchase activity
CUST04313,2025-12-25,473,1640.0,968525.8000000003,7,Active - Monitor,Monitor purchase recency
CUST04314,2025-12-29,1071,3879.0,2348101.3699999996,3,Recently Active,Recent purchase activity
CUST04315,2025-12-29,439,1578.0,965635.1400000001,3,Recently Active,Recent purchase activity
CUST04316,2025-12-27,468,1623.0,964856.87,5,Active - Monitor,Monitor purchase recency
CUST04317,2025-12-31,696,2500.0,1422409.83,1,Recently Active,Recent purchase activity
CUST04318,2025-12-31,473,1764.0,1045041.2899999999,1,Recently Active,Recent purchase activity
CUST04319,2025-12-24,323,1109.0,661741.29,8,Inactivity Watch,Review customer engagement
CUST04320,2025-12-28,313,1132.0,697417.67,4,Active - Monitor,Monitor purchase recency
CUST04321,2025-12-31,311,1190.0,656819.48,1,Recently Active,Recent purchase activity
CUST04322,2025-12-30,476,1739.0,1008456.68,2,Recently Active,Recent purchase activity
CUST04323,2025-12-30,1071,3856.0,2286104.6099999994,2,Recently Active,Recent purchase activity
CUST04324,2025-12-31,699,2464.0,1461366.52,1,Recently Active,Recent purchase activity
CUST04325,2025-12-31,440,1583.0,942030.1100000001,1,Recently Active,Recent purchase activity
CUST04326,2025-12-29,325,1164.0,667821.4,3,Recently Active,Recent purchase activity
CUST04327,2025-12-31,673,2387.0,1440015.8499999999,1,Recently Active,Recent purchase activity
CUST04328,2025-12-31,425,1548.0,898269.83,1,Recently Active,Recent purchase activity
CUST04329,2025-12-31,669,2339.0,1360588.72,1,Recently Active,Recent purchase activity
CUST04330,2025-12-29,329,1188.0,693311.05,3,Recently Active,Recent purchase activity
CUST04331,2025-12-31,477,1687.0,1018542.0899999997,1,Recently Active,Recent purchase activity
CUST04332,2025-12-31,442,1603.0,949980.98,1,Recently Active,Recent purchase activity
CUST04333,2025-12-30,335,1166.0,683975.6900000001,2,Recently Active,Recent purchase activity
CUST04334,2025-12-31,451,1653.0,928640.8400000001,1,Recently Active,Recent purchase activity
CUST04335,2025-12-28,311,1119.0,667327.13,4,Active - Monitor,Monitor purchase recency
CUST04336,2025-12-31,333,1273.0,732360.1299999999,1,Recently Active,Recent purchase activity
CUST04337,2025-12-27,298,1059.0,608676.94,5,Active - Monitor,Monitor purchase recency
CUST04338,2025-12-29,461,1665.0,1008526.02,3,Recently Active,Recent purchase activity
CUST04339,2025-12-26,344,1285.0,746691.22,6,Active - Monitor,Monitor purchase recency
CUST04340,2025-12-29,331,1173.0,682902.02,3,Recently Active,Recent purchase activity
CUST04341,2025-12-30,464,1636.0,955529.4600000001,2,Recently Active,Recent purchase activity
CUST04342,2025-12-31,474,1731.0,950594.4700000003,1,Recently Active,Recent purchase activity
CUST04343,2025-12-30,463,1795.0,1069176.4699999997,2,Recently Active,Recent purchase activity
CUST04344,2025-12-30,732,2685.0,1555627.4799999997,2,Recently Active,Recent purchase activity
CUST04345,2025-12-27,344,1201.0,634125.94,5,Active - Monitor,Monitor purchase recency
CUST04346,2025-12-30,319,1182.0,717362.9600000001,2,Recently Active,Recent purchase activity
CUST04347,2025-12-29,437,1471.0,856894.4400000002,3,Recently Active,Recent purchase activity
CUST04348,2025-12-14,336,1197.0,682915.16,18,Extended Inactivity,Review individually; inactivity is not proof of churn
CUST04349,2025-12-28,447,1568.0,913003.7000000001,4,Active - Monitor,Monitor purchase recency
CUST04350,2025-12-31,670,2361.0,1378294.78,1,Recently Active,Recent purchase activity
CUST04351,2025-12-30,349,1194.0,719807.99,2,Recently Active,Recent purchase activity
CUST04352,2025-12-31,300,1221.0,689159.3699999999,1,Recently Active,Recent purchase activity
CUST04353,2025-12-31,722,2616.0,1402890.7999999998,1,Recently Active,Recent purchase activity
CUST04354,2025-12-29,457,1708.0,1049024.4600000002,3,Recently Active,Recent purchase activity
CUST04355,2025-12-31,1081,4008.0,2421911.059999999,1,Recently Active,Recent purchase activity
CUST04356,2025-12-31,310,1141.0,693891.5900000001,1,Recently Active,Recent purchase activity
CUST04357,2025-12-31,706,2486.0,1529795.5599999998,1,Recently Active,Recent purchase activity
CUST04358,2025-12-31,717,2652.0,1606450.24,1,Recently Active,Recent purchase activity
CUST04359,2025-12-27,1096,3931.0,2330325.82,5,Active - Monitor,Monitor purchase recency
CUST04360,2025-12-31,324,1164.0,713169.75,1,Recently Active,Recent purchase activity
CUST04361,2025-12-29,486,1839.0,1070851.8399999999,3,Recently Active,Recent purchase activity
CUST04362,2025-12-28,449,1530.0,873386.0600000003,4,Active - Monitor,Monitor purchase recency
CUST04363,2025-12-30,488,1749.0,1012362.56,2,Recently Active,Recent purchase activity
CUST04364,2025-12-30,324,1155.0,656250.54,2,Recently Active,Recent purchase activity
CUST04365,2025-12-27,460,1614.0,915882.0900000001,5,Active - Monitor,Monitor purchase recency
CUST04366,2025-12-31,308,1150.0,693650.55,1,Recently Active,Recent purchase activity
CUST04367,2025-12-31,354,1335.0,756103.5500000002,1,Recently Active,Recent purchase activity
CUST04368,2025-12-31,755,2751.0,1614382.4,1,Recently Active,Recent purchase activity
CUST04369,2025-12-31,458,1643.0,1018269.8799999999,1,Recently Active,Recent purchase activity
CUST04370,2025-12-29,742,2679.0,1558192.13,3,Recently Active,Recent purchase activity
CUST04371,2025-12-25,320,1115.0,726211.72,7,Active - Monitor,Monitor purchase recency
CUST04372,2025-12-31,669,2525.0,1508911.56,1,Recently Active,Recent purchase activity
CUST04373,2025-12-30,315,1126.0,645409.9899999999,2,Recently Active,Recent purchase activity
CUST04374,2025-12-31,337,1225.0,725568.3600000001,1,Recently Active,Recent purchase activity
CUST04375,2025-12-31,697,2444.0,1327635.9399999997,1,Recently Active,Recent purchase activity
CUST04376,2025-12-31,345,1188.0,671452.2600000002,1,Recently Active,Recent purchase activity
CUST04377,2025-12-28,333,1177.0,719371.1000000001,4,Active - Monitor,Monitor purchase recency
CUST04378,2025-12-31,1031,3751.0,2187542.39,1,Recently Active,Recent purchase activity
CUST04379,2025-12-25,324,1245.0,709204.2,7,Active - Monitor,Monitor purchase recency
CUST04380,2025-12-31,1074,3795.0,2140719.8899999997,1,Recently Active,Recent purchase activity
CUST04381,2025-12-28,294,1060.0,621614.71,4,Active - Monitor,Monitor purchase recency
CUST04382,2025-12-30,298,1039.0,559965.54,2,Recently Active,Recent purchase activity
CUST04383,2025-12-31,455,1691.0,962060.63,1,Recently Active,Recent purchase activity
CUST04384,2025-12-30,328,1246.0,720102.24,2,Recently Active,Recent purchase activity
CUST04385,2025-12-30,713,2598.0,1471373.0399999998,2,Recently Active,Recent purchase activity
CUST04386,2025-12-31,1079,3825.0,2227540.499999999,1,Recently Active,Recent purchase activity
CUST04387,2025-12-30,307,1128.0,663260.0700000001,2,Recently Active,Recent purchase activity
CUST04388,2025-12-31,462,1678.0,993289.1,1,Recently Active,Recent purchase activity
CUST04389,2025-12-31,329,1281.0,762675.2499999998,1,Recently Active,Recent purchase activity
CUST04390,2025-12-27,445,1574.0,814952.44,5,Active - Monitor,Monitor purchase recency
CUST04391,2025-12-31,508,1950.0,1141664.69,1,Recently Active,Recent purchase activity
CUST04392,2025-12-20,488,1864.0,1134321.27,12,Inactivity Watch,Review customer engagement
CUST04393,2025-12-31,333,1251.0,667935.76,1,Recently Active,Recent purchase activity
CUST04394,2025-12-30,510,1890.0,1116952.7100000002,2,Recently Active,Recent purchase activity
CUST04395,2025-12-25,446,1540.0,921142.7699999998,7,Active - Monitor,Monitor purchase recency
CUST04396,2025-12-31,319,1232.0,770168.9199999999,1,Recently Active,Recent purchase activity
CUST04397,2025-12-31,491,1758.0,996892.33,1,Recently Active,Recent purchase activity
CUST04398,2025-12-30,347,1295.0,784761.9199999999,2,Recently Active,Recent purchase activity
CUST04399,2025-12-30,331,1188.0,664098.37,2,Recently Active,Recent purchase activity
CUST04400,2025-12-30,350,1336.0,823023.98,2,Recently Active,Recent purchase activity
CUST04401,2025-12-29,343,1285.0,774777.53,3,Recently Active,Recent purchase activity
CUST04402,2025-12-27,330,1209.0,662181.0800000001,5,Active - Monitor,Monitor purchase recency
CUST04403,2025-12-27,335,1210.0,680125.3099999999,5,Active - Monitor,Monitor purchase recency
CUST04404,2025-12-31,716,2614.0,1485828.4,1,Recently Active,Recent purchase activity
CUST04405,2025-12-30,350,1380.0,781146.1099999999,2,Recently Active,Recent purchase activity
CUST04406,2025-12-31,306,1114.0,657042.61,1,Recently Active,Recent purchase activity
CUST04407,2025-12-31,467,1693.0,899761.0000000002,1,Recently Active,Recent purchase activity
CUST04408,2025-12-31,708,2703.0,1620200.1299999997,1,Recently Active,Recent purchase activity
CUST04409,2025-12-29,321,1130.0,631766.53,3,Recently Active,Recent purchase activity
CUST04410,2025-12-31,702,2519.0,1460072.8099999996,1,Recently Active,Recent purchase activity
CUST04411,2025-12-28,319,1171.0,607692.17,4,Active - Monitor,Monitor purchase recency
CUST04412,2025-12-29,479,1716.0,1050230.0799999998,3,Recently Active,Recent purchase activity
CUST04413,2025-12-31,682,2476.0,1447018.3099999998,1,Recently Active,Recent purchase activity
CUST04414,2025-12-28,471,1653.0,960810.88,4,Active - Monitor,Monitor purchase recency
CUST04415,2025-12-24,1036,3845.0,2203931.6100000003,8,Inactivity Watch,Review customer engagement
CUST04416,2025-12-31,682,2491.0,1509789.31,1,Recently Active,Recent purchase activity
CUST04417,2025-12-31,316,1186.0,728700.2799999999,1,Recently Active,Recent purchase activity
CUST04418,2025-12-27,316,1164.0,616318.29,5,Active - Monitor,Monitor purchase recency
CUST04419,2025-12-31,712,2630.0,1525410.33,1,Recently Active,Recent purchase activity
CUST04420,2025-12-31,704,2552.0,1470142.6799999995,1,Recently Active,Recent purchase activity
CUST04421,2025-12-31,469,1740.0,1019813.21,1,Recently Active,Recent purchase activity
CUST04422,2025-12-18,316,1088.0,658804.36,14,Inactivity Watch,Review customer engagement
CUST04423,2025-12-26,453,1745.0,985206.54,6,Active - Monitor,Monitor purchase recency
CUST04424,2025-12-22,307,1193.0,724848.6399999999,10,Inactivity Watch,Review customer engagement
CUST04425,2025-12-30,469,1651.0,935925.4700000001,2,Recently Active,Recent purchase activity
CUST04426,2025-12-30,1094,3937.0,2231741.6599999997,2,Recently Active,Recent purchase activity
CUST04427,2025-12-28,339,1185.0,665463.94,4,Active - Monitor,Monitor purchase recency
CUST04428,2025-12-23,427,1605.0,881517.4400000001,9,Inactivity Watch,Review customer engagement
CUST04429,2025-12-28,323,1197.0,735350.19,4,Active - Monitor,Monitor purchase recency
CUST04430,2025-12-27,730,2692.0,1469569.1300000001,5,Active - Monitor,Monitor purchase recency
CUST04431,2025-12-30,470,1730.0,992161.1599999998,2,Recently Active,Recent purchase activity
CUST04432,2025-12-30,339,1227.0,722130.0300000001,2,Recently Active,Recent purchase activity
CUST04433,2025-12-25,426,1525.0,904482.22,7,Active - Monitor,Monitor purchase recency
CUST04434,2025-12-26,707,2465.0,1438371.4299999997,6,Active - Monitor,Monitor purchase recency
CUST04435,2025-12-29,706,2554.0,1488045.81,3,Recently Active,Recent purchase activity
CUST04436,2025-12-23,325,1208.0,708669.14,9,Inactivity Watch,Review customer engagement
CUST04437,2025-12-26,511,1916.0,1176353.1500000001,6,Active - Monitor,Monitor purchase recency
CUST04438,2025-12-30,357,1317.0,847584.47,2,Recently Active,Recent purchase activity
CUST04439,2025-12-30,458,1568.0,890820.7600000001,2,Recently Active,Recent purchase activity
CUST04440,2025-12-29,465,1684.0,1041489.77,3,Recently Active,Recent purchase activity
CUST04441,2025-12-31,354,1253.0,747695.6000000001,1,Recently Active,Recent purchase activity
CUST04442,2025-12-31,329,1235.0,655771.69,1,Recently Active,Recent purchase activity
CUST04443,2025-12-30,329,1172.0,605090.98,2,Recently Active,Recent purchase activity
CUST04444,2025-12-31,453,1641.0,953108.1000000001,1,Recently Active,Recent purchase activity
CUST04445,2025-12-30,733,2661.0,1579836.3199999998,2,Recently Active,Recent purchase activity
CUST04446,2025-12-27,1082,4013.0,2467501.26,5,Active - Monitor,Monitor purchase recency
CUST04447,2025-12-31,1098,3997.0,2529399.4599999995,1,Recently Active,Recent purchase activity
CUST04448,2025-12-30,690,2581.0,1419501.2599999998,2,Recently Active,Recent purchase activity
CUST04449,2025-12-30,483,1719.0,1083068.0699999998,2,Recently Active,Recent purchase activity
CUST04450,2025-12-31,668,2364.0,1427558.2600000002,1,Recently Active,Recent purchase activity
CUST04451,2025-12-31,346,1316.0,787448.7600000001,1,Recently Active,Recent purchase activity
CUST04452,2025-12-29,470,1692.0,1008677.7799999998,3,Recently Active,Recent purchase activity
CUST04453,2025-12-29,1049,3758.0,2310325.9299999992,3,Recently Active,Recent purchase activity
CUST04454,2025-12-31,455,1707.0,1036027.1300000001,1,Recently Active,Recent purchase activity
CUST04455,2025-12-29,477,1864.0,1157367.39,3,Recently Active,Recent purchase activity
CUST04456,2025-12-27,466,1743.0,1064929.3499999999,5,Active - Monitor,Monitor purchase recency
CUST04457,2025-12-26,689,2421.0,1397927.4899999998,6,Active - Monitor,Monitor purchase recency
CUST04458,2025-12-30,346,1368.0,773388.1200000001,2,Recently Active,Recent purchase activity
CUST04459,2025-12-24,346,1191.0,614969.42,8,Inactivity Watch,Review customer engagement
CUST04460,2025-12-30,1094,4050.0,2446127.43,2,Recently Active,Recent purchase activity
CUST04461,2025-12-29,1078,3905.0,2377162.6899999995,3,Recently Active,Recent purchase activity
CUST04462,2025-12-31,460,1654.0,1052188.9099999997,1,Recently Active,Recent purchase activity
CUST04463,2025-12-29,292,1028.0,588315.0299999998,3,Recently Active,Recent purchase activity
CUST04464,2025-12-26,712,2654.0,1564142.3199999998,6,Active - Monitor,Monitor purchase recency
CUST04465,2025-12-31,667,2359.0,1398983.65,1,Recently Active,Recent purchase activity
CUST04466,2025-12-28,320,1211.0,671383.33,4,Active - Monitor,Monitor purchase recency
CUST04467,2025-12-30,700,2518.0,1377101.9399999997,2,Recently Active,Recent purchase activity
CUST04468,2025-12-31,1121,4222.0,2362740.3599999994,1,Recently Active,Recent purchase activity
CUST04469,2025-12-30,450,1695.0,991695.55,2,Recently Active,Recent purchase activity
CUST04470,2025-12-31,361,1234.0,772356.7,1,Recently Active,Recent purchase activity
CUST04471,2025-12-29,696,2447.0,1429032.5,3,Recently Active,Recent purchase activity
CUST04472,2025-12-28,461,1592.0,894163.74,4,Active - Monitor,Monitor purchase recency
CUST04473,2025-12-28,677,2542.0,1534307.93,4,Active - Monitor,Monitor purchase recency
CUST04474,2025-12-31,441,1615.0,949424.4,1,Recently Active,Recent purchase activity
CUST04475,2025-12-24,502,1691.0,1006073.7900000002,8,Inactivity Watch,Review customer engagement
CUST04476,2025-12-31,1049,3808.0,2158324.6099999994,1,Recently Active,Recent purchase activity
CUST04477,2025-12-28,471,1683.0,958824.11,4,Active - Monitor,Monitor purchase recency
CUST04478,2025-12-31,467,1716.0,997867.7800000001,1,Recently Active,Recent purchase activity
CUST04479,2025-12-28,505,1678.0,928820.0600000002,4,Active - Monitor,Monitor purchase recency
CUST04480,2025-12-31,728,2670.0,1551058.4999999995,1,Recently Active,Recent purchase activity
CUST04481,2025-12-31,465,1727.0,997871.5199999998,1,Recently Active,Recent purchase activity
CUST04482,2025-12-28,344,1270.0,795091.8000000002,4,Active - Monitor,Monitor purchase recency
CUST04483,2025-12-29,305,1099.0,639409.77,3,Recently Active,Recent purchase activity
CUST04484,2025-12-31,432,1533.0,851254.3400000002,1,Recently Active,Recent purchase activity
CUST04485,2025-12-31,306,1031.0,598370.79,1,Recently Active,Recent purchase activity
CUST04486,2025-12-27,684,2429.0,1401816.27,5,Active - Monitor,Monitor purchase recency
CUST04487,2025-12-27,716,2596.0,1565631.7099999995,5,Active - Monitor,Monitor purchase recency
CUST04488,2025-12-31,696,2528.0,1470626.1999999995,1,Recently Active,Recent purchase activity
CUST04489,2025-12-31,457,1628.0,943993.7999999999,1,Recently Active,Recent purchase activity
CUST04490,2025-12-30,286,1068.0,617081.49,2,Recently Active,Recent purchase activity
CUST04491,2025-12-31,719,2591.0,1472012.6300000001,1,Recently Active,Recent purchase activity
CUST04492,2025-12-31,374,1411.0,828234.2699999999,1,Recently Active,Recent purchase activity
CUST04493,2025-12-29,454,1741.0,1076822.19,3,Recently Active,Recent purchase activity
CUST04494,2025-12-31,304,985.0,587172.66,1,Recently Active,Recent purchase activity
CUST04495,2025-12-31,1089,3847.0,2239980.9799999995,1,Recently Active,Recent purchase activity
CUST04496,2025-12-31,672,2515.0,1444847.02,1,Recently Active,Recent purchase activity
CUST04497,2025-12-28,1044,3721.0,2250300.3200000003,4,Active - Monitor,Monitor purchase recency
CUST04498,2025-12-26,1030,3692.0,2185715.67,6,Active - Monitor,Monitor purchase recency
CUST04499,2025-12-29,352,1324.0,799070.6199999999,3,Recently Active,Recent purchase activity
CUST04500,2025-12-31,643,2303.0,1318300.9600000002,1,Recently Active,Recent purchase activity
CUST04501,2025-12-30,450,1657.0,928456.7300000001,2,Recently Active,Recent purchase activity
CUST04502,2025-12-31,490,1726.0,994237.55,1,Recently Active,Recent purchase activity
CUST04503,2025-12-29,471,1786.0,1043536.49,3,Recently Active,Recent purchase activity
CUST04504,2025-12-27,336,1167.0,669206.3099999999,5,Active - Monitor,Monitor purchase recency
CUST04505,2025-12-31,440,1596.0,901816.7700000001,1,Recently Active,Recent purchase activity
CUST04506,2025-12-30,487,1753.0,1017990.6799999999,2,Recently Active,Recent purchase activity
CUST04507,2025-12-27,317,1160.0,692741.1200000001,5,Active - Monitor,Monitor purchase recency
CUST04508,2025-12-29,451,1676.0,1000470.1700000002,3,Recently Active,Recent purchase activity
CUST04509,2025-12-24,325,1198.0,719100.0000000001,8,Inactivity Watch,Review customer engagement
CUST04510,2025-12-30,684,2387.0,1393523.7000000002,2,Recently Active,Recent purchase activity
CUST04511,2025-12-30,307,1101.0,650629.96,2,Recently Active,Recent purchase activity
CUST04512,2025-12-31,462,1631.0,899800.1400000001,1,Recently Active,Recent purchase activity
CUST04513,2025-12-29,318,1075.0,572247.5599999999,3,Recently Active,Recent purchase activity
CUST04514,2025-12-31,736,2757.0,1524876.4599999995,1,Recently Active,Recent purchase activity
CUST04515,2025-12-30,701,2522.0,1439601.9500000004,2,Recently Active,Recent purchase activity
CUST04516,2025-12-26,314,1178.0,716070.54,6,Active - Monitor,Monitor purchase recency
CUST04517,2025-12-28,360,1274.0,748009.9700000001,4,Active - Monitor,Monitor purchase recency
CUST04518,2025-12-30,476,1626.0,970483.28,2,Recently Active,Recent purchase activity
CUST04519,2025-12-30,1101,3888.0,2282682.4200000004,2,Recently Active,Recent purchase activity
CUST04520,2025-12-28,471,1701.0,1005482.92,4,Active - Monitor,Monitor purchase recency
CUST04521,2025-12-27,704,2629.0,1537730.0099999995,5,Active - Monitor,Monitor purchase recency
CUST04522,2025-12-31,660,2403.0,1373517.7,1,Recently Active,Recent purchase activity
CUST04523,2025-12-30,704,2619.0,1632313.4799999997,2,Recently Active,Recent purchase activity
CUST04524,2025-12-31,330,1240.0,675692.7100000001,1,Recently Active,Recent purchase activity
CUST04525,2025-12-30,310,1141.0,630691.44,2,Recently Active,Recent purchase activity
CUST04526,2025-12-28,472,1726.0,1039959.2100000003,4,Active - Monitor,Monitor purchase recency
CUST04527,2025-12-29,481,1715.0,1023577.8200000001,3,Recently Active,Recent purchase activity
CUST04528,2025-12-31,459,1677.0,988894.64,1,Recently Active,Recent purchase activity
CUST04529,2025-12-27,320,1152.0,623666.02,5,Active - Monitor,Monitor purchase recency
CUST04530,2025-12-31,367,1341.0,733284.0900000001,1,Recently Active,Recent purchase activity
CUST04531,2025-12-30,705,2693.0,1575204.2299999993,2,Recently Active,Recent purchase activity
CUST04532,2025-12-30,310,1099.0,598616.3200000001,2,Recently Active,Recent purchase activity
CUST04533,2025-12-31,334,1240.0,727019.7100000001,1,Recently Active,Recent purchase activity
CUST04534,2025-12-29,286,1035.0,614767.17,3,Recently Active,Recent purchase activity
CUST04535,2025-12-25,497,1681.0,978216.5199999999,7,Active - Monitor,Monitor purchase recency
CUST04536,2025-12-29,481,1871.0,1106693.1300000001,3,Recently Active,Recent purchase activity
CUST04537,2025-12-30,474,1646.0,947360.04,2,Recently Active,Recent purchase activity
CUST04538,2025-12-27,431,1629.0,928255.1200000003,5,Active - Monitor,Monitor purchase recency
CUST04539,2025-12-31,510,1819.0,1091194.75,1,Recently Active,Recent purchase activity
CUST04540,2025-12-19,349,1256.0,723711.6000000002,13,Inactivity Watch,Review customer engagement
CUST04541,2025-12-31,454,1726.0,993305.5400000003,1,Recently Active,Recent purchase activity
CUST04542,2025-12-31,700,2461.0,1418663.2799999998,1,Recently Active,Recent purchase activity
CUST04543,2025-12-27,339,1165.0,742556.1300000001,5,Active - Monitor,Monitor purchase recency
CUST04544,2025-12-29,339,1242.0,739294.01,3,Recently Active,Recent purchase activity
CUST04545,2025-12-26,328,1191.0,722653.2100000001,6,Active - Monitor,Monitor purchase recency
CUST04546,2025-12-31,312,1090.0,695707.34,1,Recently Active,Recent purchase activity
CUST04547,2025-12-31,295,1037.0,568876.47,1,Recently Active,Recent purchase activity
CUST04548,2025-12-31,1068,3859.0,2276109.119999999,1,Recently Active,Recent purchase activity
CUST04549,2025-12-27,306,1167.0,774534.0900000001,5,Active - Monitor,Monitor purchase recency
CUST04550,2025-12-31,759,2695.0,1687521.7900000003,1,Recently Active,Recent purchase activity
CUST04551,2025-12-31,342,1244.0,722518.4800000001,1,Recently Active,Recent purchase activity
CUST04552,2025-12-31,315,1110.0,634430.37,1,Recently Active,Recent purchase activity
CUST04553,2025-12-30,475,1694.0,977803.8399999997,2,Recently Active,Recent purchase activity
CUST04554,2025-12-31,336,1162.0,647940.25,1,Recently Active,Recent purchase activity
CUST04555,2025-12-31,1067,3764.0,2312161.899999999,1,Recently Active,Recent purchase activity
CUST04556,2025-12-31,476,1794.0,1020280.31,1,Recently Active,Recent purchase activity
CUST04557,2025-12-30,668,2356.0,1410638.0899999996,2,Recently Active,Recent purchase activity
CUST04558,2025-12-30,351,1339.0,787655.73,2,Recently Active,Recent purchase activity
CUST04559,2025-12-27,345,1173.0,669048.7200000001,5,Active - Monitor,Monitor purchase recency
CUST04560,2025-12-31,719,2651.0,1591107.7199999997,1,Recently Active,Recent purchase activity
CUST04561,2025-12-27,341,1266.0,696113.66,5,Active - Monitor,Monitor purchase recency
CUST04562,2025-12-31,366,1337.0,789046.7100000001,1,Recently Active,Recent purchase activity
CUST04563,2025-12-30,738,2656.0,1561790.1099999999,2,Recently Active,Recent purchase activity
CUST04564,2025-12-30,340,1178.0,650143.69,2,Recently Active,Recent purchase activity
CUST04565,2025-12-31,443,1588.0,982419.3,1,Recently Active,Recent purchase activity
CUST04566,2025-12-31,1065,3942.0,2410199.9399999995,1,Recently Active,Recent purchase activity
CUST04567,2025-12-30,452,1650.0,948671.5,2,Recently Active,Recent purchase activity
CUST04568,2025-12-30,327,1162.0,638367.4600000001,2,Recently Active,Recent purchase activity
CUST04569,2025-12-31,1055,3841.0,2135071.579999999,1,Recently Active,Recent purchase activity
CUST04570,2025-12-29,1036,3710.0,2096316.3599999992,3,Recently Active,Recent purchase activity
CUST04571,2025-12-29,467,1691.0,980287.55,3,Recently Active,Recent purchase activity
CUST04572,2025-12-29,723,2581.0,1475455.3499999996,3,Recently Active,Recent purchase activity
CUST04573,2025-12-31,663,2393.0,1382719.3,1,Recently Active,Recent purchase activity
CUST04574,2025-12-25,495,1819.0,1045025.02,7,Active - Monitor,Monitor purchase recency
CUST04575,2025-12-26,336,1134.0,628972.5500000002,6,Active - Monitor,Monitor purchase recency
CUST04576,2025-12-24,317,1116.0,663982.11,8,Inactivity Watch,Review customer engagement
CUST04577,2025-12-30,337,1261.0,743618.33,2,Recently Active,Recent purchase activity
CUST04578,2025-12-29,311,1202.0,738416.1600000001,3,Recently Active,Recent purchase activity
CUST04579,2025-12-31,285,1066.0,647337.55,1,Recently Active,Recent purchase activity
CUST04580,2025-12-28,288,1036.0,609332.8700000001,4,Active - Monitor,Monitor purchase recency
CUST04581,2025-12-31,328,1211.0,755277.0599999999,1,Recently Active,Recent purchase activity
CUST04582,2025-12-31,469,1615.0,893736.74,1,Recently Active,Recent purchase activity
CUST04583,2025-12-25,328,1265.0,729137.31,7,Active - Monitor,Monitor purchase recency
CUST04584,2025-12-31,1087,3831.0,2219332.19,1,Recently Active,Recent purchase activity
CUST04585,2025-12-30,475,1714.0,1000319.5599999999,2,Recently Active,Recent purchase activity
CUST04586,2025-12-31,1038,3896.0,2378091.6999999993,1,Recently Active,Recent purchase activity
CUST04587,2025-12-31,358,1252.0,739965.0100000002,1,Recently Active,Recent purchase activity
CUST04588,2025-12-26,371,1384.0,788984.98,6,Active - Monitor,Monitor purchase recency
CUST04589,2025-12-31,727,2489.0,1492756.4499999995,1,Recently Active,Recent purchase activity
CUST04590,2025-12-31,463,1755.0,964975.4400000003,1,Recently Active,Recent purchase activity
CUST04591,2025-12-25,333,1266.0,744212.7200000001,7,Active - Monitor,Monitor purchase recency
CUST04592,2025-12-31,700,2498.0,1344321.2799999998,1,Recently Active,Recent purchase activity
CUST04593,2025-12-31,469,1712.0,1016594.6,1,Recently Active,Recent purchase activity
CUST04594,2025-12-31,1042,3836.0,2259904.179999999,1,Recently Active,Recent purchase activity
CUST04595,2025-12-31,445,1652.0,914679.0800000001,1,Recently Active,Recent purchase activity
CUST04596,2025-12-31,476,1863.0,1015716.0099999999,1,Recently Active,Recent purchase activity
CUST04597,2025-12-31,338,1185.0,700328.8,1,Recently Active,Recent purchase activity
CUST04598,2025-12-30,344,1272.0,721924.68,2,Recently Active,Recent purchase activity
CUST04599,2025-12-31,312,1041.0,569197.3300000001,1,Recently Active,Recent purchase activity
CUST04600,2025-12-28,316,1123.0,650449.7,4,Active - Monitor,Monitor purchase recency
CUST04601,2025-12-31,737,2771.0,1624392.4100000001,1,Recently Active,Recent purchase activity
CUST04602,2025-12-31,365,1324.0,811501.24,1,Recently Active,Recent purchase activity
CUST04603,2025-12-31,682,2418.0,1373378.6099999996,1,Recently Active,Recent purchase activity
CUST04604,2025-12-30,1094,4070.0,2251112.5999999996,2,Recently Active,Recent purchase activity
CUST04605,2025-12-31,485,1818.0,1020873.0199999999,1,Recently Active,Recent purchase activity
CUST04606,2025-12-26,465,1655.0,910789.06,6,Active - Monitor,Monitor purchase recency
CUST04607,2025-12-31,695,2371.0,1331112.28,1,Recently Active,Recent purchase activity
CUST04608,2025-12-30,481,1862.0,1085535.4800000002,2,Recently Active,Recent purchase activity
CUST04609,2025-12-29,691,2495.0,1504733.7,3,Recently Active,Recent purchase activity
CUST04610,2025-12-31,724,2651.0,1599293.6499999997,1,Recently Active,Recent purchase activity
CUST04611,2025-12-31,371,1323.0,835532.8800000001,1,Recently Active,Recent purchase activity
CUST04612,2025-12-30,442,1605.0,933560.9599999998,2,Recently Active,Recent purchase activity
CUST04613,2025-12-30,370,1384.0,820512.8499999999,2,Recently Active,Recent purchase activity
CUST04614,2025-12-30,448,1603.0,948739.16,2,Recently Active,Recent purchase activity
CUST04615,2025-12-26,352,1289.0,719888.7600000001,6,Active - Monitor,Monitor purchase recency
CUST04616,2025-12-29,423,1465.0,878383.2000000002,3,Recently Active,Recent purchase activity
CUST04617,2025-12-31,742,2607.0,1590355.0699999998,1,Recently Active,Recent purchase activity
CUST04618,2025-12-31,292,1017.0,625025.86,1,Recently Active,Recent purchase activity
CUST04619,2025-12-30,341,1285.0,785254.7999999999,2,Recently Active,Recent purchase activity
CUST04620,2025-12-30,489,1740.0,1000413.4000000001,2,Recently Active,Recent purchase activity
CUST04621,2025-12-31,343,1349.0,799624.8799999999,1,Recently Active,Recent purchase activity
CUST04622,2025-12-25,303,1100.0,654104.6599999999,7,Active - Monitor,Monitor purchase recency
CUST04623,2025-12-28,319,1150.0,701011.79,4,Active - Monitor,Monitor purchase recency
CUST04624,2025-12-28,334,1222.0,677696.4600000002,4,Active - Monitor,Monitor purchase recency
CUST04625,2025-12-16,306,1077.0,581854.8600000001,16,Extended Inactivity,Review individually; inactivity is not proof of churn
CUST04626,2025-12-30,444,1689.0,1062888.7699999998,2,Recently Active,Recent purchase activity
CUST04627,2025-12-27,690,2568.0,1486835.9899999998,5,Active - Monitor,Monitor purchase recency
CUST04628,2025-12-31,456,1657.0,914189.0099999998,1,Recently Active,Recent purchase activity
CUST04629,2025-12-30,343,1287.0,737785.0700000001,2,Recently Active,Recent purchase activity
CUST04630,2025-12-29,339,1225.0,710473.9,3,Recently Active,Recent purchase activity
CUST04631,2025-12-23,311,1160.0,706037.2900000002,9,Inactivity Watch,Review customer engagement
CUST04632,2025-12-30,473,1733.0,978377.1100000001,2,Recently Active,Recent purchase activity
CUST04633,2025-12-28,461,1630.0,984052.61,4,Active - Monitor,Monitor purchase recency
CUST04634,2025-12-31,369,1362.0,805984.65,1,Recently Active,Recent purchase activity
CUST04635,2025-12-31,500,1845.0,1107899.81,1,Recently Active,Recent purchase activity
CUST04636,2025-12-25,320,1166.0,719876.82,7,Active - Monitor,Monitor purchase recency
CUST04637,2025-12-27,681,2465.0,1452815.32,5,Active - Monitor,Monitor purchase recency
CUST04638,2025-12-30,348,1314.0,802662.4000000001,2,Recently Active,Recent purchase activity
CUST04639,2025-12-31,1118,4097.0,2376087.0399999996,1,Recently Active,Recent purchase activity
CUST04640,2025-12-30,328,1204.0,688170.25,2,Recently Active,Recent purchase activity
CUST04641,2025-12-25,319,1123.0,671873.1199999999,7,Active - Monitor,Monitor purchase recency
CUST04642,2025-12-31,335,1307.0,781197.85,1,Recently Active,Recent purchase activity
CUST04643,2025-12-22,328,1168.0,632240.6300000001,10,Inactivity Watch,Review customer engagement
CUST04644,2025-12-31,462,1742.0,955131.0299999999,1,Recently Active,Recent purchase activity
CUST04645,2025-12-31,512,1913.0,1105536.05,1,Recently Active,Recent purchase activity
CUST04646,2025-12-31,469,1676.0,971707.05,1,Recently Active,Recent purchase activity
CUST04647,2025-12-31,336,1259.0,607330.02,1,Recently Active,Recent purchase activity
CUST04648,2025-12-30,305,1077.0,585073.4400000001,2,Recently Active,Recent purchase activity
CUST04649,2025-12-30,481,1756.0,1003016.22,2,Recently Active,Recent purchase activity
CUST04650,2025-12-30,1135,3985.0,2302743.6000000006,2,Recently Active,Recent purchase activity
CUST04651,2025-12-31,473,1743.0,1026786.93,1,Recently Active,Recent purchase activity
CUST04652,2025-12-31,1070,3857.0,2229983.1300000004,1,Recently Active,Recent purchase activity
CUST04653,2025-12-31,1060,3787.0,2135051.94,1,Recently Active,Recent purchase activity
CUST04654,2025-12-24,327,1167.0,601085.05,8,Inactivity Watch,Review customer engagement
CUST04655,2025-12-30,1057,3863.0,2281830.2600000002,2,Recently Active,Recent purchase activity
CUST04656,2025-12-28,650,2408.0,1414234.5300000003,4,Active - Monitor,Monitor purchase recency
CUST04657,2025-12-31,310,1218.0,682860.04,1,Recently Active,Recent purchase activity
CUST04658,2025-12-31,694,2455.0,1552439.4300000004,1,Recently Active,Recent purchase activity
CUST04659,2025-12-28,465,1582.0,914883.6800000002,4,Active - Monitor,Monitor purchase recency
CUST04660,2025-12-29,372,1484.0,882413.1599999999,3,Recently Active,Recent purchase activity
CUST04661,2025-12-31,308,1074.0,564171.24,1,Recently Active,Recent purchase activity
CUST04662,2025-12-29,689,2521.0,1530050.2799999998,3,Recently Active,Recent purchase activity
CUST04663,2025-12-31,358,1325.0,744405.1799999999,1,Recently Active,Recent purchase activity
CUST04664,2025-12-30,1050,3782.0,2179932.249999999,2,Recently Active,Recent purchase activity
CUST04665,2025-12-29,746,2789.0,1659180.1500000004,3,Recently Active,Recent purchase activity
CUST04666,2025-12-25,478,1758.0,1005234.14,7,Active - Monitor,Monitor purchase recency
CUST04667,2025-12-31,468,1704.0,958282.16,1,Recently Active,Recent purchase activity
CUST04668,2025-12-31,1054,3852.0,2275104.1100000003,1,Recently Active,Recent purchase activity
CUST04669,2025-12-29,330,1239.0,709901.6700000002,3,Recently Active,Recent purchase activity
CUST04670,2025-12-31,726,2593.0,1460630.79,1,Recently Active,Recent purchase activity
CUST04671,2025-12-28,453,1585.0,943074.3800000001,4,Active - Monitor,Monitor purchase recency
CUST04672,2025-12-31,671,2428.0,1489726.73,1,Recently Active,Recent purchase activity
CUST04673,2025-12-24,321,1076.0,730625.5199999999,8,Inactivity Watch,Review customer engagement
CUST04674,2025-12-31,704,2504.0,1443464.3199999998,1,Recently Active,Recent purchase activity
CUST04675,2025-12-31,749,2662.0,1577290.9000000001,1,Recently Active,Recent purchase activity
CUST04676,2025-12-29,471,1764.0,1071314.1300000004,3,Recently Active,Recent purchase activity
CUST04677,2025-12-26,324,1142.0,684855.03,6,Active - Monitor,Monitor purchase recency
CUST04678,2025-12-22,309,1147.0,592543.5400000002,10,Inactivity Watch,Review customer engagement
CUST04679,2025-12-30,742,2678.0,1532929.3399999999,2,Recently Active,Recent purchase activity
CUST04680,2025-12-31,342,1267.0,711985.7999999999,1,Recently Active,Recent purchase activity
CUST04681,2025-12-29,645,2268.0,1264659.4300000002,3,Recently Active,Recent purchase activity
CUST04682,2025-12-31,505,1854.0,1129902.8599999999,1,Recently Active,Recent purchase activity
CUST04683,2025-12-25,334,1153.0,673996.4999999999,7,Active - Monitor,Monitor purchase recency
CUST04684,2025-12-31,355,1322.0,782968.8099999998,1,Recently Active,Recent purchase activity
CUST04685,2025-12-31,292,1135.0,658031.4700000001,1,Recently Active,Recent purchase activity
CUST04686,2025-12-31,1079,3908.0,2211938.359999999,1,Recently Active,Recent purchase activity
CUST04687,2025-12-30,463,1580.0,856806.1699999999,2,Recently Active,Recent purchase activity
CUST04688,2025-12-30,715,2561.0,1498217.1099999999,2,Recently Active,Recent purchase activity
CUST04689,2025-12-31,1063,3856.0,2357154.78,1,Recently Active,Recent purchase activity
CUST04690,2025-12-30,325,1213.0,711137.45,2,Recently Active,Recent purchase activity
CUST04691,2025-12-28,338,1260.0,733806.7600000001,4,Active - Monitor,Monitor purchase recency
CUST04692,2025-12-30,486,1832.0,1121233.6,2,Recently Active,Recent purchase activity
CUST04693,2025-12-30,468,1640.0,964662.0499999999,2,Recently Active,Recent purchase activity
CUST04694,2025-12-31,344,1243.0,737217.59,1,Recently Active,Recent purchase activity
CUST04695,2025-12-30,481,1706.0,991494.0400000002,2,Recently Active,Recent purchase activity
CUST04696,2025-12-30,479,1732.0,958219.1799999997,2,Recently Active,Recent purchase activity
CUST04697,2025-12-25,306,1062.0,617726.68,7,Active - Monitor,Monitor purchase recency
CUST04698,2025-12-31,491,1736.0,1094493.5099999998,1,Recently Active,Recent purchase activity
CUST04699,2025-12-27,320,1134.0,617979.9700000002,5,Active - Monitor,Monitor purchase recency
CUST04700,2025-12-30,459,1689.0,927946.6799999997,2,Recently Active,Recent purchase activity
CUST04701,2025-12-31,512,1875.0,1136998.5699999998,1,Recently Active,Recent purchase activity
CUST04702,2025-12-30,298,1069.0,607538.5,2,Recently Active,Recent purchase activity
CUST04703,2025-12-30,657,2382.0,1406969.6700000002,2,Recently Active,Recent purchase activity
CUST04704,2025-12-21,460,1623.0,947851.6399999999,11,Inactivity Watch,Review customer engagement
CUST04705,2025-12-31,320,1132.0,667662.38,1,Recently Active,Recent purchase activity
CUST04706,2025-12-31,302,1114.0,653877.74,1,Recently Active,Recent purchase activity
CUST04707,2025-12-26,323,1133.0,615633.3400000001,6,Active - Monitor,Monitor purchase recency
CUST04708,2025-12-29,709,2545.0,1441008.42,3,Recently Active,Recent purchase activity
CUST04709,2025-12-21,337,1235.0,720756.27,11,Inactivity Watch,Review customer engagement
CUST04710,2025-12-30,456,1682.0,947939.3700000002,2,Recently Active,Recent purchase activity
CUST04711,2025-12-30,487,1785.0,1007980.8599999999,2,Recently Active,Recent purchase activity
CUST04712,2025-12-31,496,1705.0,940140.2,1,Recently Active,Recent purchase activity
CUST04713,2025-12-30,310,1172.0,732496.29,2,Recently Active,Recent purchase activity
CUST04714,2025-12-30,316,1091.0,617845.7,2,Recently Active,Recent purchase activity
CUST04715,2025-12-29,286,1109.0,629320.5499999999,3,Recently Active,Recent purchase activity
CUST04716,2025-12-31,316,1137.0,654364.3600000001,1,Recently Active,Recent purchase activity
CUST04717,2025-12-29,431,1626.0,981565.7700000001,3,Recently Active,Recent purchase activity
CUST04718,2025-12-31,695,2685.0,1489782.4499999997,1,Recently Active,Recent purchase activity
CUST04719,2025-12-31,357,1249.0,737527.81,1,Recently Active,Recent purchase activity
CUST04720,2025-12-29,353,1167.0,670561.76,3,Recently Active,Recent purchase activity
CUST04721,2025-12-31,675,2424.0,1463890.9199999997,1,Recently Active,Recent purchase activity
CUST04722,2025-12-30,315,1243.0,655524.57,2,Recently Active,Recent purchase activity
CUST04723,2025-12-30,432,1548.0,911617.5300000001,2,Recently Active,Recent purchase activity
CUST04724,2025-12-28,484,1734.0,1045535.9700000001,4,Active - Monitor,Monitor purchase recency
CUST04725,2025-12-31,437,1520.0,905646.9700000001,1,Recently Active,Recent purchase activity
CUST04726,2025-12-31,692,2484.0,1469080.1199999994,1,Recently Active,Recent purchase activity
CUST04727,2025-12-31,1053,3858.0,2266287.9499999997,1,Recently Active,Recent purchase activity
CUST04728,2025-12-30,340,1245.0,748126.23,2,Recently Active,Recent purchase activity
CUST04729,2025-12-30,314,1168.0,641104.05,2,Recently Active,Recent purchase activity
CUST04730,2025-12-31,493,1713.0,946549.4400000001,1,Recently Active,Recent purchase activity
CUST04731,2025-12-29,310,1165.0,726202.03,3,Recently Active,Recent purchase activity
CUST04732,2025-12-26,500,1809.0,1022257.6099999999,6,Active - Monitor,Monitor purchase recency
CUST04733,2025-12-30,687,2555.0,1411518.66,2,Recently Active,Recent purchase activity
CUST04734,2025-12-23,323,1264.0,765412.31,9,Inactivity Watch,Review customer engagement
CUST04735,2025-12-27,453,1620.0,922227.9400000002,5,Active - Monitor,Monitor purchase recency
CUST04736,2025-12-31,346,1125.0,649352.8,1,Recently Active,Recent purchase activity
CUST04737,2025-12-31,685,2469.0,1366778.5299999998,1,Recently Active,Recent purchase activity
CUST04738,2025-12-31,466,1721.0,1000517.7100000002,1,Recently Active,Recent purchase activity
CUST04739,2025-12-30,306,1108.0,616608.27,2,Recently Active,Recent purchase activity
CUST04740,2025-12-29,473,1612.0,997585.4600000002,3,Recently Active,Recent purchase activity
CUST04741,2025-12-31,315,1118.0,659701.9300000002,1,Recently Active,Recent purchase activity
CUST04742,2025-12-28,491,1724.0,996551.2,4,Active - Monitor,Monitor purchase recency
CUST04743,2025-12-29,312,1154.0,668510.05,3,Recently Active,Recent purchase activity
CUST04744,2025-12-28,318,1227.0,669047.82,4,Active - Monitor,Monitor purchase recency
CUST04745,2025-12-30,305,1153.0,725554.8999999999,2,Recently Active,Recent purchase activity
CUST04746,2025-12-27,355,1307.0,756701.77,5,Active - Monitor,Monitor purchase recency
CUST04747,2025-12-30,291,1002.0,519190.1399999999,2,Recently Active,Recent purchase activity
CUST04748,2025-12-31,687,2494.0,1521006.3500000003,1,Recently Active,Recent purchase activity
CUST04749,2025-12-30,453,1614.0,932444.45,2,Recently Active,Recent purchase activity
CUST04750,2025-12-30,334,1213.0,742951.46,2,Recently Active,Recent purchase activity
CUST04751,2025-12-29,457,1676.0,963280.88,3,Recently Active,Recent purchase activity
CUST04752,2025-12-30,461,1692.0,978440.4600000002,2,Recently Active,Recent purchase activity
CUST04753,2025-12-26,502,1735.0,948595.0,6,Active - Monitor,Monitor purchase recency
CUST04754,2025-12-26,342,1182.0,629446.32,6,Active - Monitor,Monitor purchase recency
CUST04755,2025-12-28,485,1737.0,1039635.6,4,Active - Monitor,Monitor purchase recency
CUST04756,2025-12-28,294,1082.0,667123.66,4,Active - Monitor,Monitor purchase recency
CUST04757,2025-12-30,324,1187.0,688278.5800000001,2,Recently Active,Recent purchase activity
CUST04758,2025-12-29,706,2654.0,1529691.1899999997,3,Recently Active,Recent purchase activity
CUST04759,2025-12-22,362,1263.0,732048.9400000002,10,Inactivity Watch,Review customer engagement
CUST04760,2025-12-30,678,2424.0,1351630.2299999997,2,Recently Active,Recent purchase activity
CUST04761,2025-12-22,336,1272.0,764040.2299999999,10,Inactivity Watch,Review customer engagement
CUST04762,2025-12-30,329,1197.0,704000.0299999999,2,Recently Active,Recent purchase activity
CUST04763,2025-12-29,445,1528.0,927351.1899999998,3,Recently Active,Recent purchase activity
CUST04764,2025-12-29,334,1245.0,718480.82,3,Recently Active,Recent purchase activity
CUST04765,2025-12-31,718,2552.0,1527641.15,1,Recently Active,Recent purchase activity
CUST04766,2025-12-30,326,1103.0,633763.74,2,Recently Active,Recent purchase activity
CUST04767,2025-12-31,443,1561.0,894159.5399999999,1,Recently Active,Recent purchase activity
CUST04768,2025-12-31,705,2642.0,1582579.8999999994,1,Recently Active,Recent purchase activity
CUST04769,2025-12-30,356,1339.0,797232.1000000001,2,Recently Active,Recent purchase activity
CUST04770,2025-12-31,706,2493.0,1405544.1299999997,1,Recently Active,Recent purchase activity
CUST04771,2025-12-27,460,1645.0,963314.5700000002,5,Active - Monitor,Monitor purchase recency
CUST04772,2025-12-31,1053,3715.0,2136966.46,1,Recently Active,Recent purchase activity
CUST04773,2025-12-31,316,1193.0,701313.56,1,Recently Active,Recent purchase activity
CUST04774,2025-12-31,315,1161.0,641382.67,1,Recently Active,Recent purchase activity
CUST04775,2025-12-30,696,2530.0,1418996.65,2,Recently Active,Recent purchase activity
CUST04776,2025-12-27,454,1644.0,972720.0900000002,5,Active - Monitor,Monitor purchase recency
CUST04777,2025-12-31,678,2469.0,1397621.7599999998,1,Recently Active,Recent purchase activity
CUST04778,2025-12-30,476,1549.0,927458.0800000001,2,Recently Active,Recent purchase activity
CUST04779,2025-12-31,429,1579.0,922246.2100000002,1,Recently Active,Recent purchase activity
CUST04780,2025-12-31,1061,3763.0,2048957.2400000002,1,Recently Active,Recent purchase activity
CUST04781,2025-12-29,419,1511.0,846869.3799999999,3,Recently Active,Recent purchase activity
CUST04782,2025-12-29,681,2469.0,1460928.9800000002,3,Recently Active,Recent purchase activity
CUST04783,2025-12-31,1090,3983.0,2197486.15,1,Recently Active,Recent purchase activity
CUST04784,2025-12-29,718,2673.0,1512194.2900000003,3,Recently Active,Recent purchase activity
CUST04785,2025-12-31,677,2501.0,1479032.2899999998,1,Recently Active,Recent purchase activity
CUST04786,2025-12-30,329,1228.0,749659.6300000001,2,Recently Active,Recent purchase activity
CUST04787,2025-12-30,326,1191.0,686361.3600000001,2,Recently Active,Recent purchase activity
CUST04788,2025-12-31,772,2755.0,1696105.7199999997,1,Recently Active,Recent purchase activity
CUST04789,2025-12-31,1024,3722.0,2174651.6799999997,1,Recently Active,Recent purchase activity
CUST04790,2025-12-30,471,1710.0,994646.93,2,Recently Active,Recent purchase activity
CUST04791,2025-12-30,695,2492.0,1468599.2099999997,2,Recently Active,Recent purchase activity
CUST04792,2025-12-29,323,1139.0,643396.2100000001,3,Recently Active,Recent purchase activity
CUST04793,2025-12-27,354,1233.0,714003.6399999999,5,Active - Monitor,Monitor purchase recency
CUST04794,2025-12-29,325,1142.0,667535.51,3,Recently Active,Recent purchase activity
CUST04795,2025-12-28,340,1216.0,723169.7999999998,4,Active - Monitor,Monitor purchase recency
CUST04796,2025-12-21,313,1142.0,715482.56,11,Inactivity Watch,Review customer engagement
CUST04797,2025-12-28,311,1174.0,784187.05,4,Active - Monitor,Monitor purchase recency
CUST04798,2025-12-31,462,1688.0,1033382.6,1,Recently Active,Recent purchase activity
CUST04799,2025-12-24,449,1522.0,938951.2000000001,8,Inactivity Watch,Review customer engagement
CUST04800,2025-12-31,465,1731.0,997336.9000000001,1,Recently Active,Recent purchase activity
CUST04801,2025-12-15,343,1276.0,718045.5900000001,17,Extended Inactivity,Review individually; inactivity is not proof of churn
CUST04802,2025-12-31,459,1714.0,934854.66,1,Recently Active,Recent purchase activity
CUST04803,2025-12-31,319,1134.0,623295.3200000001,1,Recently Active,Recent purchase activity
CUST04804,2025-12-30,509,1855.0,1043568.4200000002,2,Recently Active,Recent purchase activity
CUST04805,2025-12-25,313,1115.0,613519.48,7,Active - Monitor,Monitor purchase recency
CUST04806,2025-12-30,746,2636.0,1607769.52,2,Recently Active,Recent purchase activity
CUST04807,2025-12-28,321,1111.0,669290.8,4,Active - Monitor,Monitor purchase recency
CUST04808,2025-12-27,339,1312.0,720552.56,5,Active - Monitor,Monitor purchase recency
CUST04809,2025-12-27,329,1189.0,744438.2300000001,5,Active - Monitor,Monitor purchase recency
CUST04810,2025-12-22,352,1304.0,763329.25,10,Inactivity Watch,Review customer engagement
CUST04811,2025-12-29,297,1153.0,686242.3,3,Recently Active,Recent purchase activity
CUST04812,2025-12-31,1101,4094.0,2366715.46,1,Recently Active,Recent purchase activity
CUST04813,2025-12-28,311,1111.0,681390.1799999999,4,Active - Monitor,Monitor purchase recency
CUST04814,2025-12-27,456,1680.0,1004514.96,5,Active - Monitor,Monitor purchase recency
CUST04815,2025-12-30,298,1028.0,628949.36,2,Recently Active,Recent purchase activity
CUST04816,2025-12-29,726,2598.0,1562041.3,3,Recently Active,Recent purchase activity
CUST04817,2025-12-30,449,1727.0,951703.8999999999,2,Recently Active,Recent purchase activity
CUST04818,2025-12-30,328,1191.0,697978.54,2,Recently Active,Recent purchase activity
CUST04819,2025-12-29,352,1334.0,807714.3200000001,3,Recently Active,Recent purchase activity
CUST04820,2025-12-24,457,1614.0,941010.5100000001,8,Inactivity Watch,Review customer engagement
CUST04821,2025-12-30,496,1779.0,1076052.1,2,Recently Active,Recent purchase activity
CUST04822,2025-12-30,430,1657.0,1023313.4800000001,2,Recently Active,Recent purchase activity
CUST04823,2025-12-27,488,1791.0,955568.5499999998,5,Active - Monitor,Monitor purchase recency
CUST04824,2025-12-29,733,2600.0,1512742.7499999998,3,Recently Active,Recent purchase activity
CUST04825,2025-12-13,316,1149.0,716719.69,19,Extended Inactivity,Review individually; inactivity is not proof of churn
CUST04826,2025-12-25,290,1023.0,574088.0800000001,7,Active - Monitor,Monitor purchase recency
CUST04827,2025-12-31,738,2652.0,1557531.1799999997,1,Recently Active,Recent purchase activity
CUST04828,2025-12-31,349,1274.0,819798.24,1,Recently Active,Recent purchase activity
CUST04829,2025-12-31,1021,3769.0,2092501.9399999997,1,Recently Active,Recent purchase activity
CUST04830,2025-12-30,714,2653.0,1570703.36,2,Recently Active,Recent purchase activity
CUST04831,2025-12-31,738,2649.0,1457168.2799999996,1,Recently Active,Recent purchase activity
CUST04832,2025-12-30,1064,3902.0,2300672.4699999997,2,Recently Active,Recent purchase activity
CUST04833,2025-12-31,697,2479.0,1407245.0799999998,1,Recently Active,Recent purchase activity
CUST04834,2025-12-31,322,1122.0,646029.3400000001,1,Recently Active,Recent purchase activity
CUST04835,2025-12-28,500,1852.0,1115027.4200000002,4,Active - Monitor,Monitor purchase recency
CUST04836,2025-12-28,286,1004.0,581727.44,4,Active - Monitor,Monitor purchase recency
CUST04837,2025-12-29,462,1609.0,921966.5100000001,3,Recently Active,Recent purchase activity
CUST04838,2025-12-28,310,1134.0,613075.4600000001,4,Active - Monitor,Monitor purchase recency
CUST04839,2025-12-30,361,1186.0,668487.84,2,Recently Active,Recent purchase activity
CUST04840,2025-12-30,464,1700.0,997606.9199999999,2,Recently Active,Recent purchase activity
CUST04841,2025-12-28,656,2353.0,1457395.95,4,Active - Monitor,Monitor purchase recency
CUST04842,2025-12-24,321,1289.0,718091.54,8,Inactivity Watch,Review customer engagement
CUST04843,2025-12-30,304,1103.0,627603.81,2,Recently Active,Recent purchase activity
CUST04844,2025-12-31,504,1873.0,1035725.49,1,Recently Active,Recent purchase activity
CUST04845,2025-12-31,476,1649.0,1027559.57,1,Recently Active,Recent purchase activity
CUST04846,2025-12-29,305,1115.0,659109.4199999999,3,Recently Active,Recent purchase activity
CUST04847,2025-12-28,322,1180.0,716602.17,4,Active - Monitor,Monitor purchase recency
CUST04848,2025-12-31,481,1801.0,1088243.79,1,Recently Active,Recent purchase activity
CUST04849,2025-12-31,676,2454.0,1481182.8000000003,1,Recently Active,Recent purchase activity
CUST04850,2025-12-29,327,1190.0,677467.8300000001,3,Recently Active,Recent purchase activity
CUST04851,2025-12-30,1064,3843.0,2299239.2499999995,2,Recently Active,Recent purchase activity
CUST04852,2025-12-30,1109,4111.0,2457216.6,2,Recently Active,Recent purchase activity
CUST04853,2025-12-31,451,1732.0,1010769.52,1,Recently Active,Recent purchase activity
CUST04854,2025-12-30,1083,3829.0,2228545.0,2,Recently Active,Recent purchase activity
CUST04855,2025-12-29,318,1032.0,563782.59,3,Recently Active,Recent purchase activity
CUST04856,2025-12-30,477,1673.0,955644.4399999998,2,Recently Active,Recent purchase activity
CUST04857,2025-12-30,703,2598.0,1523118.7500000002,2,Recently Active,Recent purchase activity
CUST04858,2025-12-31,313,1229.0,731314.6400000001,1,Recently Active,Recent purchase activity
CUST04859,2025-12-31,720,2576.0,1555981.9,1,Recently Active,Recent purchase activity
CUST04860,2025-12-31,1073,3958.0,2186770.61,1,Recently Active,Recent purchase activity
CUST04861,2025-12-31,507,1773.0,1052761.91,1,Recently Active,Recent purchase activity
CUST04862,2025-12-27,287,1045.0,625580.7,5,Active - Monitor,Monitor purchase recency
CUST04863,2025-12-22,333,1206.0,685787.81,10,Inactivity Watch,Review customer engagement
CUST04864,2025-12-30,308,1088.0,632775.94,2,Recently Active,Recent purchase activity
CUST04865,2025-12-31,308,1109.0,689539.97,1,Recently Active,Recent purchase activity
CUST04866,2025-12-31,688,2548.0,1445489.1,1,Recently Active,Recent purchase activity
CUST04867,2025-12-21,332,1249.0,710156.2299999999,11,Inactivity Watch,Review customer engagement
CUST04868,2025-12-27,1096,3951.0,2256310.85,5,Active - Monitor,Monitor purchase recency
CUST04869,2025-12-31,730,2601.0,1579304.89,1,Recently Active,Recent purchase activity
CUST04870,2025-12-31,672,2359.0,1342145.7000000002,1,Recently Active,Recent purchase activity
CUST04871,2025-12-28,460,1634.0,939775.36,4,Active - Monitor,Monitor purchase recency
CUST04872,2025-12-30,314,1164.0,662348.5900000001,2,Recently Active,Recent purchase activity
CUST04873,2025-12-29,710,2616.0,1529509.96,3,Recently Active,Recent purchase activity
CUST04874,2025-12-24,342,1222.0,751170.7000000001,8,Inactivity Watch,Review customer engagement
CUST04875,2025-12-28,321,1169.0,717013.2999999999,4,Active - Monitor,Monitor purchase recency
CUST04876,2025-12-31,703,2572.0,1582798.3099999996,1,Recently Active,Recent purchase activity
CUST04877,2025-12-30,302,1145.0,714122.0100000002,2,Recently Active,Recent purchase activity
CUST04878,2025-12-30,483,1860.0,1095998.7200000002,2,Recently Active,Recent purchase activity
CUST04879,2025-12-31,334,1211.0,663764.72,1,Recently Active,Recent purchase activity
CUST04880,2025-12-26,310,1067.0,584328.49,6,Active - Monitor,Monitor purchase recency
CUST04881,2025-12-27,504,1716.0,1046556.5000000001,5,Active - Monitor,Monitor purchase recency
CUST04882,2025-12-28,310,1078.0,653299.5600000002,4,Active - Monitor,Monitor purchase recency
CUST04883,2025-12-31,461,1726.0,1007700.2800000001,1,Recently Active,Recent purchase activity
CUST04884,2025-12-31,346,1195.0,637524.36,1,Recently Active,Recent purchase activity
CUST04885,2025-12-31,426,1512.0,862846.1800000003,1,Recently Active,Recent purchase activity
CUST04886,2025-12-29,340,1214.0,699183.6600000001,3,Recently Active,Recent purchase activity
CUST04887,2025-12-28,318,1170.0,693915.1400000001,4,Active - Monitor,Monitor purchase recency
CUST04888,2025-12-30,672,2477.0,1477477.47,2,Recently Active,Recent purchase activity
CUST04889,2025-12-31,491,1794.0,1040992.3199999996,1,Recently Active,Recent purchase activity
CUST04890,2025-12-26,336,1225.0,681439.94,6,Active - Monitor,Monitor purchase recency
CUST04891,2025-12-29,318,1143.0,701405.01,3,Recently Active,Recent purchase activity
CUST04892,2025-12-31,317,1077.0,666964.2000000001,1,Recently Active,Recent purchase activity
CUST04893,2025-12-31,480,1741.0,993497.4099999999,1,Recently Active,Recent purchase activity
CUST04894,2025-12-30,492,1785.0,1042708.97,2,Recently Active,Recent purchase activity
CUST04895,2025-12-28,314,1175.0,694914.05,4,Active - Monitor,Monitor purchase recency
CUST04896,2025-12-30,334,1195.0,751036.7400000001,2,Recently Active,Recent purchase activity
CUST04897,2025-12-31,716,2623.0,1547352.3,1,Recently Active,Recent purchase activity
CUST04898,2025-12-27,350,1222.0,724255.9299999999,5,Active - Monitor,Monitor purchase recency
CUST04899,2025-12-28,508,1865.0,1076471.84,4,Active - Monitor,Monitor purchase recency
CUST04900,2025-12-29,1077,3859.0,2224074.52,3,Recently Active,Recent purchase activity
CUST04901,2025-12-31,673,2390.0,1340846.93,1,Recently Active,Recent purchase activity
CUST04902,2025-12-26,316,1140.0,630360.14,6,Active - Monitor,Monitor purchase recency
CUST04903,2025-12-28,317,1163.0,673032.51,4,Active - Monitor,Monitor purchase recency
CUST04904,2025-12-26,332,1228.0,669835.65,6,Active - Monitor,Monitor purchase recency
CUST04905,2025-12-29,308,1145.0,662377.53,3,Recently Active,Recent purchase activity
CUST04906,2025-12-31,467,1600.0,907585.63,1,Recently Active,Recent purchase activity
CUST04907,2025-12-29,489,1695.0,919695.3,3,Recently Active,Recent purchase activity
CUST04908,2025-12-30,462,1699.0,968172.1099999999,2,Recently Active,Recent purchase activity
CUST04909,2025-12-30,683,2464.0,1436826.89,2,Recently Active,Recent purchase activity
CUST04910,2025-12-30,300,1089.0,608090.4000000001,2,Recently Active,Recent purchase activity
CUST04911,2025-12-26,326,1210.0,732437.7100000001,6,Active - Monitor,Monitor purchase recency
CUST04912,2025-12-29,459,1666.0,1019694.4500000002,3,Recently Active,Recent purchase activity
CUST04913,2025-12-31,698,2482.0,1482873.9399999997,1,Recently Active,Recent purchase activity
CUST04914,2025-12-29,464,1738.0,973122.4500000002,3,Recently Active,Recent purchase activity
CUST04915,2025-12-19,333,1219.0,710191.26,13,Inactivity Watch,Review customer engagement
CUST04916,2025-12-29,735,2713.0,1489406.91,3,Recently Active,Recent purchase activity
CUST04917,2025-12-19,312,1102.0,584804.34,13,Inactivity Watch,Review customer engagement
CUST04918,2025-12-29,473,1772.0,1066984.5299999998,3,Recently Active,Recent purchase activity
CUST04919,2025-12-25,341,1267.0,687639.2600000001,7,Active - Monitor,Monitor purchase recency
CUST04920,2025-12-30,474,1703.0,1018489.95,2,Recently Active,Recent purchase activity
CUST04921,2025-12-31,1125,4147.0,2426124.259999999,1,Recently Active,Recent purchase activity
CUST04922,2025-12-30,457,1701.0,1025572.1000000001,2,Recently Active,Recent purchase activity
CUST04923,2025-12-28,496,1746.0,1012337.7999999999,4,Active - Monitor,Monitor purchase recency
CUST04924,2025-12-28,475,1709.0,1012418.1100000001,4,Active - Monitor,Monitor purchase recency
CUST04925,2025-12-31,718,2606.0,1545944.3800000004,1,Recently Active,Recent purchase activity
CUST04926,2025-12-31,500,1836.0,957245.6600000001,1,Recently Active,Recent purchase activity
CUST04927,2025-12-12,306,1144.0,607005.6900000001,20,Extended Inactivity,Review individually; inactivity is not proof of churn
CUST04928,2025-12-27,683,2462.0,1426166.3299999996,5,Active - Monitor,Monitor purchase recency
CUST04929,2025-12-31,466,1704.0,957498.2,1,Recently Active,Recent purchase activity
CUST04930,2025-12-31,1060,3909.0,2263965.47,1,Recently Active,Recent purchase activity
CUST04931,2025-12-31,705,2686.0,1644188.38,1,Recently Active,Recent purchase activity
CUST04932,2025-12-31,713,2670.0,1643688.2000000002,1,Recently Active,Recent purchase activity
CUST04933,2025-12-30,480,1736.0,1049835.75,2,Recently Active,Recent purchase activity
CUST04934,2025-12-31,1043,3685.0,2136606.9599999995,1,Recently Active,Recent purchase activity
CUST04935,2025-12-31,662,2389.0,1460742.4399999995,1,Recently Active,Recent purchase activity
CUST04936,2025-12-31,468,1757.0,1013602.9100000001,1,Recently Active,Recent purchase activity
CUST04937,2025-12-31,320,1082.0,606518.6399999999,1,Recently Active,Recent purchase activity
CUST04938,2025-12-28,349,1235.0,739830.3400000001,4,Active - Monitor,Monitor purchase recency
CUST04939,2025-12-29,327,1223.0,765896.85,3,Recently Active,Recent purchase activity
CUST04940,2025-12-31,327,1178.0,658481.59,1,Recently Active,Recent purchase activity
CUST04941,2025-12-31,304,1036.0,537151.5800000001,1,Recently Active,Recent purchase activity
CUST04942,2025-12-30,336,1265.0,705666.71,2,Recently Active,Recent purchase activity
CUST04943,2025-12-27,293,1079.0,659701.4700000002,5,Active - Monitor,Monitor purchase recency
CUST04944,2025-12-30,697,2560.0,1532846.9200000002,2,Recently Active,Recent purchase activity
CUST04945,2025-12-30,311,1130.0,610183.08,2,Recently Active,Recent purchase activity
CUST04946,2025-12-30,455,1666.0,904220.1800000003,2,Recently Active,Recent purchase activity
CUST04947,2025-12-29,1107,4039.0,2308807.4799999986,3,Recently Active,Recent purchase activity
CUST04948,2025-12-31,444,1488.0,837274.6000000002,1,Recently Active,Recent purchase activity
CUST04949,2025-12-26,328,1080.0,678232.8900000001,6,Active - Monitor,Monitor purchase recency
CUST04950,2025-12-29,453,1683.0,973943.39,3,Recently Active,Recent purchase activity
CUST04951,2025-12-27,509,1812.0,1127511.85,5,Active - Monitor,Monitor purchase recency
CUST04952,2025-12-22,310,1120.0,650329.69,10,Inactivity Watch,Review customer engagement
CUST04953,2025-12-31,329,1139.0,656607.89,1,Recently Active,Recent purchase activity
CUST04954,2025-12-31,1094,4041.0,2359715.24,1,Recently Active,Recent purchase activity
CUST04955,2025-12-29,452,1692.0,1022317.0299999998,3,Recently Active,Recent purchase activity
CUST04956,2025-12-31,1110,4109.0,2440366.329999999,1,Recently Active,Recent purchase activity
CUST04957,2025-12-30,477,1809.0,1034518.5600000002,2,Recently Active,Recent purchase activity
CUST04958,2025-12-23,307,1162.0,622200.0600000002,9,Inactivity Watch,Review customer engagement
CUST04959,2025-12-31,713,2498.0,1497367.39,1,Recently Active,Recent purchase activity
CUST04960,2025-12-28,695,2488.0,1442858.55,4,Active - Monitor,Monitor purchase recency
CUST04961,2025-12-30,329,1222.0,698725.2100000001,2,Recently Active,Recent purchase activity
CUST04962,2025-12-28,347,1346.0,798384.4900000001,4,Active - Monitor,Monitor purchase recency
CUST04963,2025-12-27,454,1628.0,961713.6300000001,5,Active - Monitor,Monitor purchase recency
CUST04964,2025-12-31,1105,3991.0,2328595.149999999,1,Recently Active,Recent purchase activity
CUST04965,2025-12-30,724,2646.0,1545979.3299999994,2,Recently Active,Recent purchase activity
CUST04966,2025-12-26,459,1799.0,1033582.6699999999,6,Active - Monitor,Monitor purchase recency
CUST04967,2025-12-30,646,2326.0,1263774.9600000004,2,Recently Active,Recent purchase activity
CUST04968,2025-12-25,330,1201.0,683411.8,7,Active - Monitor,Monitor purchase recency
CUST04969,2025-12-30,451,1674.0,1004525.7999999999,2,Recently Active,Recent purchase activity
CUST04970,2025-12-29,694,2468.0,1453798.7199999997,3,Recently Active,Recent purchase activity
CUST04971,2025-12-29,351,1317.0,777117.3900000001,3,Recently Active,Recent purchase activity
CUST04972,2025-12-24,318,1113.0,648643.3600000001,8,Inactivity Watch,Review customer engagement
CUST04973,2025-12-31,482,1734.0,981146.3899999999,1,Recently Active,Recent purchase activity
CUST04974,2025-12-31,1050,3782.0,2254870.539999999,1,Recently Active,Recent purchase activity
CUST04975,2025-12-31,1109,3990.0,2484156.5299999993,1,Recently Active,Recent purchase activity
CUST04976,2025-12-31,460,1640.0,936872.2099999998,1,Recently Active,Recent purchase activity
CUST04977,2025-12-28,438,1598.0,985266.6499999999,4,Active - Monitor,Monitor purchase recency
CUST04978,2025-12-29,518,1790.0,1097085.44,3,Recently Active,Recent purchase activity
CUST04979,2025-12-30,320,1198.0,760174.3200000001,2,Recently Active,Recent purchase activity
CUST04980,2025-12-31,452,1624.0,920020.7599999998,1,Recently Active,Recent purchase activity
CUST04981,2025-12-28,480,1804.0,1062045.77,4,Active - Monitor,Monitor purchase recency
CUST04982,2025-12-31,340,1169.0,680763.3899999999,1,Recently Active,Recent purchase activity
CUST04983,2025-12-31,694,2484.0,1519898.16,1,Recently Active,Recent purchase activity
CUST04984,2025-12-30,490,1757.0,1069257.75,2,Recently Active,Recent purchase activity
CUST04985,2025-12-31,720,2439.0,1409892.2799999998,1,Recently Active,Recent purchase activity
CUST04986,2025-12-30,473,1661.0,954873.15,2,Recently Active,Recent purchase activity
CUST04987,2025-12-31,316,1091.0,647729.68,1,Recently Active,Recent purchase activity
CUST04988,2025-12-26,318,1171.0,637371.33,6,Active - Monitor,Monitor purchase recency
CUST04989,2025-12-31,1154,4166.0,2463931.119999999,1,Recently Active,Recent purchase activity
CUST04990,2025-12-29,443,1617.0,926102.4400000002,3,Recently Active,Recent purchase activity
CUST04991,2025-12-31,466,1747.0,994943.4000000003,1,Recently Active,Recent purchase activity
CUST04992,2025-12-30,716,2556.0,1390453.8800000001,2,Recently Active,Recent purchase activity
CUST04993,2025-12-26,657,2416.0,1369134.45,6,Active - Monitor,Monitor purchase recency
CUST04994,2025-12-30,1047,3663.0,2101064.3299999996,2,Recently Active,Recent purchase activity
CUST04995,2025-12-30,424,1507.0,958756.1300000001,2,Recently Active,Recent purchase activity
CUST04996,2025-12-31,339,1249.0,678016.1800000002,1,Recently Active,Recent purchase activity
CUST04997,2025-12-29,320,1156.0,671975.6699999999,3,Recently Active,Recent purchase activity
CUST04998,2025-12-31,438,1576.0,906866.2300000002,1,Recently Active,Recent purchase activity
CUST04999,2025-12-26,308,1174.0,718138.4500000001,6,Active - Monitor,Monitor purchase recency
CUST05000,2025-12-30,1073,3891.0,2247642.8699999996,2,Recently Active,Recent purchase activity
CUST05001,2025-12-31,1067,3749.0,2204666.3499999996,1,Recently Active,Recent purchase activity
CUST05002,2025-12-23,455,1552.0,903963.56,9,Inactivity Watch,Review customer engagement
CUST05003,2025-12-31,318,1132.0,647318.63,1,Recently Active,Recent purchase activity
CUST05004,2025-12-28,320,1181.0,688354.66,4,Active - Monitor,Monitor purchase recency
CUST05005,2025-12-29,315,1095.0,648639.04,3,Recently Active,Recent purchase activity
CUST05006,2025-12-27,354,1251.0,698293.36,5,Active - Monitor,Monitor purchase recency
CUST05007,2025-12-31,679,2594.0,1554357.7099999997,1,Recently Active,Recent purchase activity
CUST05008,2025-12-28,1081,3978.0,2409934.079999999,4,Active - Monitor,Monitor purchase recency
CUST05009,2025-12-28,315,1106.0,670254.2200000001,4,Active - Monitor,Monitor purchase recency
CUST05010,2025-12-31,1070,3909.0,2259175.6799999992,1,Recently Active,Recent purchase activity
CUST05011,2025-12-31,1072,3856.0,2168732.4399999995,1,Recently Active,Recent purchase activity
CUST05012,2025-12-31,699,2493.0,1437881.22,1,Recently Active,Recent purchase activity
CUST05013,2025-12-31,463,1697.0,978441.5599999999,1,Recently Active,Recent purchase activity
CUST05014,2025-12-23,311,1088.0,657350.8399999999,9,Inactivity Watch,Review customer engagement
CUST05015,2025-12-29,459,1563.0,907933.1900000001,3,Recently Active,Recent purchase activity
CUST05016,2025-12-30,428,1537.0,882131.0000000001,2,Recently Active,Recent purchase activity
CUST05017,2025-12-28,294,1045.0,635702.1,4,Active - Monitor,Monitor purchase recency
CUST05018,2025-12-30,455,1743.0,977466.5699999998,2,Recently Active,Recent purchase activity
CUST05019,2025-12-31,1086,3844.0,2237966.2899999996,1,Recently Active,Recent purchase activity
CUST05020,2025-12-30,321,1246.0,704821.57,2,Recently Active,Recent purchase activity
CUST05021,2025-12-30,338,1133.0,681272.1499999999,2,Recently Active,Recent purchase activity
CUST05022,2025-12-29,309,1110.0,617838.96,3,Recently Active,Recent purchase activity
CUST05023,2025-12-31,436,1591.0,933532.46,1,Recently Active,Recent purchase activity
CUST05024,2025-12-31,461,1647.0,948891.1000000001,1,Recently Active,Recent purchase activity
CUST05025,2025-12-27,343,1319.0,770430.74,5,Active - Monitor,Monitor purchase recency
CUST05026,2025-12-30,447,1600.0,971381.7,2,Recently Active,Recent purchase activity
CUST05027,2025-12-30,334,1149.0,644691.77,2,Recently Active,Recent purchase activity
CUST05028,2025-12-24,450,1619.0,987961.62,8,Inactivity Watch,Review customer engagement
CUST05029,2025-12-29,733,2645.0,1506598.0799999998,3,Recently Active,Recent purchase activity
CUST05030,2025-12-29,309,1136.0,643668.55,3,Recently Active,Recent purchase activity
CUST05031,2025-12-31,667,2500.0,1466780.7399999998,1,Recently Active,Recent purchase activity
CUST05032,2025-12-31,453,1707.0,1014452.4700000002,1,Recently Active,Recent purchase activity
CUST05033,2025-12-29,459,1753.0,929451.4800000001,3,Recently Active,Recent purchase activity
CUST05034,2025-12-28,479,1714.0,962633.2999999999,4,Active - Monitor,Monitor purchase recency
CUST05035,2025-12-31,676,2501.0,1406550.82,1,Recently Active,Recent purchase activity
CUST05036,2025-12-31,667,2545.0,1504915.33,1,Recently Active,Recent purchase activity
CUST05037,2025-12-31,478,1691.0,921607.8800000001,1,Recently Active,Recent purchase activity
CUST05038,2025-12-28,343,1228.0,683463.76,4,Active - Monitor,Monitor purchase recency
CUST05039,2025-12-30,334,1269.0,736097.74,2,Recently Active,Recent purchase activity
CUST05040,2025-12-29,616,2322.0,1310303.89,3,Recently Active,Recent purchase activity
CUST05041,2025-12-28,317,1116.0,659034.5499999999,4,Active - Monitor,Monitor purchase recency
CUST05042,2025-12-28,1070,3793.0,2251265.9899999993,4,Active - Monitor,Monitor purchase recency
CUST05043,2025-12-27,339,1159.0,607641.5700000001,5,Active - Monitor,Monitor purchase recency
CUST05044,2025-12-29,480,1700.0,1062877.1800000002,3,Recently Active,Recent purchase activity
CUST05045,2025-12-27,444,1647.0,932207.3499999999,5,Active - Monitor,Monitor purchase recency
CUST05046,2025-12-31,314,1127.0,673868.6400000001,1,Recently Active,Recent purchase activity
CUST05047,2025-12-30,488,1842.0,1061383.37,2,Recently Active,Recent purchase activity
CUST05048,2025-12-29,366,1346.0,739262.87,3,Recently Active,Recent purchase activity
CUST05049,2025-12-26,323,1202.0,774151.13,6,Active - Monitor,Monitor purchase recency
CUST05050,2025-12-29,477,1777.0,1006376.3500000001,3,Recently Active,Recent purchase activity
CUST05051,2025-12-27,313,1156.0,676422.35,5,Active - Monitor,Monitor purchase recency
CUST05052,2025-12-28,450,1589.0,920834.84,4,Active - Monitor,Monitor purchase recency
CUST05053,2025-12-31,648,2369.0,1333847.42,1,Recently Active,Recent purchase activity
CUST05054,2025-12-31,663,2412.0,1454701.67,1,Recently Active,Recent purchase activity
CUST05055,2025-12-31,347,1335.0,770618.2,1,Recently Active,Recent purchase activity
CUST05056,2025-12-27,322,1131.0,686977.6600000001,5,Active - Monitor,Monitor purchase recency
CUST05057,2025-12-31,1097,4064.0,2364771.5300000003,1,Recently Active,Recent purchase activity
CUST05058,2025-12-30,1075,3896.0,2322036.75,2,Recently Active,Recent purchase activity
CUST05059,2025-12-29,1069,4004.0,2369847.11,3,Recently Active,Recent purchase activity
CUST05060,2025-12-31,475,1715.0,941617.21,1,Recently Active,Recent purchase activity
CUST05061,2025-12-25,428,1533.0,855110.5000000001,7,Active - Monitor,Monitor purchase recency
CUST05062,2025-12-29,465,1687.0,998279.45,3,Recently Active,Recent purchase activity
CUST05063,2025-12-30,708,2594.0,1465005.67,2,Recently Active,Recent purchase activity
CUST05064,2025-12-29,292,1061.0,627891.54,3,Recently Active,Recent purchase activity
CUST05065,2025-12-27,295,1119.0,645354.4999999999,5,Active - Monitor,Monitor purchase recency
CUST05066,2025-12-29,304,1040.0,703111.63,3,Recently Active,Recent purchase activity
CUST05067,2025-12-29,441,1625.0,998566.24,3,Recently Active,Recent purchase activity
CUST05068,2025-12-27,340,1316.0,767505.4199999999,5,Active - Monitor,Monitor purchase recency
CUST05069,2025-12-27,333,1231.0,685908.4900000002,5,Active - Monitor,Monitor purchase recency
CUST05070,2025-12-30,298,1062.0,569055.9999999998,2,Recently Active,Recent purchase activity
CUST05071,2025-12-30,676,2337.0,1389277.9900000002,2,Recently Active,Recent purchase activity
CUST05072,2025-12-31,481,1706.0,1017824.1900000001,1,Recently Active,Recent purchase activity
CUST05073,2025-12-31,488,1725.0,1057908.17,1,Recently Active,Recent purchase activity
CUST05074,2025-12-28,324,1260.0,677280.95,4,Active - Monitor,Monitor purchase recency
CUST05075,2025-12-31,484,1774.0,1055197.1,1,Recently Active,Recent purchase activity
CUST05076,2025-12-29,451,1700.0,940325.0900000001,3,Recently Active,Recent purchase activity
CUST05077,2025-12-29,322,1153.0,665948.3300000001,3,Recently Active,Recent purchase activity
CUST05078,2025-12-29,357,1254.0,743767.7800000001,3,Recently Active,Recent purchase activity
CUST05079,2025-12-28,700,2488.0,1486499.82,4,Active - Monitor,Monitor purchase recency
CUST05080,2025-12-31,690,2659.0,1581280.1099999999,1,Recently Active,Recent purchase activity
CUST05081,2025-12-30,358,1242.0,733044.9999999999,2,Recently Active,Recent purchase activity
CUST05082,2025-12-30,485,1778.0,1053207.5699999998,2,Recently Active,Recent purchase activity
CUST05083,2025-12-31,702,2554.0,1468846.7999999998,1,Recently Active,Recent purchase activity
CUST05084,2025-12-28,456,1621.0,951226.89,4,Active - Monitor,Monitor purchase recency
CUST05085,2025-12-30,334,1274.0,766769.2799999999,2,Recently Active,Recent purchase activity
CUST05086,2025-12-31,1056,3883.0,2273893.3899999997,1,Recently Active,Recent purchase activity
CUST05087,2025-12-26,440,1584.0,920142.32,6,Active - Monitor,Monitor purchase recency
CUST05088,2025-12-30,490,1743.0,1071325.83,2,Recently Active,Recent purchase activity
CUST05089,2025-12-29,451,1662.0,1019398.1200000001,3,Recently Active,Recent purchase activity
CUST05090,2025-12-31,345,1233.0,721591.81,1,Recently Active,Recent purchase activity
CUST05091,2025-12-28,459,1742.0,1056769.69,4,Active - Monitor,Monitor purchase recency
CUST05092,2025-12-26,327,1179.0,817901.1599999999,6,Active - Monitor,Monitor purchase recency
CUST05093,2025-12-28,336,1253.0,676158.9000000001,4,Active - Monitor,Monitor purchase recency
CUST05094,2025-12-27,316,1191.0,684976.4500000001,5,Active - Monitor,Monitor purchase recency
CUST05095,2025-12-31,990,3602.0,2054479.6199999999,1,Recently Active,Recent purchase activity
CUST05096,2025-12-30,659,2500.0,1451154.0199999998,2,Recently Active,Recent purchase activity
CUST05097,2025-12-29,302,1096.0,586155.4800000001,3,Recently Active,Recent purchase activity
CUST05098,2025-12-29,425,1533.0,871127.3500000001,3,Recently Active,Recent purchase activity
CUST05099,2025-12-29,472,1662.0,964088.1200000001,3,Recently Active,Recent purchase activity
CUST05100,2025-12-29,468,1777.0,987138.9199999999,3,Recently Active,Recent purchase activity
CUST05101,2025-12-28,334,1235.0,705501.62,4,Active - Monitor,Monitor purchase recency
CUST05102,2025-12-31,1070,3897.0,2319159.2599999984,1,Recently Active,Recent purchase activity
CUST05103,2025-12-31,473,1666.0,940295.9300000003,1,Recently Active,Recent purchase activity
CUST05104,2025-12-31,709,2600.0,1432068.1199999999,1,Recently Active,Recent purchase activity
CUST05105,2025-12-29,707,2751.0,1570743.9299999997,3,Recently Active,Recent purchase activity
CUST05106,2025-12-31,1051,3838.0,2203870.8299999996,1,Recently Active,Recent purchase activity
CUST05107,2025-12-31,347,1161.0,671850.88,1,Recently Active,Recent purchase activity
CUST05108,2025-12-23,334,1114.0,632933.17,9,Inactivity Watch,Review customer engagement
CUST05109,2025-12-30,449,1543.0,955018.2000000002,2,Recently Active,Recent purchase activity
CUST05110,2025-12-24,477,1640.0,995315.23,8,Inactivity Watch,Review customer engagement
CUST05111,2025-12-31,1105,4052.0,2325153.5200000005,1,Recently Active,Recent purchase activity
CUST05112,2025-12-31,475,1776.0,1079399.5999999996,1,Recently Active,Recent purchase activity
CUST05113,2025-12-24,660,2394.0,1404255.1099999999,8,Inactivity Watch,Review customer engagement
CUST05114,2025-12-31,424,1474.0,899614.2399999999,1,Recently Active,Recent purchase activity
CUST05115,2025-12-30,316,1194.0,715886.6199999999,2,Recently Active,Recent purchase activity
CUST05116,2025-12-30,340,1174.0,721735.8599999999,2,Recently Active,Recent purchase activity
CUST05117,2025-12-27,311,1093.0,679804.8800000001,5,Active - Monitor,Monitor purchase recency
CUST05118,2025-12-27,468,1662.0,1043689.1900000002,5,Active - Monitor,Monitor purchase recency
CUST05119,2025-12-26,322,1148.0,710536.7200000001,6,Active - Monitor,Monitor purchase recency
CUST05120,2025-12-27,326,1181.0,701056.92,5,Active - Monitor,Monitor purchase recency
CUST05121,2025-12-28,439,1633.0,897405.9600000001,4,Active - Monitor,Monitor purchase recency
CUST05122,2025-12-31,340,1225.0,701569.79,1,Recently Active,Recent purchase activity
CUST05123,2025-12-29,469,1715.0,1001394.3700000001,3,Recently Active,Recent purchase activity
CUST05124,2025-12-30,485,1729.0,1000614.6800000002,2,Recently Active,Recent purchase activity
CUST05125,2025-12-27,300,1042.0,588597.6900000001,5,Active - Monitor,Monitor purchase recency
CUST05126,2025-12-31,343,1237.0,645808.3500000001,1,Recently Active,Recent purchase activity
CUST05127,2025-12-29,507,1832.0,1129902.59,3,Recently Active,Recent purchase activity
CUST05128,2025-12-31,484,1772.0,944722.8800000001,1,Recently Active,Recent purchase activity
CUST05129,2025-12-30,737,2643.0,1518235.4,2,Recently Active,Recent purchase activity
CUST05130,2025-12-31,456,1605.0,917558.5899999999,1,Recently Active,Recent purchase activity
CUST05131,2025-12-30,478,1724.0,971852.43,2,Recently Active,Recent purchase activity
CUST05132,2025-12-31,423,1508.0,839579.2600000001,1,Recently Active,Recent purchase activity
CUST05133,2025-12-31,347,1310.0,792995.58,1,Recently Active,Recent purchase activity
CUST05134,2025-12-30,338,1223.0,792716.86,2,Recently Active,Recent purchase activity
CUST05135,2025-12-23,299,1043.0,588586.93,9,Inactivity Watch,Review customer engagement
CUST05136,2025-12-28,448,1744.0,1064155.69,4,Active - Monitor,Monitor purchase recency
CUST05137,2025-12-31,450,1723.0,1026209.2599999998,1,Recently Active,Recent purchase activity
CUST05138,2025-12-31,344,1292.0,704664.1000000001,1,Recently Active,Recent purchase activity
CUST05139,2025-12-30,494,1726.0,946648.5500000003,2,Recently Active,Recent purchase activity
CUST05140,2025-12-31,1093,3829.0,2191224.679999999,1,Recently Active,Recent purchase activity
CUST05141,2025-12-28,310,1134.0,691939.4000000001,4,Active - Monitor,Monitor purchase recency
CUST05142,2025-12-28,720,2663.0,1483279.6900000004,4,Active - Monitor,Monitor purchase recency
CUST05143,2025-12-29,436,1569.0,900099.1400000001,3,Recently Active,Recent purchase activity
CUST05144,2025-12-31,676,2493.0,1508423.6799999997,1,Recently Active,Recent purchase activity
CUST05145,2025-12-30,325,1192.0,638283.17,2,Recently Active,Recent purchase activity
CUST05146,2025-12-31,1033,3634.0,2035920.8199999996,1,Recently Active,Recent purchase activity
CUST05147,2025-12-20,322,1150.0,668426.79,12,Inactivity Watch,Review customer engagement
CUST05148,2025-12-30,461,1663.0,967258.9099999998,2,Recently Active,Recent purchase activity
CUST05149,2025-12-30,475,1767.0,1101678.77,2,Recently Active,Recent purchase activity
CUST05150,2025-12-29,518,1829.0,1109194.76,3,Recently Active,Recent purchase activity
CUST05151,2025-12-31,502,1768.0,999916.4000000001,1,Recently Active,Recent purchase activity
CUST05152,2025-12-29,463,1616.0,976915.79,3,Recently Active,Recent purchase activity
CUST05153,2025-12-31,483,1746.0,1026876.9500000002,1,Recently Active,Recent purchase activity
CUST05154,2025-12-28,681,2511.0,1496132.22,4,Active - Monitor,Monitor purchase recency
CUST05155,2025-12-31,708,2697.0,1619602.0299999998,1,Recently Active,Recent purchase activity
CUST05156,2025-12-31,455,1574.0,974455.1399999999,1,Recently Active,Recent purchase activity
CUST05157,2025-12-31,1085,3988.0,2395647.3499999996,1,Recently Active,Recent purchase activity
CUST05158,2025-12-30,702,2543.0,1454579.3999999994,2,Recently Active,Recent purchase activity
CUST05159,2025-12-25,309,1101.0,654045.0800000001,7,Active - Monitor,Monitor purchase recency
CUST05160,2025-12-30,1092,4007.0,2285491.8,2,Recently Active,Recent purchase activity
CUST05161,2025-12-31,730,2526.0,1485501.2,1,Recently Active,Recent purchase activity
CUST05162,2025-12-31,524,1900.0,1102528.5499999998,1,Recently Active,Recent purchase activity
CUST05163,2025-12-31,451,1614.0,847891.2500000001,1,Recently Active,Recent purchase activity
CUST05164,2025-12-23,316,1171.0,720489.4300000002,9,Inactivity Watch,Review customer engagement
CUST05165,2025-12-30,460,1654.0,964900.1100000001,2,Recently Active,Recent purchase activity
CUST05166,2025-12-30,329,1152.0,653584.2400000001,2,Recently Active,Recent purchase activity
CUST05167,2025-12-31,1078,3929.0,2256582.97,1,Recently Active,Recent purchase activity
CUST05168,2025-12-31,484,1693.0,967878.0100000001,1,Recently Active,Recent purchase activity
CUST05169,2025-12-29,317,1153.0,627710.2500000001,3,Recently Active,Recent purchase activity
CUST05170,2025-12-31,713,2543.0,1576189.35,1,Recently Active,Recent purchase activity
CUST05171,2025-12-30,451,1609.0,1001701.49,2,Recently Active,Recent purchase activity
CUST05172,2025-12-30,459,1590.0,907985.4400000003,2,Recently Active,Recent purchase activity
CUST05173,2025-12-25,338,1276.0,777716.45,7,Active - Monitor,Monitor purchase recency
CUST05174,2025-12-27,424,1572.0,934428.0000000002,5,Active - Monitor,Monitor purchase recency
CUST05175,2025-12-30,709,2522.0,1492730.7399999998,2,Recently Active,Recent purchase activity
CUST05176,2025-12-26,303,1124.0,652713.5700000001,6,Active - Monitor,Monitor purchase recency
CUST05177,2025-12-27,447,1628.0,920521.3400000002,5,Active - Monitor,Monitor purchase recency
CUST05178,2025-12-28,305,1109.0,633160.17,4,Active - Monitor,Monitor purchase recency
CUST05179,2025-12-29,446,1644.0,935553.2100000001,3,Recently Active,Recent purchase activity
CUST05180,2025-12-30,459,1634.0,926804.2999999999,2,Recently Active,Recent purchase activity
CUST05181,2025-12-30,714,2630.0,1532006.0299999998,2,Recently Active,Recent purchase activity
CUST05182,2025-12-30,494,1802.0,1113429.57,2,Recently Active,Recent purchase activity
CUST05183,2025-12-30,1048,3764.0,2239035.169999999,2,Recently Active,Recent purchase activity
CUST05184,2025-12-31,1089,3913.0,2292031.0100000007,1,Recently Active,Recent purchase activity
CUST05185,2025-12-31,698,2470.0,1453438.25,1,Recently Active,Recent purchase activity
CUST05186,2025-12-27,451,1677.0,1014463.98,5,Active - Monitor,Monitor purchase recency
CUST05187,2025-12-28,337,1216.0,663617.0100000001,4,Active - Monitor,Monitor purchase recency
CUST05188,2025-12-31,481,1620.0,946219.6599999999,1,Recently Active,Recent purchase activity
CUST05189,2025-12-31,705,2603.0,1472508.5800000003,1,Recently Active,Recent purchase activity
CUST05190,2025-12-29,499,1782.0,949422.42,3,Recently Active,Recent purchase activity
CUST05191,2025-12-31,1043,3752.0,2215929.1599999997,1,Recently Active,Recent purchase activity
CUST05192,2025-12-21,318,1170.0,656852.43,11,Inactivity Watch,Review customer engagement
CUST05193,2025-12-30,742,2649.0,1560316.79,2,Recently Active,Recent purchase activity
CUST05194,2025-12-30,1100,4058.0,2390310.2799999993,2,Recently Active,Recent purchase activity
CUST05195,2025-12-29,483,1787.0,1006138.6699999998,3,Recently Active,Recent purchase activity
CUST05196,2025-12-30,748,2577.0,1467129.9699999997,2,Recently Active,Recent purchase activity
CUST05197,2025-12-30,327,1157.0,712878.5099999999,2,Recently Active,Recent purchase activity
CUST05198,2025-12-31,301,1049.0,572627.89,1,Recently Active,Recent purchase activity
CUST05199,2025-12-26,341,1226.0,715066.31,6,Active - Monitor,Monitor purchase recency
CUST05200,2025-12-31,290,1062.0,610208.98,1,Recently Active,Recent purchase activity
CUST05201,2025-12-26,307,1109.0,578413.2400000001,6,Active - Monitor,Monitor purchase recency
CUST05202,2025-12-28,329,1187.0,723564.44,4,Active - Monitor,Monitor purchase recency
CUST05203,2025-12-31,329,1212.0,700470.48,1,Recently Active,Recent purchase activity
CUST05204,2025-12-27,700,2585.0,1491645.6600000001,5,Active - Monitor,Monitor purchase recency
CUST05205,2025-12-28,329,1280.0,718819.3099999999,4,Active - Monitor,Monitor purchase recency
CUST05206,2025-12-30,481,1755.0,996561.3600000001,2,Recently Active,Recent purchase activity
CUST05207,2025-12-30,486,1743.0,992263.9800000001,2,Recently Active,Recent purchase activity
CUST05208,2025-12-31,509,1777.0,1009652.08,1,Recently Active,Recent purchase activity
CUST05209,2025-12-31,1071,3903.0,2380512.7100000004,1,Recently Active,Recent purchase activity
CUST05210,2025-12-30,703,2603.0,1575613.08,2,Recently Active,Recent purchase activity
CUST05211,2025-12-31,440,1630.0,915281.6500000001,1,Recently Active,Recent purchase activity
CUST05212,2025-12-29,346,1184.0,723911.81,3,Recently Active,Recent purchase activity
CUST05213,2025-12-31,341,1232.0,675287.17,1,Recently Active,Recent purchase activity
CUST05214,2025-12-31,713,2680.0,1473670.8499999994,1,Recently Active,Recent purchase activity
CUST05215,2025-12-31,689,2455.0,1410198.48,1,Recently Active,Recent purchase activity
CUST05216,2025-12-31,482,1765.0,1075244.9999999995,1,Recently Active,Recent purchase activity
CUST05217,2025-12-29,1126,4055.0,2428407.5100000002,3,Recently Active,Recent purchase activity
CUST05218,2025-12-29,736,2689.0,1589571.78,3,Recently Active,Recent purchase activity
CUST05219,2025-12-31,1073,3903.0,2422041.6699999995,1,Recently Active,Recent purchase activity
CUST05220,2025-12-29,721,2533.0,1498671.7200000002,3,Recently Active,Recent purchase activity
CUST05221,2025-12-31,1084,4064.0,2340032.2999999993,1,Recently Active,Recent purchase activity
CUST05222,2025-12-28,483,1795.0,1066140.96,4,Active - Monitor,Monitor purchase recency
CUST05223,2025-12-30,489,1752.0,1016646.0900000002,2,Recently Active,Recent purchase activity
CUST05224,2025-12-29,325,1180.0,671576.2100000001,3,Recently Active,Recent purchase activity
CUST05225,2025-12-31,1113,3950.0,2320282.54,1,Recently Active,Recent purchase activity
CUST05226,2025-12-30,326,1199.0,758904.18,2,Recently Active,Recent purchase activity
CUST05227,2025-12-27,338,1195.0,706854.48,5,Active - Monitor,Monitor purchase recency
CUST05228,2025-12-31,694,2343.0,1397963.6500000001,1,Recently Active,Recent purchase activity
CUST05229,2025-12-31,300,1105.0,669036.3099999999,1,Recently Active,Recent purchase activity
CUST05230,2025-12-30,457,1642.0,946837.5300000001,2,Recently Active,Recent purchase activity
CUST05231,2025-12-30,1097,3988.0,2253068.1699999995,2,Recently Active,Recent purchase activity
CUST05232,2025-12-30,403,1440.0,791908.7699999999,2,Recently Active,Recent purchase activity
CUST05233,2025-12-21,339,1300.0,716995.77,11,Inactivity Watch,Review customer engagement
CUST05234,2025-12-25,322,1128.0,706829.02,7,Active - Monitor,Monitor purchase recency
CUST05235,2025-12-31,477,1681.0,1025507.2000000002,1,Recently Active,Recent purchase activity
CUST05236,2025-12-17,323,1167.0,634885.55,15,Extended Inactivity,Review individually; inactivity is not proof of churn
CUST05237,2025-12-25,307,1134.0,665192.5699999998,7,Active - Monitor,Monitor purchase recency
CUST05238,2025-12-29,321,1191.0,723511.3,3,Recently Active,Recent purchase activity
CUST05239,2025-12-29,308,1114.0,642923.42,3,Recently Active,Recent purchase activity
CUST05240,2025-12-31,766,2779.0,1664723.8599999996,1,Recently Active,Recent purchase activity
CUST05241,2025-12-26,317,1162.0,626310.44,6,Active - Monitor,Monitor purchase recency
CUST05242,2025-12-30,472,1764.0,1024585.4199999999,2,Recently Active,Recent purchase activity
CUST05243,2025-12-31,677,2388.0,1379799.93,1,Recently Active,Recent purchase activity
CUST05244,2025-12-30,374,1271.0,736581.25,2,Recently Active,Recent purchase activity
CUST05245,2025-12-31,303,1077.0,627876.46,1,Recently Active,Recent purchase activity
CUST05246,2025-12-28,326,1123.0,649210.9400000002,4,Active - Monitor,Monitor purchase recency
CUST05247,2025-12-29,1078,3975.0,2339671.37,3,Recently Active,Recent purchase activity
CUST05248,2025-12-27,329,1160.0,705700.69,5,Active - Monitor,Monitor purchase recency
CUST05249,2025-12-31,467,1695.0,985336.27,1,Recently Active,Recent purchase activity
CUST05250,2025-12-30,475,1771.0,998361.62,2,Recently Active,Recent purchase activity
CUST05251,2025-12-30,448,1620.0,995380.32,2,Recently Active,Recent purchase activity
CUST05252,2025-12-29,704,2544.0,1487353.1199999996,3,Recently Active,Recent purchase activity
CUST05253,2025-12-31,326,1183.0,682142.5799999998,1,Recently Active,Recent purchase activity
CUST05254,2025-12-24,324,1130.0,699601.5900000001,8,Inactivity Watch,Review customer engagement
CUST05255,2025-12-31,439,1610.0,917276.6600000001,1,Recently Active,Recent purchase activity
CUST05256,2025-12-31,299,1034.0,537841.49,1,Recently Active,Recent purchase activity
CUST05257,2025-12-28,712,2537.0,1477950.1899999997,4,Active - Monitor,Monitor purchase recency
CUST05258,2025-12-31,481,1711.0,1030908.96,1,Recently Active,Recent purchase activity
CUST05259,2025-12-30,296,1079.0,587224.1200000001,2,Recently Active,Recent purchase activity
CUST05260,2025-12-29,348,1184.0,697838.7300000001,3,Recently Active,Recent purchase activity
CUST05261,2025-12-31,497,1787.0,1054147.47,1,Recently Active,Recent purchase activity
CUST05262,2025-12-30,1055,3884.0,2225710.59,2,Recently Active,Recent purchase activity
CUST05263,2025-12-31,340,1278.0,737099.98,1,Recently Active,Recent purchase activity
CUST05264,2025-12-30,309,1126.0,700779.6700000002,2,Recently Active,Recent purchase activity
CUST05265,2025-12-24,481,1706.0,983947.4699999997,8,Inactivity Watch,Review customer engagement
CUST05266,2025-12-30,447,1592.0,981991.1100000003,2,Recently Active,Recent purchase activity
CUST05267,2025-12-30,712,2497.0,1408092.7399999998,2,Recently Active,Recent purchase activity
CUST05268,2025-12-29,465,1726.0,1039054.0899999999,3,Recently Active,Recent purchase activity
CUST05269,2025-12-30,328,1225.0,744088.3200000001,2,Recently Active,Recent purchase activity
CUST05270,2025-12-26,476,1752.0,985444.44,6,Active - Monitor,Monitor purchase recency
CUST05271,2025-12-29,698,2455.0,1487521.7500000002,3,Recently Active,Recent purchase activity
CUST05272,2025-12-27,343,1325.0,762992.2499999999,5,Active - Monitor,Monitor purchase recency
CUST05273,2025-12-31,449,1620.0,999586.2000000002,1,Recently Active,Recent purchase activity
CUST05274,2025-12-30,330,1215.0,687750.49,2,Recently Active,Recent purchase activity
CUST05275,2025-12-28,342,1231.0,746670.8800000001,4,Active - Monitor,Monitor purchase recency
CUST05276,2025-12-27,311,1088.0,569858.2000000001,5,Active - Monitor,Monitor purchase recency
CUST05277,2025-12-30,717,2524.0,1421028.8399999996,2,Recently Active,Recent purchase activity
CUST05278,2025-12-31,1062,3784.0,2127280.329999999,1,Recently Active,Recent purchase activity
CUST05279,2025-12-31,698,2477.0,1408183.38,1,Recently Active,Recent purchase activity
CUST05280,2025-12-31,417,1492.0,899235.7100000003,1,Recently Active,Recent purchase activity
CUST05281,2025-12-26,469,1721.0,958725.2100000001,6,Active - Monitor,Monitor purchase recency
CUST05282,2025-12-23,353,1232.0,731380.3300000001,9,Inactivity Watch,Review customer engagement
CUST05283,2025-12-30,316,1177.0,732186.4199999999,2,Recently Active,Recent purchase activity
CUST05284,2025-12-31,342,1151.0,678698.98,1,Recently Active,Recent purchase activity
CUST05285,2025-12-31,452,1607.0,942209.0700000001,1,Recently Active,Recent purchase activity
CUST05286,2025-12-26,482,1792.0,1030617.02,6,Active - Monitor,Monitor purchase recency
CUST05287,2025-12-30,302,1088.0,659196.2400000001,2,Recently Active,Recent purchase activity
CUST05288,2025-12-30,524,1957.0,1129834.67,2,Recently Active,Recent purchase activity
CUST05289,2025-12-30,1095,4045.0,2450974.91,2,Recently Active,Recent purchase activity
CUST05290,2025-12-29,461,1666.0,934192.1699999999,3,Recently Active,Recent purchase activity
CUST05291,2025-12-31,442,1569.0,979265.8400000002,1,Recently Active,Recent purchase activity
CUST05292,2025-12-26,344,1173.0,653579.4400000001,6,Active - Monitor,Monitor purchase recency
CUST05293,2025-12-30,333,1236.0,702898.34,2,Recently Active,Recent purchase activity
CUST05294,2025-12-23,334,1216.0,699889.43,9,Inactivity Watch,Review customer engagement
CUST05295,2025-12-29,312,1176.0,721578.93,3,Recently Active,Recent purchase activity
CUST05296,2025-12-31,477,1771.0,1064273.06,1,Recently Active,Recent purchase activity
CUST05297,2025-12-30,1076,3891.0,2246579.869999999,2,Recently Active,Recent purchase activity
CUST05298,2025-12-31,308,1107.0,634732.7600000001,1,Recently Active,Recent purchase activity
CUST05299,2025-12-31,322,1101.0,611435.84,1,Recently Active,Recent purchase activity
CUST05300,2025-12-30,339,1259.0,705735.43,2,Recently Active,Recent purchase activity
CUST05301,2025-12-29,319,1274.0,774040.57,3,Recently Active,Recent purchase activity
CUST05302,2025-12-31,466,1713.0,974029.27,1,Recently Active,Recent purchase activity
CUST05303,2025-12-31,708,2503.0,1491628.6399999994,1,Recently Active,Recent purchase activity
CUST05304,2025-12-31,690,2493.0,1459796.92,1,Recently Active,Recent purchase activity
CUST05305,2025-12-28,353,1247.0,739801.33,4,Active - Monitor,Monitor purchase recency
CUST05306,2025-12-31,749,2674.0,1566846.0299999998,1,Recently Active,Recent purchase activity
CUST05307,2025-12-24,298,1078.0,619063.7300000001,8,Inactivity Watch,Review customer engagement
CUST05308,2025-12-25,320,1154.0,634313.65,7,Active - Monitor,Monitor purchase recency
CUST05309,2025-12-31,1092,4008.0,2314394.17,1,Recently Active,Recent purchase activity
CUST05310,2025-12-29,701,2515.0,1421604.0899999996,3,Recently Active,Recent purchase activity
CUST05311,2025-12-29,336,1310.0,773975.8500000001,3,Recently Active,Recent purchase activity
CUST05312,2025-12-25,477,1700.0,979309.95,7,Active - Monitor,Monitor purchase recency
CUST05313,2025-12-30,492,1809.0,1056269.0599999998,2,Recently Active,Recent purchase activity
CUST05314,2025-12-31,1009,3644.0,2156204.8099999996,1,Recently Active,Recent purchase activity
CUST05315,2025-12-31,334,1220.0,716704.8300000002,1,Recently Active,Recent purchase activity
CUST05316,2025-12-27,302,1090.0,592934.63,5,Active - Monitor,Monitor purchase recency
CUST05317,2025-12-30,447,1610.0,856765.1300000001,2,Recently Active,Recent purchase activity
CUST05318,2025-12-12,301,1068.0,590891.9800000002,20,Extended Inactivity,Review individually; inactivity is not proof of churn
CUST05319,2025-12-31,744,2724.0,1439595.24,1,Recently Active,Recent purchase activity
CUST05320,2025-12-28,337,1194.0,664616.8199999998,4,Active - Monitor,Monitor purchase recency
CUST05321,2025-12-31,711,2480.0,1442143.1399999997,1,Recently Active,Recent purchase activity
CUST05322,2025-12-29,298,1066.0,599714.02,3,Recently Active,Recent purchase activity
CUST05323,2025-12-31,649,2329.0,1469006.1700000002,1,Recently Active,Recent purchase activity
CUST05324,2025-12-21,294,1026.0,580066.24,11,Inactivity Watch,Review customer engagement
CUST05325,2025-12-23,305,1085.0,674854.57,9,Inactivity Watch,Review customer engagement
CUST05326,2025-12-25,325,1170.0,703467.94,7,Active - Monitor,Monitor purchase recency
CUST05327,2025-12-30,482,1869.0,1126843.8800000004,2,Recently Active,Recent purchase activity
CUST05328,2025-12-31,299,1155.0,681033.3600000001,1,Recently Active,Recent purchase activity
CUST05329,2025-12-21,320,1092.0,603430.8600000001,11,Inactivity Watch,Review customer engagement
CUST05330,2025-12-30,717,2737.0,1614380.0,2,Recently Active,Recent purchase activity
CUST05331,2025-12-24,297,1074.0,626717.16,8,Inactivity Watch,Review customer engagement
CUST05332,2025-12-28,360,1350.0,766993.25,4,Active - Monitor,Monitor purchase recency
CUST05333,2025-12-31,432,1562.0,917528.0900000001,1,Recently Active,Recent purchase activity
CUST05334,2025-12-29,328,1246.0,748798.7699999999,3,Recently Active,Recent purchase activity
CUST05335,2025-12-26,695,2541.0,1387703.1099999996,6,Active - Monitor,Monitor purchase recency
CUST05336,2025-12-31,447,1588.0,891150.12,1,Recently Active,Recent purchase activity
CUST05337,2025-12-31,1119,3953.0,2286278.4399999995,1,Recently Active,Recent purchase activity
CUST05338,2025-12-31,323,1201.0,683202.68,1,Recently Active,Recent purchase activity
CUST05339,2025-12-30,488,1717.0,996607.2000000001,2,Recently Active,Recent purchase activity
CUST05340,2025-12-31,654,2281.0,1333256.5099999998,1,Recently Active,Recent purchase activity
CUST05341,2025-12-29,468,1816.0,1047391.2300000002,3,Recently Active,Recent purchase activity
CUST05342,2025-12-30,319,1161.0,664404.1599999999,2,Recently Active,Recent purchase activity
CUST05343,2025-12-25,312,1199.0,693986.86,7,Active - Monitor,Monitor purchase recency
CUST05344,2025-12-30,460,1767.0,1051061.41,2,Recently Active,Recent purchase activity
CUST05345,2025-12-31,507,1837.0,982014.5100000001,1,Recently Active,Recent purchase activity
CUST05346,2025-12-31,311,1124.0,648272.39,1,Recently Active,Recent purchase activity
CUST05347,2025-12-30,704,2462.0,1453664.9799999995,2,Recently Active,Recent purchase activity
CUST05348,2025-12-29,329,1243.0,741316.57,3,Recently Active,Recent purchase activity
CUST05349,2025-12-31,1075,3780.0,2086147.4200000004,1,Recently Active,Recent purchase activity
CUST05350,2025-12-30,689,2385.0,1386993.36,2,Recently Active,Recent purchase activity
CUST05351,2025-12-30,475,1630.0,902548.5099999999,2,Recently Active,Recent purchase activity
CUST05352,2025-12-30,476,1740.0,1038064.7200000002,2,Recently Active,Recent purchase activity
CUST05353,2025-12-29,334,1208.0,655962.8599999999,3,Recently Active,Recent purchase activity
CUST05354,2025-12-27,334,1171.0,654498.25,5,Active - Monitor,Monitor purchase recency
CUST05355,2025-12-31,681,2344.0,1412803.44,1,Recently Active,Recent purchase activity
CUST05356,2025-12-31,1066,4025.0,2394333.4699999997,1,Recently Active,Recent purchase activity
CUST05357,2025-12-31,315,1153.0,669212.8900000001,1,Recently Active,Recent purchase activity
CUST05358,2025-12-31,626,2266.0,1281405.1299999997,1,Recently Active,Recent purchase activity
CUST05359,2025-12-27,306,1076.0,613833.89,5,Active - Monitor,Monitor purchase recency
CUST05360,2025-12-30,466,1568.0,864976.7300000002,2,Recently Active,Recent purchase activity
CUST05361,2025-12-28,728,2512.0,1447026.23,4,Active - Monitor,Monitor purchase recency
CUST05362,2025-12-31,344,1241.0,708188.17,1,Recently Active,Recent purchase activity
CUST05363,2025-12-26,321,1153.0,638465.3600000001,6,Active - Monitor,Monitor purchase recency
CUST05364,2025-12-30,453,1579.0,882901.6100000003,2,Recently Active,Recent purchase activity
CUST05365,2025-12-21,533,1891.0,1165746.88,11,Inactivity Watch,Review customer engagement
CUST05366,2025-12-31,460,1666.0,986176.5499999999,1,Recently Active,Recent purchase activity
CUST05367,2025-12-30,464,1724.0,1065920.81,2,Recently Active,Recent purchase activity
CUST05368,2025-12-31,1077,3906.0,2240234.4299999997,1,Recently Active,Recent purchase activity
CUST05369,2025-12-31,369,1296.0,746564.2500000002,1,Recently Active,Recent purchase activity
CUST05370,2025-12-31,1024,3651.0,2148819.8999999994,1,Recently Active,Recent purchase activity
CUST05371,2025-12-23,313,1111.0,602435.99,9,Inactivity Watch,Review customer engagement
CUST05372,2025-12-29,1089,3866.0,2448134.099999999,3,Recently Active,Recent purchase activity
CUST05373,2025-12-29,692,2537.0,1608973.4,3,Recently Active,Recent purchase activity
CUST05374,2025-12-31,714,2562.0,1442189.0800000003,1,Recently Active,Recent purchase activity
CUST05375,2025-12-31,725,2590.0,1411955.3199999998,1,Recently Active,Recent purchase activity
CUST05376,2025-12-31,361,1281.0,775651.52,1,Recently Active,Recent purchase activity
CUST05377,2025-12-25,410,1473.0,833547.98,7,Active - Monitor,Monitor purchase recency
CUST05378,2025-12-31,353,1317.0,783832.06,1,Recently Active,Recent purchase activity
CUST05379,2025-12-28,314,1170.0,651933.3,4,Active - Monitor,Monitor purchase recency
CUST05380,2025-12-31,510,1759.0,1083686.55,1,Recently Active,Recent purchase activity
CUST05381,2025-12-30,444,1585.0,929360.91,2,Recently Active,Recent purchase activity
CUST05382,2025-12-31,698,2394.0,1363052.79,1,Recently Active,Recent purchase activity
CUST05383,2025-12-26,455,1653.0,919929.3800000002,6,Active - Monitor,Monitor purchase recency
CUST05384,2025-12-31,300,1015.0,625202.2100000001,1,Recently Active,Recent purchase activity
CUST05385,2025-12-21,335,1231.0,761486.27,11,Inactivity Watch,Review customer engagement
CUST05386,2025-12-26,714,2617.0,1553527.3399999999,6,Active - Monitor,Monitor purchase recency
CUST05387,2025-12-29,655,2329.0,1344406.63,3,Recently Active,Recent purchase activity
CUST05388,2025-12-31,475,1766.0,1098903.1,1,Recently Active,Recent purchase activity
CUST05389,2025-12-26,343,1254.0,727009.9600000001,6,Active - Monitor,Monitor purchase recency
CUST05390,2025-12-31,737,2680.0,1635048.2299999997,1,Recently Active,Recent purchase activity
CUST05391,2025-12-28,312,1142.0,684515.3099999999,4,Active - Monitor,Monitor purchase recency
CUST05392,2025-12-31,1076,3859.0,2285089.3399999994,1,Recently Active,Recent purchase activity
CUST05393,2025-12-31,465,1692.0,976944.9600000001,1,Recently Active,Recent purchase activity
CUST05394,2025-12-31,482,1805.0,1074491.7499999998,1,Recently Active,Recent purchase activity
CUST05395,2025-12-31,340,1225.0,669757.59,1,Recently Active,Recent purchase activity
CUST05396,2025-12-30,317,1184.0,643784.3700000001,2,Recently Active,Recent purchase activity
CUST05397,2025-12-31,294,1146.0,684354.2999999999,1,Recently Active,Recent purchase activity
CUST05398,2025-12-30,430,1696.0,959120.4499999998,2,Recently Active,Recent purchase activity
CUST05399,2025-12-31,435,1505.0,816900.0100000001,1,Recently Active,Recent purchase activity
CUST05400,2025-12-31,479,1737.0,1009306.52,1,Recently Active,Recent purchase activity
CUST05401,2025-12-31,717,2664.0,1451990.6,1,Recently Active,Recent purchase activity
CUST05402,2025-12-25,286,988.0,618384.47,7,Active - Monitor,Monitor purchase recency
CUST05403,2025-12-31,1069,3858.0,2225360.3699999987,1,Recently Active,Recent purchase activity
CUST05404,2025-12-29,459,1682.0,1004811.7400000001,3,Recently Active,Recent purchase activity
CUST05405,2025-12-26,338,1162.0,660582.01,6,Active - Monitor,Monitor purchase recency
CUST05406,2025-12-31,441,1706.0,1025418.0599999998,1,Recently Active,Recent purchase activity
CUST05407,2025-12-31,446,1451.0,860482.8200000002,1,Recently Active,Recent purchase activity
CUST05408,2025-12-30,659,2427.0,1351259.9600000002,2,Recently Active,Recent purchase activity
CUST05409,2025-12-26,333,1187.0,659836.07,6,Active - Monitor,Monitor purchase recency
CUST05410,2025-12-27,482,1654.0,945638.7200000001,5,Active - Monitor,Monitor purchase recency
CUST05411,2025-12-24,675,2436.0,1458003.4699999997,8,Inactivity Watch,Review customer engagement
CUST05412,2025-12-31,1079,3844.0,2240177.8799999994,1,Recently Active,Recent purchase activity
CUST05413,2025-12-28,341,1247.0,746718.6000000001,4,Active - Monitor,Monitor purchase recency
CUST05414,2025-12-31,474,1681.0,927080.6199999999,1,Recently Active,Recent purchase activity
CUST05415,2025-12-29,329,1252.0,691109.9900000001,3,Recently Active,Recent purchase activity
CUST05416,2025-12-31,335,1263.0,642183.17,1,Recently Active,Recent purchase activity
CUST05417,2025-12-31,476,1769.0,1029408.9400000001,1,Recently Active,Recent purchase activity
CUST05418,2025-12-29,312,1080.0,616241.6500000001,3,Recently Active,Recent purchase activity
CUST05419,2025-12-29,504,1749.0,1047620.0899999996,3,Recently Active,Recent purchase activity
CUST05420,2025-12-31,331,1222.0,806258.5699999998,1,Recently Active,Recent purchase activity
CUST05421,2025-12-30,629,2328.0,1352719.0099999998,2,Recently Active,Recent purchase activity
CUST05422,2025-12-30,701,2530.0,1398802.5099999998,2,Recently Active,Recent purchase activity
CUST05423,2025-12-31,340,1133.0,651601.8300000001,1,Recently Active,Recent purchase activity
CUST05424,2025-12-20,337,1170.0,665317.9100000001,12,Inactivity Watch,Review customer engagement
CUST05425,2025-12-30,442,1660.0,949072.25,2,Recently Active,Recent purchase activity
CUST05426,2025-12-28,478,1774.0,1040741.5700000003,4,Active - Monitor,Monitor purchase recency
CUST05427,2025-12-31,427,1592.0,911174.9800000003,1,Recently Active,Recent purchase activity
CUST05428,2025-12-26,318,1193.0,706492.4,6,Active - Monitor,Monitor purchase recency
CUST05429,2025-12-28,466,1724.0,1008926.1000000001,4,Active - Monitor,Monitor purchase recency
CUST05430,2025-12-20,316,1151.0,727472.8400000001,12,Inactivity Watch,Review customer engagement
CUST05431,2025-12-30,335,1258.0,674996.75,2,Recently Active,Recent purchase activity
CUST05432,2025-12-29,318,1208.0,635217.64,3,Recently Active,Recent purchase activity
CUST05433,2025-12-31,663,2500.0,1410094.0299999998,1,Recently Active,Recent purchase activity
CUST05434,2025-12-31,689,2418.0,1473653.5699999998,1,Recently Active,Recent purchase activity
CUST05435,2025-12-21,290,1017.0,605106.8500000001,11,Inactivity Watch,Review customer engagement
CUST05436,2025-12-31,333,1231.0,755368.4299999999,1,Recently Active,Recent purchase activity
CUST05437,2025-12-29,323,1150.0,675089.8300000001,3,Recently Active,Recent purchase activity
CUST05438,2025-12-29,461,1633.0,823758.2599999999,3,Recently Active,Recent purchase activity
CUST05439,2025-12-27,329,1192.0,704727.8300000001,5,Active - Monitor,Monitor purchase recency
CUST05440,2025-12-31,669,2446.0,1375404.13,1,Recently Active,Recent purchase activity
CUST05441,2025-12-30,501,1853.0,1135714.1900000002,2,Recently Active,Recent purchase activity
CUST05442,2025-12-31,678,2486.0,1532239.8300000003,1,Recently Active,Recent purchase activity
CUST05443,2025-12-25,325,1200.0,699495.0399999999,7,Active - Monitor,Monitor purchase recency
CUST05444,2025-12-30,462,1610.0,885055.9400000001,2,Recently Active,Recent purchase activity
CUST05445,2025-12-24,355,1252.0,741544.28,8,Inactivity Watch,Review customer engagement
CUST05446,2025-12-29,454,1634.0,940607.3299999998,3,Recently Active,Recent purchase activity
CUST05447,2025-12-31,347,1211.0,669220.7100000001,1,Recently Active,Recent purchase activity
CUST05448,2025-12-30,318,1115.0,627903.45,2,Recently Active,Recent purchase activity
CUST05449,2025-12-30,355,1319.0,771306.8299999998,2,Recently Active,Recent purchase activity
CUST05450,2025-12-29,460,1683.0,1001576.72,3,Recently Active,Recent purchase activity
CUST05451,2025-12-30,712,2585.0,1582529.0099999998,2,Recently Active,Recent purchase activity
CUST05452,2025-12-30,1035,3658.0,2138745.0599999996,2,Recently Active,Recent purchase activity
CUST05453,2025-12-31,488,1705.0,1021531.8300000001,1,Recently Active,Recent purchase activity
CUST05454,2025-12-31,712,2600.0,1521303.58,1,Recently Active,Recent purchase activity
CUST05455,2025-12-30,354,1282.0,771387.6100000001,2,Recently Active,Recent purchase activity
CUST05456,2025-12-31,699,2515.0,1424498.57,1,Recently Active,Recent purchase activity
CUST05457,2025-12-31,324,1179.0,646574.0599999999,1,Recently Active,Recent purchase activity
CUST05458,2025-12-30,498,1879.0,1143531.6599999997,2,Recently Active,Recent purchase activity
CUST05459,2025-12-26,334,1139.0,603768.1499999999,6,Active - Monitor,Monitor purchase recency
CUST05460,2025-12-30,445,1612.0,929740.7200000001,2,Recently Active,Recent purchase activity
CUST05461,2025-12-30,451,1623.0,937685.45,2,Recently Active,Recent purchase activity
CUST05462,2025-12-29,676,2532.0,1531528.49,3,Recently Active,Recent purchase activity
CUST05463,2025-12-29,311,1127.0,633732.53,3,Recently Active,Recent purchase activity
CUST05464,2025-12-29,712,2549.0,1463657.3899999997,3,Recently Active,Recent purchase activity
CUST05465,2025-12-28,324,1144.0,757964.4,4,Active - Monitor,Monitor purchase recency
CUST05466,2025-12-31,318,1173.0,673191.94,1,Recently Active,Recent purchase activity
CUST05467,2025-12-23,323,1191.0,670673.26,9,Inactivity Watch,Review customer engagement
CUST05468,2025-12-30,300,1077.0,649361.5800000001,2,Recently Active,Recent purchase activity
CUST05469,2025-12-28,430,1646.0,984165.7899999998,4,Active - Monitor,Monitor purchase recency
CUST05470,2025-12-30,332,1182.0,650274.72,2,Recently Active,Recent purchase activity
CUST05471,2025-12-31,698,2471.0,1372611.69,1,Recently Active,Recent purchase activity
CUST05472,2025-12-30,1068,3804.0,2114800.039999999,2,Recently Active,Recent purchase activity
CUST05473,2025-12-30,466,1709.0,952523.98,2,Recently Active,Recent purchase activity
CUST05474,2025-12-31,476,1686.0,981425.86,1,Recently Active,Recent purchase activity
CUST05475,2025-12-25,449,1610.0,874963.2000000001,7,Active - Monitor,Monitor purchase recency
CUST05476,2025-12-21,351,1263.0,719701.3,11,Inactivity Watch,Review customer engagement
CUST05477,2025-12-28,444,1546.0,948222.2199999999,4,Active - Monitor,Monitor purchase recency
CUST05478,2025-12-31,447,1589.0,906707.53,1,Recently Active,Recent purchase activity
CUST05479,2025-12-23,362,1297.0,729944.73,9,Inactivity Watch,Review customer engagement
CUST05480,2025-12-31,498,1821.0,1034533.46,1,Recently Active,Recent purchase activity
CUST05481,2025-12-31,501,1823.0,1088259.23,1,Recently Active,Recent purchase activity
CUST05482,2025-12-30,1072,3831.0,2129075.3,2,Recently Active,Recent purchase activity
CUST05483,2025-12-28,697,2568.0,1481470.0599999996,4,Active - Monitor,Monitor purchase recency
CUST05484,2025-12-31,678,2492.0,1380567.28,1,Recently Active,Recent purchase activity
CUST05485,2025-12-31,1100,4123.0,2422714.85,1,Recently Active,Recent purchase activity
CUST05486,2025-12-31,454,1615.0,882951.1900000001,1,Recently Active,Recent purchase activity
CUST05487,2025-12-31,1045,3689.0,2159010.26,1,Recently Active,Recent purchase activity
CUST05488,2025-12-31,452,1555.0,888912.04,1,Recently Active,Recent purchase activity
CUST05489,2025-12-25,308,1131.0,686417.26,7,Active - Monitor,Monitor purchase recency
CUST05490,2025-12-31,712,2542.0,1417004.7899999998,1,Recently Active,Recent purchase activity
CUST05491,2025-12-31,705,2621.0,1561499.91,1,Recently Active,Recent purchase activity
CUST05492,2025-12-31,494,1719.0,1029645.7899999999,1,Recently Active,Recent purchase activity
CUST05493,2025-12-31,497,1851.0,1085175.5099999998,1,Recently Active,Recent purchase activity
CUST05494,2025-12-31,700,2536.0,1545913.7999999998,1,Recently Active,Recent purchase activity
CUST05495,2025-12-30,338,1311.0,804155.6200000001,2,Recently Active,Recent purchase activity
CUST05496,2025-12-31,736,2625.0,1571703.0199999998,1,Recently Active,Recent purchase activity
CUST05497,2025-12-30,329,1178.0,671814.3500000001,2,Recently Active,Recent purchase activity
CUST05498,2025-12-30,1090,3867.0,2256318.749999999,2,Recently Active,Recent purchase activity
CUST05499,2025-12-31,366,1329.0,764530.8099999999,1,Recently Active,Recent purchase activity
CUST05500,2025-12-26,436,1547.0,829573.83,6,Active - Monitor,Monitor purchase recency
CUST05501,2025-12-30,737,2818.0,1610527.35,2,Recently Active,Recent purchase activity
CUST05502,2025-12-24,343,1279.0,811720.61,8,Inactivity Watch,Review customer engagement
CUST05503,2025-12-31,677,2519.0,1541368.5500000003,1,Recently Active,Recent purchase activity
CUST05504,2025-12-28,446,1768.0,1082769.31,4,Active - Monitor,Monitor purchase recency
CUST05505,2025-12-29,306,1080.0,705954.6499999999,3,Recently Active,Recent purchase activity
CUST05506,2025-12-28,430,1686.0,982851.7,4,Active - Monitor,Monitor purchase recency
CUST05507,2025-12-31,337,1164.0,723041.6300000001,1,Recently Active,Recent purchase activity
CUST05508,2025-12-31,1117,3877.0,2229137.34,1,Recently Active,Recent purchase activity
CUST05509,2025-12-30,471,1677.0,988088.5900000001,2,Recently Active,Recent purchase activity
CUST05510,2025-12-31,710,2468.0,1368004.13,1,Recently Active,Recent purchase activity
CUST05511,2025-12-31,467,1671.0,970532.3200000001,1,Recently Active,Recent purchase activity
CUST05512,2025-12-30,1083,3983.0,2259281.3899999997,2,Recently Active,Recent purchase activity
CUST05513,2025-12-31,449,1614.0,955156.1300000001,1,Recently Active,Recent purchase activity
CUST05514,2025-12-30,349,1236.0,702330.8299999998,2,Recently Active,Recent purchase activity
CUST05515,2025-12-30,373,1376.0,813044.2100000001,2,Recently Active,Recent purchase activity
CUST05516,2025-12-27,315,1162.0,675343.3,5,Active - Monitor,Monitor purchase recency
CUST05517,2025-12-31,1048,3814.0,2234832.56,1,Recently Active,Recent purchase activity
CUST05518,2025-12-31,1065,3729.0,2100469.6900000004,1,Recently Active,Recent purchase activity
CUST05519,2025-12-29,336,1261.0,737298.41,3,Recently Active,Recent purchase activity
CUST05520,2025-12-31,349,1380.0,827607.1000000001,1,Recently Active,Recent purchase activity
CUST05521,2025-12-31,340,1211.0,685544.1,1,Recently Active,Recent purchase activity
CUST05522,2025-12-28,446,1572.0,941529.9399999998,4,Active - Monitor,Monitor purchase recency
CUST05523,2025-12-24,461,1643.0,967515.6599999999,8,Inactivity Watch,Review customer engagement
CUST05524,2025-12-31,1057,3879.0,2273929.46,1,Recently Active,Recent purchase activity
CUST05525,2025-12-30,313,1243.0,740928.3400000001,2,Recently Active,Recent purchase activity
CUST05526,2025-12-28,462,1673.0,953578.1599999999,4,Active - Monitor,Monitor purchase recency
CUST05527,2025-12-31,689,2510.0,1509071.93,1,Recently Active,Recent purchase activity
CUST05528,2025-12-31,350,1199.0,689407.94,1,Recently Active,Recent purchase activity
CUST05529,2025-12-31,647,2342.0,1474937.3099999996,1,Recently Active,Recent purchase activity
CUST05530,2025-12-30,462,1641.0,1016855.8199999998,2,Recently Active,Recent purchase activity
CUST05531,2025-12-28,1050,3869.0,2162580.33,4,Active - Monitor,Monitor purchase recency
CUST05532,2025-12-31,1113,4005.0,2240112.29,1,Recently Active,Recent purchase activity
CUST05533,2025-12-22,428,1519.0,858078.9199999999,10,Inactivity Watch,Review customer engagement
CUST05534,2025-12-31,680,2510.0,1509529.6699999997,1,Recently Active,Recent purchase activity
CUST05535,2025-12-31,1132,4157.0,2399039.54,1,Recently Active,Recent purchase activity
CUST05536,2025-12-30,696,2562.0,1557324.3199999996,2,Recently Active,Recent purchase activity
CUST05537,2025-12-31,450,1613.0,953338.7,1,Recently Active,Recent purchase activity
CUST05538,2025-12-30,328,1133.0,693670.7800000001,2,Recently Active,Recent purchase activity
CUST05539,2025-12-27,361,1283.0,729788.49,5,Active - Monitor,Monitor purchase recency
CUST05540,2025-12-30,665,2429.0,1434505.71,2,Recently Active,Recent purchase activity
CUST05541,2025-12-29,314,1162.0,714764.4699999997,3,Recently Active,Recent purchase activity
CUST05542,2025-12-31,691,2520.0,1486598.15,1,Recently Active,Recent purchase activity
CUST05543,2025-12-30,462,1679.0,1007905.52,2,Recently Active,Recent purchase activity
CUST05544,2025-12-31,707,2578.0,1433920.5499999998,1,Recently Active,Recent purchase activity
CUST05545,2025-12-31,457,1642.0,917174.44,1,Recently Active,Recent purchase activity
CUST05546,2025-12-23,328,1257.0,820154.55,9,Inactivity Watch,Review customer engagement
CUST05547,2025-12-31,1038,3764.0,2185472.3599999994,1,Recently Active,Recent purchase activity
CUST05548,2025-12-31,487,1767.0,973817.9899999998,1,Recently Active,Recent purchase activity
CUST05549,2025-12-29,480,1759.0,978729.74,3,Recently Active,Recent purchase activity
CUST05550,2025-12-31,1109,4012.0,2400480.11,1,Recently Active,Recent purchase activity
CUST05551,2025-12-29,459,1670.0,976344.1100000002,3,Recently Active,Recent purchase activity
CUST05552,2025-12-31,333,1175.0,711125.79,1,Recently Active,Recent purchase activity
CUST05553,2025-12-22,312,1148.0,671900.47,10,Inactivity Watch,Review customer engagement
CUST05554,2025-12-25,465,1685.0,1007202.7400000001,7,Active - Monitor,Monitor purchase recency
CUST05555,2025-12-30,740,2612.0,1470185.9899999998,2,Recently Active,Recent purchase activity
CUST05556,2025-12-31,461,1694.0,939010.2699999999,1,Recently Active,Recent purchase activity
CUST05557,2025-12-30,490,1746.0,984450.87,2,Recently Active,Recent purchase activity
CUST05558,2025-12-28,459,1739.0,1024040.64,4,Active - Monitor,Monitor purchase recency
CUST05559,2025-12-28,280,1049.0,583418.23,4,Active - Monitor,Monitor purchase recency
CUST05560,2025-12-28,463,1682.0,957270.67,4,Active - Monitor,Monitor purchase recency
CUST05561,2025-12-30,728,2550.0,1514680.9600000002,2,Recently Active,Recent purchase activity
CUST05562,2025-12-31,335,1156.0,658182.7100000001,1,Recently Active,Recent purchase activity
CUST05563,2025-12-29,475,1758.0,1010525.01,3,Recently Active,Recent purchase activity
CUST05564,2025-12-31,462,1680.0,983998.5699999998,1,Recently Active,Recent purchase activity
CUST05565,2025-12-31,675,2477.0,1537918.5999999999,1,Recently Active,Recent purchase activity
CUST05566,2025-12-31,686,2512.0,1530984.98,1,Recently Active,Recent purchase activity
CUST05567,2025-12-29,708,2548.0,1444280.9599999997,3,Recently Active,Recent purchase activity
CUST05568,2025-12-27,701,2573.0,1528943.94,5,Active - Monitor,Monitor purchase recency
CUST05569,2025-12-28,470,1613.0,951130.96,4,Active - Monitor,Monitor purchase recency
CUST05570,2025-12-29,348,1294.0,770334.0100000001,3,Recently Active,Recent purchase activity
CUST05571,2025-12-30,703,2468.0,1470675.3899999997,2,Recently Active,Recent purchase activity
CUST05572,2025-12-31,714,2509.0,1534957.0699999998,1,Recently Active,Recent purchase activity
CUST05573,2025-12-29,349,1201.0,673247.1699999999,3,Recently Active,Recent purchase activity
CUST05574,2025-12-30,715,2540.0,1501965.68,2,Recently Active,Recent purchase activity
CUST05575,2025-12-29,641,2189.0,1350388.55,3,Recently Active,Recent purchase activity
CUST05576,2025-12-29,502,1766.0,1002739.3200000001,3,Recently Active,Recent purchase activity
CUST05577,2025-12-31,634,2212.0,1291636.9800000002,1,Recently Active,Recent purchase activity
CUST05578,2025-12-30,1038,3672.0,2142909.26,2,Recently Active,Recent purchase activity
CUST05579,2025-12-25,309,1041.0,609983.91,7,Active - Monitor,Monitor purchase recency
CUST05580,2025-12-30,320,1158.0,663133.0000000001,2,Recently Active,Recent purchase activity
CUST05581,2025-12-31,346,1242.0,735051.3200000001,1,Recently Active,Recent purchase activity
CUST05582,2025-12-31,1093,4008.0,2238384.6899999995,1,Recently Active,Recent purchase activity
CUST05583,2025-12-29,324,1211.0,741354.7500000001,3,Recently Active,Recent purchase activity
CUST05584,2025-12-30,477,1750.0,1049277.22,2,Recently Active,Recent purchase activity
CUST05585,2025-12-29,344,1172.0,669582.9700000002,3,Recently Active,Recent purchase activity
CUST05586,2025-12-30,515,1932.0,1176601.22,2,Recently Active,Recent purchase activity
CUST05587,2025-12-31,463,1578.0,896758.18,1,Recently Active,Recent purchase activity
CUST05588,2025-12-27,322,1192.0,674619.51,5,Active - Monitor,Monitor purchase recency
CUST05589,2025-12-26,454,1670.0,956684.6900000002,6,Active - Monitor,Monitor purchase recency
CUST05590,2025-12-30,483,1784.0,1076423.4700000002,2,Recently Active,Recent purchase activity
CUST05591,2025-12-31,497,1825.0,1087618.15,1,Recently Active,Recent purchase activity
CUST05592,2025-12-31,1045,3696.0,2212901.8499999996,1,Recently Active,Recent purchase activity
CUST05593,2025-12-29,354,1282.0,745348.6800000002,3,Recently Active,Recent purchase activity
CUST05594,2025-12-31,1099,4054.0,2302056.659999999,1,Recently Active,Recent purchase activity
CUST05595,2025-12-29,733,2559.0,1494386.6799999997,3,Recently Active,Recent purchase activity
CUST05596,2025-12-30,335,1227.0,715799.48,2,Recently Active,Recent purchase activity
CUST05597,2025-12-27,329,1192.0,741652.6199999999,5,Active - Monitor,Monitor purchase recency
CUST05598,2025-12-25,350,1270.0,725269.3600000001,7,Active - Monitor,Monitor purchase recency
CUST05599,2025-12-30,718,2447.0,1404822.2899999998,2,Recently Active,Recent purchase activity
CUST05600,2025-12-30,281,985.0,577811.74,2,Recently Active,Recent purchase activity
CUST05601,2025-12-31,336,1229.0,779751.42,1,Recently Active,Recent purchase activity
CUST05602,2025-12-29,722,2608.0,1521727.2199999997,3,Recently Active,Recent purchase activity
CUST05603,2025-12-31,678,2603.0,1411730.2000000002,1,Recently Active,Recent purchase activity
CUST05604,2025-12-31,715,2808.0,1633906.38,1,Recently Active,Recent purchase activity
CUST05605,2025-12-30,507,1789.0,1068894.79,2,Recently Active,Recent purchase activity
CUST05606,2025-12-31,732,2623.0,1510923.8599999999,1,Recently Active,Recent purchase activity
CUST05607,2025-12-31,491,1755.0,1032265.6799999999,1,Recently Active,Recent purchase activity
CUST05608,2025-12-30,696,2503.0,1457911.97,2,Recently Active,Recent purchase activity
CUST05609,2025-12-30,736,2721.0,1584644.19,2,Recently Active,Recent purchase activity
CUST05610,2025-12-31,457,1635.0,1003851.16,1,Recently Active,Recent purchase activity
CUST05611,2025-12-31,480,1682.0,1011277.59,1,Recently Active,Recent purchase activity
CUST05612,2025-12-30,331,1175.0,716919.2400000001,2,Recently Active,Recent purchase activity
CUST05613,2025-12-30,436,1514.0,953395.39,2,Recently Active,Recent purchase activity
CUST05614,2025-12-29,1074,3927.0,2321597.229999999,3,Recently Active,Recent purchase activity
CUST05615,2025-12-31,1135,4033.0,2411674.2199999993,1,Recently Active,Recent purchase activity
CUST05616,2025-12-29,317,1158.0,655133.01,3,Recently Active,Recent purchase activity
CUST05617,2025-12-25,351,1300.0,721346.7600000001,7,Active - Monitor,Monitor purchase recency
CUST05618,2025-12-30,361,1304.0,789138.86,2,Recently Active,Recent purchase activity
CUST05619,2025-12-30,660,2339.0,1411154.2400000002,2,Recently Active,Recent purchase activity
CUST05620,2025-12-27,478,1746.0,1008684.98,5,Active - Monitor,Monitor purchase recency
CUST05621,2025-12-29,724,2557.0,1453372.06,3,Recently Active,Recent purchase activity
CUST05622,2025-12-18,341,1216.0,696797.8200000001,14,Inactivity Watch,Review customer engagement
CUST05623,2025-12-27,447,1668.0,1034325.5299999998,5,Active - Monitor,Monitor purchase recency
CUST05624,2025-12-31,487,1813.0,1101041.9999999998,1,Recently Active,Recent purchase activity
CUST05625,2025-12-27,468,1685.0,944764.4999999999,5,Active - Monitor,Monitor purchase recency
CUST05626,2025-12-29,678,2422.0,1411981.0999999996,3,Recently Active,Recent purchase activity
CUST05627,2025-12-30,694,2531.0,1449858.1999999997,2,Recently Active,Recent purchase activity
CUST05628,2025-12-29,315,1182.0,693246.58,3,Recently Active,Recent purchase activity
CUST05629,2025-12-28,699,2559.0,1478379.9,4,Active - Monitor,Monitor purchase recency
CUST05630,2025-12-31,1066,3848.0,2211217.639999999,1,Recently Active,Recent purchase activity
CUST05631,2025-12-31,742,2621.0,1530800.8900000001,1,Recently Active,Recent purchase activity
CUST05632,2025-12-31,310,1125.0,660467.4800000001,1,Recently Active,Recent purchase activity
CUST05633,2025-12-30,320,1167.0,656105.52,2,Recently Active,Recent purchase activity
CUST05634,2025-12-30,320,1128.0,624189.64,2,Recently Active,Recent purchase activity
CUST05635,2025-12-30,1056,3875.0,2229230.4899999993,2,Recently Active,Recent purchase activity
CUST05636,2025-12-30,476,1631.0,931597.8399999999,2,Recently Active,Recent purchase activity
CUST05637,2025-12-30,1119,4038.0,2327574.2999999993,2,Recently Active,Recent purchase activity
CUST05638,2025-12-29,675,2433.0,1340673.6900000002,3,Recently Active,Recent purchase activity
CUST05639,2025-12-26,328,1153.0,680730.4400000001,6,Active - Monitor,Monitor purchase recency
CUST05640,2025-12-31,326,1226.0,703396.6200000001,1,Recently Active,Recent purchase activity
CUST05641,2025-12-31,469,1720.0,1036574.42,1,Recently Active,Recent purchase activity
CUST05642,2025-12-28,345,1221.0,712113.18,4,Active - Monitor,Monitor purchase recency
CUST05643,2025-12-28,458,1736.0,1101527.89,4,Active - Monitor,Monitor purchase recency
CUST05644,2025-12-24,359,1304.0,776933.4300000002,8,Inactivity Watch,Review customer engagement
CUST05645,2025-12-31,462,1648.0,987899.34,1,Recently Active,Recent purchase activity
CUST05646,2025-12-31,663,2387.0,1456811.9099999995,1,Recently Active,Recent purchase activity
CUST05647,2025-12-31,321,1212.0,669917.87,1,Recently Active,Recent purchase activity
CUST05648,2025-12-31,317,1081.0,608453.49,1,Recently Active,Recent purchase activity
CUST05649,2025-12-31,1066,3749.0,2121836.77,1,Recently Active,Recent purchase activity
CUST05650,2025-12-30,447,1658.0,963806.28,2,Recently Active,Recent purchase activity
CUST05651,2025-12-31,331,1225.0,659216.19,1,Recently Active,Recent purchase activity
CUST05652,2025-12-31,483,1727.0,1087979.6300000001,1,Recently Active,Recent purchase activity
CUST05653,2025-12-30,323,1242.0,687357.0499999999,2,Recently Active,Recent purchase activity
CUST05654,2025-12-27,308,1096.0,600865.9099999999,5,Active - Monitor,Monitor purchase recency
CUST05655,2025-12-30,685,2491.0,1411404.7400000002,2,Recently Active,Recent purchase activity
CUST05656,2025-12-27,352,1262.0,717621.8300000002,5,Active - Monitor,Monitor purchase recency
CUST05657,2025-12-31,299,1044.0,635761.17,1,Recently Active,Recent purchase activity
CUST05658,2025-12-29,315,1139.0,656433.1000000001,3,Recently Active,Recent purchase activity
CUST05659,2025-12-30,681,2444.0,1525987.65,2,Recently Active,Recent purchase activity
CUST05660,2025-12-27,295,1046.0,543101.23,5,Active - Monitor,Monitor purchase recency
CUST05661,2025-12-28,442,1605.0,1010108.3999999999,4,Active - Monitor,Monitor purchase recency
CUST05662,2025-12-30,332,1274.0,769517.9600000002,2,Recently Active,Recent purchase activity
CUST05663,2025-12-31,1103,4154.0,2539423.5299999993,1,Recently Active,Recent purchase activity
CUST05664,2025-12-31,739,2628.0,1512697.4899999998,1,Recently Active,Recent purchase activity
CUST05665,2025-12-29,732,2801.0,1641646.13,3,Recently Active,Recent purchase activity
CUST05666,2025-12-30,722,2583.0,1448781.0699999994,2,Recently Active,Recent purchase activity
CUST05667,2025-12-30,1040,3748.0,2103736.4700000007,2,Recently Active,Recent purchase activity
CUST05668,2025-12-31,465,1697.0,1001948.86,1,Recently Active,Recent purchase activity
CUST05669,2025-12-23,752,2687.0,1653019.3499999999,9,Inactivity Watch,Review customer engagement
CUST05670,2025-12-31,683,2437.0,1356351.0899999999,1,Recently Active,Recent purchase activity
CUST05671,2025-12-31,447,1734.0,1083748.45,1,Recently Active,Recent purchase activity
CUST05672,2025-12-22,292,1032.0,636354.84,10,Inactivity Watch,Review customer engagement
CUST05673,2025-12-22,507,1861.0,1066561.15,10,Inactivity Watch,Review customer engagement
CUST05674,2025-12-31,701,2625.0,1515870.94,1,Recently Active,Recent purchase activity
CUST05675,2025-12-31,469,1705.0,989541.0700000002,1,Recently Active,Recent purchase activity
CUST05676,2025-12-31,703,2525.0,1401534.4200000002,1,Recently Active,Recent purchase activity
CUST05677,2025-12-29,312,1098.0,648106.69,3,Recently Active,Recent purchase activity
CUST05678,2025-12-28,316,1067.0,626993.62,4,Active - Monitor,Monitor purchase recency
CUST05679,2025-12-25,323,1298.0,685233.55,7,Active - Monitor,Monitor purchase recency
CUST05680,2025-12-29,463,1681.0,994398.81,3,Recently Active,Recent purchase activity
CUST05681,2025-12-27,340,1310.0,743694.5299999998,5,Active - Monitor,Monitor purchase recency
CUST05682,2025-12-28,363,1327.0,759392.29,4,Active - Monitor,Monitor purchase recency
CUST05683,2025-12-31,1033,3711.0,2163083.84,1,Recently Active,Recent purchase activity
CUST05684,2025-12-29,687,2517.0,1489988.8800000001,3,Recently Active,Recent purchase activity
CUST05685,2025-12-25,275,963.0,536887.9400000001,7,Active - Monitor,Monitor purchase recency
CUST05686,2025-12-23,342,1264.0,792843.3300000002,9,Inactivity Watch,Review customer engagement
CUST05687,2025-12-16,335,1265.0,722594.9400000001,16,Extended Inactivity,Review individually; inactivity is not proof of churn
CUST05688,2025-12-27,328,1235.0,691000.0099999998,5,Active - Monitor,Monitor purchase recency
CUST05689,2025-12-30,330,1174.0,689317.61,2,Recently Active,Recent purchase activity
CUST05690,2025-12-24,341,1280.0,768642.3999999999,8,Inactivity Watch,Review customer engagement
CUST05691,2025-12-30,708,2573.0,1446473.7000000002,2,Recently Active,Recent purchase activity
CUST05692,2025-12-25,345,1234.0,696447.0299999999,7,Active - Monitor,Monitor purchase recency
CUST05693,2025-12-31,678,2526.0,1383116.9700000002,1,Recently Active,Recent purchase activity
CUST05694,2025-12-31,1119,4141.0,2401693.5,1,Recently Active,Recent purchase activity
CUST05695,2025-12-30,488,1892.0,1114015.0499999998,2,Recently Active,Recent purchase activity
CUST05696,2025-12-30,326,1121.0,659527.73,2,Recently Active,Recent purchase activity
CUST05697,2025-12-29,476,1680.0,1056245.6099999999,3,Recently Active,Recent purchase activity
CUST05698,2025-12-31,1148,4039.0,2413783.3299999996,1,Recently Active,Recent purchase activity
CUST05699,2025-12-31,695,2617.0,1537184.2099999997,1,Recently Active,Recent purchase activity
CUST05700,2025-12-24,330,1258.0,709161.88,8,Inactivity Watch,Review customer engagement
CUST05701,2025-12-31,712,2567.0,1542975.3300000003,1,Recently Active,Recent purchase activity
CUST05702,2025-12-30,492,1660.0,1026178.9600000002,2,Recently Active,Recent purchase activity
CUST05703,2025-12-31,479,1731.0,981410.31,1,Recently Active,Recent purchase activity
CUST05704,2025-12-31,297,1082.0,709094.6600000001,1,Recently Active,Recent purchase activity
CUST05705,2025-12-26,476,1685.0,975056.16,6,Active - Monitor,Monitor purchase recency
CUST05706,2025-12-30,719,2498.0,1343264.2800000003,2,Recently Active,Recent purchase activity
CUST05707,2025-12-25,332,1185.0,763650.13,7,Active - Monitor,Monitor purchase recency
CUST05708,2025-12-31,1102,4073.0,2398148.7199999997,1,Recently Active,Recent purchase activity
CUST05709,2025-12-31,330,1170.0,700561.27,1,Recently Active,Recent purchase activity
CUST05710,2025-12-30,326,1223.0,718436.67,2,Recently Active,Recent purchase activity
CUST05711,2025-12-31,499,1769.0,1069272.31,1,Recently Active,Recent purchase activity
CUST05712,2025-12-30,335,1196.0,732580.2300000002,2,Recently Active,Recent purchase activity
CUST05713,2025-12-30,462,1710.0,924340.76,2,Recently Active,Recent purchase activity
CUST05714,2025-12-29,461,1624.0,1005653.7100000001,3,Recently Active,Recent purchase activity
CUST05715,2025-12-30,474,1710.0,930908.2299999999,2,Recently Active,Recent purchase activity
CUST05716,2025-12-29,452,1623.0,984779.51,3,Recently Active,Recent purchase activity
CUST05717,2025-12-27,325,1153.0,692393.4900000001,5,Active - Monitor,Monitor purchase recency
CUST05718,2025-12-21,318,1146.0,706308.87,11,Inactivity Watch,Review customer engagement
CUST05719,2025-12-27,457,1632.0,987846.63,5,Active - Monitor,Monitor purchase recency
CUST05720,2025-12-31,712,2733.0,1566314.2899999996,1,Recently Active,Recent purchase activity
CUST05721,2025-12-31,718,2647.0,1511152.4700000004,1,Recently Active,Recent purchase activity
CUST05722,2025-12-29,368,1381.0,755107.7599999998,3,Recently Active,Recent purchase activity
CUST05723,2025-12-25,340,1249.0,759654.6400000001,7,Active - Monitor,Monitor purchase recency
CUST05724,2025-12-31,315,1142.0,711736.4700000001,1,Recently Active,Recent purchase activity
CUST05725,2025-12-30,382,1436.0,822195.76,2,Recently Active,Recent purchase activity
CUST05726,2025-12-25,504,1877.0,1060974.35,7,Active - Monitor,Monitor purchase recency
CUST05727,2025-12-31,465,1601.0,835409.0599999999,1,Recently Active,Recent purchase activity
CUST05728,2025-12-27,473,1771.0,1043055.1900000002,5,Active - Monitor,Monitor purchase recency
CUST05729,2025-12-24,326,1155.0,682017.0100000001,8,Inactivity Watch,Review customer engagement
CUST05730,2025-12-30,322,1213.0,685646.8800000001,2,Recently Active,Recent purchase activity
CUST05731,2025-12-31,752,2688.0,1685805.6399999994,1,Recently Active,Recent purchase activity
CUST05732,2025-12-30,676,2409.0,1483856.7200000002,2,Recently Active,Recent purchase activity
CUST05733,2025-12-29,708,2482.0,1521987.6,3,Recently Active,Recent purchase activity
CUST05734,2025-12-29,314,1141.0,686355.35,3,Recently Active,Recent purchase activity
CUST05735,2025-12-31,720,2560.0,1455791.9400000002,1,Recently Active,Recent purchase activity
CUST05736,2025-12-31,1072,3850.0,2198520.7399999998,1,Recently Active,Recent purchase activity
CUST05737,2025-12-31,679,2488.0,1470106.2799999998,1,Recently Active,Recent purchase activity
CUST05738,2025-12-25,312,1100.0,588037.6799999999,7,Active - Monitor,Monitor purchase recency
CUST05739,2025-12-31,299,1080.0,609349.55,1,Recently Active,Recent purchase activity
CUST05740,2025-12-30,1093,3964.0,2368034.249999999,2,Recently Active,Recent purchase activity
CUST05741,2025-12-31,451,1571.0,970964.6100000001,1,Recently Active,Recent purchase activity
CUST05742,2025-12-30,708,2500.0,1547430.6400000001,2,Recently Active,Recent purchase activity
CUST05743,2025-12-28,304,1095.0,660925.5900000001,4,Active - Monitor,Monitor purchase recency
CUST05744,2025-12-29,475,1620.0,913512.2900000002,3,Recently Active,Recent purchase activity
CUST05745,2025-12-28,344,1250.0,714045.8899999999,4,Active - Monitor,Monitor purchase recency
CUST05746,2025-12-30,670,2453.0,1425138.9000000004,2,Recently Active,Recent purchase activity
CUST05747,2025-12-29,324,1159.0,706570.47,3,Recently Active,Recent purchase activity
CUST05748,2025-12-30,485,1755.0,958231.83,2,Recently Active,Recent purchase activity
CUST05749,2025-12-27,688,2511.0,1361099.0899999996,5,Active - Monitor,Monitor purchase recency
CUST05750,2025-12-31,698,2592.0,1527981.2699999998,1,Recently Active,Recent purchase activity
CUST05751,2025-12-30,666,2369.0,1343263.9199999997,2,Recently Active,Recent purchase activity
CUST05752,2025-12-27,325,1207.0,681601.9700000001,5,Active - Monitor,Monitor purchase recency
CUST05753,2025-12-30,465,1643.0,937432.3,2,Recently Active,Recent purchase activity
CUST05754,2025-12-31,308,1199.0,662257.9,1,Recently Active,Recent purchase activity
CUST05755,2025-12-31,1111,4021.0,2369240.3299999987,1,Recently Active,Recent purchase activity
CUST05756,2025-12-28,455,1728.0,1011287.39,4,Active - Monitor,Monitor purchase recency
CUST05757,2025-12-30,1041,3736.0,2091926.3599999992,2,Recently Active,Recent purchase activity
CUST05758,2025-12-19,312,1132.0,641520.5900000001,13,Inactivity Watch,Review customer engagement
CUST05759,2025-12-31,674,2456.0,1609263.99,1,Recently Active,Recent purchase activity
CUST05760,2025-12-31,464,1687.0,960070.6000000001,1,Recently Active,Recent purchase activity
CUST05761,2025-12-31,492,1809.0,1030852.2100000001,1,Recently Active,Recent purchase activity
CUST05762,2025-12-28,703,2506.0,1501014.3599999999,4,Active - Monitor,Monitor purchase recency
CUST05763,2025-12-30,343,1191.0,754152.17,2,Recently Active,Recent purchase activity
CUST05764,2025-12-31,286,1018.0,576882.4299999999,1,Recently Active,Recent purchase activity
CUST05765,2025-12-29,317,1159.0,738593.1100000001,3,Recently Active,Recent purchase activity
CUST05766,2025-12-30,486,1670.0,927319.8500000001,2,Recently Active,Recent purchase activity
CUST05767,2025-12-30,479,1814.0,1030063.3300000001,2,Recently Active,Recent purchase activity
CUST05768,2025-12-31,1050,3739.0,2104195.1799999997,1,Recently Active,Recent purchase activity
CUST05769,2025-12-30,736,2717.0,1606977.91,2,Recently Active,Recent purchase activity
CUST05770,2025-12-31,461,1606.0,905846.15,1,Recently Active,Recent purchase activity
CUST05771,2025-12-31,449,1605.0,929601.52,1,Recently Active,Recent purchase activity
CUST05772,2025-12-31,458,1767.0,999116.7200000002,1,Recently Active,Recent purchase activity
CUST05773,2025-12-29,471,1689.0,953095.2499999998,3,Recently Active,Recent purchase activity
CUST05774,2025-12-30,685,2476.0,1498198.9700000002,2,Recently Active,Recent purchase activity
CUST05775,2025-12-31,315,1167.0,689545.4,1,Recently Active,Recent purchase activity
CUST05776,2025-12-28,342,1331.0,797249.87,4,Active - Monitor,Monitor purchase recency
CUST05777,2025-12-31,686,2382.0,1350691.18,1,Recently Active,Recent purchase activity
CUST05778,2025-12-30,734,2660.0,1525801.5899999999,2,Recently Active,Recent purchase activity
CUST05779,2025-12-31,732,2707.0,1495363.51,1,Recently Active,Recent purchase activity
CUST05780,2025-12-27,465,1649.0,919017.4800000001,5,Active - Monitor,Monitor purchase recency
CUST05781,2025-12-31,306,1109.0,678461.26,1,Recently Active,Recent purchase activity
CUST05782,2025-12-31,698,2396.0,1403399.8699999996,1,Recently Active,Recent purchase activity
CUST05783,2025-12-30,696,2586.0,1471802.0699999998,2,Recently Active,Recent purchase activity
CUST05784,2025-12-29,475,1640.0,1039963.3899999999,3,Recently Active,Recent purchase activity
CUST05785,2025-12-31,336,1221.0,717537.99,1,Recently Active,Recent purchase activity
CUST05786,2025-12-31,294,1060.0,607552.2999999999,1,Recently Active,Recent purchase activity
CUST05787,2025-12-30,512,1974.0,1127933.0899999999,2,Recently Active,Recent purchase activity
CUST05788,2025-12-31,512,1776.0,1118509.36,1,Recently Active,Recent purchase activity
CUST05789,2025-12-30,444,1662.0,1004236.78,2,Recently Active,Recent purchase activity
CUST05790,2025-12-27,326,1125.0,663424.03,5,Active - Monitor,Monitor purchase recency
CUST05791,2025-12-27,460,1694.0,942276.0999999999,5,Active - Monitor,Monitor purchase recency
CUST05792,2025-12-30,746,2706.0,1542444.3999999997,2,Recently Active,Recent purchase activity
CUST05793,2025-12-28,474,1646.0,928898.29,4,Active - Monitor,Monitor purchase recency
CUST05794,2025-12-31,478,1693.0,1017431.9600000001,1,Recently Active,Recent purchase activity
CUST05795,2025-12-31,1122,4052.0,2398906.9699999997,1,Recently Active,Recent purchase activity
CUST05796,2025-12-30,465,1735.0,1061625.84,2,Recently Active,Recent purchase activity
CUST05797,2025-12-29,716,2621.0,1451739.18,3,Recently Active,Recent purchase activity
CUST05798,2025-12-29,303,1117.0,643336.72,3,Recently Active,Recent purchase activity
CUST05799,2025-12-30,323,1178.0,658080.65,2,Recently Active,Recent purchase activity
CUST05800,2025-12-30,1067,3743.0,2142675.72,2,Recently Active,Recent purchase activity
CUST05801,2025-12-31,1069,3865.0,2274826.07,1,Recently Active,Recent purchase activity
CUST05802,2025-12-28,339,1329.0,781474.36,4,Active - Monitor,Monitor purchase recency
CUST05803,2025-12-30,1085,3935.0,2312954.55,2,Recently Active,Recent purchase activity
CUST05804,2025-12-31,689,2473.0,1529417.43,1,Recently Active,Recent purchase activity
CUST05805,2025-12-29,304,1084.0,667313.68,3,Recently Active,Recent purchase activity
CUST05806,2025-12-24,321,1261.0,744937.6799999999,8,Inactivity Watch,Review customer engagement
CUST05807,2025-12-29,479,1648.0,973169.53,3,Recently Active,Recent purchase activity
CUST05808,2025-12-30,336,1271.0,755145.0300000003,2,Recently Active,Recent purchase activity
CUST05809,2025-12-31,702,2650.0,1540771.8099999998,1,Recently Active,Recent purchase activity
CUST05810,2025-12-31,747,2655.0,1565388.7399999998,1,Recently Active,Recent purchase activity
CUST05811,2025-12-29,481,1675.0,945275.26,3,Recently Active,Recent purchase activity
CUST05812,2025-12-30,681,2315.0,1300591.86,2,Recently Active,Recent purchase activity
CUST05813,2025-12-30,459,1596.0,918117.0800000002,2,Recently Active,Recent purchase activity
CUST05814,2025-12-25,505,1714.0,1031139.7400000002,7,Active - Monitor,Monitor purchase recency
CUST05815,2025-12-31,450,1657.0,882621.47,1,Recently Active,Recent purchase activity
CUST05816,2025-12-26,433,1542.0,952651.5399999999,6,Active - Monitor,Monitor purchase recency
CUST05817,2025-12-30,1037,3781.0,2229155.6199999996,2,Recently Active,Recent purchase activity
CUST05818,2025-12-31,326,1223.0,676273.0100000002,1,Recently Active,Recent purchase activity
CUST05819,2025-12-28,300,1119.0,608611.64,4,Active - Monitor,Monitor purchase recency
CUST05820,2025-12-31,453,1766.0,1019980.9199999997,1,Recently Active,Recent purchase activity
CUST05821,2025-12-31,1013,3798.0,2110231.1600000006,1,Recently Active,Recent purchase activity
CUST05822,2025-12-31,467,1693.0,974346.28,1,Recently Active,Recent purchase activity
CUST05823,2025-12-26,331,1198.0,690669.28,6,Active - Monitor,Monitor purchase recency
CUST05824,2025-12-30,1145,4182.0,2475516.329999999,2,Recently Active,Recent purchase activity
CUST05825,2025-12-28,299,1031.0,591322.14,4,Active - Monitor,Monitor purchase recency
CUST05826,2025-12-27,327,1119.0,655331.21,5,Active - Monitor,Monitor purchase recency
CUST05827,2025-12-31,475,1686.0,994407.96,1,Recently Active,Recent purchase activity
CUST05828,2025-12-31,455,1638.0,933036.44,1,Recently Active,Recent purchase activity
CUST05829,2025-12-31,320,1143.0,663583.39,1,Recently Active,Recent purchase activity
CUST05830,2025-12-28,460,1689.0,1058795.13,4,Active - Monitor,Monitor purchase recency
CUST05831,2025-12-29,445,1590.0,928209.87,3,Recently Active,Recent purchase activity
CUST05832,2025-12-29,340,1231.0,670332.6300000001,3,Recently Active,Recent purchase activity
CUST05833,2025-12-30,461,1657.0,905330.6899999998,2,Recently Active,Recent purchase activity
CUST05834,2025-12-25,358,1225.0,712038.82,7,Active - Monitor,Monitor purchase recency
CUST05835,2025-12-28,318,1224.0,747943.49,4,Active - Monitor,Monitor purchase recency
CUST05836,2025-12-30,1081,3879.0,2264620.0799999996,2,Recently Active,Recent purchase activity
CUST05837,2025-12-30,327,1185.0,720242.0300000001,2,Recently Active,Recent purchase activity
CUST05838,2025-12-28,486,1775.0,1010711.5400000002,4,Active - Monitor,Monitor purchase recency
CUST05839,2025-12-30,520,1835.0,1140882.94,2,Recently Active,Recent purchase activity
CUST05840,2025-12-31,309,1151.0,595319.03,1,Recently Active,Recent purchase activity
CUST05841,2025-12-26,506,1764.0,1027792.62,6,Active - Monitor,Monitor purchase recency
CUST05842,2025-12-30,299,1179.0,705578.9700000001,2,Recently Active,Recent purchase activity
CUST05843,2025-12-31,435,1573.0,852746.7300000001,1,Recently Active,Recent purchase activity
CUST05844,2025-12-29,295,1107.0,615233.2,3,Recently Active,Recent purchase activity
CUST05845,2025-12-30,648,2288.0,1381091.65,2,Recently Active,Recent purchase activity
CUST05846,2025-12-30,676,2394.0,1364674.73,2,Recently Active,Recent purchase activity
CUST05847,2025-12-31,1114,3984.0,2427171.9399999995,1,Recently Active,Recent purchase activity
CUST05848,2025-12-31,738,2626.0,1507281.5899999996,1,Recently Active,Recent purchase activity
CUST05849,2025-12-31,474,1766.0,984937.1800000002,1,Recently Active,Recent purchase activity
CUST05850,2025-12-31,318,1089.0,648432.49,1,Recently Active,Recent purchase activity
CUST05851,2025-12-30,350,1317.0,749498.37,2,Recently Active,Recent purchase activity
CUST05852,2025-12-30,307,1085.0,576311.92,2,Recently Active,Recent purchase activity
CUST05853,2025-12-30,775,2839.0,1660301.5200000003,2,Recently Active,Recent purchase activity
CUST05854,2025-12-31,688,2385.0,1409367.62,1,Recently Active,Recent purchase activity
CUST05855,2025-12-30,334,1216.0,799442.2299999997,2,Recently Active,Recent purchase activity
CUST05856,2025-12-28,345,1217.0,720215.15,4,Active - Monitor,Monitor purchase recency
CUST05857,2025-12-28,328,1306.0,760768.0500000002,4,Active - Monitor,Monitor purchase recency
CUST05858,2025-12-31,1038,3733.0,2216806.16,1,Recently Active,Recent purchase activity
CUST05859,2025-12-31,324,1087.0,715962.81,1,Recently Active,Recent purchase activity
CUST05860,2025-12-31,698,2439.0,1490815.93,1,Recently Active,Recent purchase activity
CUST05861,2025-12-30,691,2591.0,1569534.71,2,Recently Active,Recent purchase activity
CUST05862,2025-12-30,658,2406.0,1467746.1700000002,2,Recently Active,Recent purchase activity
CUST05863,2025-12-31,430,1538.0,886802.1300000001,1,Recently Active,Recent purchase activity
CUST05864,2025-12-28,341,1283.0,699939.0000000001,4,Active - Monitor,Monitor purchase recency
CUST05865,2025-12-30,313,1137.0,636524.94,2,Recently Active,Recent purchase activity
CUST05866,2025-12-31,1083,4012.0,2265132.0599999996,1,Recently Active,Recent purchase activity
CUST05867,2025-12-27,454,1692.0,1001404.11,5,Active - Monitor,Monitor purchase recency
CUST05868,2025-12-31,475,1661.0,959457.4700000001,1,Recently Active,Recent purchase activity
CUST05869,2025-12-31,466,1766.0,1056961.69,1,Recently Active,Recent purchase activity
CUST05870,2025-12-26,361,1280.0,752910.36,6,Active - Monitor,Monitor purchase recency
CUST05871,2025-12-30,715,2530.0,1537486.6699999995,2,Recently Active,Recent purchase activity
CUST05872,2025-12-31,709,2581.0,1508935.2599999998,1,Recently Active,Recent purchase activity
CUST05873,2025-12-31,319,1134.0,691023.1200000001,1,Recently Active,Recent purchase activity
CUST05874,2025-12-30,335,1260.0,736249.7000000002,2,Recently Active,Recent purchase activity
CUST05875,2025-12-29,368,1325.0,713375.1100000001,3,Recently Active,Recent purchase activity
CUST05876,2025-12-31,1093,3863.0,2287405.97,1,Recently Active,Recent purchase activity
CUST05877,2025-12-30,440,1527.0,830869.3400000001,2,Recently Active,Recent purchase activity
CUST05878,2025-12-29,703,2738.0,1555084.2600000002,3,Recently Active,Recent purchase activity
CUST05879,2025-12-28,333,1151.0,700641.93,4,Active - Monitor,Monitor purchase recency
CUST05880,2025-12-31,338,1283.0,715847.5599999999,1,Recently Active,Recent purchase activity
CUST05881,2025-12-31,330,1280.0,665397.14,1,Recently Active,Recent purchase activity
CUST05882,2025-12-29,460,1715.0,1002230.4500000002,3,Recently Active,Recent purchase activity
CUST05883,2025-12-31,324,1164.0,683683.57,1,Recently Active,Recent purchase activity
CUST05884,2025-12-31,1071,3838.0,2166156.0399999986,1,Recently Active,Recent purchase activity
CUST05885,2025-12-31,732,2724.0,1622339.2899999998,1,Recently Active,Recent purchase activity
CUST05886,2025-12-28,284,975.0,566475.6399999999,4,Active - Monitor,Monitor purchase recency
CUST05887,2025-12-27,373,1339.0,828628.72,5,Active - Monitor,Monitor purchase recency
CUST05888,2025-12-29,313,1154.0,675172.51,3,Recently Active,Recent purchase activity
CUST05889,2025-12-30,318,1125.0,644242.4100000001,2,Recently Active,Recent purchase activity
CUST05890,2025-12-31,1076,3862.0,2240410.8399999994,1,Recently Active,Recent purchase activity
CUST05891,2025-12-30,1102,3962.0,2267883.8299999996,2,Recently Active,Recent purchase activity
CUST05892,2025-12-24,350,1220.0,680192.99,8,Inactivity Watch,Review customer engagement
CUST05893,2025-12-31,348,1261.0,709740.79,1,Recently Active,Recent purchase activity
CUST05894,2025-12-29,349,1228.0,724176.9300000002,3,Recently Active,Recent purchase activity
CUST05895,2025-12-31,457,1709.0,989952.3599999999,1,Recently Active,Recent purchase activity
CUST05896,2025-12-28,484,1847.0,1053209.76,4,Active - Monitor,Monitor purchase recency
CUST05897,2025-12-30,444,1596.0,1020275.7700000003,2,Recently Active,Recent purchase activity
CUST05898,2025-12-27,317,1147.0,730390.51,5,Active - Monitor,Monitor purchase recency
CUST05899,2025-12-29,347,1285.0,763129.8500000001,3,Recently Active,Recent purchase activity
CUST05900,2025-12-30,458,1664.0,970907.3900000001,2,Recently Active,Recent purchase activity
CUST05901,2025-12-20,330,1178.0,683675.3400000001,12,Inactivity Watch,Review customer engagement
CUST05902,2025-12-30,455,1659.0,977291.22,2,Recently Active,Recent purchase activity
CUST05903,2025-12-28,315,1113.0,631662.71,4,Active - Monitor,Monitor purchase recency
CUST05904,2025-12-28,326,1169.0,645034.8699999999,4,Active - Monitor,Monitor purchase recency
CUST05905,2025-12-31,669,2360.0,1430247.8900000001,1,Recently Active,Recent purchase activity
CUST05906,2025-12-28,461,1763.0,1069227.87,4,Active - Monitor,Monitor purchase recency
CUST05907,2025-12-28,1081,3792.0,2217742.5700000003,4,Active - Monitor,Monitor purchase recency
CUST05908,2025-12-31,322,1202.0,655839.75,1,Recently Active,Recent purchase activity
CUST05909,2025-12-28,307,1079.0,597818.5700000001,4,Active - Monitor,Monitor purchase recency
CUST05910,2025-12-29,423,1475.0,818425.7899999999,3,Recently Active,Recent purchase activity
CUST05911,2025-12-29,354,1218.0,708442.67,3,Recently Active,Recent purchase activity
CUST05912,2025-12-29,314,1157.0,613993.9700000001,3,Recently Active,Recent purchase activity
CUST05913,2025-12-30,301,1093.0,675794.2999999999,2,Recently Active,Recent purchase activity
CUST05914,2025-12-31,484,1672.0,976566.9899999998,1,Recently Active,Recent purchase activity
CUST05915,2025-12-31,286,1026.0,591333.6499999999,1,Recently Active,Recent purchase activity
CUST05916,2025-12-31,342,1305.0,714524.6,1,Recently Active,Recent purchase activity
CUST05917,2025-12-31,318,1195.0,667543.5700000001,1,Recently Active,Recent purchase activity
CUST05918,2025-12-30,696,2579.0,1519451.2199999997,2,Recently Active,Recent purchase activity
CUST05919,2025-12-29,305,1131.0,635357.4,3,Recently Active,Recent purchase activity
CUST05920,2025-12-30,481,1794.0,1055386.7200000002,2,Recently Active,Recent purchase activity
CUST05921,2025-12-31,1081,3954.0,2346127.73,1,Recently Active,Recent purchase activity
CUST05922,2025-12-31,353,1229.0,692750.04,1,Recently Active,Recent purchase activity
CUST05923,2025-12-31,488,1718.0,1013679.4199999999,1,Recently Active,Recent purchase activity
CUST05924,2025-12-30,445,1651.0,887800.8899999999,2,Recently Active,Recent purchase activity
CUST05925,2025-12-30,438,1406.0,822211.38,2,Recently Active,Recent purchase activity
CUST05926,2025-12-27,678,2491.0,1463788.3899999997,5,Active - Monitor,Monitor purchase recency
CUST05927,2025-12-31,464,1732.0,950490.72,1,Recently Active,Recent purchase activity
CUST05928,2025-12-30,680,2399.0,1365887.91,2,Recently Active,Recent purchase activity
CUST05929,2025-12-30,336,1247.0,717690.82,2,Recently Active,Recent purchase activity
CUST05930,2025-12-28,468,1725.0,1065280.5200000003,4,Active - Monitor,Monitor purchase recency
CUST05931,2025-12-30,341,1203.0,654047.36,2,Recently Active,Recent purchase activity
CUST05932,2025-12-30,300,1019.0,572073.8300000001,2,Recently Active,Recent purchase activity
CUST05933,2025-12-27,449,1486.0,873265.89,5,Active - Monitor,Monitor purchase recency
CUST05934,2025-12-16,306,1008.0,624563.0599999999,16,Extended Inactivity,Review individually; inactivity is not proof of churn
CUST05935,2025-12-23,319,1135.0,657250.45,9,Inactivity Watch,Review customer engagement
CUST05936,2025-12-30,1076,3873.0,2227470.0399999996,2,Recently Active,Recent purchase activity
CUST05937,2025-12-29,670,2442.0,1333890.4900000002,3,Recently Active,Recent purchase activity
CUST05938,2025-12-29,319,1142.0,610461.6000000001,3,Recently Active,Recent purchase activity
CUST05939,2025-12-31,355,1196.0,674252.0700000001,1,Recently Active,Recent purchase activity
CUST05940,2025-12-24,299,1062.0,619681.5299999999,8,Inactivity Watch,Review customer engagement
CUST05941,2025-12-30,320,1212.0,688777.6400000001,2,Recently Active,Recent purchase activity
CUST05942,2025-12-26,300,1108.0,633343.79,6,Active - Monitor,Monitor purchase recency
CUST05943,2025-12-31,755,2689.0,1631317.9199999997,1,Recently Active,Recent purchase activity
CUST05944,2025-12-26,318,1226.0,658398.44,6,Active - Monitor,Monitor purchase recency
CUST05945,2025-12-28,658,2257.0,1302253.3399999999,4,Active - Monitor,Monitor purchase recency
CUST05946,2025-12-31,1065,3860.0,2230575.9299999997,1,Recently Active,Recent purchase activity
CUST05947,2025-12-31,315,1189.0,738323.2100000002,1,Recently Active,Recent purchase activity
CUST05948,2025-12-31,482,1644.0,1090589.57,1,Recently Active,Recent purchase activity
CUST05949,2025-12-30,361,1300.0,784067.57,2,Recently Active,Recent purchase activity
CUST05950,2025-12-30,450,1605.0,943636.8300000001,2,Recently Active,Recent purchase activity
CUST05951,2025-12-31,321,1142.0,700978.88,1,Recently Active,Recent purchase activity
CUST05952,2025-12-26,479,1739.0,1012133.84,6,Active - Monitor,Monitor purchase recency
CUST05953,2025-12-29,457,1656.0,934802.78,3,Recently Active,Recent purchase activity
CUST05954,2025-12-31,1082,3868.0,2322158.7699999996,1,Recently Active,Recent purchase activity
CUST05955,2025-12-31,312,1159.0,680120.9199999999,1,Recently Active,Recent purchase activity
CUST05956,2025-12-30,355,1246.0,798247.93,2,Recently Active,Recent purchase activity
CUST05957,2025-12-29,315,1121.0,671762.75,3,Recently Active,Recent purchase activity
CUST05958,2025-12-29,298,1116.0,652590.38,3,Recently Active,Recent purchase activity
CUST05959,2025-12-26,479,1731.0,1025517.69,6,Active - Monitor,Monitor purchase recency
CUST05960,2025-12-31,1131,4120.0,2468557.1499999994,1,Recently Active,Recent purchase activity
CUST05961,2025-12-31,488,1752.0,1074269.2100000002,1,Recently Active,Recent purchase activity
CUST05962,2025-12-30,469,1670.0,866143.81,2,Recently Active,Recent purchase activity
CUST05963,2025-12-30,502,1774.0,1007863.6299999999,2,Recently Active,Recent purchase activity
CUST05964,2025-12-27,309,1176.0,657753.76,5,Active - Monitor,Monitor purchase recency
CUST05965,2025-12-30,1068,3798.0,2180319.2499999995,2,Recently Active,Recent purchase activity
CUST05966,2025-12-29,1069,3868.0,2201073.7099999995,3,Recently Active,Recent purchase activity
CUST05967,2025-12-31,321,1130.0,644843.37,1,Recently Active,Recent purchase activity
CUST05968,2025-12-11,330,1270.0,757892.93,21,Extended Inactivity,Review individually; inactivity is not proof of churn
CUST05969,2025-12-31,493,1853.0,1112992.54,1,Recently Active,Recent purchase activity
CUST05970,2025-12-29,1027,3931.0,2326869.17,3,Recently Active,Recent purchase activity
CUST05971,2025-12-25,474,1692.0,978202.1699999999,7,Active - Monitor,Monitor purchase recency
CUST05972,2025-12-30,361,1272.0,792608.1199999998,2,Recently Active,Recent purchase activity
CUST05973,2025-12-31,321,1171.0,741725.4400000001,1,Recently Active,Recent purchase activity
CUST05974,2025-12-31,440,1599.0,940232.2199999999,1,Recently Active,Recent purchase activity
CUST05975,2025-12-31,1035,3731.0,2201360.4899999998,1,Recently Active,Recent purchase activity
CUST05976,2025-12-28,690,2490.0,1459827.28,4,Active - Monitor,Monitor purchase recency
CUST05977,2025-12-31,720,2517.0,1392808.5700000005,1,Recently Active,Recent purchase activity
CUST05978,2025-12-31,310,1099.0,680779.78,1,Recently Active,Recent purchase activity
CUST05979,2025-12-31,327,1216.0,748286.7000000002,1,Recently Active,Recent purchase activity
CUST05980,2025-12-31,706,2490.0,1447330.98,1,Recently Active,Recent purchase activity
CUST05981,2025-12-30,346,1188.0,727812.5899999999,2,Recently Active,Recent purchase activity
CUST05982,2025-12-31,315,1018.0,587452.5199999999,1,Recently Active,Recent purchase activity
CUST05983,2025-12-31,701,2463.0,1397952.4500000002,1,Recently Active,Recent purchase activity
CUST05984,2025-12-31,469,1577.0,958918.16,1,Recently Active,Recent purchase activity
CUST05985,2025-12-30,464,1645.0,935239.0499999999,2,Recently Active,Recent purchase activity
CUST05986,2025-12-31,300,1018.0,616921.32,1,Recently Active,Recent purchase activity
CUST05987,2025-12-30,355,1225.0,687042.7,2,Recently Active,Recent purchase activity
CUST05988,2025-12-29,710,2603.0,1488921.01,3,Recently Active,Recent purchase activity
CUST05989,2025-12-28,346,1279.0,742219.2999999999,4,Active - Monitor,Monitor purchase recency
CUST05990,2025-12-30,461,1729.0,1012596.49,2,Recently Active,Recent purchase activity
CUST05991,2025-12-30,460,1683.0,969533.6000000001,2,Recently Active,Recent purchase activity
CUST05992,2025-12-28,443,1640.0,887129.2700000003,4,Active - Monitor,Monitor purchase recency
CUST05993,2025-12-30,706,2478.0,1476123.91,2,Recently Active,Recent purchase activity
CUST05994,2025-12-29,351,1288.0,783492.67,3,Recently Active,Recent purchase activity
CUST05995,2025-12-23,327,1156.0,678847.78,9,Inactivity Watch,Review customer engagement
CUST05996,2025-12-23,702,2575.0,1507746.5,9,Inactivity Watch,Review customer engagement
CUST05997,2025-12-28,318,1180.0,710684.83,4,Active - Monitor,Monitor purchase recency
CUST05998,2025-12-31,1090,4033.0,2432799.4199999995,1,Recently Active,Recent purchase activity
CUST05999,2025-12-26,315,1142.0,714137.8400000001,6,Active - Monitor,Monitor purchase recency
CUST06000,2025-12-31,470,1730.0,960216.38,1,Recently Active,Recent purchase activity
CUST06001,2025-12-28,330,1129.0,650768.8900000002,4,Active - Monitor,Monitor purchase recency
CUST06002,2025-12-25,483,1777.0,1020766.06,7,Active - Monitor,Monitor purchase recency
CUST06003,2025-12-31,355,1293.0,728002.18,1,Recently Active,Recent purchase activity
CUST06004,2025-12-30,339,1193.0,760894.5999999999,2,Recently Active,Recent purchase activity
CUST06005,2025-12-31,1109,4022.0,2247117.4499999993,1,Recently Active,Recent purchase activity
CUST06006,2025-12-31,682,2451.0,1500309.72,1,Recently Active,Recent purchase activity
CUST06007,2025-12-21,481,1715.0,989281.0200000001,11,Inactivity Watch,Review customer engagement
CUST06008,2025-12-30,1052,3757.0,2117256.48,2,Recently Active,Recent purchase activity
CUST06009,2025-12-29,310,1107.0,636904.01,3,Recently Active,Recent purchase activity
CUST06010,2025-12-31,341,1253.0,806789.22,1,Recently Active,Recent purchase activity
CUST06011,2025-12-31,630,2323.0,1449664.9,1,Recently Active,Recent purchase activity
CUST06012,2025-12-29,305,1084.0,596199.3900000001,3,Recently Active,Recent purchase activity
CUST06013,2025-12-30,641,2336.0,1259483.62,2,Recently Active,Recent purchase activity
CUST06014,2025-12-26,432,1516.0,875883.3199999998,6,Active - Monitor,Monitor purchase recency
CUST06015,2025-12-28,320,1083.0,634874.0800000001,4,Active - Monitor,Monitor purchase recency
CUST06016,2025-12-31,475,1673.0,922712.5700000002,1,Recently Active,Recent purchase activity
CUST06017,2025-12-29,430,1555.0,848059.2100000001,3,Recently Active,Recent purchase activity
CUST06018,2025-12-28,302,1128.0,627952.86,4,Active - Monitor,Monitor purchase recency
CUST06019,2025-12-31,709,2670.0,1513982.18,1,Recently Active,Recent purchase activity
CUST06020,2025-12-30,333,1181.0,725021.2400000001,2,Recently Active,Recent purchase activity
CUST06021,2025-12-31,317,1072.0,661343.74,1,Recently Active,Recent purchase activity
CUST06022,2025-12-31,440,1556.0,960706.6799999999,1,Recently Active,Recent purchase activity
CUST06023,2025-12-22,444,1607.0,962576.36,10,Inactivity Watch,Review customer engagement
CUST06024,2025-12-23,385,1394.0,806098.46,9,Inactivity Watch,Review customer engagement
CUST06025,2025-12-28,468,1661.0,963056.9800000001,4,Active - Monitor,Monitor purchase recency
CUST06026,2025-12-31,513,1907.0,1108468.2,1,Recently Active,Recent purchase activity
CUST06027,2025-12-30,314,1095.0,669525.3500000001,2,Recently Active,Recent purchase activity
CUST06028,2025-12-31,745,2677.0,1491327.08,1,Recently Active,Recent purchase activity
CUST06029,2025-12-29,355,1382.0,775603.2999999998,3,Recently Active,Recent purchase activity
CUST06030,2025-12-25,334,1231.0,751850.49,7,Active - Monitor,Monitor purchase recency
CUST06031,2025-12-31,317,1199.0,754641.0000000001,1,Recently Active,Recent purchase activity
CUST06032,2025-12-31,682,2518.0,1504896.6799999997,1,Recently Active,Recent purchase activity
CUST06033,2025-12-29,346,1244.0,688791.32,3,Recently Active,Recent purchase activity
CUST06034,2025-12-29,669,2366.0,1331109.2000000002,3,Recently Active,Recent purchase activity
CUST06035,2025-12-31,338,1219.0,676309.65,1,Recently Active,Recent purchase activity
CUST06036,2025-12-30,702,2503.0,1493268.2699999998,2,Recently Active,Recent purchase activity
CUST06037,2025-12-31,1138,4057.0,2463799.0600000005,1,Recently Active,Recent purchase activity
CUST06038,2025-12-29,342,1221.0,675326.7100000002,3,Recently Active,Recent purchase activity
CUST06039,2025-12-31,298,1059.0,609389.1400000001,1,Recently Active,Recent purchase activity
CUST06040,2025-12-31,330,1220.0,764157.66,1,Recently Active,Recent purchase activity
CUST06041,2025-12-31,1070,4065.0,2415166.73,1,Recently Active,Recent purchase activity
CUST06042,2025-12-28,460,1669.0,958793.6099999999,4,Active - Monitor,Monitor purchase recency
CUST06043,2025-12-30,1068,3803.0,2250386.39,2,Recently Active,Recent purchase activity
CUST06044,2025-12-31,485,1747.0,1051461.0,1,Recently Active,Recent purchase activity
CUST06045,2025-12-30,724,2648.0,1441961.5599999998,2,Recently Active,Recent purchase activity
CUST06046,2025-12-28,1057,3794.0,2211584.639999999,4,Active - Monitor,Monitor purchase recency
CUST06047,2025-12-31,320,1208.0,802745.81,1,Recently Active,Recent purchase activity
CUST06048,2025-12-29,332,1229.0,742573.21,3,Recently Active,Recent purchase activity
CUST06049,2025-12-26,336,1154.0,666451.9600000001,6,Active - Monitor,Monitor purchase recency
CUST06050,2025-12-31,474,1682.0,1032363.43,1,Recently Active,Recent purchase activity
CUST06051,2025-12-30,476,1769.0,938430.16,2,Recently Active,Recent purchase activity
CUST06052,2025-12-30,1034,3699.0,2171234.919999999,2,Recently Active,Recent purchase activity
CUST06053,2025-12-31,728,2661.0,1535838.8299999998,1,Recently Active,Recent purchase activity
CUST06054,2025-12-21,320,1140.0,601858.4800000002,11,Inactivity Watch,Review customer engagement
CUST06055,2025-12-29,1051,3726.0,2096141.4699999993,3,Recently Active,Recent purchase activity
CUST06056,2025-12-31,655,2414.0,1383057.96,1,Recently Active,Recent purchase activity
CUST06057,2025-12-22,315,1096.0,639164.56,10,Inactivity Watch,Review customer engagement
CUST06058,2025-12-31,736,2709.0,1537204.7899999998,1,Recently Active,Recent purchase activity
CUST06059,2025-12-23,346,1222.0,697789.4400000001,9,Inactivity Watch,Review customer engagement
CUST06060,2025-12-30,447,1607.0,877822.89,2,Recently Active,Recent purchase activity
CUST06061,2025-12-31,699,2504.0,1499555.6899999997,1,Recently Active,Recent purchase activity
CUST06062,2025-12-31,323,1132.0,701697.81,1,Recently Active,Recent purchase activity
CUST06063,2025-12-31,729,2672.0,1704595.4199999995,1,Recently Active,Recent purchase activity
CUST06064,2025-12-31,468,1689.0,1017230.9300000002,1,Recently Active,Recent purchase activity
CUST06065,2025-12-30,459,1636.0,919446.38,2,Recently Active,Recent purchase activity
CUST06066,2025-12-26,444,1677.0,997675.5399999998,6,Active - Monitor,Monitor purchase recency
CUST06067,2025-12-29,316,1225.0,715382.5700000001,3,Recently Active,Recent purchase activity
CUST06068,2025-12-30,302,1121.0,721585.0800000001,2,Recently Active,Recent purchase activity
CUST06069,2025-12-25,321,1202.0,685120.37,7,Active - Monitor,Monitor purchase recency
CUST06070,2025-12-26,344,1261.0,687982.9999999999,6,Active - Monitor,Monitor purchase recency
CUST06071,2025-12-28,482,1722.0,937169.6300000001,4,Active - Monitor,Monitor purchase recency
CUST06072,2025-12-30,470,1612.0,1006395.8600000001,2,Recently Active,Recent purchase activity
CUST06073,2025-12-28,299,1107.0,664533.6700000002,4,Active - Monitor,Monitor purchase recency
CUST06074,2025-12-23,683,2511.0,1509718.7999999998,9,Inactivity Watch,Review customer engagement
CUST06075,2025-12-30,750,2851.0,1574317.6400000001,2,Recently Active,Recent purchase activity
CUST06076,2025-12-24,330,1125.0,771948.1,8,Inactivity Watch,Review customer engagement
CUST06077,2025-12-17,335,1197.0,663779.91,15,Extended Inactivity,Review individually; inactivity is not proof of churn
CUST06078,2025-12-31,332,1265.0,749098.3499999999,1,Recently Active,Recent purchase activity
CUST06079,2025-12-30,476,1795.0,1004990.1599999999,2,Recently Active,Recent purchase activity
CUST06080,2025-12-29,333,1202.0,702207.49,3,Recently Active,Recent purchase activity
CUST06081,2025-12-29,293,1036.0,607279.9800000002,3,Recently Active,Recent purchase activity
CUST06082,2025-12-31,1051,3736.0,2130170.889999999,1,Recently Active,Recent purchase activity
CUST06083,2025-12-31,456,1607.0,902667.9800000001,1,Recently Active,Recent purchase activity
CUST06084,2025-12-24,297,1049.0,574637.08,8,Inactivity Watch,Review customer engagement
CUST06085,2025-12-29,452,1682.0,985718.3400000001,3,Recently Active,Recent purchase activity
CUST06086,2025-12-31,344,1317.0,790911.37,1,Recently Active,Recent purchase activity
CUST06087,2025-12-27,717,2630.0,1487622.8299999998,5,Active - Monitor,Monitor purchase recency
CUST06088,2025-12-31,1074,3866.0,2216486.5599999996,1,Recently Active,Recent purchase activity
CUST06089,2025-12-15,303,1126.0,640722.6599999999,17,Extended Inactivity,Review individually; inactivity is not proof of churn
CUST06090,2025-12-31,1107,4001.0,2337072.839999999,1,Recently Active,Recent purchase activity
CUST06091,2025-12-30,670,2459.0,1434097.79,2,Recently Active,Recent purchase activity
CUST06092,2025-12-25,301,1087.0,578416.7699999999,7,Active - Monitor,Monitor purchase recency
CUST06093,2025-12-31,680,2368.0,1299091.77,1,Recently Active,Recent purchase activity
CUST06094,2025-12-26,343,1239.0,686328.3999999999,6,Active - Monitor,Monitor purchase recency
CUST06095,2025-12-29,316,1193.0,677716.59,3,Recently Active,Recent purchase activity
CUST06096,2025-12-30,675,2467.0,1492536.4400000002,2,Recently Active,Recent purchase activity
CUST06097,2025-12-31,312,1117.0,705934.0499999999,1,Recently Active,Recent purchase activity
CUST06098,2025-12-26,1099,4024.0,2309933.0299999993,6,Active - Monitor,Monitor purchase recency
CUST06099,2025-12-27,456,1655.0,978933.77,5,Active - Monitor,Monitor purchase recency
CUST06100,2025-12-30,454,1543.0,878711.09,2,Recently Active,Recent purchase activity
CUST06101,2025-12-29,775,2910.0,1724738.4799999997,3,Recently Active,Recent purchase activity
CUST06102,2025-12-27,680,2494.0,1516378.24,5,Active - Monitor,Monitor purchase recency
CUST06103,2025-12-26,378,1357.0,862871.9800000001,6,Active - Monitor,Monitor purchase recency
CUST06104,2025-12-31,301,1064.0,649388.53,1,Recently Active,Recent purchase activity
CUST06105,2025-12-29,710,2534.0,1413452.92,3,Recently Active,Recent purchase activity
CUST06106,2025-12-29,338,1241.0,741268.7700000001,3,Recently Active,Recent purchase activity
CUST06107,2025-12-31,423,1516.0,846950.9700000001,1,Recently Active,Recent purchase activity
CUST06108,2025-12-29,319,1148.0,623948.5499999999,3,Recently Active,Recent purchase activity
CUST06109,2025-12-27,451,1637.0,1042114.8200000001,5,Active - Monitor,Monitor purchase recency
CUST06110,2025-12-29,340,1157.0,673809.9099999999,3,Recently Active,Recent purchase activity
CUST06111,2025-12-30,680,2476.0,1529962.32,2,Recently Active,Recent purchase activity
CUST06112,2025-12-29,709,2541.0,1563380.0599999998,3,Recently Active,Recent purchase activity
CUST06113,2025-12-30,455,1579.0,925910.3800000001,2,Recently Active,Recent purchase activity
CUST06114,2025-12-28,314,1154.0,668837.42,4,Active - Monitor,Monitor purchase recency
CUST06115,2025-12-29,327,1208.0,770154.72,3,Recently Active,Recent purchase activity
CUST06116,2025-12-30,332,1206.0,669514.62,2,Recently Active,Recent purchase activity
CUST06117,2025-12-28,309,1099.0,679343.31,4,Active - Monitor,Monitor purchase recency
CUST06118,2025-12-22,315,1186.0,662729.0200000001,10,Inactivity Watch,Review customer engagement
CUST06119,2025-12-31,498,1834.0,1106771.77,1,Recently Active,Recent purchase activity
CUST06120,2025-12-31,1038,3675.0,2093237.9999999995,1,Recently Active,Recent purchase activity
CUST06121,2025-12-29,687,2560.0,1387596.2100000002,3,Recently Active,Recent purchase activity
CUST06122,2025-12-30,329,1163.0,644539.67,2,Recently Active,Recent purchase activity
CUST06123,2025-12-31,730,2662.0,1458779.1499999994,1,Recently Active,Recent purchase activity
CUST06124,2025-12-27,331,1288.0,714024.0100000001,5,Active - Monitor,Monitor purchase recency
CUST06125,2025-12-29,329,1098.0,644098.7599999999,3,Recently Active,Recent purchase activity
CUST06126,2025-12-30,345,1240.0,674948.4900000001,2,Recently Active,Recent purchase activity
CUST06127,2025-12-30,723,2569.0,1637749.5099999998,2,Recently Active,Recent purchase activity
CUST06128,2025-12-21,350,1208.0,682815.36,11,Inactivity Watch,Review customer engagement
CUST06129,2025-12-30,349,1317.0,771043.6399999999,2,Recently Active,Recent purchase activity
CUST06130,2025-12-31,320,1122.0,733891.88,1,Recently Active,Recent purchase activity
CUST06131,2025-12-31,697,2511.0,1448696.9599999997,1,Recently Active,Recent purchase activity
CUST06132,2025-12-30,757,2764.0,1643823.8599999996,2,Recently Active,Recent purchase activity
CUST06133,2025-12-27,471,1672.0,919866.5199999999,5,Active - Monitor,Monitor purchase recency
CUST06134,2025-12-29,1065,4012.0,2286985.4699999997,3,Recently Active,Recent purchase activity
CUST06135,2025-12-28,469,1720.0,988304.22,4,Active - Monitor,Monitor purchase recency
CUST06136,2025-12-28,472,1755.0,1023410.61,4,Active - Monitor,Monitor purchase recency
CUST06137,2025-12-30,1103,3945.0,2329270.8399999994,2,Recently Active,Recent purchase activity
CUST06138,2025-12-31,484,1904.0,1102715.6300000004,1,Recently Active,Recent purchase activity
CUST06139,2025-12-31,448,1618.0,888996.2899999999,1,Recently Active,Recent purchase activity
CUST06140,2025-12-31,328,1128.0,662089.57,1,Recently Active,Recent purchase activity
CUST06141,2025-12-31,672,2398.0,1373943.9200000002,1,Recently Active,Recent purchase activity
CUST06142,2025-12-26,306,1147.0,606600.9700000001,6,Active - Monitor,Monitor purchase recency
CUST06143,2025-12-30,487,1774.0,1032758.42,2,Recently Active,Recent purchase activity
CUST06144,2025-12-28,726,2499.0,1474468.08,4,Active - Monitor,Monitor purchase recency
CUST06145,2025-12-31,450,1638.0,924815.32,1,Recently Active,Recent purchase activity
CUST06146,2025-12-29,669,2353.0,1286817.2599999998,3,Recently Active,Recent purchase activity
CUST06147,2025-12-31,736,2631.0,1546564.5399999998,1,Recently Active,Recent purchase activity
CUST06148,2025-12-31,690,2580.0,1493662.5599999998,1,Recently Active,Recent purchase activity
CUST06149,2025-12-30,312,1192.0,704164.4100000001,2,Recently Active,Recent purchase activity
CUST06150,2025-12-31,333,1305.0,763184.7200000001,1,Recently Active,Recent purchase activity
CUST06151,2025-12-30,1057,3711.0,2250294.5599999996,2,Recently Active,Recent purchase activity
CUST06152,2025-12-30,338,1196.0,610987.8699999999,2,Recently Active,Recent purchase activity
CUST06153,2025-12-28,720,2574.0,1466772.93,4,Active - Monitor,Monitor purchase recency
CUST06154,2025-12-31,508,1957.0,1133097.21,1,Recently Active,Recent purchase activity
CUST06155,2025-12-29,1057,3731.0,2179130.369999999,3,Recently Active,Recent purchase activity
CUST06156,2025-12-29,290,1012.0,600508.3,3,Recently Active,Recent purchase activity
CUST06157,2025-12-30,730,2567.0,1397339.6199999999,2,Recently Active,Recent purchase activity
CUST06158,2025-12-31,471,1718.0,1012166.3700000001,1,Recently Active,Recent purchase activity
CUST06159,2025-12-27,347,1139.0,646580.9800000001,5,Active - Monitor,Monitor purchase recency
CUST06160,2025-12-31,491,1772.0,998662.9299999999,1,Recently Active,Recent purchase activity
CUST06161,2025-12-31,505,1788.0,1055685.4200000002,1,Recently Active,Recent purchase activity
CUST06162,2025-12-28,336,1245.0,796347.28,4,Active - Monitor,Monitor purchase recency
CUST06163,2025-12-28,360,1337.0,763605.3400000001,4,Active - Monitor,Monitor purchase recency
CUST06164,2025-12-30,1092,3774.0,2347120.11,2,Recently Active,Recent purchase activity
CUST06165,2025-12-29,465,1656.0,870897.8200000002,3,Recently Active,Recent purchase activity
CUST06166,2025-12-28,682,2469.0,1394734.9100000001,4,Active - Monitor,Monitor purchase recency
CUST06167,2025-12-29,342,1229.0,673149.2,3,Recently Active,Recent purchase activity
CUST06168,2025-12-31,461,1675.0,958663.5499999998,1,Recently Active,Recent purchase activity
CUST06169,2025-12-26,306,1081.0,624734.57,6,Active - Monitor,Monitor purchase recency
CUST06170,2025-12-30,342,1249.0,657196.9200000002,2,Recently Active,Recent purchase activity
CUST06171,2025-12-30,1057,3796.0,2158230.3,2,Recently Active,Recent purchase activity
CUST06172,2025-12-31,318,1226.0,722563.6500000003,1,Recently Active,Recent purchase activity
CUST06173,2025-12-31,471,1708.0,943733.3900000001,1,Recently Active,Recent purchase activity
CUST06174,2025-12-31,1040,3786.0,2203541.59,1,Recently Active,Recent purchase activity
CUST06175,2025-12-30,495,1721.0,945236.01,2,Recently Active,Recent purchase activity
CUST06176,2025-12-31,318,1158.0,665592.55,1,Recently Active,Recent purchase activity
CUST06177,2025-12-31,470,1624.0,959844.59,1,Recently Active,Recent purchase activity
CUST06178,2025-12-31,475,1714.0,1041556.95,1,Recently Active,Recent purchase activity
CUST06179,2025-12-31,447,1606.0,919270.9600000002,1,Recently Active,Recent purchase activity
CUST06180,2025-12-31,729,2689.0,1580352.5499999993,1,Recently Active,Recent purchase activity
CUST06181,2025-12-31,457,1693.0,970865.29,1,Recently Active,Recent purchase activity
CUST06182,2025-12-31,730,2573.0,1449767.0999999996,1,Recently Active,Recent purchase activity
CUST06183,2025-12-26,339,1270.0,774213.8200000001,6,Active - Monitor,Monitor purchase recency
CUST06184,2025-12-27,480,1687.0,994132.69,5,Active - Monitor,Monitor purchase recency
CUST06185,2025-12-31,470,1720.0,1010168.9099999997,1,Recently Active,Recent purchase activity
CUST06186,2025-12-30,677,2444.0,1503851.19,2,Recently Active,Recent purchase activity
CUST06187,2025-12-30,672,2469.0,1474375.63,2,Recently Active,Recent purchase activity
CUST06188,2025-12-30,341,1232.0,689685.66,2,Recently Active,Recent purchase activity
CUST06189,2025-12-23,314,1100.0,574228.81,9,Inactivity Watch,Review customer engagement
CUST06190,2025-12-28,733,2680.0,1562703.3099999996,4,Active - Monitor,Monitor purchase recency
CUST06191,2025-12-30,451,1646.0,1035327.73,2,Recently Active,Recent purchase activity
CUST06192,2025-12-29,460,1621.0,936393.89,3,Recently Active,Recent purchase activity
CUST06193,2025-12-31,1090,3842.0,2156659.3799999994,1,Recently Active,Recent purchase activity
CUST06194,2025-12-30,349,1223.0,778584.9500000001,2,Recently Active,Recent purchase activity
CUST06195,2025-12-31,465,1629.0,952604.1399999999,1,Recently Active,Recent purchase activity
CUST06196,2025-12-23,324,983.0,551012.8200000001,9,Inactivity Watch,Review customer engagement
CUST06197,2025-12-29,319,1160.0,706942.06,3,Recently Active,Recent purchase activity
CUST06198,2025-12-31,462,1717.0,1018016.73,1,Recently Active,Recent purchase activity
CUST06199,2025-12-29,323,1256.0,714582.5800000002,3,Recently Active,Recent purchase activity
CUST06200,2025-12-29,341,1309.0,809009.8599999999,3,Recently Active,Recent purchase activity
CUST06201,2025-12-26,310,1197.0,692018.74,6,Active - Monitor,Monitor purchase recency
CUST06202,2025-12-29,456,1663.0,900921.8200000001,3,Recently Active,Recent purchase activity
CUST06203,2025-12-30,1099,3972.0,2458590.2299999995,2,Recently Active,Recent purchase activity
CUST06204,2025-12-29,475,1707.0,1008519.24,3,Recently Active,Recent purchase activity
CUST06205,2025-12-29,487,1706.0,902689.3300000001,3,Recently Active,Recent purchase activity
CUST06206,2025-12-26,299,1108.0,681233.1699999999,6,Active - Monitor,Monitor purchase recency
CUST06207,2025-12-30,322,1166.0,721758.7600000001,2,Recently Active,Recent purchase activity
CUST06208,2025-12-31,693,2547.0,1493150.6299999997,1,Recently Active,Recent purchase activity
CUST06209,2025-12-23,322,1224.0,689720.2899999999,9,Inactivity Watch,Review customer engagement
CUST06210,2025-12-31,734,2626.0,1623905.5900000003,1,Recently Active,Recent purchase activity
CUST06211,2025-12-31,331,1174.0,663261.3800000001,1,Recently Active,Recent purchase activity
CUST06212,2025-12-29,475,1624.0,955503.85,3,Recently Active,Recent purchase activity
CUST06213,2025-12-31,457,1721.0,994961.96,1,Recently Active,Recent purchase activity
CUST06214,2025-12-18,321,1199.0,624200.8900000001,14,Inactivity Watch,Review customer engagement
CUST06215,2025-12-30,434,1529.0,879281.2400000003,2,Recently Active,Recent purchase activity
CUST06216,2025-12-31,337,1228.0,719083.08,1,Recently Active,Recent purchase activity
CUST06217,2025-12-28,349,1246.0,710323.38,4,Active - Monitor,Monitor purchase recency
CUST06218,2025-12-30,329,1159.0,685033.8899999999,2,Recently Active,Recent purchase activity
CUST06219,2025-12-31,765,2751.0,1527426.3099999996,1,Recently Active,Recent purchase activity
CUST06220,2025-12-30,472,1712.0,955490.94,2,Recently Active,Recent purchase activity
CUST06221,2025-12-31,1058,3883.0,2298268.2199999997,1,Recently Active,Recent purchase activity
CUST06222,2025-12-26,328,1118.0,655043.98,6,Active - Monitor,Monitor purchase recency
CUST06223,2025-12-31,352,1240.0,716001.75,1,Recently Active,Recent purchase activity
CUST06224,2025-12-28,673,2450.0,1503817.5499999998,4,Active - Monitor,Monitor purchase recency
CUST06225,2025-12-26,298,1052.0,606788.7000000002,6,Active - Monitor,Monitor purchase recency
CUST06226,2025-12-31,312,1094.0,639745.1100000001,1,Recently Active,Recent purchase activity
CUST06227,2025-12-31,718,2539.0,1573466.5499999998,1,Recently Active,Recent purchase activity
CUST06228,2025-12-31,326,1215.0,695357.31,1,Recently Active,Recent purchase activity
CUST06229,2025-12-30,504,1820.0,1097946.9,2,Recently Active,Recent purchase activity
CUST06230,2025-12-23,302,1129.0,641547.52,9,Inactivity Watch,Review customer engagement
CUST06231,2025-12-30,728,2552.0,1528840.93,2,Recently Active,Recent purchase activity
CUST06232,2025-12-31,508,1824.0,1080306.3500000003,1,Recently Active,Recent purchase activity
CUST06233,2025-12-24,482,1740.0,1010339.1200000002,8,Inactivity Watch,Review customer engagement
CUST06234,2025-12-29,301,1041.0,621525.99,3,Recently Active,Recent purchase activity
CUST06235,2025-12-30,340,1198.0,736173.09,2,Recently Active,Recent purchase activity
CUST06236,2025-12-30,315,1194.0,733962.7900000003,2,Recently Active,Recent purchase activity
CUST06237,2025-12-31,1031,3720.0,2255663.8399999994,1,Recently Active,Recent purchase activity
CUST06238,2025-12-31,347,1245.0,742737.9700000001,1,Recently Active,Recent purchase activity
CUST06239,2025-12-29,346,1263.0,789187.0800000001,3,Recently Active,Recent purchase activity
CUST06240,2025-12-19,458,1694.0,925582.6900000001,13,Inactivity Watch,Review customer engagement
CUST06241,2025-12-30,317,1062.0,629899.17,2,Recently Active,Recent purchase activity
CUST06242,2025-12-26,326,1164.0,674656.47,6,Active - Monitor,Monitor purchase recency
CUST06243,2025-12-29,313,1133.0,655374.0900000001,3,Recently Active,Recent purchase activity
CUST06244,2025-12-22,302,1089.0,583821.6099999999,10,Inactivity Watch,Review customer engagement
CUST06245,2025-12-31,689,2450.0,1451680.63,1,Recently Active,Recent purchase activity
CUST06246,2025-12-29,309,1084.0,671762.0500000002,3,Recently Active,Recent purchase activity
CUST06247,2025-12-31,322,1088.0,667783.0400000002,1,Recently Active,Recent purchase activity
CUST06248,2025-12-31,763,2760.0,1657070.1899999995,1,Recently Active,Recent purchase activity
CUST06249,2025-12-28,463,1585.0,936428.9300000002,4,Active - Monitor,Monitor purchase recency
CUST06250,2025-12-28,324,1190.0,642207.4299999999,4,Active - Monitor,Monitor purchase recency
CUST06251,2025-12-31,467,1751.0,991075.35,1,Recently Active,Recent purchase activity
CUST06252,2025-12-30,428,1508.0,902963.5399999998,2,Recently Active,Recent purchase activity
CUST06253,2025-12-28,292,994.0,542065.28,4,Active - Monitor,Monitor purchase recency
CUST06254,2025-12-31,684,2374.0,1386566.6899999997,1,Recently Active,Recent purchase activity
CUST06255,2025-12-31,734,2627.0,1587581.3499999999,1,Recently Active,Recent purchase activity
CUST06256,2025-12-31,325,1284.0,749291.37,1,Recently Active,Recent purchase activity
CUST06257,2025-12-17,328,1093.0,595699.7999999999,15,Extended Inactivity,Review individually; inactivity is not proof of churn
CUST06258,2025-12-27,493,1858.0,1070318.0999999999,5,Active - Monitor,Monitor purchase recency
CUST06259,2025-12-31,329,1148.0,680629.5300000001,1,Recently Active,Recent purchase activity
CUST06260,2025-12-31,329,1170.0,774623.3,1,Recently Active,Recent purchase activity
CUST06261,2025-12-16,349,1198.0,695152.55,16,Extended Inactivity,Review individually; inactivity is not proof of churn
CUST06262,2025-12-29,335,1154.0,666975.26,3,Recently Active,Recent purchase activity
CUST06263,2025-12-28,312,1183.0,669654.2000000001,4,Active - Monitor,Monitor purchase recency
CUST06264,2025-12-28,431,1657.0,996837.9800000001,4,Active - Monitor,Monitor purchase recency
CUST06265,2025-12-30,505,1849.0,1075151.9600000004,2,Recently Active,Recent purchase activity
CUST06266,2025-12-25,455,1724.0,987291.2000000003,7,Active - Monitor,Monitor purchase recency
CUST06267,2025-12-31,695,2511.0,1471298.18,1,Recently Active,Recent purchase activity
CUST06268,2025-12-20,323,1153.0,649479.8899999999,12,Inactivity Watch,Review customer engagement
CUST06269,2025-12-26,320,1165.0,641679.4199999999,6,Active - Monitor,Monitor purchase recency
CUST06270,2025-12-28,434,1505.0,848923.3599999999,4,Active - Monitor,Monitor purchase recency
CUST06271,2025-12-30,463,1539.0,853230.8799999999,2,Recently Active,Recent purchase activity
CUST06272,2025-12-27,328,1167.0,708304.6700000002,5,Active - Monitor,Monitor purchase recency
CUST06273,2025-12-31,315,1111.0,639660.2299999999,1,Recently Active,Recent purchase activity
CUST06274,2025-12-27,327,1250.0,684776.04,5,Active - Monitor,Monitor purchase recency
CUST06275,2025-12-26,441,1553.0,902054.4400000001,6,Active - Monitor,Monitor purchase recency
CUST06276,2025-12-31,476,1774.0,1018945.2199999999,1,Recently Active,Recent purchase activity
CUST06277,2025-12-27,446,1586.0,834475.7799999999,5,Active - Monitor,Monitor purchase recency
CUST06278,2025-12-31,458,1606.0,949568.38,1,Recently Active,Recent purchase activity
CUST06279,2025-12-30,311,1109.0,650310.6400000001,2,Recently Active,Recent purchase activity
CUST06280,2025-12-30,726,2591.0,1561519.1099999999,2,Recently Active,Recent purchase activity
CUST06281,2025-12-31,348,1308.0,762077.1399999999,1,Recently Active,Recent purchase activity
CUST06282,2025-12-30,468,1700.0,1026235.4700000001,2,Recently Active,Recent purchase activity
CUST06283,2025-12-31,441,1610.0,885756.19,1,Recently Active,Recent purchase activity
CUST06284,2025-12-31,321,1152.0,642164.79,1,Recently Active,Recent purchase activity
CUST06285,2025-12-30,327,1194.0,709236.4099999998,2,Recently Active,Recent purchase activity
CUST06286,2025-12-25,333,1264.0,777075.9900000002,7,Active - Monitor,Monitor purchase recency
CUST06287,2025-12-29,464,1733.0,1044830.33,3,Recently Active,Recent purchase activity
CUST06288,2025-12-31,338,1252.0,756877.05,1,Recently Active,Recent purchase activity
CUST06289,2025-12-31,1087,3988.0,2337159.0599999987,1,Recently Active,Recent purchase activity
CUST06290,2025-12-30,453,1602.0,977677.23,2,Recently Active,Recent purchase activity
CUST06291,2025-12-28,317,1181.0,664630.52,4,Active - Monitor,Monitor purchase recency
CUST06292,2025-12-30,343,1180.0,706726.63,2,Recently Active,Recent purchase activity
CUST06293,2025-12-31,349,1313.0,820957.4700000001,1,Recently Active,Recent purchase activity
CUST06294,2025-12-31,458,1718.0,1007724.4500000001,1,Recently Active,Recent purchase activity
CUST06295,2025-12-30,1090,3921.0,2321846.3299999996,2,Recently Active,Recent purchase activity
CUST06296,2025-12-31,713,2657.0,1557470.97,1,Recently Active,Recent purchase activity
CUST06297,2025-12-30,350,1245.0,717501.6699999999,2,Recently Active,Recent purchase activity
CUST06298,2025-12-26,297,1065.0,610159.3099999999,6,Active - Monitor,Monitor purchase recency
CUST06299,2025-12-29,739,2673.0,1621221.23,3,Recently Active,Recent purchase activity
CUST06300,2025-12-30,332,1207.0,621974.9299999999,2,Recently Active,Recent purchase activity
CUST06301,2025-12-30,687,2527.0,1480593.54,2,Recently Active,Recent purchase activity
CUST06302,2025-12-26,345,1254.0,763199.6199999999,6,Active - Monitor,Monitor purchase recency
CUST06303,2025-12-26,341,1252.0,664826.49,6,Active - Monitor,Monitor purchase recency
CUST06304,2025-12-31,321,1214.0,690024.3899999999,1,Recently Active,Recent purchase activity
CUST06305,2025-12-24,325,1171.0,642208.6299999999,8,Inactivity Watch,Review customer engagement
CUST06306,2025-12-31,319,1247.0,686475.02,1,Recently Active,Recent purchase activity
CUST06307,2025-12-30,502,1767.0,1110370.58,2,Recently Active,Recent purchase activity
CUST06308,2025-12-28,470,1708.0,967820.56,4,Active - Monitor,Monitor purchase recency
CUST06309,2025-12-29,438,1525.0,869447.8499999999,3,Recently Active,Recent purchase activity
CUST06310,2025-12-27,327,1308.0,742672.5199999998,5,Active - Monitor,Monitor purchase recency
CUST06311,2025-12-30,695,2533.0,1425710.62,2,Recently Active,Recent purchase activity
CUST06312,2025-12-30,307,1107.0,640553.49,2,Recently Active,Recent purchase activity
CUST06313,2025-12-30,649,2438.0,1474311.0999999999,2,Recently Active,Recent purchase activity
CUST06314,2025-12-31,319,1140.0,633756.9899999999,1,Recently Active,Recent purchase activity
CUST06315,2025-12-29,481,1740.0,988336.69,3,Recently Active,Recent purchase activity
CUST06316,2025-12-31,498,1817.0,1112257.22,1,Recently Active,Recent purchase activity
CUST06317,2025-12-28,475,1784.0,1112050.7799999998,4,Active - Monitor,Monitor purchase recency
CUST06318,2025-12-31,457,1569.0,957331.29,1,Recently Active,Recent purchase activity
CUST06319,2025-12-29,474,1694.0,1000669.9300000002,3,Recently Active,Recent purchase activity
CUST06320,2025-12-28,445,1684.0,896123.53,4,Active - Monitor,Monitor purchase recency
CUST06321,2025-12-31,328,1173.0,660494.59,1,Recently Active,Recent purchase activity
CUST06322,2025-12-28,310,1068.0,647749.8900000001,4,Active - Monitor,Monitor purchase recency
CUST06323,2025-12-28,680,2383.0,1302508.9400000002,4,Active - Monitor,Monitor purchase recency
CUST06324,2025-12-29,467,1749.0,1058472.44,3,Recently Active,Recent purchase activity
CUST06325,2025-12-31,311,1114.0,605787.8300000001,1,Recently Active,Recent purchase activity
CUST06326,2025-12-31,733,2609.0,1540319.87,1,Recently Active,Recent purchase activity
CUST06327,2025-12-30,690,2480.0,1470603.44,2,Recently Active,Recent purchase activity
CUST06328,2025-12-29,444,1670.0,973031.44,3,Recently Active,Recent purchase activity
CUST06329,2025-12-31,1074,3751.0,2263926.59,1,Recently Active,Recent purchase activity
CUST06330,2025-12-27,328,1174.0,680405.4,5,Active - Monitor,Monitor purchase recency
CUST06331,2025-12-30,315,1056.0,604745.2499999999,2,Recently Active,Recent purchase activity
CUST06332,2025-12-25,314,1196.0,732130.7700000003,7,Active - Monitor,Monitor purchase recency
CUST06333,2025-12-27,314,1139.0,639305.98,5,Active - Monitor,Monitor purchase recency
CUST06334,2025-12-31,671,2526.0,1570162.4899999998,1,Recently Active,Recent purchase activity
CUST06335,2025-12-31,494,1665.0,946401.4900000001,1,Recently Active,Recent purchase activity
CUST06336,2025-12-30,317,1099.0,640694.9299999999,2,Recently Active,Recent purchase activity
CUST06337,2025-12-30,488,1714.0,1049238.1800000002,2,Recently Active,Recent purchase activity
CUST06338,2025-12-31,330,1246.0,639189.46,1,Recently Active,Recent purchase activity
CUST06339,2025-12-31,500,1748.0,1037387.82,1,Recently Active,Recent purchase activity
CUST06340,2025-12-31,1060,3873.0,2190640.1799999992,1,Recently Active,Recent purchase activity
CUST06341,2025-12-29,326,1194.0,684818.1,3,Recently Active,Recent purchase activity
CUST06342,2025-12-31,449,1620.0,951597.8500000001,1,Recently Active,Recent purchase activity
CUST06343,2025-12-23,328,1167.0,666290.7,9,Inactivity Watch,Review customer engagement
CUST06344,2025-12-30,307,1124.0,646723.4,2,Recently Active,Recent purchase activity
CUST06345,2025-12-30,368,1321.0,799244.8699999999,2,Recently Active,Recent purchase activity
CUST06346,2025-12-31,699,2460.0,1378486.2399999998,1,Recently Active,Recent purchase activity
CUST06347,2025-12-31,330,1228.0,701249.79,1,Recently Active,Recent purchase activity
CUST06348,2025-12-31,341,1263.0,710114.2400000001,1,Recently Active,Recent purchase activity
CUST06349,2025-12-31,316,1072.0,639546.4700000002,1,Recently Active,Recent purchase activity
CUST06350,2025-12-31,450,1590.0,957938.1400000001,1,Recently Active,Recent purchase activity
CUST06351,2025-12-29,344,1276.0,837435.4,3,Recently Active,Recent purchase activity
CUST06352,2025-12-26,294,1076.0,600132.2100000001,6,Active - Monitor,Monitor purchase recency
CUST06353,2025-12-26,432,1583.0,886811.9700000001,6,Active - Monitor,Monitor purchase recency
CUST06354,2025-12-31,462,1573.0,936740.06,1,Recently Active,Recent purchase activity
CUST06355,2025-12-26,304,1075.0,598240.87,6,Active - Monitor,Monitor purchase recency
CUST06356,2025-12-30,1084,3978.0,2269617.7999999993,2,Recently Active,Recent purchase activity
CUST06357,2025-12-30,336,1192.0,670085.4400000002,2,Recently Active,Recent purchase activity
CUST06358,2025-12-31,706,2446.0,1433040.9399999997,1,Recently Active,Recent purchase activity
CUST06359,2025-12-31,485,1818.0,1057124.06,1,Recently Active,Recent purchase activity
CUST06360,2025-12-29,318,1108.0,685280.3800000001,3,Recently Active,Recent purchase activity
CUST06361,2025-12-29,496,1795.0,1023159.1599999997,3,Recently Active,Recent purchase activity
CUST06362,2025-12-30,310,1157.0,625210.6400000001,2,Recently Active,Recent purchase activity
CUST06363,2025-12-31,1094,3936.0,2253614.349999999,1,Recently Active,Recent purchase activity
CUST06364,2025-12-31,662,2443.0,1450304.89,1,Recently Active,Recent purchase activity
CUST06365,2025-12-31,677,2407.0,1493681.46,1,Recently Active,Recent purchase activity
CUST06366,2025-12-30,1074,3778.0,2166374.3400000003,2,Recently Active,Recent purchase activity
CUST06367,2025-12-31,1090,3947.0,2264461.93,1,Recently Active,Recent purchase activity
CUST06368,2025-12-30,293,1030.0,624576.9500000001,2,Recently Active,Recent purchase activity
CUST06369,2025-12-31,664,2346.0,1394891.9200000004,1,Recently Active,Recent purchase activity
CUST06370,2025-12-29,709,2505.0,1470999.6600000001,3,Recently Active,Recent purchase activity
CUST06371,2025-12-30,462,1646.0,987228.61,2,Recently Active,Recent purchase activity
CUST06372,2025-12-28,428,1510.0,884217.5499999999,4,Active - Monitor,Monitor purchase recency
CUST06373,2025-12-31,459,1520.0,881548.4799999999,1,Recently Active,Recent purchase activity
CUST06374,2025-12-31,514,1846.0,1082933.6300000001,1,Recently Active,Recent purchase activity
CUST06375,2025-12-29,455,1702.0,981297.47,3,Recently Active,Recent purchase activity
CUST06376,2025-12-30,502,1875.0,1058568.87,2,Recently Active,Recent purchase activity
CUST06377,2025-12-26,766,2811.0,1561134.6400000001,6,Active - Monitor,Monitor purchase recency
CUST06378,2025-12-31,1053,3820.0,2206952.9799999995,1,Recently Active,Recent purchase activity
CUST06379,2025-12-27,511,1866.0,1092307.99,5,Active - Monitor,Monitor purchase recency
CUST06380,2025-12-31,1074,4036.0,2366292.5099999993,1,Recently Active,Recent purchase activity
CUST06381,2025-12-31,1100,3910.0,2337000.63,1,Recently Active,Recent purchase activity
CUST06382,2025-12-29,464,1712.0,1083057.1099999999,3,Recently Active,Recent purchase activity
CUST06383,2025-12-29,323,1155.0,601439.0899999999,3,Recently Active,Recent purchase activity
CUST06384,2025-12-31,454,1669.0,978305.6799999998,1,Recently Active,Recent purchase activity
CUST06385,2025-12-31,1082,3975.0,2342754.9400000004,1,Recently Active,Recent purchase activity
CUST06386,2025-12-22,348,1308.0,769134.3600000001,10,Inactivity Watch,Review customer engagement
CUST06387,2025-12-31,714,2602.0,1510328.82,1,Recently Active,Recent purchase activity
CUST06388,2025-12-30,1150,4224.0,2387101.4000000004,2,Recently Active,Recent purchase activity
CUST06389,2025-12-29,707,2489.0,1501385.7799999998,3,Recently Active,Recent purchase activity
CUST06390,2025-12-30,1019,3768.0,2240407.35,2,Recently Active,Recent purchase activity
CUST06391,2025-12-30,713,2546.0,1530020.5999999996,2,Recently Active,Recent purchase activity
CUST06392,2025-12-31,1031,3734.0,2231849.4299999992,1,Recently Active,Recent purchase activity
CUST06393,2025-12-31,1108,4088.0,2278775.76,1,Recently Active,Recent purchase activity
CUST06394,2025-12-28,453,1651.0,967397.5899999999,4,Active - Monitor,Monitor purchase recency
CUST06395,2025-12-23,447,1517.0,885315.1,9,Inactivity Watch,Review customer engagement
CUST06396,2025-12-30,752,2685.0,1663014.77,2,Recently Active,Recent purchase activity
CUST06397,2025-12-30,675,2453.0,1409516.73,2,Recently Active,Recent purchase activity
CUST06398,2025-12-29,477,1688.0,907305.81,3,Recently Active,Recent purchase activity
CUST06399,2025-12-30,662,2336.0,1329685.7200000002,2,Recently Active,Recent purchase activity
CUST06400,2025-12-26,357,1310.0,715941.1000000001,6,Active - Monitor,Monitor purchase recency
CUST06401,2025-12-29,1065,3835.0,2233781.7299999995,3,Recently Active,Recent purchase activity
CUST06402,2025-12-29,452,1724.0,1073098.44,3,Recently Active,Recent purchase activity
CUST06403,2025-12-30,332,1216.0,678830.14,2,Recently Active,Recent purchase activity
CUST06404,2025-12-31,346,1268.0,760939.84,1,Recently Active,Recent purchase activity
CUST06405,2025-12-28,479,1696.0,979022.9500000002,4,Active - Monitor,Monitor purchase recency
CUST06406,2025-12-31,1130,4086.0,2411761.8,1,Recently Active,Recent purchase activity
CUST06407,2025-12-29,475,1788.0,1092105.3399999999,3,Recently Active,Recent purchase activity
CUST06408,2025-12-27,331,1130.0,630288.19,5,Active - Monitor,Monitor purchase recency
CUST06409,2025-12-29,347,1264.0,744063.24,3,Recently Active,Recent purchase activity
CUST06410,2025-12-31,453,1665.0,976478.7700000001,1,Recently Active,Recent purchase activity
CUST06411,2025-12-30,684,2568.0,1462727.1,2,Recently Active,Recent purchase activity
CUST06412,2025-12-26,314,1090.0,591587.76,6,Active - Monitor,Monitor purchase recency
CUST06413,2025-12-31,1069,3743.0,2150337.23,1,Recently Active,Recent purchase activity
CUST06414,2025-12-24,318,1139.0,641570.0599999998,8,Inactivity Watch,Review customer engagement
CUST06415,2025-12-29,434,1542.0,923016.2100000001,3,Recently Active,Recent purchase activity
CUST06416,2025-12-28,1119,4109.0,2318851.26,4,Active - Monitor,Monitor purchase recency
CUST06417,2025-12-31,471,1692.0,996329.7500000001,1,Recently Active,Recent purchase activity
CUST06418,2025-12-22,470,1613.0,958849.0,10,Inactivity Watch,Review customer engagement
CUST06419,2025-12-31,343,1275.0,715965.6999999998,1,Recently Active,Recent purchase activity
CUST06420,2025-12-28,701,2561.0,1498049.7899999998,4,Active - Monitor,Monitor purchase recency
CUST06421,2025-12-31,1064,3792.0,2145682.41,1,Recently Active,Recent purchase activity
CUST06422,2025-12-29,450,1607.0,874353.8799999999,3,Recently Active,Recent purchase activity
CUST06423,2025-12-27,1053,3829.0,2292070.8799999994,5,Active - Monitor,Monitor purchase recency
CUST06424,2025-12-31,317,1127.0,655650.46,1,Recently Active,Recent purchase activity
CUST06425,2025-12-28,466,1808.0,1056765.89,4,Active - Monitor,Monitor purchase recency
CUST06426,2025-12-28,315,1253.0,687762.0200000001,4,Active - Monitor,Monitor purchase recency
CUST06427,2025-12-30,351,1341.0,751593.3399999999,2,Recently Active,Recent purchase activity
CUST06428,2025-12-30,512,1854.0,1152464.99,2,Recently Active,Recent purchase activity
CUST06429,2025-12-29,470,1702.0,940938.45,3,Recently Active,Recent purchase activity
CUST06430,2025-12-29,451,1666.0,942089.6599999999,3,Recently Active,Recent purchase activity
CUST06431,2025-12-31,698,2600.0,1604603.6099999996,1,Recently Active,Recent purchase activity
CUST06432,2025-12-31,447,1587.0,942006.06,1,Recently Active,Recent purchase activity
CUST06433,2025-12-31,303,994.0,566417.3999999999,1,Recently Active,Recent purchase activity
CUST06434,2025-12-31,715,2676.0,1544842.34,1,Recently Active,Recent purchase activity
CUST06435,2025-12-31,690,2391.0,1362290.68,1,Recently Active,Recent purchase activity
CUST06436,2025-12-30,497,1641.0,996068.53,2,Recently Active,Recent purchase activity
CUST06437,2025-12-31,482,1790.0,962364.9200000002,1,Recently Active,Recent purchase activity
CUST06438,2025-12-31,486,1693.0,948235.7300000002,1,Recently Active,Recent purchase activity
CUST06439,2025-12-30,447,1645.0,912369.0600000003,2,Recently Active,Recent purchase activity
CUST06440,2025-12-28,331,1177.0,660386.4699999999,4,Active - Monitor,Monitor purchase recency
CUST06441,2025-12-29,709,2611.0,1514059.1499999997,3,Recently Active,Recent purchase activity
CUST06442,2025-12-28,700,2526.0,1411170.3,4,Active - Monitor,Monitor purchase recency
CUST06443,2025-12-31,717,2630.0,1487349.0099999998,1,Recently Active,Recent purchase activity
CUST06444,2025-12-31,1027,3643.0,2001658.9499999997,1,Recently Active,Recent purchase activity
CUST06445,2025-12-30,472,1697.0,1028452.2300000002,2,Recently Active,Recent purchase activity
CUST06446,2025-12-31,1019,3662.0,2084875.9799999995,1,Recently Active,Recent purchase activity
CUST06447,2025-12-30,321,1135.0,710792.2000000001,2,Recently Active,Recent purchase activity
CUST06448,2025-12-31,1093,3998.0,2282627.5999999996,1,Recently Active,Recent purchase activity
CUST06449,2025-12-27,462,1709.0,988313.0499999998,5,Active - Monitor,Monitor purchase recency
CUST06450,2025-12-31,479,1697.0,966176.8699999998,1,Recently Active,Recent purchase activity
CUST06451,2025-12-30,705,2579.0,1444664.9899999998,2,Recently Active,Recent purchase activity
CUST06452,2025-12-31,1051,3681.0,2154324.86,1,Recently Active,Recent purchase activity
CUST06453,2025-12-31,355,1285.0,789709.1699999999,1,Recently Active,Recent purchase activity
CUST06454,2025-12-31,337,1356.0,794888.1799999999,1,Recently Active,Recent purchase activity
CUST06455,2025-12-30,693,2499.0,1504743.76,2,Recently Active,Recent purchase activity
CUST06456,2025-12-28,321,1164.0,688541.9500000002,4,Active - Monitor,Monitor purchase recency
CUST06457,2025-12-17,302,1112.0,629373.1599999999,15,Extended Inactivity,Review individually; inactivity is not proof of churn
CUST06458,2025-12-30,336,1222.0,754625.29,2,Recently Active,Recent purchase activity
CUST06459,2025-12-31,337,1245.0,694763.2000000002,1,Recently Active,Recent purchase activity
CUST06460,2025-12-31,686,2509.0,1474637.69,1,Recently Active,Recent purchase activity
CUST06461,2025-12-27,298,1085.0,651455.2,5,Active - Monitor,Monitor purchase recency
CUST06462,2025-12-29,477,1774.0,1042218.1600000001,3,Recently Active,Recent purchase activity
CUST06463,2025-12-22,339,1172.0,689800.84,10,Inactivity Watch,Review customer engagement
CUST06464,2025-12-30,447,1644.0,959439.3000000002,2,Recently Active,Recent purchase activity
CUST06465,2025-12-31,1070,3807.0,2366043.0299999993,1,Recently Active,Recent purchase activity
CUST06466,2025-12-29,323,1084.0,594065.45,3,Recently Active,Recent purchase activity
CUST06467,2025-12-31,1087,3933.0,2307476.4299999997,1,Recently Active,Recent purchase activity
CUST06468,2025-12-31,632,2288.0,1324399.38,1,Recently Active,Recent purchase activity
CUST06469,2025-12-23,330,1247.0,697097.7000000001,9,Inactivity Watch,Review customer engagement
CUST06470,2025-12-28,317,1168.0,704862.4400000001,4,Active - Monitor,Monitor purchase recency
CUST06471,2025-12-31,357,1252.0,686078.1799999999,1,Recently Active,Recent purchase activity
CUST06472,2025-12-31,1086,4025.0,2267161.1999999997,1,Recently Active,Recent purchase activity
CUST06473,2025-12-31,482,1835.0,1089279.8599999999,1,Recently Active,Recent purchase activity
CUST06474,2025-12-31,481,1687.0,947840.26,1,Recently Active,Recent purchase activity
CUST06475,2025-12-31,334,1251.0,721318.3800000001,1,Recently Active,Recent purchase activity
CUST06476,2025-12-27,347,1233.0,764400.19,5,Active - Monitor,Monitor purchase recency
CUST06477,2025-12-31,1085,3935.0,2371477.23,1,Recently Active,Recent purchase activity
CUST06478,2025-12-31,1058,3950.0,2237721.4600000004,1,Recently Active,Recent purchase activity
CUST06479,2025-12-30,303,1114.0,672097.03,2,Recently Active,Recent purchase activity
CUST06480,2025-12-30,682,2397.0,1339406.4700000002,2,Recently Active,Recent purchase activity
CUST06481,2025-12-30,467,1753.0,996085.86,2,Recently Active,Recent purchase activity
CUST06482,2025-12-28,431,1445.0,774862.2200000001,4,Active - Monitor,Monitor purchase recency
CUST06483,2025-12-31,752,2743.0,1612200.1399999997,1,Recently Active,Recent purchase activity
CUST06484,2025-12-30,690,2583.0,1488262.76,2,Recently Active,Recent purchase activity
CUST06485,2025-12-29,733,2612.0,1480974.9499999997,3,Recently Active,Recent purchase activity
CUST06486,2025-12-30,472,1660.0,941129.76,2,Recently Active,Recent purchase activity
CUST06487,2025-12-24,432,1571.0,856639.75,8,Inactivity Watch,Review customer engagement
CUST06488,2025-12-28,754,2657.0,1516304.0799999996,4,Active - Monitor,Monitor purchase recency
CUST06489,2025-12-29,720,2551.0,1398606.19,3,Recently Active,Recent purchase activity
CUST06490,2025-12-31,1088,3764.0,2202735.8499999996,1,Recently Active,Recent purchase activity
CUST06491,2025-12-24,682,2537.0,1505368.6199999999,8,Inactivity Watch,Review customer engagement
CUST06492,2025-12-31,312,1074.0,673491.1600000001,1,Recently Active,Recent purchase activity
CUST06493,2025-12-30,713,2575.0,1434423.42,2,Recently Active,Recent purchase activity
CUST06494,2025-12-23,332,1241.0,675491.1300000001,9,Inactivity Watch,Review customer engagement
CUST06495,2025-12-31,687,2384.0,1426680.4699999997,1,Recently Active,Recent purchase activity
CUST06496,2025-12-23,307,1116.0,687541.65,9,Inactivity Watch,Review customer engagement
CUST06497,2025-12-28,299,1103.0,695331.89,4,Active - Monitor,Monitor purchase recency
CUST06498,2025-12-26,293,1014.0,649918.04,6,Active - Monitor,Monitor purchase recency
CUST06499,2025-12-31,1058,3762.0,2267651.77,1,Recently Active,Recent purchase activity
CUST06500,2025-12-30,1065,3805.0,2184560.5499999993,2,Recently Active,Recent purchase activity
CUST06501,2025-12-31,448,1642.0,1057678.7899999998,1,Recently Active,Recent purchase activity
CUST06502,2025-12-31,474,1688.0,987133.19,1,Recently Active,Recent purchase activity
CUST06503,2025-12-31,495,1797.0,1024260.9,1,Recently Active,Recent purchase activity
CUST06504,2025-12-18,437,1611.0,938770.7,14,Inactivity Watch,Review customer engagement
CUST06505,2025-12-29,352,1244.0,761479.2800000001,3,Recently Active,Recent purchase activity
CUST06506,2025-12-23,303,1035.0,620360.03,9,Inactivity Watch,Review customer engagement
CUST06507,2025-12-31,451,1684.0,1027377.7599999999,1,Recently Active,Recent purchase activity
CUST06508,2025-12-28,332,1179.0,692002.25,4,Active - Monitor,Monitor purchase recency
CUST06509,2025-12-31,473,1670.0,937854.4599999998,1,Recently Active,Recent purchase activity
CUST06510,2025-12-30,1083,3906.0,2339417.4,2,Recently Active,Recent purchase activity
CUST06511,2025-12-30,712,2637.0,1533759.8299999998,2,Recently Active,Recent purchase activity
CUST06512,2025-12-27,440,1618.0,982512.2199999999,5,Active - Monitor,Monitor purchase recency
CUST06513,2025-12-31,324,1138.0,620932.27,1,Recently Active,Recent purchase activity
CUST06514,2025-12-22,447,1726.0,984468.4299999999,10,Inactivity Watch,Review customer engagement
CUST06515,2025-12-15,351,1314.0,792483.6900000002,17,Extended Inactivity,Review individually; inactivity is not proof of churn
CUST06516,2025-12-28,314,1107.0,616780.5399999999,4,Active - Monitor,Monitor purchase recency
CUST06517,2025-12-30,1087,3935.0,2295953.3999999994,2,Recently Active,Recent purchase activity
CUST06518,2025-12-31,1046,3806.0,2287484.1099999994,1,Recently Active,Recent purchase activity
CUST06519,2025-12-31,478,1740.0,995310.4400000001,1,Recently Active,Recent purchase activity
CUST06520,2025-12-22,440,1493.0,938231.85,10,Inactivity Watch,Review customer engagement
CUST06521,2025-12-29,323,1168.0,780656.4600000002,3,Recently Active,Recent purchase activity
CUST06522,2025-12-29,362,1337.0,747818.4500000001,3,Recently Active,Recent purchase activity
CUST06523,2025-12-31,334,1178.0,679126.53,1,Recently Active,Recent purchase activity
CUST06524,2025-12-29,1081,3894.0,2162740.0599999996,3,Recently Active,Recent purchase activity
CUST06525,2025-12-30,646,2182.0,1302838.0000000002,2,Recently Active,Recent purchase activity
CUST06526,2025-12-20,303,1147.0,682923.91,12,Inactivity Watch,Review customer engagement
CUST06527,2025-12-22,307,1040.0,636800.54,10,Inactivity Watch,Review customer engagement
CUST06528,2025-12-22,316,1143.0,688769.83,10,Inactivity Watch,Review customer engagement
CUST06529,2025-12-20,356,1274.0,724229.23,12,Inactivity Watch,Review customer engagement
CUST06530,2025-12-30,353,1272.0,705691.05,2,Recently Active,Recent purchase activity
CUST06531,2025-12-27,306,1131.0,648808.36,5,Active - Monitor,Monitor purchase recency
CUST06532,2025-12-31,1114,3970.0,2283476.1399999997,1,Recently Active,Recent purchase activity
CUST06533,2025-12-27,323,1129.0,629125.7299999999,5,Active - Monitor,Monitor purchase recency
CUST06534,2025-12-25,424,1512.0,878644.91,7,Active - Monitor,Monitor purchase recency
CUST06535,2025-12-31,462,1639.0,984164.9700000001,1,Recently Active,Recent purchase activity
CUST06536,2025-12-29,505,1861.0,1084770.8999999997,3,Recently Active,Recent purchase activity
CUST06537,2025-12-24,306,1120.0,600434.78,8,Inactivity Watch,Review customer engagement
CUST06538,2025-12-31,728,2552.0,1463603.85,1,Recently Active,Recent purchase activity
CUST06539,2025-12-29,321,1168.0,633875.99,3,Recently Active,Recent purchase activity
CUST06540,2025-12-28,473,1679.0,975241.3900000001,4,Active - Monitor,Monitor purchase recency
CUST06541,2025-12-19,287,1013.0,595301.5700000001,13,Inactivity Watch,Review customer engagement
CUST06542,2025-12-31,1100,3878.0,2176824.07,1,Recently Active,Recent purchase activity
CUST06543,2025-12-19,294,1087.0,617720.1800000002,13,Inactivity Watch,Review customer engagement
CUST06544,2025-12-29,718,2591.0,1385064.32,3,Recently Active,Recent purchase activity
CUST06545,2025-12-30,715,2636.0,1567512.0399999998,2,Recently Active,Recent purchase activity
CUST06546,2025-12-31,686,2512.0,1429241.8499999999,1,Recently Active,Recent purchase activity
CUST06547,2025-12-30,1097,4022.0,2400402.1399999997,2,Recently Active,Recent purchase activity
CUST06548,2025-12-28,482,1743.0,1007258.5499999999,4,Active - Monitor,Monitor purchase recency
CUST06549,2025-12-29,686,2461.0,1563393.8399999999,3,Recently Active,Recent purchase activity
CUST06550,2025-12-31,452,1667.0,975251.8300000004,1,Recently Active,Recent purchase activity
CUST06551,2025-12-30,698,2600.0,1571902.3599999999,2,Recently Active,Recent purchase activity
CUST06552,2025-12-29,461,1691.0,960212.67,3,Recently Active,Recent purchase activity
CUST06553,2025-12-29,684,2492.0,1386421.2600000002,3,Recently Active,Recent purchase activity
CUST06554,2025-12-21,329,1169.0,719050.4599999998,11,Inactivity Watch,Review customer engagement
CUST06555,2025-12-27,358,1317.0,721619.8700000002,5,Active - Monitor,Monitor purchase recency
CUST06556,2025-12-31,315,1136.0,697915.7500000001,1,Recently Active,Recent purchase activity
CUST06557,2025-12-29,468,1674.0,988856.2000000001,3,Recently Active,Recent purchase activity
CUST06558,2025-12-29,678,2401.0,1367863.6399999997,3,Recently Active,Recent purchase activity
CUST06559,2025-12-27,322,1193.0,656086.78,5,Active - Monitor,Monitor purchase recency
CUST06560,2025-12-24,459,1613.0,950888.5899999999,8,Inactivity Watch,Review customer engagement
CUST06561,2025-12-28,456,1720.0,969339.6600000001,4,Active - Monitor,Monitor purchase recency
CUST06562,2025-12-31,470,1725.0,1058207.1700000002,1,Recently Active,Recent purchase activity
CUST06563,2025-12-27,328,1105.0,693325.3500000001,5,Active - Monitor,Monitor purchase recency
CUST06564,2025-12-28,331,1192.0,712794.1500000001,4,Active - Monitor,Monitor purchase recency
CUST06565,2025-12-31,707,2548.0,1424598.9,1,Recently Active,Recent purchase activity
CUST06566,2025-12-25,339,1148.0,641544.9500000002,7,Active - Monitor,Monitor purchase recency
CUST06567,2025-12-26,477,1763.0,1048826.8900000001,6,Active - Monitor,Monitor purchase recency
CUST06568,2025-12-29,328,1141.0,722217.03,3,Recently Active,Recent purchase activity
CUST06569,2025-12-29,343,1246.0,735533.3500000001,3,Recently Active,Recent purchase activity
CUST06570,2025-12-30,341,1284.0,745366.84,2,Recently Active,Recent purchase activity
CUST06571,2025-12-28,303,1159.0,664687.3900000002,4,Active - Monitor,Monitor purchase recency
CUST06572,2025-12-30,1077,3794.0,2335581.4699999993,2,Recently Active,Recent purchase activity
CUST06573,2025-12-26,450,1619.0,942224.7900000003,6,Active - Monitor,Monitor purchase recency
CUST06574,2025-12-31,495,1786.0,1069466.76,1,Recently Active,Recent purchase activity
CUST06575,2025-12-31,674,2469.0,1352255.2099999997,1,Recently Active,Recent purchase activity
CUST06576,2025-12-31,326,1125.0,678580.73,1,Recently Active,Recent purchase activity
CUST06577,2025-12-31,517,1930.0,1168372.0100000002,1,Recently Active,Recent purchase activity
CUST06578,2025-12-27,490,1769.0,1065674.9499999997,5,Active - Monitor,Monitor purchase recency
CUST06579,2025-12-31,691,2535.0,1491281.4599999993,1,Recently Active,Recent purchase activity
CUST06580,2025-12-25,313,1228.0,729617.4700000001,7,Active - Monitor,Monitor purchase recency
CUST06581,2025-12-24,467,1813.0,1057700.3300000003,8,Inactivity Watch,Review customer engagement
CUST06582,2025-12-31,338,1213.0,708248.3099999999,1,Recently Active,Recent purchase activity
CUST06583,2025-12-29,474,1657.0,927694.0599999999,3,Recently Active,Recent purchase activity
CUST06584,2025-12-30,329,1202.0,770035.1700000002,2,Recently Active,Recent purchase activity
CUST06585,2025-12-31,708,2620.0,1559751.5099999998,1,Recently Active,Recent purchase activity
CUST06586,2025-12-31,696,2489.0,1494462.44,1,Recently Active,Recent purchase activity
CUST06587,2025-12-27,478,1719.0,1104040.59,5,Active - Monitor,Monitor purchase recency
CUST06588,2025-12-28,347,1215.0,696527.7299999999,4,Active - Monitor,Monitor purchase recency
CUST06589,2025-12-29,313,1204.0,653869.6900000001,3,Recently Active,Recent purchase activity
CUST06590,2025-12-28,318,1142.0,669464.7100000001,4,Active - Monitor,Monitor purchase recency
CUST06591,2025-12-25,325,1206.0,673410.27,7,Active - Monitor,Monitor purchase recency
CUST06592,2025-12-30,459,1598.0,911622.9600000002,2,Recently Active,Recent purchase activity
CUST06593,2025-12-30,468,1513.0,866310.08,2,Recently Active,Recent purchase activity
CUST06594,2025-12-30,333,1218.0,680025.1099999999,2,Recently Active,Recent purchase activity
CUST06595,2025-12-27,748,2774.0,1663527.3799999997,5,Active - Monitor,Monitor purchase recency
CUST06596,2025-12-28,457,1643.0,901133.0699999998,4,Active - Monitor,Monitor purchase recency
CUST06597,2025-12-27,750,2697.0,1586504.4700000002,5,Active - Monitor,Monitor purchase recency
CUST06598,2025-12-31,697,2555.0,1495205.7400000002,1,Recently Active,Recent purchase activity
CUST06599,2025-12-29,328,1123.0,624304.0,3,Recently Active,Recent purchase activity
CUST06600,2025-12-29,1067,3874.0,2340390.68,3,Recently Active,Recent purchase activity
CUST06601,2025-12-31,470,1714.0,927015.2199999999,1,Recently Active,Recent purchase activity
CUST06602,2025-12-31,701,2502.0,1489731.61,1,Recently Active,Recent purchase activity
CUST06603,2025-12-29,1125,4002.0,2407487.9699999997,3,Recently Active,Recent purchase activity
CUST06604,2025-12-30,682,2497.0,1494211.19,2,Recently Active,Recent purchase activity
CUST06605,2025-12-31,457,1572.0,860152.23,1,Recently Active,Recent purchase activity
CUST06606,2025-12-29,450,1569.0,858708.1799999999,3,Recently Active,Recent purchase activity
CUST06607,2025-12-23,461,1644.0,979812.5199999999,9,Inactivity Watch,Review customer engagement
CUST06608,2025-12-24,665,2432.0,1407742.66,8,Inactivity Watch,Review customer engagement
CUST06609,2025-12-25,323,1142.0,641365.1800000002,7,Active - Monitor,Monitor purchase recency
CUST06610,2025-12-31,311,1062.0,592752.04,1,Recently Active,Recent purchase activity
CUST06611,2025-12-28,336,1192.0,658806.28,4,Active - Monitor,Monitor purchase recency
CUST06612,2025-12-30,478,1627.0,958549.6000000002,2,Recently Active,Recent purchase activity
CUST06613,2025-12-27,482,1799.0,1063915.79,5,Active - Monitor,Monitor purchase recency
CUST06614,2025-12-28,663,2324.0,1305068.7100000002,4,Active - Monitor,Monitor purchase recency
CUST06615,2025-12-29,328,1214.0,705605.5599999999,3,Recently Active,Recent purchase activity
CUST06616,2025-12-31,504,1872.0,1111568.8399999999,1,Recently Active,Recent purchase activity
CUST06617,2025-12-26,324,1089.0,667500.98,6,Active - Monitor,Monitor purchase recency
CUST06618,2025-12-30,696,2555.0,1510226.3399999996,2,Recently Active,Recent purchase activity
CUST06619,2025-12-25,306,1113.0,646097.8300000001,7,Active - Monitor,Monitor purchase recency
CUST06620,2025-12-30,313,1039.0,585112.7300000001,2,Recently Active,Recent purchase activity
CUST06621,2025-12-31,296,1146.0,721440.06,1,Recently Active,Recent purchase activity
CUST06622,2025-12-31,429,1538.0,886538.42,1,Recently Active,Recent purchase activity
CUST06623,2025-12-31,339,1200.0,773415.24,1,Recently Active,Recent purchase activity
CUST06624,2025-12-31,504,1777.0,1003355.8700000003,1,Recently Active,Recent purchase activity
CUST06625,2025-12-31,704,2605.0,1470835.59,1,Recently Active,Recent purchase activity
CUST06626,2025-12-29,344,1317.0,725969.5,3,Recently Active,Recent purchase activity
CUST06627,2025-12-30,499,1775.0,964863.85,2,Recently Active,Recent purchase activity
CUST06628,2025-12-28,681,2527.0,1452227.9,4,Active - Monitor,Monitor purchase recency
CUST06629,2025-12-31,696,2620.0,1550998.3000000003,1,Recently Active,Recent purchase activity
CUST06630,2025-12-31,726,2495.0,1443617.12,1,Recently Active,Recent purchase activity
CUST06631,2025-12-28,317,1104.0,549081.3800000001,4,Active - Monitor,Monitor purchase recency
CUST06632,2025-12-31,474,1689.0,975136.61,1,Recently Active,Recent purchase activity
CUST06633,2025-12-31,1124,4099.0,2447349.8200000003,1,Recently Active,Recent purchase activity
CUST06634,2025-12-28,350,1318.0,753421.28,4,Active - Monitor,Monitor purchase recency
CUST06635,2025-12-31,354,1336.0,832849.4200000003,1,Recently Active,Recent purchase activity
CUST06636,2025-12-30,458,1651.0,926562.9,2,Recently Active,Recent purchase activity
CUST06637,2025-12-30,326,1147.0,638522.94,2,Recently Active,Recent purchase activity
CUST06638,2025-12-28,503,1864.0,1084849.2600000002,4,Active - Monitor,Monitor purchase recency
CUST06639,2025-12-31,437,1651.0,1072504.9399999997,1,Recently Active,Recent purchase activity
CUST06640,2025-12-15,332,1264.0,799592.5800000001,17,Extended Inactivity,Review individually; inactivity is not proof of churn
CUST06641,2025-12-30,310,1141.0,677897.2700000001,2,Recently Active,Recent purchase activity
CUST06642,2025-12-30,467,1734.0,931758.8400000001,2,Recently Active,Recent purchase activity
CUST06643,2025-12-31,672,2408.0,1371431.0399999998,1,Recently Active,Recent purchase activity
CUST06644,2025-12-29,730,2710.0,1635339.97,3,Recently Active,Recent purchase activity
CUST06645,2025-12-29,346,1270.0,756020.8799999999,3,Recently Active,Recent purchase activity
CUST06646,2025-12-28,329,1214.0,684365.3400000001,4,Active - Monitor,Monitor purchase recency
CUST06647,2025-12-31,1083,3804.0,2247526.59,1,Recently Active,Recent purchase activity
CUST06648,2025-12-30,360,1237.0,748390.2299999999,2,Recently Active,Recent purchase activity
CUST06649,2025-12-29,473,1676.0,983296.0600000004,3,Recently Active,Recent purchase activity
CUST06650,2025-12-31,291,1053.0,592732.7200000001,1,Recently Active,Recent purchase activity
CUST06651,2025-12-31,339,1266.0,721325.9300000002,1,Recently Active,Recent purchase activity
CUST06652,2025-12-29,742,2628.0,1500240.85,3,Recently Active,Recent purchase activity
CUST06653,2025-12-31,321,1183.0,710806.6700000002,1,Recently Active,Recent purchase activity
CUST06654,2025-12-26,480,1718.0,928037.6599999999,6,Active - Monitor,Monitor purchase recency
CUST06655,2025-12-31,447,1576.0,881233.3900000001,1,Recently Active,Recent purchase activity
CUST06656,2025-12-25,287,991.0,549989.6699999999,7,Active - Monitor,Monitor purchase recency
CUST06657,2025-12-25,699,2462.0,1436079.7799999998,7,Active - Monitor,Monitor purchase recency
CUST06658,2025-12-26,326,1125.0,628248.02,6,Active - Monitor,Monitor purchase recency
CUST06659,2025-12-31,494,1822.0,1039548.7100000002,1,Recently Active,Recent purchase activity
CUST06660,2025-12-26,732,2602.0,1530983.96,6,Active - Monitor,Monitor purchase recency
CUST06661,2025-12-28,347,1268.0,806041.71,4,Active - Monitor,Monitor purchase recency
CUST06662,2025-12-31,328,1142.0,688199.16,1,Recently Active,Recent purchase activity
CUST06663,2025-12-24,475,1787.0,1023121.9900000001,8,Inactivity Watch,Review customer engagement
CUST06664,2025-12-21,331,1278.0,764326.6900000001,11,Inactivity Watch,Review customer engagement
CUST06665,2025-12-25,336,1241.0,727377.88,7,Active - Monitor,Monitor purchase recency
CUST06666,2025-12-25,444,1692.0,958110.7999999999,7,Active - Monitor,Monitor purchase recency
CUST06667,2025-12-26,459,1633.0,991796.0700000001,6,Active - Monitor,Monitor purchase recency
CUST06668,2025-12-31,729,2564.0,1430640.9399999995,1,Recently Active,Recent purchase activity
CUST06669,2025-12-28,346,1161.0,643522.3200000001,4,Active - Monitor,Monitor purchase recency
CUST06670,2025-12-31,450,1637.0,928238.3899999999,1,Recently Active,Recent purchase activity
CUST06671,2025-12-30,1069,3908.0,2225654.829999999,2,Recently Active,Recent purchase activity
CUST06672,2025-12-30,1104,3957.0,2297258.869999999,2,Recently Active,Recent purchase activity
CUST06673,2025-12-27,446,1651.0,897448.7600000001,5,Active - Monitor,Monitor purchase recency
CUST06674,2025-12-30,479,1827.0,1050086.42,2,Recently Active,Recent purchase activity
CUST06675,2025-12-31,703,2574.0,1545432.85,1,Recently Active,Recent purchase activity
CUST06676,2025-12-31,1104,3931.0,2254519.08,1,Recently Active,Recent purchase activity
CUST06677,2025-12-24,311,1183.0,706287.7100000001,8,Inactivity Watch,Review customer engagement
CUST06678,2025-12-29,354,1243.0,756484.6,3,Recently Active,Recent purchase activity
CUST06679,2025-12-29,341,1222.0,649981.91,3,Recently Active,Recent purchase activity
CUST06680,2025-12-31,1136,4117.0,2368669.01,1,Recently Active,Recent purchase activity
CUST06681,2025-12-31,659,2380.0,1423369.5999999999,1,Recently Active,Recent purchase activity
CUST06682,2025-12-29,332,1171.0,680974.1500000001,3,Recently Active,Recent purchase activity
CUST06683,2025-12-28,696,2614.0,1522166.5999999999,4,Active - Monitor,Monitor purchase recency
CUST06684,2025-12-31,702,2482.0,1399435.6,1,Recently Active,Recent purchase activity
CUST06685,2025-12-21,683,2530.0,1510403.2899999998,11,Inactivity Watch,Review customer engagement
CUST06686,2025-12-31,694,2572.0,1478204.08,1,Recently Active,Recent purchase activity
CUST06687,2025-12-30,337,1279.0,730552.03,2,Recently Active,Recent purchase activity
CUST06688,2025-12-27,344,1198.0,698861.2,5,Active - Monitor,Monitor purchase recency
CUST06689,2025-12-29,342,1203.0,670668.57,3,Recently Active,Recent purchase activity
CUST06690,2025-12-30,454,1594.0,966498.99,2,Recently Active,Recent purchase activity
CUST06691,2025-12-31,487,1807.0,1118467.4500000002,1,Recently Active,Recent purchase activity
CUST06692,2025-12-27,445,1555.0,912685.46,5,Active - Monitor,Monitor purchase recency
CUST06693,2025-12-29,463,1634.0,934833.4300000002,3,Recently Active,Recent purchase activity
CUST06694,2025-12-31,424,1604.0,911479.3,1,Recently Active,Recent purchase activity
CUST06695,2025-12-30,343,1194.0,737759.1000000001,2,Recently Active,Recent purchase activity
CUST06696,2025-12-31,640,2316.0,1315020.9300000002,1,Recently Active,Recent purchase activity
CUST06697,2025-12-30,476,1717.0,1001754.01,2,Recently Active,Recent purchase activity
CUST06698,2025-12-31,706,2565.0,1575470.54,1,Recently Active,Recent purchase activity
CUST06699,2025-12-31,354,1317.0,678011.09,1,Recently Active,Recent purchase activity
CUST06700,2025-12-27,342,1268.0,728067.0899999999,5,Active - Monitor,Monitor purchase recency
CUST06701,2025-12-29,500,1890.0,1168934.33,3,Recently Active,Recent purchase activity
CUST06702,2025-12-24,297,1090.0,615289.5800000001,8,Inactivity Watch,Review customer engagement
CUST06703,2025-12-30,485,1768.0,995477.8800000001,2,Recently Active,Recent purchase activity
CUST06704,2025-12-31,665,2343.0,1398009.3499999999,1,Recently Active,Recent purchase activity
CUST06705,2025-12-31,322,1214.0,729177.76,1,Recently Active,Recent purchase activity
CUST06706,2025-12-29,345,1334.0,762924.02,3,Recently Active,Recent purchase activity
CUST06707,2025-12-31,466,1634.0,964996.96,1,Recently Active,Recent purchase activity
CUST06708,2025-12-31,1097,4074.0,2323113.5900000003,1,Recently Active,Recent purchase activity
CUST06709,2025-12-31,320,1114.0,706908.5499999999,1,Recently Active,Recent purchase activity
CUST06710,2025-12-26,475,1795.0,1031611.1700000002,6,Active - Monitor,Monitor purchase recency
CUST06711,2025-12-25,329,1187.0,627158.65,7,Active - Monitor,Monitor purchase recency
CUST06712,2025-12-27,457,1691.0,993289.3300000001,5,Active - Monitor,Monitor purchase recency
CUST06713,2025-12-29,428,1594.0,885068.11,3,Recently Active,Recent purchase activity
CUST06714,2025-12-31,456,1647.0,1003673.15,1,Recently Active,Recent purchase activity
CUST06715,2025-12-30,483,1732.0,989318.3300000001,2,Recently Active,Recent purchase activity
CUST06716,2025-12-27,460,1671.0,972982.2600000001,5,Active - Monitor,Monitor purchase recency
CUST06717,2025-12-31,663,2392.0,1372285.2600000002,1,Recently Active,Recent purchase activity
CUST06718,2025-12-29,307,1152.0,684954.77,3,Recently Active,Recent purchase activity
CUST06719,2025-12-31,338,1187.0,671800.56,1,Recently Active,Recent purchase activity
CUST06720,2025-12-28,470,1743.0,1027587.8600000002,4,Active - Monitor,Monitor purchase recency
CUST06721,2025-12-28,723,2683.0,1593043.5200000003,4,Active - Monitor,Monitor purchase recency
CUST06722,2025-12-24,327,1114.0,634342.2600000001,8,Inactivity Watch,Review customer engagement
CUST06723,2025-12-30,325,1172.0,648607.4999999999,2,Recently Active,Recent purchase activity
CUST06724,2025-12-31,317,1231.0,669214.8700000001,1,Recently Active,Recent purchase activity
CUST06725,2025-12-31,339,1279.0,679855.6399999999,1,Recently Active,Recent purchase activity
CUST06726,2025-12-31,511,1823.0,1019496.8900000001,1,Recently Active,Recent purchase activity
CUST06727,2025-12-31,457,1586.0,893434.09,1,Recently Active,Recent purchase activity
CUST06728,2025-12-31,338,1224.0,729135.9600000001,1,Recently Active,Recent purchase activity
CUST06729,2025-12-31,309,1149.0,725184.3100000002,1,Recently Active,Recent purchase activity
CUST06730,2025-12-31,1063,3734.0,2180543.86,1,Recently Active,Recent purchase activity
CUST06731,2025-12-30,495,1835.0,1102410.52,2,Recently Active,Recent purchase activity
CUST06732,2025-12-30,706,2604.0,1578229.6299999994,2,Recently Active,Recent purchase activity
CUST06733,2025-12-29,353,1332.0,816460.8400000001,3,Recently Active,Recent purchase activity
CUST06734,2025-12-31,451,1651.0,1050021.16,1,Recently Active,Recent purchase activity
CUST06735,2025-12-31,317,1134.0,735723.75,1,Recently Active,Recent purchase activity
CUST06736,2025-12-31,336,1164.0,689035.8700000001,1,Recently Active,Recent purchase activity
CUST06737,2025-12-27,330,1262.0,741948.3,5,Active - Monitor,Monitor purchase recency
CUST06738,2025-12-24,302,1082.0,575934.7200000001,8,Inactivity Watch,Review customer engagement
CUST06739,2025-12-29,667,2474.0,1415143.74,3,Recently Active,Recent purchase activity
CUST06740,2025-12-31,492,1898.0,1081209.4300000002,1,Recently Active,Recent purchase activity
CUST06741,2025-12-29,338,1194.0,753810.4,3,Recently Active,Recent purchase activity
CUST06742,2025-12-28,418,1463.0,833685.73,4,Active - Monitor,Monitor purchase recency
CUST06743,2025-12-31,702,2584.0,1587091.3499999996,1,Recently Active,Recent purchase activity
CUST06744,2025-12-30,1178,4435.0,2559209.76,2,Recently Active,Recent purchase activity
CUST06745,2025-12-31,347,1238.0,758618.4500000002,1,Recently Active,Recent purchase activity
CUST06746,2025-12-30,1088,3935.0,2202688.0499999993,2,Recently Active,Recent purchase activity
CUST06747,2025-12-31,323,1209.0,721495.1,1,Recently Active,Recent purchase activity
CUST06748,2025-12-31,665,2444.0,1417115.8499999999,1,Recently Active,Recent purchase activity
CUST06749,2025-12-30,714,2443.0,1474523.0799999998,2,Recently Active,Recent purchase activity
CUST06750,2025-12-31,1053,3847.0,2164755.2899999996,1,Recently Active,Recent purchase activity
CUST06751,2025-12-25,466,1680.0,982663.6099999999,7,Active - Monitor,Monitor purchase recency
CUST06752,2025-12-31,696,2519.0,1420434.13,1,Recently Active,Recent purchase activity
CUST06753,2025-12-27,469,1660.0,978264.5399999998,5,Active - Monitor,Monitor purchase recency
CUST06754,2025-12-27,331,1256.0,770052.0299999999,5,Active - Monitor,Monitor purchase recency
CUST06755,2025-12-31,733,2598.0,1601682.7699999998,1,Recently Active,Recent purchase activity
CUST06756,2025-12-31,726,2615.0,1470051.7,1,Recently Active,Recent purchase activity
CUST06757,2025-12-31,445,1622.0,876685.5000000001,1,Recently Active,Recent purchase activity
CUST06758,2025-12-29,641,2320.0,1319124.79,3,Recently Active,Recent purchase activity
CUST06759,2025-12-30,478,1755.0,938700.3100000002,2,Recently Active,Recent purchase activity
CUST06760,2025-12-27,689,2476.0,1384356.7800000003,5,Active - Monitor,Monitor purchase recency
CUST06761,2025-12-31,450,1634.0,926724.4300000002,1,Recently Active,Recent purchase activity
CUST06762,2025-12-31,472,1618.0,998310.5600000002,1,Recently Active,Recent purchase activity
CUST06763,2025-12-31,351,1291.0,796946.88,1,Recently Active,Recent purchase activity
CUST06764,2025-12-27,354,1250.0,720302.79,5,Active - Monitor,Monitor purchase recency
CUST06765,2025-12-27,487,1678.0,1051266.6000000003,5,Active - Monitor,Monitor purchase recency
CUST06766,2025-12-30,679,2439.0,1348016.8800000001,2,Recently Active,Recent purchase activity
CUST06767,2025-12-29,322,1155.0,687027.7900000002,3,Recently Active,Recent purchase activity
CUST06768,2025-12-31,342,1191.0,652158.55,1,Recently Active,Recent purchase activity
CUST06769,2025-12-21,340,1236.0,718106.9099999999,11,Inactivity Watch,Review customer engagement
CUST06770,2025-12-29,671,2448.0,1365517.74,3,Recently Active,Recent purchase activity
CUST06771,2025-12-29,733,2688.0,1499511.1199999994,3,Recently Active,Recent purchase activity
CUST06772,2025-12-30,341,1250.0,694882.1499999998,2,Recently Active,Recent purchase activity
CUST06773,2025-12-27,469,1616.0,1006302.3199999997,5,Active - Monitor,Monitor purchase recency
CUST06774,2025-12-31,697,2586.0,1412215.26,1,Recently Active,Recent purchase activity
CUST06775,2025-12-30,337,1258.0,752874.53,2,Recently Active,Recent purchase activity
CUST06776,2025-12-31,341,1263.0,705835.9100000001,1,Recently Active,Recent purchase activity
CUST06777,2025-12-29,332,1169.0,689941.15,3,Recently Active,Recent purchase activity
CUST06778,2025-12-30,309,1095.0,665312.46,2,Recently Active,Recent purchase activity
CUST06779,2025-12-24,331,1146.0,703620.6800000002,8,Inactivity Watch,Review customer engagement
CUST06780,2025-12-31,342,1275.0,753345.3999999999,1,Recently Active,Recent purchase activity
CUST06781,2025-12-31,1014,3607.0,2085387.2799999993,1,Recently Active,Recent purchase activity
CUST06782,2025-12-31,473,1744.0,1089019.4700000002,1,Recently Active,Recent purchase activity
CUST06783,2025-12-30,313,1108.0,579880.79,2,Recently Active,Recent purchase activity
CUST06784,2025-12-25,360,1377.0,789173.0100000001,7,Active - Monitor,Monitor purchase recency
CUST06785,2025-12-29,309,1103.0,589662.7499999999,3,Recently Active,Recent purchase activity
CUST06786,2025-12-31,307,1102.0,672687.5499999998,1,Recently Active,Recent purchase activity
CUST06787,2025-12-31,350,1238.0,779654.0600000002,1,Recently Active,Recent purchase activity
CUST06788,2025-12-30,359,1322.0,756630.6399999999,2,Recently Active,Recent purchase activity
CUST06789,2025-12-27,479,1619.0,903228.7100000001,5,Active - Monitor,Monitor purchase recency
CUST06790,2025-12-31,454,1596.0,913829.7799999999,1,Recently Active,Recent purchase activity
CUST06791,2025-12-31,710,2642.0,1545904.2199999997,1,Recently Active,Recent purchase activity
CUST06792,2025-12-31,335,1323.0,766376.3799999999,1,Recently Active,Recent purchase activity
CUST06793,2025-12-29,334,1303.0,801824.59,3,Recently Active,Recent purchase activity
CUST06794,2025-12-30,303,1103.0,608185.1799999998,2,Recently Active,Recent purchase activity
CUST06795,2025-12-30,345,1252.0,709675.1800000002,2,Recently Active,Recent purchase activity
CUST06796,2025-12-31,344,1241.0,653623.1599999999,1,Recently Active,Recent purchase activity
CUST06797,2025-12-30,363,1353.0,846863.58,2,Recently Active,Recent purchase activity
CUST06798,2025-12-30,1074,3969.0,2300458.559999999,2,Recently Active,Recent purchase activity
CUST06799,2025-12-31,503,1918.0,1133699.89,1,Recently Active,Recent purchase activity
CUST06800,2025-12-29,737,2700.0,1514817.6899999997,3,Recently Active,Recent purchase activity
CUST06801,2025-12-29,465,1648.0,971250.2699999998,3,Recently Active,Recent purchase activity
CUST06802,2025-12-31,699,2514.0,1533081.9499999997,1,Recently Active,Recent purchase activity
CUST06803,2025-12-25,326,1155.0,712877.5599999999,7,Active - Monitor,Monitor purchase recency
CUST06804,2025-12-29,334,1299.0,737381.9600000002,3,Recently Active,Recent purchase activity
CUST06805,2025-12-29,471,1679.0,996695.2600000001,3,Recently Active,Recent purchase activity
CUST06806,2025-12-29,1089,3840.0,2315963.7399999998,3,Recently Active,Recent purchase activity
CUST06807,2025-12-31,702,2497.0,1469444.0599999996,1,Recently Active,Recent purchase activity
CUST06808,2025-12-28,371,1336.0,828895.6500000001,4,Active - Monitor,Monitor purchase recency
CUST06809,2025-12-30,1078,3912.0,2357645.669999999,2,Recently Active,Recent purchase activity
CUST06810,2025-12-29,489,1701.0,1040219.03,3,Recently Active,Recent purchase activity
CUST06811,2025-12-28,453,1657.0,1007712.05,4,Active - Monitor,Monitor purchase recency
CUST06812,2025-12-31,371,1310.0,735158.71,1,Recently Active,Recent purchase activity
CUST06813,2025-12-29,490,1804.0,1073363.46,3,Recently Active,Recent purchase activity
CUST06814,2025-12-29,446,1672.0,986849.46,3,Recently Active,Recent purchase activity
CUST06815,2025-12-31,716,2521.0,1394983.3099999998,1,Recently Active,Recent purchase activity
CUST06816,2025-12-31,1053,3730.0,2194914.3999999994,1,Recently Active,Recent purchase activity
CUST06817,2025-12-30,732,2611.0,1531988.6399999994,2,Recently Active,Recent purchase activity
CUST06818,2025-12-22,328,1141.0,681749.55,10,Inactivity Watch,Review customer engagement
CUST06819,2025-12-19,338,1146.0,654293.77,13,Inactivity Watch,Review customer engagement
CUST06820,2025-12-30,447,1570.0,897993.92,2,Recently Active,Recent purchase activity
CUST06821,2025-12-31,316,1279.0,730147.8400000001,1,Recently Active,Recent purchase activity
CUST06822,2025-12-31,439,1567.0,927226.4699999999,1,Recently Active,Recent purchase activity
CUST06823,2025-12-30,349,1282.0,732101.98,2,Recently Active,Recent purchase activity
CUST06824,2025-12-31,315,1189.0,651699.13,1,Recently Active,Recent purchase activity
CUST06825,2025-12-31,364,1270.0,738929.7999999999,1,Recently Active,Recent purchase activity
CUST06826,2025-12-30,721,2676.0,1601126.64,2,Recently Active,Recent purchase activity
CUST06827,2025-12-29,454,1726.0,1038847.4300000002,3,Recently Active,Recent purchase activity
CUST06828,2025-12-27,308,1126.0,653486.67,5,Active - Monitor,Monitor purchase recency
CUST06829,2025-12-29,315,1098.0,664165.2700000001,3,Recently Active,Recent purchase activity
CUST06830,2025-12-29,336,1157.0,674661.4400000001,3,Recently Active,Recent purchase activity
CUST06831,2025-12-25,685,2454.0,1497317.4500000002,7,Active - Monitor,Monitor purchase recency
CUST06832,2025-12-31,344,1207.0,678392.5500000002,1,Recently Active,Recent purchase activity
CUST06833,2025-12-26,344,1266.0,790562.8599999999,6,Active - Monitor,Monitor purchase recency
CUST06834,2025-12-27,346,1228.0,657832.48,5,Active - Monitor,Monitor purchase recency
CUST06835,2025-12-21,352,1266.0,707578.2000000001,11,Inactivity Watch,Review customer engagement
CUST06836,2025-12-29,456,1600.0,873522.43,3,Recently Active,Recent purchase activity
CUST06837,2025-12-31,707,2563.0,1481270.8399999999,1,Recently Active,Recent purchase activity
CUST06838,2025-12-31,721,2705.0,1599226.67,1,Recently Active,Recent purchase activity
CUST06839,2025-12-28,322,1205.0,717211.72,4,Active - Monitor,Monitor purchase recency
CUST06840,2025-12-31,306,1092.0,630446.8099999999,1,Recently Active,Recent purchase activity
CUST06841,2025-12-25,445,1466.0,816440.9799999999,7,Active - Monitor,Monitor purchase recency
CUST06842,2025-12-31,319,1207.0,745159.1,1,Recently Active,Recent purchase activity
CUST06843,2025-12-26,310,1131.0,672025.0700000001,6,Active - Monitor,Monitor purchase recency
CUST06844,2025-12-28,302,950.0,567356.35,4,Active - Monitor,Monitor purchase recency
CUST06845,2025-12-28,327,1138.0,623654.28,4,Active - Monitor,Monitor purchase recency
CUST06846,2025-12-30,334,1193.0,731590.35,2,Recently Active,Recent purchase activity
CUST06847,2025-12-27,467,1778.0,962138.5200000001,5,Active - Monitor,Monitor purchase recency
CUST06848,2025-12-31,657,2310.0,1382514.8699999999,1,Recently Active,Recent purchase activity
CUST06849,2025-12-30,487,1896.0,1175518.1000000006,2,Recently Active,Recent purchase activity
CUST06850,2025-12-29,337,1267.0,693980.33,3,Recently Active,Recent purchase activity
CUST06851,2025-12-30,476,1715.0,944355.77,2,Recently Active,Recent purchase activity
CUST06852,2025-12-27,324,1067.0,636476.9500000001,5,Active - Monitor,Monitor purchase recency
CUST06853,2025-12-23,332,1168.0,664324.8,9,Inactivity Watch,Review customer engagement
CUST06854,2025-12-31,462,1690.0,1007200.01,1,Recently Active,Recent purchase activity
CUST06855,2025-12-29,322,1290.0,716114.7599999999,3,Recently Active,Recent purchase activity
CUST06856,2025-12-29,451,1597.0,999778.44,3,Recently Active,Recent purchase activity
CUST06857,2025-12-30,329,1192.0,701956.93,2,Recently Active,Recent purchase activity
CUST06858,2025-12-26,320,1179.0,729603.5300000001,6,Active - Monitor,Monitor purchase recency
CUST06859,2025-12-29,459,1760.0,1003988.63,3,Recently Active,Recent purchase activity
CUST06860,2025-12-30,458,1552.0,980992.1499999997,2,Recently Active,Recent purchase activity
CUST06861,2025-12-31,684,2455.0,1359536.6099999996,1,Recently Active,Recent purchase activity
CUST06862,2025-12-24,294,1036.0,680069.91,8,Inactivity Watch,Review customer engagement
CUST06863,2025-12-31,1080,3926.0,2263827.7399999998,1,Recently Active,Recent purchase activity
CUST06864,2025-12-25,329,1160.0,743529.13,7,Active - Monitor,Monitor purchase recency
CUST06865,2025-12-31,1033,3688.0,2160262.17,1,Recently Active,Recent purchase activity
CUST06866,2025-12-15,292,1027.0,592612.06,17,Extended Inactivity,Review individually; inactivity is not proof of churn
CUST06867,2025-12-29,1067,3858.0,2273421.1999999993,3,Recently Active,Recent purchase activity
CUST06868,2025-12-29,1043,3733.0,2228027.66,3,Recently Active,Recent purchase activity
CUST06869,2025-12-30,332,1246.0,738300.8700000001,2,Recently Active,Recent purchase activity
CUST06870,2025-12-30,310,1076.0,630739.57,2,Recently Active,Recent purchase activity
CUST06871,2025-12-30,446,1513.0,804600.55,2,Recently Active,Recent purchase activity
CUST06872,2025-12-19,319,1141.0,634652.17,13,Inactivity Watch,Review customer engagement
CUST06873,2025-12-31,334,1173.0,627990.56,1,Recently Active,Recent purchase activity
CUST06874,2025-12-30,1063,3841.0,2189333.5699999994,2,Recently Active,Recent purchase activity
CUST06875,2025-12-30,683,2479.0,1496261.7600000002,2,Recently Active,Recent purchase activity
CUST06876,2025-12-31,726,2640.0,1478870.9999999995,1,Recently Active,Recent purchase activity
CUST06877,2025-12-29,681,2536.0,1400083.93,3,Recently Active,Recent purchase activity
CUST06878,2025-12-31,500,1806.0,1118088.09,1,Recently Active,Recent purchase activity
CUST06879,2025-12-31,722,2591.0,1566503.1699999997,1,Recently Active,Recent purchase activity
CUST06880,2025-12-28,715,2547.0,1496528.1599999997,4,Active - Monitor,Monitor purchase recency
CUST06881,2025-12-30,319,1138.0,666786.08,2,Recently Active,Recent purchase activity
CUST06882,2025-12-27,336,1173.0,690629.86,5,Active - Monitor,Monitor purchase recency
CUST06883,2025-12-31,441,1551.0,947696.54,1,Recently Active,Recent purchase activity
CUST06884,2025-12-30,688,2585.0,1430095.19,2,Recently Active,Recent purchase activity
CUST06885,2025-12-26,303,1073.0,614977.6199999999,6,Active - Monitor,Monitor purchase recency
CUST06886,2025-12-31,314,1186.0,735386.4600000002,1,Recently Active,Recent purchase activity
CUST06887,2025-12-31,1087,3964.0,2264892.64,1,Recently Active,Recent purchase activity
CUST06888,2025-12-31,312,1136.0,672217.74,1,Recently Active,Recent purchase activity
CUST06889,2025-12-26,416,1488.0,867047.6100000002,6,Active - Monitor,Monitor purchase recency
CUST06890,2025-12-30,711,2575.0,1417198.3799999997,2,Recently Active,Recent purchase activity
CUST06891,2025-12-31,325,1247.0,742182.38,1,Recently Active,Recent purchase activity
CUST06892,2025-12-29,468,1682.0,906481.1700000002,3,Recently Active,Recent purchase activity
CUST06893,2025-12-31,452,1672.0,924683.7199999999,1,Recently Active,Recent purchase activity
CUST06894,2025-12-31,303,1056.0,608498.5899999999,1,Recently Active,Recent purchase activity
CUST06895,2025-12-28,496,1797.0,1108571.28,4,Active - Monitor,Monitor purchase recency
CUST06896,2025-12-29,475,1670.0,997380.7599999999,3,Recently Active,Recent purchase activity
CUST06897,2025-12-29,489,1807.0,1046955.65,3,Recently Active,Recent purchase activity
CUST06898,2025-12-30,360,1251.0,763554.0700000001,2,Recently Active,Recent purchase activity
CUST06899,2025-12-30,660,2300.0,1283455.1399999997,2,Recently Active,Recent purchase activity
CUST06900,2025-12-29,689,2517.0,1446088.7699999998,3,Recently Active,Recent purchase activity
CUST06901,2025-12-31,724,2635.0,1506625.3200000003,1,Recently Active,Recent purchase activity
CUST06902,2025-12-29,451,1597.0,946113.63,3,Recently Active,Recent purchase activity
CUST06903,2025-12-31,745,2659.0,1481013.8,1,Recently Active,Recent purchase activity
CUST06904,2025-12-30,723,2584.0,1530583.7499999998,2,Recently Active,Recent purchase activity
CUST06905,2025-12-31,1037,3735.0,2219003.7999999993,1,Recently Active,Recent purchase activity
CUST06906,2025-12-31,686,2381.0,1345240.93,1,Recently Active,Recent purchase activity
CUST06907,2025-12-31,346,1315.0,762255.4899999999,1,Recently Active,Recent purchase activity
CUST06908,2025-12-27,302,1055.0,681930.76,5,Active - Monitor,Monitor purchase recency
CUST06909,2025-12-31,499,1801.0,1117061.54,1,Recently Active,Recent purchase activity
CUST06910,2025-12-30,712,2574.0,1464722.6300000001,2,Recently Active,Recent purchase activity
CUST06911,2025-12-31,699,2578.0,1505280.9699999997,1,Recently Active,Recent purchase activity
CUST06912,2025-12-29,295,1067.0,617406.9299999999,3,Recently Active,Recent purchase activity
CUST06913,2025-12-31,470,1734.0,974812.1399999999,1,Recently Active,Recent purchase activity
CUST06914,2025-12-31,428,1582.0,921848.8600000001,1,Recently Active,Recent purchase activity
CUST06915,2025-12-31,426,1557.0,918790.0800000001,1,Recently Active,Recent purchase activity
CUST06916,2025-12-28,504,1704.0,975237.5,4,Active - Monitor,Monitor purchase recency
CUST06917,2025-12-28,773,2816.0,1605529.7799999996,4,Active - Monitor,Monitor purchase recency
CUST06918,2025-12-27,708,2571.0,1478602.8999999997,5,Active - Monitor,Monitor purchase recency
CUST06919,2025-12-31,455,1654.0,947382.52,1,Recently Active,Recent purchase activity
CUST06920,2025-12-31,322,1072.0,610506.22,1,Recently Active,Recent purchase activity
CUST06921,2025-12-31,493,1821.0,1050137.1400000001,1,Recently Active,Recent purchase activity
CUST06922,2025-12-31,340,1217.0,616117.9900000001,1,Recently Active,Recent purchase activity
CUST06923,2025-12-26,446,1648.0,1012694.15,6,Active - Monitor,Monitor purchase recency
CUST06924,2025-12-30,330,1198.0,677551.4999999999,2,Recently Active,Recent purchase activity
CUST06925,2025-12-30,325,1135.0,691620.7199999999,2,Recently Active,Recent purchase activity
CUST06926,2025-12-30,489,1749.0,1024142.2199999999,2,Recently Active,Recent purchase activity
CUST06927,2025-12-29,449,1567.0,939461.6200000001,3,Recently Active,Recent purchase activity
CUST06928,2025-12-31,1099,3869.0,2232243.9299999992,1,Recently Active,Recent purchase activity
CUST06929,2025-12-30,456,1582.0,919013.55,2,Recently Active,Recent purchase activity
CUST06930,2025-12-31,491,1731.0,998951.58,1,Recently Active,Recent purchase activity
CUST06931,2025-12-28,713,2624.0,1567104.2099999997,4,Active - Monitor,Monitor purchase recency
CUST06932,2025-12-26,337,1209.0,742662.19,6,Active - Monitor,Monitor purchase recency
CUST06933,2025-12-30,350,1330.0,835602.3,2,Recently Active,Recent purchase activity
CUST06934,2025-12-30,302,1067.0,605508.64,2,Recently Active,Recent purchase activity
CUST06935,2025-12-26,485,1792.0,1090458.39,6,Active - Monitor,Monitor purchase recency
CUST06936,2025-12-29,491,1763.0,1052535.5699999998,3,Recently Active,Recent purchase activity
CUST06937,2025-12-30,688,2507.0,1441964.9,2,Recently Active,Recent purchase activity
CUST06938,2025-12-29,486,1688.0,899565.4400000001,3,Recently Active,Recent purchase activity
CUST06939,2025-12-31,299,1141.0,675297.6500000001,1,Recently Active,Recent purchase activity
CUST06940,2025-12-31,726,2552.0,1458699.6499999997,1,Recently Active,Recent purchase activity
CUST06941,2025-12-28,329,1218.0,749433.91,4,Active - Monitor,Monitor purchase recency
CUST06942,2025-12-30,709,2542.0,1473706.6300000004,2,Recently Active,Recent purchase activity
CUST06943,2025-12-31,461,1568.0,899140.2,1,Recently Active,Recent purchase activity
CUST06944,2025-12-28,451,1622.0,885698.1600000001,4,Active - Monitor,Monitor purchase recency
CUST06945,2025-12-31,729,2565.0,1519484.8799999997,1,Recently Active,Recent purchase activity
CUST06946,2025-12-27,338,1163.0,675073.52,5,Active - Monitor,Monitor purchase recency
CUST06947,2025-12-28,482,1754.0,1045730.1499999999,4,Active - Monitor,Monitor purchase recency
CUST06948,2025-12-31,1088,3870.0,2267097.9099999997,1,Recently Active,Recent purchase activity
CUST06949,2025-12-29,314,1114.0,687946.6899999998,3,Recently Active,Recent purchase activity
CUST06950,2025-12-27,689,2436.0,1461407.6600000001,5,Active - Monitor,Monitor purchase recency
CUST06951,2025-12-31,443,1556.0,916690.75,1,Recently Active,Recent purchase activity
CUST06952,2025-12-30,1093,3821.0,2243359.37,2,Recently Active,Recent purchase activity
CUST06953,2025-12-29,326,1189.0,627478.4600000001,3,Recently Active,Recent purchase activity
CUST06954,2025-12-31,685,2467.0,1447234.8500000003,1,Recently Active,Recent purchase activity
CUST06955,2025-12-27,461,1657.0,1018363.9600000002,5,Active - Monitor,Monitor purchase recency
CUST06956,2025-12-28,333,1222.0,780662.4199999999,4,Active - Monitor,Monitor purchase recency
CUST06957,2025-12-31,497,1730.0,1010658.56,1,Recently Active,Recent purchase activity
CUST06958,2025-12-30,1063,3842.0,2336051.2900000005,2,Recently Active,Recent purchase activity
CUST06959,2025-12-31,472,1668.0,1026469.25,1,Recently Active,Recent purchase activity
CUST06960,2025-12-29,336,1214.0,702587.51,3,Recently Active,Recent purchase activity
CUST06961,2025-12-26,362,1349.0,818392.9600000001,6,Active - Monitor,Monitor purchase recency
CUST06962,2025-12-27,310,1158.0,744610.5,5,Active - Monitor,Monitor purchase recency
CUST06963,2025-12-24,316,1117.0,609743.0999999999,8,Inactivity Watch,Review customer engagement
CUST06964,2025-12-28,501,1741.0,983817.3799999999,4,Active - Monitor,Monitor purchase recency
CUST06965,2025-12-31,313,1097.0,618845.8,1,Recently Active,Recent purchase activity
CUST06966,2025-12-30,674,2466.0,1479901.79,2,Recently Active,Recent purchase activity
CUST06967,2025-12-29,719,2666.0,1441832.7700000005,3,Recently Active,Recent purchase activity
CUST06968,2025-12-31,469,1589.0,914252.69,1,Recently Active,Recent purchase activity
CUST06969,2025-12-30,325,1255.0,817458.24,2,Recently Active,Recent purchase activity
CUST06970,2025-12-29,475,1702.0,1035625.5700000001,3,Recently Active,Recent purchase activity
CUST06971,2025-12-31,466,1734.0,1001454.0900000001,1,Recently Active,Recent purchase activity
CUST06972,2025-12-27,326,1101.0,631714.89,5,Active - Monitor,Monitor purchase recency
CUST06973,2025-12-31,754,2731.0,1661484.98,1,Recently Active,Recent purchase activity
CUST06974,2025-12-30,445,1629.0,983850.2700000001,2,Recently Active,Recent purchase activity
CUST06975,2025-12-30,1034,3640.0,2167349.569999999,2,Recently Active,Recent purchase activity
CUST06976,2025-12-31,470,1689.0,904549.84,1,Recently Active,Recent purchase activity
CUST06977,2025-12-29,343,1278.0,714187.29,3,Recently Active,Recent purchase activity
CUST06978,2025-12-31,490,1721.0,1031035.38,1,Recently Active,Recent purchase activity
CUST06979,2025-12-30,306,1114.0,634958.46,2,Recently Active,Recent purchase activity
CUST06980,2025-12-29,349,1213.0,729990.13,3,Recently Active,Recent purchase activity
CUST06981,2025-12-26,331,1205.0,717296.92,6,Active - Monitor,Monitor purchase recency
CUST06982,2025-12-28,366,1300.0,736913.67,4,Active - Monitor,Monitor purchase recency
CUST06983,2025-12-29,319,1081.0,634227.0599999999,3,Recently Active,Recent purchase activity
CUST06984,2025-12-31,458,1772.0,1067536.2599999998,1,Recently Active,Recent purchase activity
CUST06985,2025-12-26,455,1657.0,921745.98,6,Active - Monitor,Monitor purchase recency
CUST06986,2025-12-31,351,1252.0,755190.75,1,Recently Active,Recent purchase activity
CUST06987,2025-12-30,437,1561.0,924825.4899999999,2,Recently Active,Recent purchase activity
CUST06988,2025-12-31,1049,3995.0,2390413.5899999994,1,Recently Active,Recent purchase activity
CUST06989,2025-12-31,476,1701.0,1005695.71,1,Recently Active,Recent purchase activity
CUST06990,2025-12-30,714,2615.0,1521808.0999999999,2,Recently Active,Recent purchase activity
CUST06991,2025-12-31,717,2569.0,1462620.9199999995,1,Recently Active,Recent purchase activity
CUST06992,2025-12-31,469,1711.0,1050138.1099999999,1,Recently Active,Recent purchase activity
CUST06993,2025-12-23,337,1149.0,701077.99,9,Inactivity Watch,Review customer engagement
CUST06994,2025-12-29,310,1162.0,726348.76,3,Recently Active,Recent purchase activity
CUST06995,2025-12-31,308,1104.0,699886.1,1,Recently Active,Recent purchase activity
CUST06996,2025-12-23,336,1218.0,667643.75,9,Inactivity Watch,Review customer engagement
CUST06997,2025-12-29,778,2860.0,1684269.3099999996,3,Recently Active,Recent purchase activity
CUST06998,2025-12-31,303,1170.0,686606.3999999999,1,Recently Active,Recent purchase activity
CUST06999,2025-12-31,718,2620.0,1476416.29,1,Recently Active,Recent purchase activity
CUST07000,2025-12-23,457,1635.0,885712.4299999999,9,Inactivity Watch,Review customer engagement
CUST07001,2025-12-30,471,1693.0,990997.97,2,Recently Active,Recent purchase activity
CUST07002,2025-12-27,303,1100.0,689163.42,5,Active - Monitor,Monitor purchase recency
CUST07003,2025-12-30,698,2535.0,1392172.7499999998,2,Recently Active,Recent purchase activity
CUST07004,2025-12-26,356,1332.0,730409.1300000001,6,Active - Monitor,Monitor purchase recency
CUST07005,2025-12-31,443,1612.0,869817.6100000001,1,Recently Active,Recent purchase activity
CUST07006,2025-12-31,314,1160.0,620784.7799999999,1,Recently Active,Recent purchase activity
CUST07007,2025-12-31,681,2441.0,1395292.9300000002,1,Recently Active,Recent purchase activity
CUST07008,2025-12-30,432,1496.0,874334.6600000003,2,Recently Active,Recent purchase activity
CUST07009,2025-12-30,490,1869.0,1068406.18,2,Recently Active,Recent purchase activity
CUST07010,2025-12-30,307,1083.0,624984.0100000001,2,Recently Active,Recent purchase activity
CUST07011,2025-12-27,464,1680.0,1027272.8899999999,5,Active - Monitor,Monitor purchase recency
CUST07012,2025-12-31,339,1203.0,654221.3400000001,1,Recently Active,Recent purchase activity
CUST07013,2025-12-31,461,1686.0,989640.4600000002,1,Recently Active,Recent purchase activity
CUST07014,2025-12-30,313,1082.0,735723.7300000001,2,Recently Active,Recent purchase activity
CUST07015,2025-12-30,726,2560.0,1460720.02,2,Recently Active,Recent purchase activity
CUST07016,2025-12-30,330,1172.0,647885.3300000001,2,Recently Active,Recent purchase activity
CUST07017,2025-12-30,473,1758.0,1054197.85,2,Recently Active,Recent purchase activity
CUST07018,2025-12-31,296,1079.0,627679.9600000001,1,Recently Active,Recent purchase activity
CUST07019,2025-12-31,733,2660.0,1531842.19,1,Recently Active,Recent purchase activity
CUST07020,2025-12-31,345,1250.0,698675.43,1,Recently Active,Recent purchase activity
CUST07021,2025-12-31,1061,3722.0,2227404.1599999997,1,Recently Active,Recent purchase activity
CUST07022,2025-12-29,325,1171.0,671707.9199999999,3,Recently Active,Recent purchase activity
CUST07023,2025-12-25,479,1719.0,1052937.16,7,Active - Monitor,Monitor purchase recency
CUST07024,2025-12-31,1099,3992.0,2283690.58,1,Recently Active,Recent purchase activity
CUST07025,2025-12-28,721,2549.0,1490055.26,4,Active - Monitor,Monitor purchase recency
CUST07026,2025-12-31,347,1253.0,753513.68,1,Recently Active,Recent purchase activity
CUST07027,2025-12-29,1122,3965.0,2468881.8900000006,3,Recently Active,Recent purchase activity
CUST07028,2025-12-13,366,1258.0,761159.4400000001,19,Extended Inactivity,Review individually; inactivity is not proof of churn
CUST07029,2025-12-29,482,1728.0,965749.2200000002,3,Recently Active,Recent purchase activity
CUST07030,2025-12-31,705,2559.0,1572746.76,1,Recently Active,Recent purchase activity
CUST07031,2025-12-31,332,1251.0,692252.0700000002,1,Recently Active,Recent purchase activity
CUST07032,2025-12-29,708,2662.0,1486413.0799999996,3,Recently Active,Recent purchase activity
CUST07033,2025-12-29,438,1617.0,912612.7600000001,3,Recently Active,Recent purchase activity
CUST07034,2025-12-30,674,2464.0,1392750.5199999998,2,Recently Active,Recent purchase activity
CUST07035,2025-12-28,299,1027.0,639714.4200000002,4,Active - Monitor,Monitor purchase recency
CUST07036,2025-12-31,751,2544.0,1481621.7899999998,1,Recently Active,Recent purchase activity
CUST07037,2025-12-30,503,1878.0,1078477.13,2,Recently Active,Recent purchase activity
CUST07038,2025-12-31,447,1567.0,847118.0200000001,1,Recently Active,Recent purchase activity
CUST07039,2025-12-30,318,1092.0,676520.8300000001,2,Recently Active,Recent purchase activity
CUST07040,2025-12-31,307,1108.0,604538.9999999999,1,Recently Active,Recent purchase activity
CUST07041,2025-12-22,310,1146.0,724000.2299999999,10,Inactivity Watch,Review customer engagement
CUST07042,2025-12-28,331,1217.0,670271.79,4,Active - Monitor,Monitor purchase recency
CUST07043,2025-12-29,452,1599.0,840421.9299999999,3,Recently Active,Recent purchase activity
CUST07044,2025-12-30,658,2335.0,1350086.58,2,Recently Active,Recent purchase activity
CUST07045,2025-12-27,342,1253.0,710685.44,5,Active - Monitor,Monitor purchase recency
CUST07046,2025-12-31,1057,3846.0,2187452.64,1,Recently Active,Recent purchase activity
CUST07047,2025-12-28,340,1247.0,735501.1599999999,4,Active - Monitor,Monitor purchase recency
CUST07048,2025-12-30,442,1627.0,957133.0299999999,2,Recently Active,Recent purchase activity
CUST07049,2025-12-31,682,2521.0,1428246.1799999997,1,Recently Active,Recent purchase activity
CUST07050,2025-12-29,466,1675.0,962603.3300000001,3,Recently Active,Recent purchase activity
CUST07051,2025-12-20,471,1670.0,988437.5399999999,12,Inactivity Watch,Review customer engagement
CUST07052,2025-12-27,334,1144.0,702770.97,5,Active - Monitor,Monitor purchase recency
CUST07053,2025-12-26,457,1698.0,991670.5300000001,6,Active - Monitor,Monitor purchase recency
CUST07054,2025-12-31,1065,3843.0,2223849.89,1,Recently Active,Recent purchase activity
CUST07055,2025-12-30,310,1125.0,683522.8,2,Recently Active,Recent purchase activity
CUST07056,2025-12-27,748,2628.0,1557772.59,5,Active - Monitor,Monitor purchase recency
CUST07057,2025-12-30,717,2552.0,1568391.1699999995,2,Recently Active,Recent purchase activity
CUST07058,2025-12-30,713,2683.0,1596695.35,2,Recently Active,Recent purchase activity
CUST07059,2025-12-31,333,1212.0,693907.1600000001,1,Recently Active,Recent purchase activity
CUST07060,2025-12-31,457,1553.0,888565.9700000001,1,Recently Active,Recent purchase activity
CUST07061,2025-12-30,303,1106.0,612339.67,2,Recently Active,Recent purchase activity
CUST07062,2025-12-31,454,1652.0,1012053.8999999999,1,Recently Active,Recent purchase activity
CUST07063,2025-12-29,650,2377.0,1420539.1099999999,3,Recently Active,Recent purchase activity
CUST07064,2025-12-28,298,1122.0,670522.5499999998,4,Active - Monitor,Monitor purchase recency
CUST07065,2025-12-30,1040,3642.0,2124131.8,2,Recently Active,Recent purchase activity
CUST07066,2025-12-30,495,1776.0,943658.1399999999,2,Recently Active,Recent purchase activity
CUST07067,2025-12-29,473,1720.0,1001465.87,3,Recently Active,Recent purchase activity
CUST07068,2025-12-29,711,2530.0,1399707.7499999998,3,Recently Active,Recent purchase activity
CUST07069,2025-12-28,665,2401.0,1326910.6399999994,4,Active - Monitor,Monitor purchase recency
CUST07070,2025-12-30,1106,4079.0,2366512.8299999996,2,Recently Active,Recent purchase activity
CUST07071,2025-12-30,474,1724.0,976280.1600000001,2,Recently Active,Recent purchase activity
CUST07072,2025-12-29,437,1635.0,976121.0400000002,3,Recently Active,Recent purchase activity
CUST07073,2025-12-28,326,1194.0,697967.87,4,Active - Monitor,Monitor purchase recency
CUST07074,2025-12-30,680,2315.0,1417373.76,2,Recently Active,Recent purchase activity
CUST07075,2025-12-30,462,1684.0,1006110.87,2,Recently Active,Recent purchase activity
CUST07076,2025-12-28,347,1217.0,716548.43,4,Active - Monitor,Monitor purchase recency
CUST07077,2025-12-31,1065,3914.0,2195385.219999999,1,Recently Active,Recent purchase activity
CUST07078,2025-12-31,493,1758.0,998319.04,1,Recently Active,Recent purchase activity
CUST07079,2025-12-31,705,2582.0,1550603.6900000002,1,Recently Active,Recent purchase activity
CUST07080,2025-12-30,519,1900.0,1072109.3099999998,2,Recently Active,Recent purchase activity
CUST07081,2025-12-31,342,1233.0,678588.8200000001,1,Recently Active,Recent purchase activity
CUST07082,2025-12-29,459,1607.0,946086.7300000001,3,Recently Active,Recent purchase activity
CUST07083,2025-12-29,453,1668.0,1018493.1199999999,3,Recently Active,Recent purchase activity
CUST07084,2025-12-29,1060,3859.0,2187615.4099999997,3,Recently Active,Recent purchase activity
CUST07085,2025-12-28,335,1220.0,709713.52,4,Active - Monitor,Monitor purchase recency
CUST07086,2025-12-31,455,1722.0,1007674.5500000002,1,Recently Active,Recent purchase activity
CUST07087,2025-12-31,466,1656.0,1030257.0599999999,1,Recently Active,Recent purchase activity
CUST07088,2025-12-27,480,1760.0,976026.16,5,Active - Monitor,Monitor purchase recency
CUST07089,2025-12-30,294,1085.0,630037.36,2,Recently Active,Recent purchase activity
CUST07090,2025-12-31,456,1648.0,919503.8,1,Recently Active,Recent purchase activity
CUST07091,2025-12-26,310,1123.0,629093.0100000001,6,Active - Monitor,Monitor purchase recency
CUST07092,2025-12-31,464,1721.0,966557.6299999999,1,Recently Active,Recent purchase activity
CUST07093,2025-12-28,446,1649.0,948585.15,4,Active - Monitor,Monitor purchase recency
CUST07094,2025-12-26,316,1083.0,567586.6600000001,6,Active - Monitor,Monitor purchase recency
CUST07095,2025-12-31,1059,3770.0,2139920.9999999995,1,Recently Active,Recent purchase activity
CUST07096,2025-12-30,676,2427.0,1459027.0,2,Recently Active,Recent purchase activity
CUST07097,2025-12-31,1050,3856.0,2237264.9699999993,1,Recently Active,Recent purchase activity
CUST07098,2025-12-31,697,2613.0,1471224.08,1,Recently Active,Recent purchase activity
CUST07099,2025-12-31,484,1740.0,988053.4400000002,1,Recently Active,Recent purchase activity
CUST07100,2025-12-30,467,1768.0,1070835.15,2,Recently Active,Recent purchase activity
CUST07101,2025-12-30,295,1054.0,622538.4500000001,2,Recently Active,Recent purchase activity
CUST07102,2025-12-28,310,1189.0,708897.77,4,Active - Monitor,Monitor purchase recency
CUST07103,2025-12-30,465,1682.0,986419.4900000002,2,Recently Active,Recent purchase activity
CUST07104,2025-12-30,300,1005.0,531127.12,2,Recently Active,Recent purchase activity
CUST07105,2025-12-30,719,2628.0,1638703.07,2,Recently Active,Recent purchase activity
CUST07106,2025-12-31,304,1160.0,690989.32,1,Recently Active,Recent purchase activity
CUST07107,2025-12-29,347,1232.0,748641.8100000002,3,Recently Active,Recent purchase activity
CUST07108,2025-12-29,471,1832.0,1056523.09,3,Recently Active,Recent purchase activity
CUST07109,2025-12-31,483,1775.0,1083464.06,1,Recently Active,Recent purchase activity
CUST07110,2025-12-29,323,1250.0,758121.29,3,Recently Active,Recent purchase activity
CUST07111,2025-12-31,298,1101.0,613171.18,1,Recently Active,Recent purchase activity
CUST07112,2025-12-29,500,1756.0,981416.86,3,Recently Active,Recent purchase activity
CUST07113,2025-12-31,732,2772.0,1639629.01,1,Recently Active,Recent purchase activity
CUST07114,2025-12-29,345,1294.0,781771.86,3,Recently Active,Recent purchase activity
CUST07115,2025-12-31,690,2527.0,1483584.5199999998,1,Recently Active,Recent purchase activity
CUST07116,2025-12-25,451,1737.0,1015708.5499999998,7,Active - Monitor,Monitor purchase recency
CUST07117,2025-12-31,676,2429.0,1355725.8900000004,1,Recently Active,Recent purchase activity
CUST07118,2025-12-30,314,1206.0,694734.96,2,Recently Active,Recent purchase activity
CUST07119,2025-12-31,1061,3856.0,2249687.380000001,1,Recently Active,Recent purchase activity
CUST07120,2025-12-29,465,1659.0,938843.25,3,Recently Active,Recent purchase activity
CUST07121,2025-12-27,341,1215.0,696941.56,5,Active - Monitor,Monitor purchase recency
CUST07122,2025-12-30,701,2516.0,1506241.6,2,Recently Active,Recent purchase activity
CUST07123,2025-12-30,480,1734.0,1038505.8800000001,2,Recently Active,Recent purchase activity
CUST07124,2025-12-30,313,1111.0,608991.88,2,Recently Active,Recent purchase activity
CUST07125,2025-12-31,683,2526.0,1418922.3599999996,1,Recently Active,Recent purchase activity
CUST07126,2025-12-31,701,2610.0,1521953.9500000002,1,Recently Active,Recent purchase activity
CUST07127,2025-12-30,301,1041.0,606642.8299999998,2,Recently Active,Recent purchase activity
CUST07128,2025-12-31,453,1674.0,920740.2700000003,1,Recently Active,Recent purchase activity
CUST07129,2025-12-25,321,1156.0,704292.77,7,Active - Monitor,Monitor purchase recency
CUST07130,2025-12-29,303,1133.0,637950.66,3,Recently Active,Recent purchase activity
CUST07131,2025-12-30,441,1564.0,916200.4000000001,2,Recently Active,Recent purchase activity
CUST07132,2025-12-29,332,1207.0,718062.0700000001,3,Recently Active,Recent purchase activity
CUST07133,2025-12-26,318,1147.0,633298.09,6,Active - Monitor,Monitor purchase recency
CUST07134,2025-12-30,339,1147.0,660932.6299999999,2,Recently Active,Recent purchase activity
CUST07135,2025-12-31,334,1212.0,721089.6799999999,1,Recently Active,Recent purchase activity
CUST07136,2025-12-31,673,2485.0,1472603.9899999998,1,Recently Active,Recent purchase activity
CUST07137,2025-12-30,311,1182.0,705131.53,2,Recently Active,Recent purchase activity
CUST07138,2025-12-30,328,1143.0,659153.12,2,Recently Active,Recent purchase activity
CUST07139,2025-12-30,339,1223.0,775106.2699999999,2,Recently Active,Recent purchase activity
CUST07140,2025-12-30,486,1796.0,1062930.01,2,Recently Active,Recent purchase activity
CUST07141,2025-12-29,452,1606.0,916956.3000000003,3,Recently Active,Recent purchase activity
CUST07142,2025-12-28,435,1530.0,901835.28,4,Active - Monitor,Monitor purchase recency
CUST07143,2025-12-31,356,1311.0,745586.5100000001,1,Recently Active,Recent purchase activity
CUST07144,2025-12-31,708,2613.0,1458109.5699999994,1,Recently Active,Recent purchase activity
CUST07145,2025-12-31,1033,3697.0,2141437.0999999996,1,Recently Active,Recent purchase activity
CUST07146,2025-12-31,682,2455.0,1371076.0899999999,1,Recently Active,Recent purchase activity
CUST07147,2025-12-31,674,2426.0,1512104.5299999998,1,Recently Active,Recent purchase activity
CUST07148,2025-12-30,357,1277.0,646042.9,2,Recently Active,Recent purchase activity
CUST07149,2025-12-27,477,1703.0,1018668.5400000003,5,Active - Monitor,Monitor purchase recency
CUST07150,2025-12-30,339,1263.0,736271.27,2,Recently Active,Recent purchase activity
CUST07151,2025-12-31,712,2575.0,1577992.0899999999,1,Recently Active,Recent purchase activity
CUST07152,2025-12-31,718,2646.0,1535343.6599999997,1,Recently Active,Recent purchase activity
CUST07153,2025-12-26,323,1180.0,643166.7699999998,6,Active - Monitor,Monitor purchase recency
CUST07154,2025-12-31,648,2327.0,1342492.1099999999,1,Recently Active,Recent purchase activity
CUST07155,2025-12-29,459,1694.0,975863.6799999999,3,Recently Active,Recent purchase activity
CUST07156,2025-12-31,1042,3811.0,2188640.53,1,Recently Active,Recent purchase activity
CUST07157,2025-12-31,1027,3874.0,2340956.619999999,1,Recently Active,Recent purchase activity
CUST07158,2025-12-30,334,1217.0,670289.58,2,Recently Active,Recent purchase activity
CUST07159,2025-12-29,686,2398.0,1388944.9600000002,3,Recently Active,Recent purchase activity
CUST07160,2025-12-27,366,1286.0,788486.6199999999,5,Active - Monitor,Monitor purchase recency
CUST07161,2025-12-28,490,1744.0,1046984.5699999998,4,Active - Monitor,Monitor purchase recency
CUST07162,2025-12-29,453,1641.0,938782.4599999998,3,Recently Active,Recent purchase activity
CUST07163,2025-12-25,360,1322.0,773732.6900000001,7,Active - Monitor,Monitor purchase recency
CUST07164,2025-12-30,718,2514.0,1412749.07,2,Recently Active,Recent purchase activity
CUST07165,2025-12-28,443,1550.0,844384.92,4,Active - Monitor,Monitor purchase recency
CUST07166,2025-12-31,435,1521.0,916710.83,1,Recently Active,Recent purchase activity
CUST07167,2025-12-30,474,1766.0,1086915.5900000003,2,Recently Active,Recent purchase activity
CUST07168,2025-12-29,464,1690.0,1053625.7500000002,3,Recently Active,Recent purchase activity
CUST07169,2025-12-31,344,1245.0,724447.2,1,Recently Active,Recent purchase activity
CUST07170,2025-12-26,324,1176.0,685120.38,6,Active - Monitor,Monitor purchase recency
CUST07171,2025-12-31,357,1284.0,674740.8600000001,1,Recently Active,Recent purchase activity
CUST07172,2025-12-30,671,2435.0,1385124.02,2,Recently Active,Recent purchase activity
CUST07173,2025-12-27,331,1237.0,674590.25,5,Active - Monitor,Monitor purchase recency
CUST07174,2025-12-31,330,1173.0,637522.12,1,Recently Active,Recent purchase activity
CUST07175,2025-12-28,476,1712.0,1018042.79,4,Active - Monitor,Monitor purchase recency
CUST07176,2025-12-29,692,2552.0,1559925.7999999998,3,Recently Active,Recent purchase activity
CUST07177,2025-12-31,733,2610.0,1514346.4400000002,1,Recently Active,Recent purchase activity
CUST07178,2025-12-27,362,1371.0,795014.9099999999,5,Active - Monitor,Monitor purchase recency
CUST07179,2025-12-30,442,1611.0,882974.44,2,Recently Active,Recent purchase activity
CUST07180,2025-12-22,359,1224.0,692709.14,10,Inactivity Watch,Review customer engagement
CUST07181,2025-12-31,1137,4155.0,2324377.319999999,1,Recently Active,Recent purchase activity
CUST07182,2025-12-25,463,1747.0,958914.28,7,Active - Monitor,Monitor purchase recency
CUST07183,2025-12-29,344,1241.0,733864.72,3,Recently Active,Recent purchase activity
CUST07184,2025-12-24,313,1115.0,686623.3999999999,8,Inactivity Watch,Review customer engagement
CUST07185,2025-12-31,706,2617.0,1507878.5499999998,1,Recently Active,Recent purchase activity
CUST07186,2025-12-30,313,1197.0,674125.5300000001,2,Recently Active,Recent purchase activity
CUST07187,2025-12-31,1009,3674.0,2125471.0599999996,1,Recently Active,Recent purchase activity
CUST07188,2025-12-31,454,1681.0,982486.57,1,Recently Active,Recent purchase activity
CUST07189,2025-12-28,463,1744.0,1055247.56,4,Active - Monitor,Monitor purchase recency
CUST07190,2025-12-29,693,2451.0,1424320.6600000001,3,Recently Active,Recent purchase activity
CUST07191,2025-12-31,699,2404.0,1417728.4299999997,1,Recently Active,Recent purchase activity
CUST07192,2025-12-29,487,1702.0,986769.8299999998,3,Recently Active,Recent purchase activity
CUST07193,2025-12-28,327,1159.0,683764.3700000001,4,Active - Monitor,Monitor purchase recency
CUST07194,2025-12-31,671,2428.0,1467577.56,1,Recently Active,Recent purchase activity
CUST07195,2025-12-31,699,2505.0,1460133.1199999994,1,Recently Active,Recent purchase activity
CUST07196,2025-12-28,723,2605.0,1502773.2299999995,4,Active - Monitor,Monitor purchase recency
CUST07197,2025-12-28,315,1094.0,659996.24,4,Active - Monitor,Monitor purchase recency
CUST07198,2025-12-31,1087,3931.0,2275661.2699999996,1,Recently Active,Recent purchase activity
CUST07199,2025-12-31,476,1705.0,962118.84,1,Recently Active,Recent purchase activity
CUST07200,2025-12-31,333,1180.0,697528.5900000001,1,Recently Active,Recent purchase activity
CUST07201,2025-12-29,692,2429.0,1377445.17,3,Recently Active,Recent purchase activity
CUST07202,2025-12-31,673,2426.0,1398440.16,1,Recently Active,Recent purchase activity
CUST07203,2025-12-21,317,1140.0,686609.1399999999,11,Inactivity Watch,Review customer engagement
CUST07204,2025-12-30,306,1075.0,563444.51,2,Recently Active,Recent purchase activity
CUST07205,2025-12-30,435,1599.0,891957.2400000001,2,Recently Active,Recent purchase activity
CUST07206,2025-12-31,732,2615.0,1494905.0099999998,1,Recently Active,Recent purchase activity
CUST07207,2025-12-25,332,1069.0,570435.88,7,Active - Monitor,Monitor purchase recency
CUST07208,2025-12-31,680,2453.0,1466450.0100000002,1,Recently Active,Recent purchase activity
CUST07209,2025-12-31,1084,3982.0,2304689.8299999996,1,Recently Active,Recent purchase activity
CUST07210,2025-12-31,1089,3884.0,2207611.88,1,Recently Active,Recent purchase activity
CUST07211,2025-12-31,294,1079.0,609496.4899999999,1,Recently Active,Recent purchase activity
CUST07212,2025-12-27,454,1670.0,1007847.21,5,Active - Monitor,Monitor purchase recency
CUST07213,2025-12-30,430,1520.0,838523.92,2,Recently Active,Recent purchase activity
CUST07214,2025-12-25,437,1664.0,948853.2699999999,7,Active - Monitor,Monitor purchase recency
CUST07215,2025-12-26,461,1630.0,905477.4000000001,6,Active - Monitor,Monitor purchase recency
CUST07216,2025-12-30,1095,4048.0,2381614.79,2,Recently Active,Recent purchase activity
CUST07217,2025-12-31,683,2608.0,1492926.59,1,Recently Active,Recent purchase activity
CUST07218,2025-12-28,413,1395.0,775119.39,4,Active - Monitor,Monitor purchase recency
CUST07219,2025-12-31,1079,3871.0,2192473.2999999993,1,Recently Active,Recent purchase activity
CUST07220,2025-12-31,1029,3771.0,2138478.4499999993,1,Recently Active,Recent purchase activity
CUST07221,2025-12-31,324,1165.0,657133.4200000002,1,Recently Active,Recent purchase activity
CUST07222,2025-12-31,468,1670.0,952547.6499999999,1,Recently Active,Recent purchase activity
CUST07223,2025-12-31,1052,3676.0,2166663.0799999996,1,Recently Active,Recent purchase activity
CUST07224,2025-12-30,673,2545.0,1527176.9300000002,2,Recently Active,Recent purchase activity
CUST07225,2025-12-29,714,2519.0,1451931.36,3,Recently Active,Recent purchase activity
CUST07226,2025-12-31,478,1824.0,1090464.42,1,Recently Active,Recent purchase activity
CUST07227,2025-12-31,334,1185.0,656066.66,1,Recently Active,Recent purchase activity
CUST07228,2025-12-30,322,1160.0,687700.0299999999,2,Recently Active,Recent purchase activity
CUST07229,2025-12-27,356,1210.0,708624.77,5,Active - Monitor,Monitor purchase recency
CUST07230,2025-12-31,467,1585.0,927944.3799999999,1,Recently Active,Recent purchase activity
CUST07231,2025-12-31,1077,3935.0,2345347.11,1,Recently Active,Recent purchase activity
CUST07232,2025-12-30,342,1253.0,746453.29,2,Recently Active,Recent purchase activity
CUST07233,2025-12-28,479,1746.0,955799.8999999999,4,Active - Monitor,Monitor purchase recency
CUST07234,2025-12-26,483,1807.0,1001909.3500000001,6,Active - Monitor,Monitor purchase recency
CUST07235,2025-12-30,336,1239.0,729037.8200000001,2,Recently Active,Recent purchase activity
CUST07236,2025-12-29,337,1213.0,719735.41,3,Recently Active,Recent purchase activity
CUST07237,2025-12-29,305,1143.0,655026.7500000001,3,Recently Active,Recent purchase activity
CUST07238,2025-12-28,709,2542.0,1515399.97,4,Active - Monitor,Monitor purchase recency
CUST07239,2025-12-30,445,1612.0,931498.2,2,Recently Active,Recent purchase activity
CUST07240,2025-12-26,512,1755.0,1059455.57,6,Active - Monitor,Monitor purchase recency
CUST07241,2025-12-31,980,3568.0,2050592.62,1,Recently Active,Recent purchase activity
CUST07242,2025-12-31,309,1076.0,626324.5299999999,1,Recently Active,Recent purchase activity
CUST07243,2025-12-31,671,2411.0,1510872.8599999999,1,Recently Active,Recent purchase activity
CUST07244,2025-12-27,287,1105.0,628661.4199999999,5,Active - Monitor,Monitor purchase recency
CUST07245,2025-12-31,448,1692.0,958955.84,1,Recently Active,Recent purchase activity
CUST07246,2025-12-31,707,2559.0,1495385.17,1,Recently Active,Recent purchase activity
CUST07247,2025-12-29,498,1728.0,954033.9299999998,3,Recently Active,Recent purchase activity
CUST07248,2025-12-26,449,1616.0,1015263.7900000003,6,Active - Monitor,Monitor purchase recency
CUST07249,2025-12-27,463,1651.0,928681.46,5,Active - Monitor,Monitor purchase recency
CUST07250,2025-12-30,357,1315.0,800331.7999999999,2,Recently Active,Recent purchase activity
CUST07251,2025-12-25,728,2667.0,1598782.2199999997,7,Active - Monitor,Monitor purchase recency
CUST07252,2025-12-26,459,1709.0,964482.2999999999,6,Active - Monitor,Monitor purchase recency
CUST07253,2025-12-31,741,2627.0,1492627.3499999996,1,Recently Active,Recent purchase activity
CUST07254,2025-12-31,1104,4028.0,2357018.4399999995,1,Recently Active,Recent purchase activity
CUST07255,2025-12-29,481,1739.0,1038777.3600000001,3,Recently Active,Recent purchase activity
CUST07256,2025-12-27,335,1279.0,746724.5700000001,5,Active - Monitor,Monitor purchase recency
CUST07257,2025-12-30,454,1619.0,917886.14,2,Recently Active,Recent purchase activity
CUST07258,2025-12-20,455,1611.0,924356.5800000001,12,Inactivity Watch,Review customer engagement
CUST07259,2025-12-30,315,1141.0,660040.8300000001,2,Recently Active,Recent purchase activity
CUST07260,2025-12-31,443,1566.0,941486.6000000001,1,Recently Active,Recent purchase activity
CUST07261,2025-12-27,465,1691.0,1051047.5899999999,5,Active - Monitor,Monitor purchase recency
CUST07262,2025-12-26,482,1748.0,1031951.5800000003,6,Active - Monitor,Monitor purchase recency
CUST07263,2025-12-28,316,1112.0,640397.1200000001,4,Active - Monitor,Monitor purchase recency
CUST07264,2025-12-30,469,1687.0,1042868.53,2,Recently Active,Recent purchase activity
CUST07265,2025-12-31,324,1140.0,627035.95,1,Recently Active,Recent purchase activity
CUST07266,2025-12-30,321,1126.0,766908.2100000001,2,Recently Active,Recent purchase activity
CUST07267,2025-12-31,673,2448.0,1422587.1500000004,1,Recently Active,Recent purchase activity
CUST07268,2025-12-31,465,1649.0,1018670.2900000002,1,Recently Active,Recent purchase activity
CUST07269,2025-12-27,454,1678.0,928891.95,5,Active - Monitor,Monitor purchase recency
CUST07270,2025-12-29,306,1110.0,621872.25,3,Recently Active,Recent purchase activity
CUST07271,2025-12-29,464,1646.0,935208.56,3,Recently Active,Recent purchase activity
CUST07272,2025-12-31,325,1189.0,704849.4600000001,1,Recently Active,Recent purchase activity
CUST07273,2025-12-28,331,1194.0,682359.95,4,Active - Monitor,Monitor purchase recency
CUST07274,2025-12-30,1042,3677.0,2112567.7699999996,2,Recently Active,Recent purchase activity
CUST07275,2025-12-29,339,1220.0,719919.8100000002,3,Recently Active,Recent purchase activity
CUST07276,2025-12-31,691,2426.0,1406452.9099999997,1,Recently Active,Recent purchase activity
CUST07277,2025-12-31,476,1803.0,1051940.76,1,Recently Active,Recent purchase activity
CUST07278,2025-12-29,328,1193.0,658160.9599999998,3,Recently Active,Recent purchase activity
CUST07279,2025-12-28,365,1288.0,729189.5700000001,4,Active - Monitor,Monitor purchase recency
CUST07280,2025-12-25,320,1120.0,622779.56,7,Active - Monitor,Monitor purchase recency
CUST07281,2025-12-31,485,1764.0,968645.9999999999,1,Recently Active,Recent purchase activity
CUST07282,2025-12-27,276,985.0,545362.1,5,Active - Monitor,Monitor purchase recency
CUST07283,2025-12-31,1099,4004.0,2353148.58,1,Recently Active,Recent purchase activity
CUST07284,2025-12-28,352,1267.0,758926.6800000002,4,Active - Monitor,Monitor purchase recency
CUST07285,2025-12-25,343,1250.0,743392.4400000001,7,Active - Monitor,Monitor purchase recency
CUST07286,2025-12-31,323,1200.0,678874.3200000001,1,Recently Active,Recent purchase activity
CUST07287,2025-12-31,457,1654.0,962271.5299999999,1,Recently Active,Recent purchase activity
CUST07288,2025-12-31,352,1308.0,773051.79,1,Recently Active,Recent purchase activity
CUST07289,2025-12-27,494,1845.0,1099983.64,5,Active - Monitor,Monitor purchase recency
CUST07290,2025-12-29,651,2382.0,1415998.9500000002,3,Recently Active,Recent purchase activity
CUST07291,2025-12-31,1016,3608.0,2172264.3399999994,1,Recently Active,Recent purchase activity
CUST07292,2025-12-30,315,1154.0,659559.53,2,Recently Active,Recent purchase activity
CUST07293,2025-12-31,479,1670.0,1017245.31,1,Recently Active,Recent purchase activity
CUST07294,2025-12-26,289,1082.0,677246.97,6,Active - Monitor,Monitor purchase recency
CUST07295,2025-12-29,329,1272.0,746162.85,3,Recently Active,Recent purchase activity
CUST07296,2025-12-31,737,2635.0,1596263.7899999998,1,Recently Active,Recent purchase activity
CUST07297,2025-12-30,645,2404.0,1393406.5899999999,2,Recently Active,Recent purchase activity
CUST07298,2025-12-31,326,1156.0,697467.64,1,Recently Active,Recent purchase activity
CUST07299,2025-12-24,460,1624.0,955780.7199999999,8,Inactivity Watch,Review customer engagement
CUST07300,2025-12-30,686,2535.0,1468335.0,2,Recently Active,Recent purchase activity
CUST07301,2025-12-27,334,1276.0,814946.1799999999,5,Active - Monitor,Monitor purchase recency
CUST07302,2025-12-27,372,1377.0,797171.0500000002,5,Active - Monitor,Monitor purchase recency
CUST07303,2025-12-30,701,2463.0,1352036.34,2,Recently Active,Recent purchase activity
CUST07304,2025-12-30,474,1699.0,1056034.55,2,Recently Active,Recent purchase activity
CUST07305,2025-12-27,295,1158.0,674146.3900000001,5,Active - Monitor,Monitor purchase recency
CUST07306,2025-12-22,321,1190.0,700296.3900000001,10,Inactivity Watch,Review customer engagement
CUST07307,2025-12-24,714,2631.0,1593131.2900000003,8,Inactivity Watch,Review customer engagement
CUST07308,2025-12-30,472,1875.0,1011273.8899999999,2,Recently Active,Recent purchase activity
CUST07309,2025-12-29,440,1602.0,968347.1200000001,3,Recently Active,Recent purchase activity
CUST07310,2025-12-31,303,1084.0,628218.79,1,Recently Active,Recent purchase activity
CUST07311,2025-12-25,299,1150.0,662737.03,7,Active - Monitor,Monitor purchase recency
CUST07312,2025-12-31,341,1242.0,806692.12,1,Recently Active,Recent purchase activity
CUST07313,2025-12-26,304,1095.0,631426.1599999999,6,Active - Monitor,Monitor purchase recency
CUST07314,2025-12-26,291,1064.0,625790.26,6,Active - Monitor,Monitor purchase recency
CUST07315,2025-12-30,341,1205.0,669380.7500000001,2,Recently Active,Recent purchase activity
CUST07316,2025-12-28,476,1676.0,983652.44,4,Active - Monitor,Monitor purchase recency
CUST07317,2025-12-23,358,1207.0,725938.0,9,Inactivity Watch,Review customer engagement
CUST07318,2025-12-31,1069,3862.0,2327860.5199999996,1,Recently Active,Recent purchase activity
CUST07319,2025-12-31,1070,3887.0,2320371.2699999996,1,Recently Active,Recent purchase activity
CUST07320,2025-12-31,352,1258.0,768417.84,1,Recently Active,Recent purchase activity
CUST07321,2025-12-31,694,2517.0,1398949.7500000005,1,Recently Active,Recent purchase activity
CUST07322,2025-12-28,328,1193.0,699233.19,4,Active - Monitor,Monitor purchase recency
CUST07323,2025-12-31,515,1848.0,1112556.49,1,Recently Active,Recent purchase activity
CUST07324,2025-12-30,496,1887.0,1118133.2000000002,2,Recently Active,Recent purchase activity
CUST07325,2025-12-31,696,2456.0,1430623.5299999996,1,Recently Active,Recent purchase activity
CUST07326,2025-12-28,436,1642.0,930191.3300000001,4,Active - Monitor,Monitor purchase recency
CUST07327,2025-12-30,368,1266.0,734894.1700000002,2,Recently Active,Recent purchase activity
CUST07328,2025-12-30,464,1790.0,1013935.96,2,Recently Active,Recent purchase activity
CUST07329,2025-12-31,526,1900.0,1100751.1699999997,1,Recently Active,Recent purchase activity
CUST07330,2025-12-30,319,1198.0,696165.98,2,Recently Active,Recent purchase activity
CUST07331,2025-12-29,669,2357.0,1452109.44,3,Recently Active,Recent purchase activity
CUST07332,2025-12-29,501,1781.0,1031194.3899999999,3,Recently Active,Recent purchase activity
CUST07333,2025-12-27,341,1266.0,823469.6699999999,5,Active - Monitor,Monitor purchase recency
CUST07334,2025-12-30,312,1073.0,654478.6500000001,2,Recently Active,Recent purchase activity
CUST07335,2025-12-31,471,1649.0,987565.9000000001,1,Recently Active,Recent purchase activity
CUST07336,2025-12-30,440,1547.0,881532.5500000002,2,Recently Active,Recent purchase activity
CUST07337,2025-12-29,324,1074.0,578104.9700000001,3,Recently Active,Recent purchase activity
CUST07338,2025-12-30,312,1101.0,645843.52,2,Recently Active,Recent purchase activity
CUST07339,2025-12-31,336,1219.0,688593.3399999999,1,Recently Active,Recent purchase activity
CUST07340,2025-12-29,1011,3734.0,2189942.7899999996,3,Recently Active,Recent purchase activity
CUST07341,2025-12-31,462,1695.0,1035597.9400000001,1,Recently Active,Recent purchase activity
CUST07342,2025-12-31,478,1692.0,933096.3900000001,1,Recently Active,Recent purchase activity
CUST07343,2025-12-31,347,1290.0,691932.7800000001,1,Recently Active,Recent purchase activity
CUST07344,2025-12-30,429,1605.0,898347.11,2,Recently Active,Recent purchase activity
CUST07345,2025-12-31,1056,3789.0,2274833.5900000003,1,Recently Active,Recent purchase activity
CUST07346,2025-12-31,675,2471.0,1445892.9100000001,1,Recently Active,Recent purchase activity
CUST07347,2025-12-30,480,1701.0,1057609.48,2,Recently Active,Recent purchase activity
CUST07348,2025-12-27,686,2563.0,1620481.2599999998,5,Active - Monitor,Monitor purchase recency
CUST07349,2025-12-31,484,1765.0,1041862.9699999999,1,Recently Active,Recent purchase activity
CUST07350,2025-12-30,537,1891.0,1137316.05,2,Recently Active,Recent purchase activity
CUST07351,2025-12-31,334,1198.0,742956.3700000001,1,Recently Active,Recent purchase activity
CUST07352,2025-12-29,471,1654.0,996890.5500000002,3,Recently Active,Recent purchase activity
CUST07353,2025-12-29,682,2574.0,1435790.2599999998,3,Recently Active,Recent purchase activity
CUST07354,2025-12-31,351,1267.0,760973.8899999999,1,Recently Active,Recent purchase activity
CUST07355,2025-12-31,663,2340.0,1451516.5999999999,1,Recently Active,Recent purchase activity
CUST07356,2025-12-28,327,1225.0,768236.41,4,Active - Monitor,Monitor purchase recency
CUST07357,2025-12-30,683,2442.0,1380497.2099999995,2,Recently Active,Recent purchase activity
CUST07358,2025-12-31,1110,3892.0,2261432.779999999,1,Recently Active,Recent purchase activity
CUST07359,2025-12-31,332,1260.0,713339.6400000001,1,Recently Active,Recent purchase activity
CUST07360,2025-12-31,1058,3939.0,2208409.3699999996,1,Recently Active,Recent purchase activity
CUST07361,2025-12-29,718,2619.0,1531193.05,3,Recently Active,Recent purchase activity
CUST07362,2025-12-29,646,2318.0,1314501.4000000001,3,Recently Active,Recent purchase activity
CUST07363,2025-12-17,335,1283.0,732104.1100000001,15,Extended Inactivity,Review individually; inactivity is not proof of churn
CUST07364,2025-12-30,444,1609.0,973228.8500000001,2,Recently Active,Recent purchase activity
CUST07365,2025-12-28,483,1831.0,1104768.81,4,Active - Monitor,Monitor purchase recency
CUST07366,2025-12-31,693,2514.0,1476471.31,1,Recently Active,Recent purchase activity
CUST07367,2025-12-31,454,1641.0,905050.3999999999,1,Recently Active,Recent purchase activity
CUST07368,2025-12-30,291,1027.0,588835.8,2,Recently Active,Recent purchase activity
CUST07369,2025-12-28,483,1749.0,988520.8700000003,4,Active - Monitor,Monitor purchase recency
CUST07370,2025-12-31,1061,3903.0,2182237.26,1,Recently Active,Recent purchase activity
CUST07371,2025-12-31,467,1760.0,913544.8600000001,1,Recently Active,Recent purchase activity
CUST07372,2025-12-29,451,1611.0,917951.4200000002,3,Recently Active,Recent purchase activity
CUST07373,2025-12-30,690,2516.0,1425769.26,2,Recently Active,Recent purchase activity
CUST07374,2025-12-31,329,1205.0,719692.1799999999,1,Recently Active,Recent purchase activity
CUST07375,2025-12-31,684,2490.0,1351074.15,1,Recently Active,Recent purchase activity
CUST07376,2025-12-31,455,1645.0,998821.8,1,Recently Active,Recent purchase activity
CUST07377,2025-12-30,313,1113.0,676563.01,2,Recently Active,Recent purchase activity
CUST07378,2025-12-29,328,1220.0,714360.27,3,Recently Active,Recent purchase activity
CUST07379,2025-12-31,503,1933.0,1110274.42,1,Recently Active,Recent purchase activity
CUST07380,2025-12-30,682,2509.0,1464826.2199999995,2,Recently Active,Recent purchase activity
CUST07381,2025-12-29,348,1248.0,725805.7000000001,3,Recently Active,Recent purchase activity
CUST07382,2025-12-31,1072,4020.0,2418951.9299999997,1,Recently Active,Recent purchase activity
CUST07383,2025-12-31,430,1625.0,1021391.9799999999,1,Recently Active,Recent purchase activity
CUST07384,2025-12-31,682,2445.0,1413589.5599999998,1,Recently Active,Recent purchase activity
CUST07385,2025-12-28,325,1133.0,577532.4200000002,4,Active - Monitor,Monitor purchase recency
CUST07386,2025-12-31,458,1676.0,968977.1100000001,1,Recently Active,Recent purchase activity
CUST07387,2025-12-31,1090,3899.0,2251078.5599999996,1,Recently Active,Recent purchase activity
CUST07388,2025-12-29,457,1670.0,982146.81,3,Recently Active,Recent purchase activity
CUST07389,2025-12-31,706,2517.0,1515738.78,1,Recently Active,Recent purchase activity
CUST07390,2025-12-30,735,2679.0,1561261.0999999999,2,Recently Active,Recent purchase activity
CUST07391,2025-12-27,331,1274.0,750185.44,5,Active - Monitor,Monitor purchase recency
CUST07392,2025-12-31,674,2486.0,1456315.24,1,Recently Active,Recent purchase activity
CUST07393,2025-12-31,470,1746.0,1031023.0200000001,1,Recently Active,Recent purchase activity
CUST07394,2025-12-27,353,1209.0,739766.6599999999,5,Active - Monitor,Monitor purchase recency
CUST07395,2025-12-30,456,1605.0,978006.38,2,Recently Active,Recent purchase activity
CUST07396,2025-12-31,331,1167.0,699055.6,1,Recently Active,Recent purchase activity
CUST07397,2025-12-31,1063,3854.0,2199591.3599999994,1,Recently Active,Recent purchase activity
CUST07398,2025-12-31,325,1186.0,734509.8700000001,1,Recently Active,Recent purchase activity
CUST07399,2025-12-31,665,2426.0,1343775.0599999998,1,Recently Active,Recent purchase activity
CUST07400,2025-12-31,467,1754.0,1009803.3200000001,1,Recently Active,Recent purchase activity
CUST07401,2025-12-27,465,1674.0,972416.73,5,Active - Monitor,Monitor purchase recency
CUST07402,2025-12-31,1083,4073.0,2331501.729999999,1,Recently Active,Recent purchase activity
CUST07403,2025-12-31,1075,3973.0,2181583.8399999994,1,Recently Active,Recent purchase activity
CUST07404,2025-12-28,684,2413.0,1452367.1099999996,4,Active - Monitor,Monitor purchase recency
CUST07405,2025-12-31,679,2607.0,1515897.4799999997,1,Recently Active,Recent purchase activity
CUST07406,2025-12-26,428,1561.0,985542.1100000001,6,Active - Monitor,Monitor purchase recency
CUST07407,2025-12-29,307,1076.0,644547.64,3,Recently Active,Recent purchase activity
CUST07408,2025-12-31,466,1740.0,958221.14,1,Recently Active,Recent purchase activity
CUST07409,2025-12-31,486,1764.0,1005630.3599999999,1,Recently Active,Recent purchase activity
CUST07410,2025-12-28,302,1087.0,599013.05,4,Active - Monitor,Monitor purchase recency
CUST07411,2025-12-28,465,1679.0,1008976.6900000002,4,Active - Monitor,Monitor purchase recency
CUST07412,2025-12-30,481,1681.0,1063176.4899999998,2,Recently Active,Recent purchase activity
CUST07413,2025-12-31,642,2247.0,1266200.4100000001,1,Recently Active,Recent purchase activity
CUST07414,2025-12-29,471,1779.0,1053201.11,3,Recently Active,Recent purchase activity
CUST07415,2025-12-31,665,2392.0,1356842.3099999996,1,Recently Active,Recent purchase activity
CUST07416,2025-12-21,473,1776.0,989809.5599999998,11,Inactivity Watch,Review customer engagement
CUST07417,2025-12-31,460,1707.0,1038033.3500000001,1,Recently Active,Recent purchase activity
CUST07418,2025-12-31,470,1781.0,1072696.83,1,Recently Active,Recent purchase activity
CUST07419,2025-12-30,322,1129.0,678696.6900000001,2,Recently Active,Recent purchase activity
CUST07420,2025-12-30,462,1792.0,1045534.0699999997,2,Recently Active,Recent purchase activity
CUST07421,2025-12-31,317,1137.0,709604.6000000002,1,Recently Active,Recent purchase activity
CUST07422,2025-12-30,712,2601.0,1585318.5299999998,2,Recently Active,Recent purchase activity
CUST07423,2025-12-31,1099,3936.0,2418078.15,1,Recently Active,Recent purchase activity
CUST07424,2025-12-24,358,1286.0,777503.96,8,Inactivity Watch,Review customer engagement
CUST07425,2025-12-31,461,1748.0,1055157.21,1,Recently Active,Recent purchase activity
CUST07426,2025-12-31,662,2456.0,1444741.4699999995,1,Recently Active,Recent purchase activity
CUST07427,2025-12-31,489,1796.0,979808.2,1,Recently Active,Recent purchase activity
CUST07428,2025-12-31,455,1625.0,948303.1500000001,1,Recently Active,Recent purchase activity
CUST07429,2025-12-31,480,1790.0,1008032.5899999999,1,Recently Active,Recent purchase activity
CUST07430,2025-12-31,428,1533.0,860100.42,1,Recently Active,Recent purchase activity
CUST07431,2025-12-30,435,1591.0,908094.06,2,Recently Active,Recent purchase activity
CUST07432,2025-12-31,1088,3896.0,2248604.959999999,1,Recently Active,Recent purchase activity
CUST07433,2025-12-29,300,1110.0,686033.37,3,Recently Active,Recent purchase activity
CUST07434,2025-12-30,1069,3720.0,2070965.54,2,Recently Active,Recent purchase activity
CUST07435,2025-12-31,719,2628.0,1481870.1700000002,1,Recently Active,Recent purchase activity
CUST07436,2025-12-28,472,1762.0,975136.7600000001,4,Active - Monitor,Monitor purchase recency
CUST07437,2025-12-30,1052,3744.0,2092798.6900000002,2,Recently Active,Recent purchase activity
CUST07438,2025-12-29,329,1230.0,724986.1000000002,3,Recently Active,Recent purchase activity
CUST07439,2025-12-30,1047,3789.0,2248926.0,2,Recently Active,Recent purchase activity
CUST07440,2025-12-30,706,2524.0,1395154.01,2,Recently Active,Recent purchase activity
CUST07441,2025-12-31,473,1755.0,1003211.6499999999,1,Recently Active,Recent purchase activity
CUST07442,2025-12-31,453,1518.0,924633.5200000003,1,Recently Active,Recent purchase activity
CUST07443,2025-12-30,1039,3957.0,2221872.2100000004,2,Recently Active,Recent purchase activity
CUST07444,2025-12-31,627,2283.0,1432754.21,1,Recently Active,Recent purchase activity
CUST07445,2025-12-30,455,1658.0,968513.14,2,Recently Active,Recent purchase activity
CUST07446,2025-12-26,665,2497.0,1483470.6099999999,6,Active - Monitor,Monitor purchase recency
CUST07447,2025-12-31,465,1664.0,959827.37,1,Recently Active,Recent purchase activity
CUST07448,2025-12-28,699,2425.0,1386073.49,4,Active - Monitor,Monitor purchase recency
CUST07449,2025-12-30,462,1546.0,927529.3799999999,2,Recently Active,Recent purchase activity
CUST07450,2025-12-28,345,1217.0,720463.1600000001,4,Active - Monitor,Monitor purchase recency
CUST07451,2025-12-31,320,1177.0,660952.8799999999,1,Recently Active,Recent purchase activity
CUST07452,2025-12-30,677,2348.0,1402294.7100000002,2,Recently Active,Recent purchase activity
CUST07453,2025-12-30,344,1198.0,692082.8,2,Recently Active,Recent purchase activity
CUST07454,2025-12-31,672,2421.0,1452790.0200000003,1,Recently Active,Recent purchase activity
CUST07455,2025-12-31,425,1624.0,905059.8100000002,1,Recently Active,Recent purchase activity
CUST07456,2025-12-31,323,1102.0,611394.6199999999,1,Recently Active,Recent purchase activity
CUST07457,2025-12-31,700,2496.0,1424107.42,1,Recently Active,Recent purchase activity
CUST07458,2025-12-31,712,2665.0,1557836.4900000002,1,Recently Active,Recent purchase activity
CUST07459,2025-12-28,507,1839.0,967241.1400000002,4,Active - Monitor,Monitor purchase recency
CUST07460,2025-12-31,1024,3666.0,2173616.1799999997,1,Recently Active,Recent purchase activity
CUST07461,2025-12-30,669,2487.0,1448459.91,2,Recently Active,Recent purchase activity
CUST07462,2025-12-31,694,2577.0,1411952.47,1,Recently Active,Recent purchase activity
CUST07463,2025-12-31,445,1702.0,1023021.0899999999,1,Recently Active,Recent purchase activity
CUST07464,2025-12-30,705,2452.0,1448634.5299999998,2,Recently Active,Recent purchase activity
CUST07465,2025-12-31,456,1693.0,989260.0700000003,1,Recently Active,Recent purchase activity
CUST07466,2025-12-31,472,1791.0,998956.2400000002,1,Recently Active,Recent purchase activity
CUST07467,2025-12-30,434,1549.0,850592.8200000002,2,Recently Active,Recent purchase activity
CUST07468,2025-12-29,658,2327.0,1328804.84,3,Recently Active,Recent purchase activity
CUST07469,2025-12-31,333,1212.0,674144.36,1,Recently Active,Recent purchase activity
CUST07470,2025-12-29,456,1751.0,984685.5900000001,3,Recently Active,Recent purchase activity
CUST07471,2025-12-23,305,1178.0,694409.88,9,Inactivity Watch,Review customer engagement
CUST07472,2025-12-31,437,1567.0,896617.6499999999,1,Recently Active,Recent purchase activity
CUST07473,2025-12-31,469,1694.0,953343.3099999998,1,Recently Active,Recent purchase activity
CUST07474,2025-12-24,344,1343.0,785383.8,8,Inactivity Watch,Review customer engagement
CUST07475,2025-12-26,334,1179.0,667367.8900000001,6,Active - Monitor,Monitor purchase recency
CUST07476,2025-12-20,289,1066.0,583875.74,12,Inactivity Watch,Review customer engagement
CUST07477,2025-12-30,705,2600.0,1569353.43,2,Recently Active,Recent purchase activity
CUST07478,2025-12-30,492,1777.0,1028200.4800000001,2,Recently Active,Recent purchase activity
CUST07479,2025-12-30,312,1110.0,618858.06,2,Recently Active,Recent purchase activity
CUST07480,2025-12-30,454,1670.0,942554.57,2,Recently Active,Recent purchase activity
CUST07481,2025-12-30,485,1681.0,961043.6599999999,2,Recently Active,Recent purchase activity
CUST07482,2025-12-31,1104,3989.0,2372992.3999999994,1,Recently Active,Recent purchase activity
CUST07483,2025-12-31,684,2551.0,1525127.4799999997,1,Recently Active,Recent purchase activity
CUST07484,2025-12-29,456,1620.0,956546.1300000001,3,Recently Active,Recent purchase activity
CUST07485,2025-12-31,475,1725.0,978378.1699999999,1,Recently Active,Recent purchase activity
CUST07486,2025-12-30,1072,3973.0,2323710.04,2,Recently Active,Recent purchase activity
CUST07487,2025-12-31,317,1219.0,658408.7100000001,1,Recently Active,Recent purchase activity
CUST07488,2025-12-30,716,2579.0,1426494.4199999997,2,Recently Active,Recent purchase activity
CUST07489,2025-12-30,725,2513.0,1408460.4099999997,2,Recently Active,Recent purchase activity
CUST07490,2025-12-31,1060,3661.0,2109503.6399999997,1,Recently Active,Recent purchase activity
CUST07491,2025-12-31,1035,3959.0,2269151.6599999997,1,Recently Active,Recent purchase activity
CUST07492,2025-12-30,322,1069.0,612989.0800000001,2,Recently Active,Recent purchase activity
CUST07493,2025-12-29,448,1676.0,1019452.1300000001,3,Recently Active,Recent purchase activity
CUST07494,2025-12-31,303,1135.0,680271.5700000001,1,Recently Active,Recent purchase activity
CUST07495,2025-12-24,332,1164.0,643601.3599999999,8,Inactivity Watch,Review customer engagement
CUST07496,2025-12-30,740,2653.0,1566912.3999999997,2,Recently Active,Recent purchase activity
CUST07497,2025-12-31,665,2412.0,1461538.18,1,Recently Active,Recent purchase activity
CUST07498,2025-12-27,476,1696.0,1036010.07,5,Active - Monitor,Monitor purchase recency
CUST07499,2025-12-31,717,2568.0,1522761.7399999998,1,Recently Active,Recent purchase activity
CUST07500,2025-12-31,335,1238.0,765305.4800000002,1,Recently Active,Recent purchase activity
CUST07501,2025-12-31,409,1499.0,842827.3200000001,1,Recently Active,Recent purchase activity
CUST07502,2025-12-30,322,1209.0,693279.9800000001,2,Recently Active,Recent purchase activity
CUST07503,2025-12-29,675,2405.0,1372863.7299999995,3,Recently Active,Recent purchase activity
CUST07504,2025-12-30,318,1072.0,605969.7700000001,2,Recently Active,Recent purchase activity
CUST07505,2025-12-30,315,1115.0,619637.76,2,Recently Active,Recent purchase activity
CUST07506,2025-12-31,341,1239.0,717972.9099999999,1,Recently Active,Recent purchase activity
CUST07507,2025-12-30,339,1273.0,743000.07,2,Recently Active,Recent purchase activity
CUST07508,2025-12-31,680,2477.0,1419394.8800000004,1,Recently Active,Recent purchase activity
CUST07509,2025-12-31,316,1118.0,680674.89,1,Recently Active,Recent purchase activity
CUST07510,2025-12-30,338,1214.0,647719.5900000002,2,Recently Active,Recent purchase activity
CUST07511,2025-12-31,290,1009.0,533441.6799999999,1,Recently Active,Recent purchase activity
CUST07512,2025-12-30,707,2574.0,1418774.0899999996,2,Recently Active,Recent purchase activity
CUST07513,2025-12-30,338,1259.0,715766.96,2,Recently Active,Recent purchase activity
CUST07514,2025-12-31,335,1169.0,731344.9600000001,1,Recently Active,Recent purchase activity
CUST07515,2025-12-27,332,1245.0,801978.3900000002,5,Active - Monitor,Monitor purchase recency
CUST07516,2025-12-31,1073,3940.0,2319718.5199999996,1,Recently Active,Recent purchase activity
CUST07517,2025-12-30,473,1710.0,1003327.2699999998,2,Recently Active,Recent purchase activity
CUST07518,2025-12-30,345,1208.0,706703.49,2,Recently Active,Recent purchase activity
CUST07519,2025-12-30,467,1692.0,930026.9500000001,2,Recently Active,Recent purchase activity
CUST07520,2025-12-30,705,2496.0,1543724.2899999998,2,Recently Active,Recent purchase activity
CUST07521,2025-12-31,491,1799.0,1103196.8399999999,1,Recently Active,Recent purchase activity
CUST07522,2025-12-31,469,1758.0,1085632.7899999998,1,Recently Active,Recent purchase activity
CUST07523,2025-12-29,307,1064.0,620119.41,3,Recently Active,Recent purchase activity
CUST07524,2025-12-28,431,1538.0,859116.95,4,Active - Monitor,Monitor purchase recency
CUST07525,2025-12-26,331,1343.0,737630.2,6,Active - Monitor,Monitor purchase recency
CUST07526,2025-12-30,342,1253.0,756883.66,2,Recently Active,Recent purchase activity
CUST07527,2025-12-31,1062,4015.0,2436639.2999999993,1,Recently Active,Recent purchase activity
CUST07528,2025-12-31,628,2327.0,1348591.2399999998,1,Recently Active,Recent purchase activity
CUST07529,2025-12-31,333,1156.0,696215.85,1,Recently Active,Recent purchase activity
CUST07530,2025-12-28,425,1593.0,923975.7700000001,4,Active - Monitor,Monitor purchase recency
CUST07531,2025-12-30,746,2647.0,1526807.0399999996,2,Recently Active,Recent purchase activity
CUST07532,2025-12-31,491,1698.0,977276.62,1,Recently Active,Recent purchase activity
CUST07533,2025-12-30,451,1666.0,914854.2100000001,2,Recently Active,Recent purchase activity
CUST07534,2025-12-31,469,1678.0,993910.1200000003,1,Recently Active,Recent purchase activity
CUST07535,2025-12-31,433,1588.0,984711.6000000001,1,Recently Active,Recent purchase activity
CUST07536,2025-12-31,731,2842.0,1723613.6599999995,1,Recently Active,Recent purchase activity
CUST07537,2025-12-31,333,1163.0,621703.0599999999,1,Recently Active,Recent purchase activity
CUST07538,2025-12-30,665,2409.0,1373250.48,2,Recently Active,Recent purchase activity
CUST07539,2025-12-24,455,1631.0,940473.6300000001,8,Inactivity Watch,Review customer engagement
CUST07540,2025-12-30,309,1064.0,604045.28,2,Recently Active,Recent purchase activity
CUST07541,2025-12-31,310,1141.0,668603.44,1,Recently Active,Recent purchase activity
CUST07542,2025-12-30,668,2351.0,1396446.1199999999,2,Recently Active,Recent purchase activity
CUST07543,2025-12-29,356,1247.0,712717.5399999999,3,Recently Active,Recent purchase activity
CUST07544,2025-12-24,478,1666.0,967982.81,8,Inactivity Watch,Review customer engagement
CUST07545,2025-12-31,324,1195.0,690983.05,1,Recently Active,Recent purchase activity
CUST07546,2025-12-31,486,1752.0,1004642.37,1,Recently Active,Recent purchase activity
CUST07547,2025-12-31,317,1221.0,650312.4000000001,1,Recently Active,Recent purchase activity
CUST07548,2025-12-29,483,1830.0,1068431.62,3,Recently Active,Recent purchase activity
CUST07549,2025-12-31,480,1745.0,1045013.99,1,Recently Active,Recent purchase activity
CUST07550,2025-12-31,657,2397.0,1450982.1300000004,1,Recently Active,Recent purchase activity
CUST07551,2025-12-21,320,1107.0,661582.2499999999,11,Inactivity Watch,Review customer engagement
CUST07552,2025-12-31,340,1225.0,712957.5,1,Recently Active,Recent purchase activity
CUST07553,2025-12-31,442,1512.0,863268.18,1,Recently Active,Recent purchase activity
CUST07554,2025-12-31,690,2462.0,1409128.3199999998,1,Recently Active,Recent purchase activity
CUST07555,2025-12-30,691,2434.0,1428109.27,2,Recently Active,Recent purchase activity
CUST07556,2025-12-31,307,1032.0,609922.44,1,Recently Active,Recent purchase activity
CUST07557,2025-12-22,300,1174.0,731974.7300000001,10,Inactivity Watch,Review customer engagement
CUST07558,2025-12-31,335,1226.0,669805.5,1,Recently Active,Recent purchase activity
CUST07559,2025-12-29,318,1235.0,677151.0200000001,3,Recently Active,Recent purchase activity
CUST07560,2025-12-27,325,1193.0,683645.25,5,Active - Monitor,Monitor purchase recency
CUST07561,2025-12-28,469,1675.0,969248.77,4,Active - Monitor,Monitor purchase recency
CUST07562,2025-12-30,698,2522.0,1491017.84,2,Recently Active,Recent purchase activity
CUST07563,2025-12-28,658,2348.0,1336565.2899999998,4,Active - Monitor,Monitor purchase recency
CUST07564,2025-12-28,337,1261.0,695970.1300000001,4,Active - Monitor,Monitor purchase recency
CUST07565,2025-12-31,332,1228.0,714597.02,1,Recently Active,Recent purchase activity
CUST07566,2025-12-25,463,1716.0,1015458.4200000002,7,Active - Monitor,Monitor purchase recency
CUST07567,2025-12-31,434,1489.0,881091.15,1,Recently Active,Recent purchase activity
CUST07568,2025-12-24,455,1669.0,1024884.3300000001,8,Inactivity Watch,Review customer engagement
CUST07569,2025-12-29,696,2449.0,1407339.65,3,Recently Active,Recent purchase activity
CUST07570,2025-12-31,346,1181.0,639921.27,1,Recently Active,Recent purchase activity
CUST07571,2025-12-29,332,1218.0,644172.0700000001,3,Recently Active,Recent purchase activity
CUST07572,2025-12-26,436,1600.0,902197.6400000001,6,Active - Monitor,Monitor purchase recency
CUST07573,2025-12-27,463,1747.0,1029684.2799999999,5,Active - Monitor,Monitor purchase recency
CUST07574,2025-12-30,333,1155.0,699755.98,2,Recently Active,Recent purchase activity
CUST07575,2025-12-28,319,1200.0,682780.1400000001,4,Active - Monitor,Monitor purchase recency
CUST07576,2025-12-30,1054,3870.0,2100524.15,2,Recently Active,Recent purchase activity
CUST07577,2025-12-31,689,2475.0,1501502.4,1,Recently Active,Recent purchase activity
CUST07578,2025-12-30,446,1619.0,915062.3800000001,2,Recently Active,Recent purchase activity
CUST07579,2025-12-31,326,1239.0,755093.5599999999,1,Recently Active,Recent purchase activity
CUST07580,2025-12-31,1061,3804.0,2165651.9699999993,1,Recently Active,Recent purchase activity
CUST07581,2025-12-30,444,1628.0,960478.14,2,Recently Active,Recent purchase activity
CUST07582,2025-12-28,317,1101.0,633001.0599999999,4,Active - Monitor,Monitor purchase recency
CUST07583,2025-12-31,345,1182.0,732687.5100000001,1,Recently Active,Recent purchase activity
CUST07584,2025-12-29,304,1047.0,616512.9299999999,3,Recently Active,Recent purchase activity
CUST07585,2025-12-24,333,1206.0,715722.1500000001,8,Inactivity Watch,Review customer engagement
CUST07586,2025-12-31,500,1885.0,1150902.22,1,Recently Active,Recent purchase activity
CUST07587,2025-12-24,294,1024.0,575040.6099999999,8,Inactivity Watch,Review customer engagement
CUST07588,2025-12-31,451,1780.0,1038984.54,1,Recently Active,Recent purchase activity
CUST07589,2025-12-31,476,1724.0,970523.9,1,Recently Active,Recent purchase activity
CUST07590,2025-12-27,313,1082.0,629704.8500000001,5,Active - Monitor,Monitor purchase recency
CUST07591,2025-12-19,339,1156.0,662509.54,13,Inactivity Watch,Review customer engagement
CUST07592,2025-12-31,1065,3901.0,2184588.88,1,Recently Active,Recent purchase activity
CUST07593,2025-12-28,340,1224.0,708939.84,4,Active - Monitor,Monitor purchase recency
CUST07594,2025-12-31,310,1134.0,567379.27,1,Recently Active,Recent purchase activity
CUST07595,2025-12-31,663,2339.0,1344346.01,1,Recently Active,Recent purchase activity
CUST07596,2025-12-31,716,2542.0,1473176.5099999998,1,Recently Active,Recent purchase activity
CUST07597,2025-12-31,443,1603.0,976109.4700000001,1,Recently Active,Recent purchase activity
CUST07598,2025-12-27,322,1240.0,738070.38,5,Active - Monitor,Monitor purchase recency
CUST07599,2025-12-28,479,1756.0,1118383.96,4,Active - Monitor,Monitor purchase recency
CUST07600,2025-12-30,474,1671.0,1044203.1400000001,2,Recently Active,Recent purchase activity
CUST07601,2025-12-30,717,2614.0,1534625.3099999998,2,Recently Active,Recent purchase activity
CUST07602,2025-12-24,336,1184.0,664275.61,8,Inactivity Watch,Review customer engagement
CUST07603,2025-12-15,301,1074.0,655992.8899999999,17,Extended Inactivity,Review individually; inactivity is not proof of churn
CUST07604,2025-12-31,471,1756.0,1034860.7,1,Recently Active,Recent purchase activity
CUST07605,2025-12-29,349,1402.0,850758.43,3,Recently Active,Recent purchase activity
CUST07606,2025-12-31,458,1670.0,1002299.8600000002,1,Recently Active,Recent purchase activity
CUST07607,2025-12-31,333,1164.0,735699.6599999999,1,Recently Active,Recent purchase activity
CUST07608,2025-12-28,694,2460.0,1407315.23,4,Active - Monitor,Monitor purchase recency
CUST07609,2025-12-29,460,1716.0,980901.6000000003,3,Recently Active,Recent purchase activity
CUST07610,2025-12-31,329,1230.0,687594.54,1,Recently Active,Recent purchase activity
CUST07611,2025-12-31,462,1757.0,1052636.3299999998,1,Recently Active,Recent purchase activity
CUST07612,2025-12-31,765,2757.0,1669983.41,1,Recently Active,Recent purchase activity
CUST07613,2025-12-31,333,1226.0,800063.1699999999,1,Recently Active,Recent purchase activity
CUST07614,2025-12-31,752,2774.0,1645696.6800000004,1,Recently Active,Recent purchase activity
CUST07615,2025-12-31,705,2494.0,1406576.4,1,Recently Active,Recent purchase activity
CUST07616,2025-12-31,447,1620.0,957979.0400000003,1,Recently Active,Recent purchase activity
CUST07617,2025-12-30,471,1715.0,924596.5200000001,2,Recently Active,Recent purchase activity
CUST07618,2025-12-31,487,1762.0,1060258.23,1,Recently Active,Recent purchase activity
CUST07619,2025-12-26,486,1748.0,1001660.6300000001,6,Active - Monitor,Monitor purchase recency
CUST07620,2025-12-27,315,1187.0,697715.6400000001,5,Active - Monitor,Monitor purchase recency
CUST07621,2025-12-30,323,1125.0,630662.86,2,Recently Active,Recent purchase activity
CUST07622,2025-12-23,425,1538.0,897915.1000000002,9,Inactivity Watch,Review customer engagement
CUST07623,2025-12-28,676,2422.0,1285333.9199999997,4,Active - Monitor,Monitor purchase recency
CUST07624,2025-12-31,303,1090.0,636428.34,1,Recently Active,Recent purchase activity
CUST07625,2025-12-30,310,1104.0,591892.7600000001,2,Recently Active,Recent purchase activity
CUST07626,2025-12-28,309,1138.0,657165.78,4,Active - Monitor,Monitor purchase recency
CUST07627,2025-12-29,356,1245.0,795450.0999999999,3,Recently Active,Recent purchase activity
CUST07628,2025-12-29,502,1784.0,1102713.03,3,Recently Active,Recent purchase activity
CUST07629,2025-12-31,685,2479.0,1401864.89,1,Recently Active,Recent purchase activity
CUST07630,2025-12-26,344,1264.0,696248.3200000001,6,Active - Monitor,Monitor purchase recency
CUST07631,2025-12-29,689,2454.0,1409754.7199999997,3,Recently Active,Recent purchase activity
CUST07632,2025-12-31,676,2438.0,1325214.4399999997,1,Recently Active,Recent purchase activity
CUST07633,2025-12-31,491,1820.0,1057703.58,1,Recently Active,Recent purchase activity
CUST07634,2025-12-21,308,1156.0,621100.4600000001,11,Inactivity Watch,Review customer engagement
CUST07635,2025-12-29,299,1037.0,593080.66,3,Recently Active,Recent purchase activity
CUST07636,2025-12-26,303,1112.0,595578.81,6,Active - Monitor,Monitor purchase recency
CUST07637,2025-12-31,338,1241.0,676977.4300000002,1,Recently Active,Recent purchase activity
CUST07638,2025-12-30,459,1602.0,963125.7,2,Recently Active,Recent purchase activity
CUST07639,2025-12-25,321,1164.0,679716.2899999999,7,Active - Monitor,Monitor purchase recency
CUST07640,2025-12-30,447,1534.0,924423.6900000002,2,Recently Active,Recent purchase activity
CUST07641,2025-12-31,704,2581.0,1532478.5099999998,1,Recently Active,Recent purchase activity
CUST07642,2025-12-28,331,1151.0,707507.8699999999,4,Active - Monitor,Monitor purchase recency
CUST07643,2025-12-27,678,2414.0,1414253.56,5,Active - Monitor,Monitor purchase recency
CUST07644,2025-12-29,345,1254.0,671732.53,3,Recently Active,Recent purchase activity
CUST07645,2025-12-30,480,1735.0,1042924.7200000001,2,Recently Active,Recent purchase activity
CUST07646,2025-12-29,682,2423.0,1350165.15,3,Recently Active,Recent purchase activity
CUST07647,2025-12-24,486,1809.0,1008087.22,8,Inactivity Watch,Review customer engagement
CUST07648,2025-12-31,680,2467.0,1388108.23,1,Recently Active,Recent purchase activity
CUST07649,2025-12-29,693,2403.0,1439384.7799999996,3,Recently Active,Recent purchase activity
CUST07650,2025-12-26,352,1300.0,680226.64,6,Active - Monitor,Monitor purchase recency
CUST07651,2025-12-28,443,1456.0,872431.3500000001,4,Active - Monitor,Monitor purchase recency
CUST07652,2025-12-20,304,1083.0,634115.2399999999,12,Inactivity Watch,Review customer engagement
CUST07653,2025-12-30,1043,3668.0,2249954.17,2,Recently Active,Recent purchase activity
CUST07654,2025-12-31,1055,3740.0,2135169.8599999994,1,Recently Active,Recent purchase activity
CUST07655,2025-12-31,329,1164.0,632913.95,1,Recently Active,Recent purchase activity
CUST07656,2025-12-29,672,2438.0,1467287.7699999998,3,Recently Active,Recent purchase activity
CUST07657,2025-12-26,337,1226.0,732578.1799999999,6,Active - Monitor,Monitor purchase recency
CUST07658,2025-12-30,664,2550.0,1507323.8199999998,2,Recently Active,Recent purchase activity
CUST07659,2025-12-23,342,1306.0,774017.3899999999,9,Inactivity Watch,Review customer engagement
CUST07660,2025-12-30,717,2556.0,1415277.6800000002,2,Recently Active,Recent purchase activity
CUST07661,2025-12-28,320,1136.0,643474.93,4,Active - Monitor,Monitor purchase recency
CUST07662,2025-12-31,677,2436.0,1433181.06,1,Recently Active,Recent purchase activity
CUST07663,2025-12-30,447,1614.0,912313.9299999999,2,Recently Active,Recent purchase activity
CUST07664,2025-12-30,736,2768.0,1572864.1699999995,2,Recently Active,Recent purchase activity
CUST07665,2025-12-31,329,1192.0,691419.67,1,Recently Active,Recent purchase activity
CUST07666,2025-12-31,765,2817.0,1644439.05,1,Recently Active,Recent purchase activity
CUST07667,2025-12-31,515,1843.0,1022399.3000000002,1,Recently Active,Recent purchase activity
CUST07668,2025-12-30,336,1201.0,672192.57,2,Recently Active,Recent purchase activity
CUST07669,2025-12-26,330,1155.0,678560.4,6,Active - Monitor,Monitor purchase recency
CUST07670,2025-12-31,303,1074.0,617267.8200000001,1,Recently Active,Recent purchase activity
CUST07671,2025-12-29,473,1743.0,949329.7999999998,3,Recently Active,Recent purchase activity
CUST07672,2025-12-16,297,1055.0,602172.27,16,Extended Inactivity,Review individually; inactivity is not proof of churn
CUST07673,2025-12-27,693,2444.0,1508954.68,5,Active - Monitor,Monitor purchase recency
CUST07674,2025-12-31,703,2562.0,1455160.5799999998,1,Recently Active,Recent purchase activity
CUST07675,2025-12-30,314,1033.0,614150.1399999999,2,Recently Active,Recent purchase activity
CUST07676,2025-12-28,320,1183.0,717635.8099999999,4,Active - Monitor,Monitor purchase recency
CUST07677,2025-12-30,1048,3822.0,2226681.9699999997,2,Recently Active,Recent purchase activity
CUST07678,2025-12-30,474,1707.0,929959.4500000001,2,Recently Active,Recent purchase activity
CUST07679,2025-12-28,432,1542.0,868858.4600000002,4,Active - Monitor,Monitor purchase recency
CUST07680,2025-12-26,456,1647.0,933786.8399999999,6,Active - Monitor,Monitor purchase recency
CUST07681,2025-12-25,357,1325.0,789236.3600000001,7,Active - Monitor,Monitor purchase recency
CUST07682,2025-12-31,638,2290.0,1364625.51,1,Recently Active,Recent purchase activity
CUST07683,2025-12-28,500,1779.0,1040471.93,4,Active - Monitor,Monitor purchase recency
CUST07684,2025-12-29,320,1133.0,654815.94,3,Recently Active,Recent purchase activity
CUST07685,2025-12-29,489,1664.0,927871.5800000003,3,Recently Active,Recent purchase activity
CUST07686,2025-12-31,677,2429.0,1440001.3499999994,1,Recently Active,Recent purchase activity
CUST07687,2025-12-31,705,2584.0,1393121.1599999997,1,Recently Active,Recent purchase activity
CUST07688,2025-12-30,755,2760.0,1597461.8699999999,2,Recently Active,Recent purchase activity
CUST07689,2025-12-30,348,1304.0,768156.3300000001,2,Recently Active,Recent purchase activity
CUST07690,2025-12-31,317,1205.0,689463.0700000001,1,Recently Active,Recent purchase activity
CUST07691,2025-12-31,695,2483.0,1470106.33,1,Recently Active,Recent purchase activity
CUST07692,2025-12-29,707,2535.0,1454221.89,3,Recently Active,Recent purchase activity
CUST07693,2025-12-30,765,2791.0,1532866.95,2,Recently Active,Recent purchase activity
CUST07694,2025-12-29,1070,3834.0,2244874.9299999992,3,Recently Active,Recent purchase activity
CUST07695,2025-12-30,326,1155.0,726891.9200000002,2,Recently Active,Recent purchase activity
CUST07696,2025-12-22,445,1603.0,979106.6199999999,10,Inactivity Watch,Review customer engagement
CUST07697,2025-12-31,481,1718.0,968298.4299999999,1,Recently Active,Recent purchase activity
CUST07698,2025-12-31,344,1155.0,687178.88,1,Recently Active,Recent purchase activity
CUST07699,2025-12-27,488,1759.0,954861.2100000001,5,Active - Monitor,Monitor purchase recency
CUST07700,2025-12-31,1093,4092.0,2344036.839999999,1,Recently Active,Recent purchase activity
CUST07701,2025-12-31,1086,3790.0,2234571.749999999,1,Recently Active,Recent purchase activity
CUST07702,2025-12-30,479,1762.0,1050982.67,2,Recently Active,Recent purchase activity
CUST07703,2025-12-29,305,1081.0,669162.1600000001,3,Recently Active,Recent purchase activity
CUST07704,2025-12-31,656,2476.0,1471054.1,1,Recently Active,Recent purchase activity
CUST07705,2025-12-31,665,2496.0,1453575.2299999997,1,Recently Active,Recent purchase activity
CUST07706,2025-12-31,494,1795.0,983910.4600000002,1,Recently Active,Recent purchase activity
CUST07707,2025-12-29,480,1796.0,987611.5400000003,3,Recently Active,Recent purchase activity
CUST07708,2025-12-24,308,1175.0,646849.0100000002,8,Inactivity Watch,Review customer engagement
CUST07709,2025-12-21,311,1096.0,668561.84,11,Inactivity Watch,Review customer engagement
CUST07710,2025-12-28,345,1194.0,709161.47,4,Active - Monitor,Monitor purchase recency
CUST07711,2025-12-31,430,1593.0,952553.57,1,Recently Active,Recent purchase activity
CUST07712,2025-12-24,344,1276.0,756699.14,8,Inactivity Watch,Review customer engagement
CUST07713,2025-12-30,470,1655.0,1021636.1100000001,2,Recently Active,Recent purchase activity
CUST07714,2025-12-29,295,1032.0,574553.1099999999,3,Recently Active,Recent purchase activity
CUST07715,2025-12-30,709,2574.0,1512835.9700000002,2,Recently Active,Recent purchase activity
CUST07716,2025-12-28,346,1330.0,810423.29,4,Active - Monitor,Monitor purchase recency
CUST07717,2025-12-26,475,1702.0,926866.24,6,Active - Monitor,Monitor purchase recency
CUST07718,2025-12-15,326,1238.0,798297.4099999999,17,Extended Inactivity,Review individually; inactivity is not proof of churn
CUST07719,2025-12-31,461,1615.0,937199.1299999999,1,Recently Active,Recent purchase activity
CUST07720,2025-12-31,339,1216.0,729428.05,1,Recently Active,Recent purchase activity
CUST07721,2025-12-28,336,1233.0,747304.3599999999,4,Active - Monitor,Monitor purchase recency
CUST07722,2025-12-28,439,1590.0,929203.4799999999,4,Active - Monitor,Monitor purchase recency
CUST07723,2025-12-28,490,1846.0,1030381.0599999998,4,Active - Monitor,Monitor purchase recency
CUST07724,2025-12-27,296,1043.0,676203.6600000001,5,Active - Monitor,Monitor purchase recency
CUST07725,2025-12-30,1124,4085.0,2421067.78,2,Recently Active,Recent purchase activity
CUST07726,2025-12-31,763,2823.0,1655175.2799999998,1,Recently Active,Recent purchase activity
CUST07727,2025-12-31,468,1689.0,979103.6800000002,1,Recently Active,Recent purchase activity
CUST07728,2025-12-31,1075,3909.0,2168923.0699999994,1,Recently Active,Recent purchase activity
CUST07729,2025-12-26,710,2540.0,1560943.9399999995,6,Active - Monitor,Monitor purchase recency
CUST07730,2025-12-31,526,1780.0,1060562.88,1,Recently Active,Recent purchase activity
CUST07731,2025-12-30,1026,3687.0,2183859.41,2,Recently Active,Recent purchase activity
CUST07732,2025-12-31,505,1810.0,1023138.31,1,Recently Active,Recent purchase activity
CUST07733,2025-12-20,331,1161.0,670063.02,12,Inactivity Watch,Review customer engagement
CUST07734,2025-12-31,356,1286.0,706722.91,1,Recently Active,Recent purchase activity
CUST07735,2025-12-29,285,1037.0,608334.4600000001,3,Recently Active,Recent purchase activity
CUST07736,2025-12-20,317,1176.0,723753.6399999999,12,Inactivity Watch,Review customer engagement
CUST07737,2025-12-31,356,1208.0,704664.57,1,Recently Active,Recent purchase activity
CUST07738,2025-12-31,484,1713.0,970198.6100000001,1,Recently Active,Recent purchase activity
CUST07739,2025-12-31,456,1649.0,918432.9400000003,1,Recently Active,Recent purchase activity
CUST07740,2025-12-29,309,1132.0,643389.79,3,Recently Active,Recent purchase activity
CUST07741,2025-12-27,441,1689.0,913333.9299999999,5,Active - Monitor,Monitor purchase recency
CUST07742,2025-12-30,464,1722.0,1067147.76,2,Recently Active,Recent purchase activity
CUST07743,2025-12-31,1088,3861.0,2268146.0399999996,1,Recently Active,Recent purchase activity
CUST07744,2025-12-29,436,1527.0,952853.09,3,Recently Active,Recent purchase activity
CUST07745,2025-12-31,1073,3949.0,2407655.0599999996,1,Recently Active,Recent purchase activity
CUST07746,2025-12-31,711,2601.0,1409908.83,1,Recently Active,Recent purchase activity
CUST07747,2025-12-26,476,1753.0,1019032.83,6,Active - Monitor,Monitor purchase recency
CUST07748,2025-12-31,304,1137.0,641378.5800000001,1,Recently Active,Recent purchase activity
CUST07749,2025-12-18,721,2619.0,1506586.31,14,Inactivity Watch,Review customer engagement
CUST07750,2025-12-22,304,1110.0,621959.1599999999,10,Inactivity Watch,Review customer engagement
CUST07751,2025-12-14,318,1119.0,742373.69,18,Extended Inactivity,Review individually; inactivity is not proof of churn
CUST07752,2025-12-29,675,2450.0,1407144.0899999999,3,Recently Active,Recent purchase activity
CUST07753,2025-12-30,452,1630.0,999034.7200000001,2,Recently Active,Recent purchase activity
CUST07754,2025-12-17,325,1238.0,696636.08,15,Extended Inactivity,Review individually; inactivity is not proof of churn
CUST07755,2025-12-31,311,1096.0,653376.6299999999,1,Recently Active,Recent purchase activity
CUST07756,2025-12-31,685,2472.0,1382375.63,1,Recently Active,Recent purchase activity
CUST07757,2025-12-22,326,1224.0,736223.3799999999,10,Inactivity Watch,Review customer engagement
CUST07758,2025-12-31,701,2745.0,1530666.9399999997,1,Recently Active,Recent purchase activity
CUST07759,2025-12-28,470,1747.0,986504.2399999999,4,Active - Monitor,Monitor purchase recency
CUST07760,2025-12-31,741,2475.0,1456465.4399999995,1,Recently Active,Recent purchase activity
CUST07761,2025-12-27,478,1738.0,948261.7499999999,5,Active - Monitor,Monitor purchase recency
CUST07762,2025-12-30,1057,3817.0,2190029.14,2,Recently Active,Recent purchase activity
CUST07763,2025-12-31,699,2536.0,1426187.3199999998,1,Recently Active,Recent purchase activity
CUST07764,2025-12-26,307,1083.0,677340.3700000002,6,Active - Monitor,Monitor purchase recency
CUST07765,2025-12-30,464,1750.0,1017691.1499999998,2,Recently Active,Recent purchase activity
CUST07766,2025-12-31,1064,3805.0,2093336.0399999996,1,Recently Active,Recent purchase activity
CUST07767,2025-12-31,314,1156.0,612430.43,1,Recently Active,Recent purchase activity
CUST07768,2025-12-31,495,1775.0,1097516.81,1,Recently Active,Recent purchase activity
CUST07769,2025-12-31,494,1775.0,1063272.1200000003,1,Recently Active,Recent purchase activity
CUST07770,2025-12-21,345,1317.0,703964.1000000001,11,Inactivity Watch,Review customer engagement
CUST07771,2025-12-30,307,1141.0,678737.2600000001,2,Recently Active,Recent purchase activity
CUST07772,2025-12-30,329,1175.0,738559.48,2,Recently Active,Recent purchase activity
CUST07773,2025-12-29,477,1706.0,1009251.4700000002,3,Recently Active,Recent purchase activity
CUST07774,2025-12-31,703,2507.0,1421236.84,1,Recently Active,Recent purchase activity
CUST07775,2025-12-26,437,1642.0,973872.84,6,Active - Monitor,Monitor purchase recency
CUST07776,2025-12-27,320,1173.0,705205.7400000001,5,Active - Monitor,Monitor purchase recency
CUST07777,2025-12-29,320,1272.0,762905.3900000001,3,Recently Active,Recent purchase activity
CUST07778,2025-12-31,474,1656.0,982391.0900000001,1,Recently Active,Recent purchase activity
CUST07779,2025-12-31,336,1230.0,769934.2,1,Recently Active,Recent purchase activity
CUST07780,2025-12-27,332,1231.0,692467.16,5,Active - Monitor,Monitor purchase recency
CUST07781,2025-12-29,321,1148.0,602629.81,3,Recently Active,Recent purchase activity
CUST07782,2025-12-31,464,1723.0,994005.8900000002,1,Recently Active,Recent purchase activity
CUST07783,2025-12-28,723,2680.0,1579730.74,4,Active - Monitor,Monitor purchase recency
CUST07784,2025-12-31,441,1581.0,855451.44,1,Recently Active,Recent purchase activity
CUST07785,2025-12-31,336,1252.0,701979.1699999999,1,Recently Active,Recent purchase activity
CUST07786,2025-12-31,340,1241.0,742304.3199999998,1,Recently Active,Recent purchase activity
CUST07787,2025-12-28,349,1267.0,729042.8600000001,4,Active - Monitor,Monitor purchase recency
CUST07788,2025-12-29,322,1206.0,707924.11,3,Recently Active,Recent purchase activity
CUST07789,2025-12-30,465,1661.0,988416.6299999999,2,Recently Active,Recent purchase activity
CUST07790,2025-12-31,1047,3967.0,2350280.5899999994,1,Recently Active,Recent purchase activity
CUST07791,2025-12-30,330,1237.0,751232.3200000003,2,Recently Active,Recent purchase activity
CUST07792,2025-12-28,304,1143.0,668925.0999999999,4,Active - Monitor,Monitor purchase recency
CUST07793,2025-12-28,488,1762.0,1017901.3399999999,4,Active - Monitor,Monitor purchase recency
CUST07794,2025-12-29,453,1631.0,904382.5400000002,3,Recently Active,Recent purchase activity
CUST07795,2025-12-29,359,1280.0,778022.5800000002,3,Recently Active,Recent purchase activity
CUST07796,2025-12-28,326,1145.0,671059.4700000002,4,Active - Monitor,Monitor purchase recency
CUST07797,2025-12-27,481,1749.0,1042115.6399999999,5,Active - Monitor,Monitor purchase recency
CUST07798,2025-12-31,455,1680.0,998633.6399999999,1,Recently Active,Recent purchase activity
CUST07799,2025-12-28,500,1740.0,1074442.86,4,Active - Monitor,Monitor purchase recency
CUST07800,2025-12-30,648,2292.0,1322371.0599999998,2,Recently Active,Recent purchase activity
CUST07801,2025-12-28,320,1124.0,667389.93,4,Active - Monitor,Monitor purchase recency
CUST07802,2025-12-31,450,1621.0,947546.1199999999,1,Recently Active,Recent purchase activity
CUST07803,2025-12-29,472,1703.0,1011206.3000000002,3,Recently Active,Recent purchase activity
CUST07804,2025-12-28,322,1201.0,728809.7400000001,4,Active - Monitor,Monitor purchase recency
CUST07805,2025-12-29,695,2431.0,1467776.3099999996,3,Recently Active,Recent purchase activity
CUST07806,2025-12-30,327,1195.0,711701.4800000001,2,Recently Active,Recent purchase activity
CUST07807,2025-12-31,451,1648.0,906846.1600000001,1,Recently Active,Recent purchase activity
CUST07808,2025-12-30,468,1589.0,914385.67,2,Recently Active,Recent purchase activity
CUST07809,2025-12-28,350,1307.0,720730.0700000001,4,Active - Monitor,Monitor purchase recency
CUST07810,2025-12-31,355,1332.0,743979.7000000001,1,Recently Active,Recent purchase activity
CUST07811,2025-12-29,491,1721.0,1059217.99,3,Recently Active,Recent purchase activity
CUST07812,2025-12-29,304,1102.0,633192.9000000001,3,Recently Active,Recent purchase activity
CUST07813,2025-12-21,491,1928.0,1122539.3499999999,11,Inactivity Watch,Review customer engagement
CUST07814,2025-12-25,446,1618.0,969374.04,7,Active - Monitor,Monitor purchase recency
CUST07815,2025-12-29,716,2563.0,1520874.1200000003,3,Recently Active,Recent purchase activity
CUST07816,2025-12-30,351,1273.0,739132.9899999999,2,Recently Active,Recent purchase activity
CUST07817,2025-12-31,719,2549.0,1413079.7699999998,1,Recently Active,Recent purchase activity
CUST07818,2025-12-28,481,1708.0,1038308.8400000001,4,Active - Monitor,Monitor purchase recency
CUST07819,2025-12-31,429,1561.0,958760.3000000002,1,Recently Active,Recent purchase activity
CUST07820,2025-12-29,1032,3700.0,2187089.95,3,Recently Active,Recent purchase activity
CUST07821,2025-12-30,444,1638.0,916841.32,2,Recently Active,Recent purchase activity
CUST07822,2025-12-31,726,2622.0,1454381.0799999998,1,Recently Active,Recent purchase activity
CUST07823,2025-12-13,283,1042.0,669421.39,19,Extended Inactivity,Review individually; inactivity is not proof of churn
CUST07824,2025-12-28,738,2556.0,1467673.3999999997,4,Active - Monitor,Monitor purchase recency
CUST07825,2025-12-31,1148,4196.0,2329008.8899999997,1,Recently Active,Recent purchase activity
CUST07826,2025-12-26,278,955.0,552458.51,6,Active - Monitor,Monitor purchase recency
CUST07827,2025-12-31,463,1690.0,959049.5,1,Recently Active,Recent purchase activity
CUST07828,2025-12-29,699,2571.0,1471131.8,3,Recently Active,Recent purchase activity
CUST07829,2025-12-30,298,1058.0,626404.6199999999,2,Recently Active,Recent purchase activity
CUST07830,2025-12-31,464,1585.0,967251.9500000001,1,Recently Active,Recent purchase activity
CUST07831,2025-12-31,310,1047.0,583938.7100000001,1,Recently Active,Recent purchase activity
CUST07832,2025-12-21,318,1081.0,601736.73,11,Inactivity Watch,Review customer engagement
CUST07833,2025-12-29,469,1681.0,996980.8999999998,3,Recently Active,Recent purchase activity
CUST07834,2025-12-30,460,1687.0,937697.39,2,Recently Active,Recent purchase activity
CUST07835,2025-12-31,444,1609.0,916212.22,1,Recently Active,Recent purchase activity
CUST07836,2025-12-30,401,1364.0,753329.3899999999,2,Recently Active,Recent purchase activity
CUST07837,2025-12-29,1067,3854.0,2232117.7599999993,3,Recently Active,Recent purchase activity
CUST07838,2025-12-31,306,1145.0,668756.1400000001,1,Recently Active,Recent purchase activity
CUST07839,2025-12-29,462,1695.0,1034855.0,3,Recently Active,Recent purchase activity
CUST07840,2025-12-30,498,1754.0,1036500.7200000001,2,Recently Active,Recent purchase activity
CUST07841,2025-12-30,1049,3814.0,2129160.33,2,Recently Active,Recent purchase activity
CUST07842,2025-12-29,727,2583.0,1461007.57,3,Recently Active,Recent purchase activity
CUST07843,2025-12-30,368,1266.0,751771.0499999999,2,Recently Active,Recent purchase activity
CUST07844,2025-12-31,676,2407.0,1410113.95,1,Recently Active,Recent purchase activity
CUST07845,2025-12-31,467,1689.0,910673.3999999999,1,Recently Active,Recent purchase activity
CUST07846,2025-12-28,313,1133.0,607896.65,4,Active - Monitor,Monitor purchase recency
CUST07847,2025-12-29,349,1251.0,805880.5800000001,3,Recently Active,Recent purchase activity
CUST07848,2025-12-28,327,1190.0,673659.3399999999,4,Active - Monitor,Monitor purchase recency
CUST07849,2025-12-29,473,1697.0,987543.7100000001,3,Recently Active,Recent purchase activity
CUST07850,2025-12-29,452,1664.0,948017.64,3,Recently Active,Recent purchase activity
CUST07851,2025-12-27,379,1350.0,793050.9399999998,5,Active - Monitor,Monitor purchase recency
CUST07852,2025-12-30,722,2596.0,1477143.6400000001,2,Recently Active,Recent purchase activity
CUST07853,2025-12-30,465,1759.0,1079275.52,2,Recently Active,Recent purchase activity
CUST07854,2025-12-27,1083,3935.0,2243953.6799999992,5,Active - Monitor,Monitor purchase recency
CUST07855,2025-12-19,326,1140.0,667085.0800000001,13,Inactivity Watch,Review customer engagement
CUST07856,2025-12-21,337,1252.0,735440.2100000001,11,Inactivity Watch,Review customer engagement
CUST07857,2025-12-27,699,2463.0,1426161.9899999998,5,Active - Monitor,Monitor purchase recency
CUST07858,2025-12-30,721,2581.0,1556388.61,2,Recently Active,Recent purchase activity
CUST07859,2025-12-31,345,1237.0,721395.4400000001,1,Recently Active,Recent purchase activity
CUST07860,2025-12-31,308,1054.0,545427.2999999999,1,Recently Active,Recent purchase activity
CUST07861,2025-12-30,340,1256.0,680898.2300000001,2,Recently Active,Recent purchase activity
CUST07862,2025-12-31,723,2682.0,1479927.26,1,Recently Active,Recent purchase activity
CUST07863,2025-12-31,327,1160.0,623281.63,1,Recently Active,Recent purchase activity
CUST07864,2025-12-27,339,1328.0,790930.8900000001,5,Active - Monitor,Monitor purchase recency
CUST07865,2025-12-31,705,2512.0,1450229.7400000005,1,Recently Active,Recent purchase activity
CUST07866,2025-12-30,294,1031.0,591862.8700000002,2,Recently Active,Recent purchase activity
CUST07867,2025-12-25,484,1699.0,1040696.3800000001,7,Active - Monitor,Monitor purchase recency
CUST07868,2025-12-31,326,1166.0,687524.3400000001,1,Recently Active,Recent purchase activity
CUST07869,2025-12-30,462,1651.0,952479.5300000001,2,Recently Active,Recent purchase activity
CUST07870,2025-12-28,328,1156.0,659695.0900000001,4,Active - Monitor,Monitor purchase recency
CUST07871,2025-12-21,304,1144.0,618147.32,11,Inactivity Watch,Review customer engagement
CUST07872,2025-12-30,466,1631.0,897453.4700000002,2,Recently Active,Recent purchase activity
CUST07873,2025-12-29,347,1269.0,738469.03,3,Recently Active,Recent purchase activity
CUST07874,2025-12-30,439,1643.0,958198.9800000002,2,Recently Active,Recent purchase activity
CUST07875,2025-12-26,308,1084.0,663896.9500000001,6,Active - Monitor,Monitor purchase recency
CUST07876,2025-12-31,1086,3899.0,2340094.2699999996,1,Recently Active,Recent purchase activity
CUST07877,2025-12-29,476,1756.0,1008875.31,3,Recently Active,Recent purchase activity
CUST07878,2025-12-30,425,1558.0,889594.9700000001,2,Recently Active,Recent purchase activity
CUST07879,2025-12-30,698,2482.0,1335575.5699999998,2,Recently Active,Recent purchase activity
CUST07880,2025-12-31,306,1165.0,731335.05,1,Recently Active,Recent purchase activity
CUST07881,2025-12-26,472,1794.0,1006048.5800000001,6,Active - Monitor,Monitor purchase recency
CUST07882,2025-12-28,484,1722.0,966371.81,4,Active - Monitor,Monitor purchase recency
CUST07883,2025-12-29,305,1112.0,658435.98,3,Recently Active,Recent purchase activity
CUST07884,2025-12-23,353,1332.0,770686.9099999999,9,Inactivity Watch,Review customer engagement
CUST07885,2025-12-31,288,1083.0,590419.2399999999,1,Recently Active,Recent purchase activity
CUST07886,2025-12-31,745,2716.0,1590935.8099999996,1,Recently Active,Recent purchase activity
CUST07887,2025-12-31,453,1625.0,902407.02,1,Recently Active,Recent purchase activity
CUST07888,2025-12-31,436,1537.0,896234.05,1,Recently Active,Recent purchase activity
CUST07889,2025-12-30,316,1136.0,617414.66,2,Recently Active,Recent purchase activity
CUST07890,2025-12-30,340,1176.0,663968.07,2,Recently Active,Recent purchase activity
CUST07891,2025-12-29,461,1574.0,863446.7,3,Recently Active,Recent purchase activity
CUST07892,2025-12-28,287,1077.0,665441.4,4,Active - Monitor,Monitor purchase recency
CUST07893,2025-12-31,703,2576.0,1414744.6300000001,1,Recently Active,Recent purchase activity
CUST07894,2025-12-31,329,1211.0,725868.8200000001,1,Recently Active,Recent purchase activity
CUST07895,2025-12-25,335,1222.0,760805.6100000001,7,Active - Monitor,Monitor purchase recency
CUST07896,2025-12-30,688,2508.0,1325191.0900000003,2,Recently Active,Recent purchase activity
CUST07897,2025-12-29,340,1296.0,744439.8499999999,3,Recently Active,Recent purchase activity
CUST07898,2025-12-28,680,2466.0,1468347.6000000003,4,Active - Monitor,Monitor purchase recency
CUST07899,2025-12-28,327,1152.0,697093.5499999999,4,Active - Monitor,Monitor purchase recency
CUST07900,2025-12-31,475,1746.0,941949.7800000003,1,Recently Active,Recent purchase activity
CUST07901,2025-12-31,441,1706.0,1018721.9699999999,1,Recently Active,Recent purchase activity
CUST07902,2025-12-31,466,1602.0,970779.5200000001,1,Recently Active,Recent purchase activity
CUST07903,2025-12-31,319,1123.0,666852.6399999999,1,Recently Active,Recent purchase activity
CUST07904,2025-12-19,340,1190.0,699032.09,13,Inactivity Watch,Review customer engagement
CUST07905,2025-12-30,291,1084.0,679034.4,2,Recently Active,Recent purchase activity
CUST07906,2025-12-29,719,2685.0,1578795.15,3,Recently Active,Recent purchase activity
CUST07907,2025-12-30,1081,3984.0,2359870.01,2,Recently Active,Recent purchase activity
CUST07908,2025-12-31,335,1151.0,674780.24,1,Recently Active,Recent purchase activity
CUST07909,2025-12-29,295,1088.0,654099.71,3,Recently Active,Recent purchase activity
CUST07910,2025-12-26,325,1129.0,664184.6900000001,6,Active - Monitor,Monitor purchase recency
CUST07911,2025-12-30,327,1109.0,670788.97,2,Recently Active,Recent purchase activity
CUST07912,2025-12-29,446,1611.0,945298.5900000002,3,Recently Active,Recent purchase activity
CUST07913,2025-12-31,450,1578.0,940093.9400000001,1,Recently Active,Recent purchase activity
CUST07914,2025-12-30,451,1602.0,948155.7000000002,2,Recently Active,Recent purchase activity
CUST07915,2025-12-30,339,1292.0,745811.4700000002,2,Recently Active,Recent purchase activity
CUST07916,2025-12-25,679,2405.0,1336576.9699999997,7,Active - Monitor,Monitor purchase recency
CUST07917,2025-12-30,666,2429.0,1455059.4200000002,2,Recently Active,Recent purchase activity
CUST07918,2025-12-31,1124,4028.0,2446354.809999999,1,Recently Active,Recent purchase activity
CUST07919,2025-12-30,453,1673.0,990588.9499999998,2,Recently Active,Recent purchase activity
CUST07920,2025-12-29,489,1778.0,1032416.9799999999,3,Recently Active,Recent purchase activity
CUST07921,2025-12-29,504,1869.0,1076589.15,3,Recently Active,Recent purchase activity
CUST07922,2025-12-29,343,1215.0,659658.4099999999,3,Recently Active,Recent purchase activity
CUST07923,2025-12-29,304,1122.0,686241.72,3,Recently Active,Recent purchase activity
CUST07924,2025-12-31,680,2526.0,1502012.16,1,Recently Active,Recent purchase activity
CUST07925,2025-12-31,775,2680.0,1601832.97,1,Recently Active,Recent purchase activity
CUST07926,2025-12-29,1072,3819.0,2208221.21,3,Recently Active,Recent purchase activity
CUST07927,2025-12-31,479,1556.0,932046.3400000002,1,Recently Active,Recent purchase activity
CUST07928,2025-12-31,339,1208.0,714036.2000000001,1,Recently Active,Recent purchase activity
CUST07929,2025-12-31,649,2354.0,1409799.3800000001,1,Recently Active,Recent purchase activity
CUST07930,2025-12-30,499,1775.0,926631.7100000001,2,Recently Active,Recent purchase activity
CUST07931,2025-12-25,343,1368.0,789889.2700000001,7,Active - Monitor,Monitor purchase recency
CUST07932,2025-12-30,346,1308.0,688043.37,2,Recently Active,Recent purchase activity
CUST07933,2025-12-31,483,1793.0,1068906.5699999998,1,Recently Active,Recent purchase activity
CUST07934,2025-12-31,493,1925.0,1144693.42,1,Recently Active,Recent purchase activity
CUST07935,2025-12-31,314,1183.0,703325.66,1,Recently Active,Recent purchase activity
CUST07936,2025-12-31,1029,3691.0,2213732.3799999994,1,Recently Active,Recent purchase activity
CUST07937,2025-12-31,334,1211.0,689119.99,1,Recently Active,Recent purchase activity
CUST07938,2025-12-25,327,1308.0,726706.8500000001,7,Active - Monitor,Monitor purchase recency
CUST07939,2025-12-25,339,1202.0,665889.09,7,Active - Monitor,Monitor purchase recency
CUST07940,2025-12-31,477,1659.0,1000994.3100000003,1,Recently Active,Recent purchase activity
CUST07941,2025-12-27,466,1601.0,977086.4700000001,5,Active - Monitor,Monitor purchase recency
CUST07942,2025-12-26,455,1747.0,1083522.86,6,Active - Monitor,Monitor purchase recency
CUST07943,2025-12-30,314,1163.0,663894.5,2,Recently Active,Recent purchase activity
CUST07944,2025-12-28,455,1736.0,1085320.5099999998,4,Active - Monitor,Monitor purchase recency
CUST07945,2025-12-31,488,1692.0,975838.87,1,Recently Active,Recent purchase activity
CUST07946,2025-12-30,1009,3740.0,2149427.46,2,Recently Active,Recent purchase activity
CUST07947,2025-12-31,723,2554.0,1475243.1799999997,1,Recently Active,Recent purchase activity
CUST07948,2025-12-30,690,2492.0,1400933.5199999998,2,Recently Active,Recent purchase activity
CUST07949,2025-12-30,710,2630.0,1522530.9900000005,2,Recently Active,Recent purchase activity
CUST07950,2025-12-28,336,1204.0,696903.8800000001,4,Active - Monitor,Monitor purchase recency
CUST07951,2025-12-29,488,1748.0,1057705.68,3,Recently Active,Recent purchase activity
CUST07952,2025-12-31,693,2485.0,1358209.3,1,Recently Active,Recent purchase activity
CUST07953,2025-12-31,676,2485.0,1308129.3300000003,1,Recently Active,Recent purchase activity
CUST07954,2025-12-31,1118,4089.0,2439959.8200000003,1,Recently Active,Recent purchase activity
CUST07955,2025-12-28,336,1306.0,795619.1000000002,4,Active - Monitor,Monitor purchase recency
CUST07956,2025-12-30,490,1870.0,1128538.76,2,Recently Active,Recent purchase activity
CUST07957,2025-12-31,306,1150.0,668871.1400000001,1,Recently Active,Recent purchase activity
CUST07958,2025-12-29,323,1107.0,653040.7600000001,3,Recently Active,Recent purchase activity
CUST07959,2025-12-30,454,1679.0,900581.4600000001,2,Recently Active,Recent purchase activity
CUST07960,2025-12-31,1066,4008.0,2249330.7399999998,1,Recently Active,Recent purchase activity
CUST07961,2025-12-31,771,2718.0,1588578.3699999999,1,Recently Active,Recent purchase activity
CUST07962,2025-12-31,446,1612.0,945859.2000000002,1,Recently Active,Recent purchase activity
CUST07963,2025-12-30,702,2604.0,1409730.92,2,Recently Active,Recent purchase activity
CUST07964,2025-12-31,515,1860.0,1093169.2399999998,1,Recently Active,Recent purchase activity
CUST07965,2025-12-27,308,1173.0,700728.5700000001,5,Active - Monitor,Monitor purchase recency
CUST07966,2025-12-30,446,1536.0,908003.4400000001,2,Recently Active,Recent purchase activity
CUST07967,2025-12-31,325,1223.0,701484.2500000001,1,Recently Active,Recent purchase activity
CUST07968,2025-12-31,303,1103.0,647294.47,1,Recently Active,Recent purchase activity
CUST07969,2025-12-31,334,1166.0,671872.0499999999,1,Recently Active,Recent purchase activity
CUST07970,2025-12-31,1049,3976.0,2270953.71,1,Recently Active,Recent purchase activity
CUST07971,2025-12-28,313,1078.0,642074.4500000001,4,Active - Monitor,Monitor purchase recency
CUST07972,2025-12-29,670,2361.0,1421328.1600000001,3,Recently Active,Recent purchase activity
CUST07973,2025-12-29,358,1333.0,758807.2599999999,3,Recently Active,Recent purchase activity
CUST07974,2025-12-29,469,1733.0,997811.4199999999,3,Recently Active,Recent purchase activity
CUST07975,2025-12-31,723,2623.0,1541024.1699999997,1,Recently Active,Recent purchase activity
CUST07976,2025-12-30,463,1581.0,1016580.7499999999,2,Recently Active,Recent purchase activity
CUST07977,2025-12-30,462,1630.0,973354.8200000001,2,Recently Active,Recent purchase activity
CUST07978,2025-12-28,715,2554.0,1452955.0699999994,4,Active - Monitor,Monitor purchase recency
CUST07979,2025-12-27,327,1269.0,779873.53,5,Active - Monitor,Monitor purchase recency
CUST07980,2025-12-26,342,1214.0,654840.1,6,Active - Monitor,Monitor purchase recency
CUST07981,2025-12-31,491,1839.0,1060478.54,1,Recently Active,Recent purchase activity
CUST07982,2025-12-24,313,1148.0,672342.77,8,Inactivity Watch,Review customer engagement
CUST07983,2025-12-31,455,1649.0,947222.5500000002,1,Recently Active,Recent purchase activity
CUST07984,2025-12-29,661,2351.0,1381148.8599999999,3,Recently Active,Recent purchase activity
CUST07985,2025-12-29,767,2808.0,1628700.9799999997,3,Recently Active,Recent purchase activity
CUST07986,2025-12-27,316,1142.0,635055.22,5,Active - Monitor,Monitor purchase recency
CUST07987,2025-12-31,336,1228.0,721914.34,1,Recently Active,Recent purchase activity
CUST07988,2025-12-28,730,2597.0,1513920.1199999999,4,Active - Monitor,Monitor purchase recency
CUST07989,2025-12-29,462,1711.0,1012734.5099999998,3,Recently Active,Recent purchase activity
CUST07990,2025-12-28,688,2487.0,1404951.0999999999,4,Active - Monitor,Monitor purchase recency
CUST07991,2025-12-31,1049,3727.0,2182565.0200000005,1,Recently Active,Recent purchase activity
CUST07992,2025-12-30,289,994.0,597223.68,2,Recently Active,Recent purchase activity
CUST07993,2025-12-31,730,2575.0,1431495.5399999998,1,Recently Active,Recent purchase activity
CUST07994,2025-12-28,330,1219.0,684118.1,4,Active - Monitor,Monitor purchase recency
CUST07995,2025-12-28,342,1271.0,730232.5199999999,4,Active - Monitor,Monitor purchase recency
CUST07996,2025-12-31,676,2493.0,1459592.2899999998,1,Recently Active,Recent purchase activity
CUST07997,2025-12-22,294,1000.0,559834.7699999999,10,Inactivity Watch,Review customer engagement
CUST07998,2025-12-30,331,1182.0,683308.86,2,Recently Active,Recent purchase activity
CUST07999,2025-12-31,458,1653.0,931835.0,1,Recently Active,Recent purchase activity
CUST08000,2025-12-22,338,1220.0,694192.94,10,Inactivity Watch,Review customer engagement
CUST08001,2025-12-30,354,1316.0,717328.1800000002,2,Recently Active,Recent purchase activity
CUST08002,2025-12-29,357,1254.0,742131.5300000001,3,Recently Active,Recent purchase activity
CUST08003,2025-12-26,329,1234.0,730337.09,6,Active - Monitor,Monitor purchase recency
CUST08004,2025-12-30,484,1770.0,1020227.0299999999,2,Recently Active,Recent purchase activity
CUST08005,2025-12-31,464,1632.0,1006440.2000000002,1,Recently Active,Recent purchase activity
CUST08006,2025-12-30,316,1227.0,708330.6300000001,2,Recently Active,Recent purchase activity
CUST08007,2025-12-31,463,1585.0,1013952.2500000001,1,Recently Active,Recent purchase activity
CUST08008,2025-12-31,1065,3839.0,2254969.0399999996,1,Recently Active,Recent purchase activity
CUST08009,2025-12-29,690,2443.0,1322868.5,3,Recently Active,Recent purchase activity
CUST08010,2025-12-27,309,1180.0,660847.4100000001,5,Active - Monitor,Monitor purchase recency
CUST08011,2025-12-23,442,1643.0,990100.25,9,Inactivity Watch,Review customer engagement
CUST08012,2025-12-26,327,1126.0,663503.4700000001,6,Active - Monitor,Monitor purchase recency
CUST08013,2025-12-29,314,1171.0,681718.46,3,Recently Active,Recent purchase activity
CUST08014,2025-12-30,727,2736.0,1652775.0899999996,2,Recently Active,Recent purchase activity
CUST08015,2025-12-31,329,1197.0,732161.2200000001,1,Recently Active,Recent purchase activity
CUST08016,2025-12-31,1103,4034.0,2417404.9199999985,1,Recently Active,Recent purchase activity
CUST08017,2025-12-30,325,1174.0,676648.18,2,Recently Active,Recent purchase activity
CUST08018,2025-12-31,491,1894.0,1019954.18,1,Recently Active,Recent purchase activity
CUST08019,2025-12-29,459,1543.0,970825.57,3,Recently Active,Recent purchase activity
CUST08020,2025-12-31,478,1738.0,1015308.6599999998,1,Recently Active,Recent purchase activity
CUST08021,2025-12-28,494,1834.0,1026993.3599999999,4,Active - Monitor,Monitor purchase recency
CUST08022,2025-12-27,325,1118.0,681419.8600000001,5,Active - Monitor,Monitor purchase recency
CUST08023,2025-12-29,281,1070.0,634428.31,3,Recently Active,Recent purchase activity
CUST08024,2025-12-31,682,2586.0,1550507.5699999998,1,Recently Active,Recent purchase activity
CUST08025,2025-12-31,733,2697.0,1556657.0699999998,1,Recently Active,Recent purchase activity
CUST08026,2025-12-31,467,1677.0,1007505.86,1,Recently Active,Recent purchase activity
CUST08027,2025-12-31,1024,3579.0,2130387.3699999996,1,Recently Active,Recent purchase activity
CUST08028,2025-12-30,342,1291.0,692731.1400000001,2,Recently Active,Recent purchase activity
CUST08029,2025-12-30,1039,3668.0,2161727.8099999996,2,Recently Active,Recent purchase activity
CUST08030,2025-12-30,479,1693.0,990098.4000000004,2,Recently Active,Recent purchase activity
CUST08031,2025-12-30,1082,3997.0,2180953.5699999994,2,Recently Active,Recent purchase activity
CUST08032,2025-12-31,493,1812.0,1034344.8400000001,1,Recently Active,Recent purchase activity
CUST08033,2025-12-31,714,2586.0,1438693.6500000001,1,Recently Active,Recent purchase activity
CUST08034,2025-12-30,1092,3769.0,2087327.23,2,Recently Active,Recent purchase activity
CUST08035,2025-12-31,707,2535.0,1467976.2199999997,1,Recently Active,Recent purchase activity
CUST08036,2025-12-31,337,1212.0,741485.5,1,Recently Active,Recent purchase activity
CUST08037,2025-12-31,667,2342.0,1357079.6199999999,1,Recently Active,Recent purchase activity
CUST08038,2025-12-27,441,1607.0,910599.4599999998,5,Active - Monitor,Monitor purchase recency
CUST08039,2025-12-24,326,1266.0,729791.24,8,Inactivity Watch,Review customer engagement
CUST08040,2025-12-30,705,2532.0,1475780.7400000002,2,Recently Active,Recent purchase activity
CUST08041,2025-12-31,454,1695.0,1071877.2200000002,1,Recently Active,Recent purchase activity
CUST08042,2025-12-30,494,1800.0,1035465.03,2,Recently Active,Recent purchase activity
CUST08043,2025-12-29,725,2597.0,1522517.0399999998,3,Recently Active,Recent purchase activity
CUST08044,2025-12-31,745,2703.0,1563512.8999999997,1,Recently Active,Recent purchase activity
CUST08045,2025-12-27,461,1623.0,989899.1199999999,5,Active - Monitor,Monitor purchase recency
CUST08046,2025-12-30,456,1696.0,1097253.9000000001,2,Recently Active,Recent purchase activity
CUST08047,2025-12-28,483,1695.0,918545.3699999998,4,Active - Monitor,Monitor purchase recency
CUST08048,2025-12-30,446,1569.0,977814.4499999997,2,Recently Active,Recent purchase activity
CUST08049,2025-12-31,1076,3760.0,2171924.3200000003,1,Recently Active,Recent purchase activity
CUST08050,2025-12-28,320,1143.0,710843.2100000001,4,Active - Monitor,Monitor purchase recency
CUST08051,2025-12-30,330,1202.0,712321.95,2,Recently Active,Recent purchase activity
CUST08052,2025-12-30,497,1763.0,998422.1500000001,2,Recently Active,Recent purchase activity
CUST08053,2025-12-31,434,1653.0,978905.2500000002,1,Recently Active,Recent purchase activity
CUST08054,2025-12-27,309,1117.0,727287.63,5,Active - Monitor,Monitor purchase recency
CUST08055,2025-12-30,332,1205.0,681326.0700000001,2,Recently Active,Recent purchase activity
CUST08056,2025-12-28,506,1762.0,1063312.9100000001,4,Active - Monitor,Monitor purchase recency
CUST08057,2025-12-23,339,1348.0,820104.99,9,Inactivity Watch,Review customer engagement
CUST08058,2025-12-28,436,1678.0,958973.5699999998,4,Active - Monitor,Monitor purchase recency
CUST08059,2025-12-29,681,2487.0,1513736.52,3,Recently Active,Recent purchase activity
CUST08060,2025-12-28,335,1262.0,741268.5399999999,4,Active - Monitor,Monitor purchase recency
CUST08061,2025-12-31,497,1762.0,987675.47,1,Recently Active,Recent purchase activity
CUST08062,2025-12-31,436,1617.0,897474.3600000001,1,Recently Active,Recent purchase activity
CUST08063,2025-12-29,1024,3612.0,2068097.6199999999,3,Recently Active,Recent purchase activity
CUST08064,2025-12-31,1059,3688.0,2136831.8100000005,1,Recently Active,Recent purchase activity
CUST08065,2025-12-31,486,1760.0,987109.95,1,Recently Active,Recent purchase activity
CUST08066,2025-12-31,361,1333.0,818288.0100000001,1,Recently Active,Recent purchase activity
CUST08067,2025-12-29,1029,3562.0,2041907.4299999995,3,Recently Active,Recent purchase activity
CUST08068,2025-12-31,317,1207.0,741391.66,1,Recently Active,Recent purchase activity
CUST08069,2025-12-30,457,1680.0,1022490.4800000001,2,Recently Active,Recent purchase activity
CUST08070,2025-12-31,1029,3781.0,2169066.639999999,1,Recently Active,Recent purchase activity
CUST08071,2025-12-28,456,1550.0,969966.4700000001,4,Active - Monitor,Monitor purchase recency
CUST08072,2025-12-29,442,1480.0,893989.4300000002,3,Recently Active,Recent purchase activity
CUST08073,2025-12-30,346,1226.0,673178.5100000001,2,Recently Active,Recent purchase activity
CUST08074,2025-12-31,688,2510.0,1592027.6599999997,1,Recently Active,Recent purchase activity
CUST08075,2025-12-31,341,1222.0,755989.6,1,Recently Active,Recent purchase activity
CUST08076,2025-12-30,312,1094.0,611426.42,2,Recently Active,Recent purchase activity
CUST08077,2025-12-25,309,1093.0,617205.34,7,Active - Monitor,Monitor purchase recency
CUST08078,2025-12-31,499,1845.0,1107076.9500000002,1,Recently Active,Recent purchase activity
CUST08079,2025-12-31,714,2523.0,1500336.8299999998,1,Recently Active,Recent purchase activity
CUST08080,2025-12-31,320,1110.0,661093.26,1,Recently Active,Recent purchase activity
CUST08081,2025-12-22,460,1473.0,827526.67,10,Inactivity Watch,Review customer engagement
CUST08082,2025-12-30,470,1810.0,1056973.31,2,Recently Active,Recent purchase activity
CUST08083,2025-12-31,446,1641.0,866524.4400000001,1,Recently Active,Recent purchase activity
CUST08084,2025-12-30,481,1686.0,1021931.5700000001,2,Recently Active,Recent purchase activity
CUST08085,2025-12-31,514,1897.0,1092725.43,1,Recently Active,Recent purchase activity
CUST08086,2025-12-29,715,2623.0,1490806.5099999998,3,Recently Active,Recent purchase activity
CUST08087,2025-12-30,316,1157.0,712447.0,2,Recently Active,Recent purchase activity
CUST08088,2025-12-26,344,1263.0,731483.01,6,Active - Monitor,Monitor purchase recency
CUST08089,2025-12-31,708,2575.0,1435039.22,1,Recently Active,Recent purchase activity
CUST08090,2025-12-29,306,1171.0,644254.08,3,Recently Active,Recent purchase activity
CUST08091,2025-12-31,1023,3557.0,2146445.309999999,1,Recently Active,Recent purchase activity
CUST08092,2025-12-31,449,1674.0,916341.6,1,Recently Active,Recent purchase activity
CUST08093,2025-12-27,329,1247.0,672465.0,5,Active - Monitor,Monitor purchase recency
CUST08094,2025-12-30,491,1728.0,1009805.24,2,Recently Active,Recent purchase activity
CUST08095,2025-12-30,326,1169.0,740830.45,2,Recently Active,Recent purchase activity
CUST08096,2025-12-31,678,2458.0,1386230.69,1,Recently Active,Recent purchase activity
CUST08097,2025-12-29,477,1720.0,1067450.8999999997,3,Recently Active,Recent purchase activity
CUST08098,2025-12-31,322,1152.0,631540.2000000001,1,Recently Active,Recent purchase activity
CUST08099,2025-12-31,677,2507.0,1478317.9999999995,1,Recently Active,Recent purchase activity
CUST08100,2025-12-31,696,2476.0,1434885.4499999997,1,Recently Active,Recent purchase activity
CUST08101,2025-12-31,454,1702.0,1031947.38,1,Recently Active,Recent purchase activity
CUST08102,2025-12-30,498,1798.0,1005140.09,2,Recently Active,Recent purchase activity
CUST08103,2025-12-29,715,2644.0,1485228.0000000002,3,Recently Active,Recent purchase activity
CUST08104,2025-12-27,315,1157.0,659752.1799999999,5,Active - Monitor,Monitor purchase recency
CUST08105,2025-12-31,1046,3600.0,2111281.6399999997,1,Recently Active,Recent purchase activity
CUST08106,2025-12-31,474,1726.0,1007123.7099999997,1,Recently Active,Recent purchase activity
CUST08107,2025-12-31,1008,3704.0,2208292.4499999997,1,Recently Active,Recent purchase activity
CUST08108,2025-12-31,1127,4103.0,2363766.1499999994,1,Recently Active,Recent purchase activity
CUST08109,2025-12-24,311,1131.0,602644.09,8,Inactivity Watch,Review customer engagement
CUST08110,2025-12-31,334,1220.0,736782.47,1,Recently Active,Recent purchase activity
CUST08111,2025-12-29,433,1623.0,897185.5500000003,3,Recently Active,Recent purchase activity
CUST08112,2025-12-24,331,1203.0,693244.2100000001,8,Inactivity Watch,Review customer engagement
CUST08113,2025-12-28,479,1718.0,994626.7700000001,4,Active - Monitor,Monitor purchase recency
CUST08114,2025-12-30,330,1149.0,730594.98,2,Recently Active,Recent purchase activity
CUST08115,2025-12-31,1119,4003.0,2254139.7799999993,1,Recently Active,Recent purchase activity
CUST08116,2025-12-29,312,1069.0,569026.31,3,Recently Active,Recent purchase activity
CUST08117,2025-12-29,309,1193.0,626736.89,3,Recently Active,Recent purchase activity
CUST08118,2025-12-31,459,1717.0,1016231.63,1,Recently Active,Recent purchase activity
CUST08119,2025-12-30,323,1218.0,711411.0900000001,2,Recently Active,Recent purchase activity
CUST08120,2025-12-30,728,2536.0,1410458.9399999997,2,Recently Active,Recent purchase activity
CUST08121,2025-12-28,325,1221.0,668252.9,4,Active - Monitor,Monitor purchase recency
CUST08122,2025-12-29,488,1746.0,1005752.46,3,Recently Active,Recent purchase activity
CUST08123,2025-12-30,471,1664.0,974971.11,2,Recently Active,Recent purchase activity
CUST08124,2025-12-30,1068,3969.0,2253907.76,2,Recently Active,Recent purchase activity
CUST08125,2025-12-31,1051,3777.0,2214035.78,1,Recently Active,Recent purchase activity
CUST08126,2025-12-29,683,2501.0,1370408.02,3,Recently Active,Recent purchase activity
CUST08127,2025-12-29,460,1573.0,902731.7299999999,3,Recently Active,Recent purchase activity
CUST08128,2025-12-26,431,1543.0,844258.4199999999,6,Active - Monitor,Monitor purchase recency
CUST08129,2025-12-29,316,1111.0,593366.2600000001,3,Recently Active,Recent purchase activity
CUST08130,2025-12-31,1075,3935.0,2305792.4799999995,1,Recently Active,Recent purchase activity
CUST08131,2025-12-31,1055,3823.0,2286402.1100000003,1,Recently Active,Recent purchase activity
CUST08132,2025-12-25,337,1199.0,676490.2799999998,7,Active - Monitor,Monitor purchase recency
CUST08133,2025-12-29,489,1723.0,1054462.3300000005,3,Recently Active,Recent purchase activity
CUST08134,2025-12-31,493,1806.0,1116692.02,1,Recently Active,Recent purchase activity
CUST08135,2025-12-29,443,1638.0,951030.0699999998,3,Recently Active,Recent purchase activity
CUST08136,2025-12-29,455,1564.0,890256.0100000002,3,Recently Active,Recent purchase activity
CUST08137,2025-12-27,465,1602.0,964093.8899999999,5,Active - Monitor,Monitor purchase recency
CUST08138,2025-12-31,649,2281.0,1443496.7499999998,1,Recently Active,Recent purchase activity
CUST08139,2025-12-30,431,1579.0,924514.9400000002,2,Recently Active,Recent purchase activity
CUST08140,2025-12-28,322,1128.0,684596.82,4,Active - Monitor,Monitor purchase recency
CUST08141,2025-12-30,339,1206.0,719562.5000000001,2,Recently Active,Recent purchase activity
CUST08142,2025-12-27,323,1222.0,627635.7600000001,5,Active - Monitor,Monitor purchase recency
CUST08143,2025-12-26,451,1621.0,969266.63,6,Active - Monitor,Monitor purchase recency
CUST08144,2025-12-30,458,1684.0,1006460.0700000001,2,Recently Active,Recent purchase activity
CUST08145,2025-12-26,334,1182.0,759082.9700000001,6,Active - Monitor,Monitor purchase recency
CUST08146,2025-12-31,297,1070.0,633512.09,1,Recently Active,Recent purchase activity
CUST08147,2025-12-31,1090,3961.0,2298252.2899999996,1,Recently Active,Recent purchase activity
CUST08148,2025-12-29,702,2636.0,1615035.0700000003,3,Recently Active,Recent purchase activity
CUST08149,2025-12-25,478,1750.0,1009649.3800000004,7,Active - Monitor,Monitor purchase recency
CUST08150,2025-12-29,353,1270.0,769178.3500000001,3,Recently Active,Recent purchase activity
CUST08151,2025-12-29,680,2473.0,1447329.2799999998,3,Recently Active,Recent purchase activity
CUST08152,2025-12-29,306,1071.0,616399.0899999999,3,Recently Active,Recent purchase activity
CUST08153,2025-12-31,1078,3909.0,2209564.0299999993,1,Recently Active,Recent purchase activity
CUST08154,2025-12-27,456,1694.0,934670.42,5,Active - Monitor,Monitor purchase recency
CUST08155,2025-12-30,349,1232.0,713440.29,2,Recently Active,Recent purchase activity
CUST08156,2025-12-31,327,1163.0,690533.1800000002,1,Recently Active,Recent purchase activity
CUST08157,2025-12-31,702,2570.0,1544065.6199999996,1,Recently Active,Recent purchase activity
CUST08158,2025-12-26,284,1014.0,594150.93,6,Active - Monitor,Monitor purchase recency
CUST08159,2025-12-25,457,1597.0,900159.92,7,Active - Monitor,Monitor purchase recency
CUST08160,2025-12-29,362,1409.0,879301.1000000001,3,Recently Active,Recent purchase activity
CUST08161,2025-12-31,1074,3768.0,2238344.2299999995,1,Recently Active,Recent purchase activity
CUST08162,2025-12-30,722,2667.0,1565032.6499999997,2,Recently Active,Recent purchase activity
CUST08163,2025-12-31,314,1155.0,684089.61,1,Recently Active,Recent purchase activity
CUST08164,2025-12-31,471,1660.0,981350.3000000003,1,Recently Active,Recent purchase activity
CUST08165,2025-12-26,424,1520.0,854635.1700000002,6,Active - Monitor,Monitor purchase recency
CUST08166,2025-12-29,334,1139.0,665460.01,3,Recently Active,Recent purchase activity
CUST08167,2025-12-31,478,1612.0,948742.8200000002,1,Recently Active,Recent purchase activity
CUST08168,2025-12-31,331,1216.0,745483.9499999998,1,Recently Active,Recent purchase activity
CUST08169,2025-12-31,289,1003.0,608111.79,1,Recently Active,Recent purchase activity
CUST08170,2025-12-31,1107,3857.0,2171949.5799999996,1,Recently Active,Recent purchase activity
CUST08171,2025-12-26,317,1257.0,705528.91,6,Active - Monitor,Monitor purchase recency
CUST08172,2025-12-31,489,1803.0,1083660.55,1,Recently Active,Recent purchase activity
CUST08173,2025-12-31,1092,3912.0,2234966.4799999995,1,Recently Active,Recent purchase activity
CUST08174,2025-12-28,333,1228.0,744036.03,4,Active - Monitor,Monitor purchase recency
CUST08175,2025-12-28,313,1113.0,624090.1200000001,4,Active - Monitor,Monitor purchase recency
CUST08176,2025-12-31,698,2516.0,1518569.2000000004,1,Recently Active,Recent purchase activity
CUST08177,2025-12-31,471,1670.0,941835.9699999999,1,Recently Active,Recent purchase activity
CUST08178,2025-12-30,714,2569.0,1554394.1199999999,2,Recently Active,Recent purchase activity
CUST08179,2025-12-30,487,1647.0,931899.25,2,Recently Active,Recent purchase activity
CUST08180,2025-12-31,1077,3927.0,2361339.7399999993,1,Recently Active,Recent purchase activity
CUST08181,2025-12-17,332,1247.0,659435.85,15,Extended Inactivity,Review individually; inactivity is not proof of churn
CUST08182,2025-12-29,499,1763.0,1025271.6599999999,3,Recently Active,Recent purchase activity
CUST08183,2025-12-29,683,2395.0,1356450.16,3,Recently Active,Recent purchase activity
CUST08184,2025-12-27,324,1239.0,650029.03,5,Active - Monitor,Monitor purchase recency
CUST08185,2025-12-30,461,1723.0,989972.51,2,Recently Active,Recent purchase activity
CUST08186,2025-12-28,448,1680.0,936844.38,4,Active - Monitor,Monitor purchase recency
CUST08187,2025-12-29,456,1720.0,1037903.2299999999,3,Recently Active,Recent purchase activity
CUST08188,2025-12-31,311,1151.0,633716.78,1,Recently Active,Recent purchase activity
CUST08189,2025-12-30,454,1635.0,977793.78,2,Recently Active,Recent purchase activity
CUST08190,2025-12-28,475,1706.0,1031532.78,4,Active - Monitor,Monitor purchase recency
CUST08191,2025-12-28,464,1675.0,966385.1000000001,4,Active - Monitor,Monitor purchase recency
CUST08192,2025-12-27,317,1141.0,682143.7,5,Active - Monitor,Monitor purchase recency
CUST08193,2025-12-28,345,1245.0,687778.47,4,Active - Monitor,Monitor purchase recency
CUST08194,2025-12-31,491,1800.0,1021589.6700000003,1,Recently Active,Recent purchase activity
CUST08195,2025-12-31,457,1638.0,913644.2299999999,1,Recently Active,Recent purchase activity
CUST08196,2025-12-31,1123,3998.0,2375872.6999999997,1,Recently Active,Recent purchase activity
CUST08197,2025-12-30,315,1184.0,691976.4300000002,2,Recently Active,Recent purchase activity
CUST08198,2025-12-30,1062,3802.0,2316223.9,2,Recently Active,Recent purchase activity
CUST08199,2025-12-31,697,2564.0,1521600.5099999998,1,Recently Active,Recent purchase activity
CUST08200,2025-12-29,309,1194.0,719281.28,3,Recently Active,Recent purchase activity
CUST08201,2025-12-30,456,1724.0,1036660.7200000002,2,Recently Active,Recent purchase activity
CUST08202,2025-12-30,358,1314.0,748095.43,2,Recently Active,Recent purchase activity
CUST08203,2025-12-31,461,1712.0,1002847.7899999999,1,Recently Active,Recent purchase activity
CUST08204,2025-12-31,687,2580.0,1597397.7799999996,1,Recently Active,Recent purchase activity
CUST08205,2025-12-28,301,995.0,566691.82,4,Active - Monitor,Monitor purchase recency
CUST08206,2025-12-31,685,2494.0,1523244.3399999996,1,Recently Active,Recent purchase activity
CUST08207,2025-12-30,465,1664.0,964650.6399999999,2,Recently Active,Recent purchase activity
CUST08208,2025-12-24,410,1501.0,843262.79,8,Inactivity Watch,Review customer engagement
CUST08209,2025-12-31,441,1598.0,846065.18,1,Recently Active,Recent purchase activity
CUST08210,2025-12-29,299,1105.0,635133.8199999998,3,Recently Active,Recent purchase activity
CUST08211,2025-12-26,376,1385.0,748628.5599999999,6,Active - Monitor,Monitor purchase recency
CUST08212,2025-12-28,498,1880.0,1067675.8199999998,4,Active - Monitor,Monitor purchase recency
CUST08213,2025-12-31,445,1669.0,926480.54,1,Recently Active,Recent purchase activity
CUST08214,2025-12-30,467,1753.0,1035416.1299999999,2,Recently Active,Recent purchase activity
CUST08215,2025-12-29,344,1171.0,709261.23,3,Recently Active,Recent purchase activity
CUST08216,2025-12-31,668,2428.0,1403506.7599999998,1,Recently Active,Recent purchase activity
CUST08217,2025-12-31,499,1834.0,1078562.3400000005,1,Recently Active,Recent purchase activity
CUST08218,2025-12-31,1053,3669.0,2314930.25,1,Recently Active,Recent purchase activity
CUST08219,2025-12-29,476,1685.0,934642.73,3,Recently Active,Recent purchase activity
CUST08220,2025-12-26,311,1105.0,642519.6599999999,6,Active - Monitor,Monitor purchase recency
CUST08221,2025-12-31,690,2351.0,1378997.2399999995,1,Recently Active,Recent purchase activity
CUST08222,2025-12-29,1065,3872.0,2244902.3799999994,3,Recently Active,Recent purchase activity
CUST08223,2025-12-30,465,1761.0,956073.9099999999,2,Recently Active,Recent purchase activity
CUST08224,2025-12-31,326,1185.0,771456.78,1,Recently Active,Recent purchase activity
CUST08225,2025-12-30,522,1953.0,1116121.7200000002,2,Recently Active,Recent purchase activity
CUST08226,2025-12-31,747,2723.0,1588014.7800000003,1,Recently Active,Recent purchase activity
CUST08227,2025-12-30,351,1246.0,722762.3200000001,2,Recently Active,Recent purchase activity
CUST08228,2025-12-23,313,1109.0,624134.9099999999,9,Inactivity Watch,Review customer engagement
CUST08229,2025-12-30,714,2619.0,1540986.8699999996,2,Recently Active,Recent purchase activity
CUST08230,2025-12-28,321,1136.0,669991.6700000002,4,Active - Monitor,Monitor purchase recency
CUST08231,2025-12-26,750,2799.0,1593269.65,6,Active - Monitor,Monitor purchase recency
CUST08232,2025-12-29,1102,4053.0,2331078.5399999996,3,Recently Active,Recent purchase activity
CUST08233,2025-12-30,346,1200.0,752244.93,2,Recently Active,Recent purchase activity
CUST08234,2025-12-31,1106,4096.0,2314769.5500000003,1,Recently Active,Recent purchase activity
CUST08235,2025-12-30,712,2571.0,1370440.2299999995,2,Recently Active,Recent purchase activity
CUST08236,2025-12-31,476,1773.0,1016226.5800000001,1,Recently Active,Recent purchase activity
CUST08237,2025-12-31,474,1748.0,1003304.8900000001,1,Recently Active,Recent purchase activity
CUST08238,2025-12-26,326,1243.0,746368.98,6,Active - Monitor,Monitor purchase recency
CUST08239,2025-12-27,465,1720.0,1015109.5599999999,5,Active - Monitor,Monitor purchase recency
CUST08240,2025-12-27,350,1310.0,711355.55,5,Active - Monitor,Monitor purchase recency
CUST08241,2025-12-28,429,1555.0,838092.7,4,Active - Monitor,Monitor purchase recency
CUST08242,2025-12-30,523,1942.0,1154823.6,2,Recently Active,Recent purchase activity
CUST08243,2025-12-30,696,2439.0,1347526.2000000002,2,Recently Active,Recent purchase activity
CUST08244,2025-12-31,319,1120.0,637097.5599999999,1,Recently Active,Recent purchase activity
CUST08245,2025-12-26,358,1228.0,742808.51,6,Active - Monitor,Monitor purchase recency
CUST08246,2025-12-28,328,1229.0,763394.34,4,Active - Monitor,Monitor purchase recency
CUST08247,2025-12-30,713,2646.0,1523463.0199999996,2,Recently Active,Recent purchase activity
CUST08248,2025-12-31,311,1107.0,682140.32,1,Recently Active,Recent purchase activity
CUST08249,2025-12-31,315,1212.0,702335.6,1,Recently Active,Recent purchase activity
CUST08250,2025-12-29,716,2566.0,1498220.0599999996,3,Recently Active,Recent purchase activity
CUST08251,2025-12-31,342,1280.0,740411.77,1,Recently Active,Recent purchase activity
CUST08252,2025-12-30,464,1597.0,917133.49,2,Recently Active,Recent purchase activity
CUST08253,2025-12-26,423,1532.0,941669.9799999999,6,Active - Monitor,Monitor purchase recency
CUST08254,2025-12-30,1064,3928.0,2303234.5299999993,2,Recently Active,Recent purchase activity
CUST08255,2025-12-24,473,1705.0,1019830.8799999999,8,Inactivity Watch,Review customer engagement
CUST08256,2025-12-28,444,1558.0,967902.5700000001,4,Active - Monitor,Monitor purchase recency
CUST08257,2025-12-30,326,1129.0,642108.6,2,Recently Active,Recent purchase activity
CUST08258,2025-12-30,496,1870.0,998835.03,2,Recently Active,Recent purchase activity
CUST08259,2025-12-30,490,1654.0,892695.5299999999,2,Recently Active,Recent purchase activity
CUST08260,2025-12-29,287,1131.0,651462.9100000001,3,Recently Active,Recent purchase activity
CUST08261,2025-12-31,1109,3951.0,2166950.53,1,Recently Active,Recent purchase activity
CUST08262,2025-12-31,469,1640.0,995576.0399999999,1,Recently Active,Recent purchase activity
CUST08263,2025-12-31,442,1594.0,988338.1499999998,1,Recently Active,Recent purchase activity
CUST08264,2025-12-28,315,1139.0,654375.8799999999,4,Active - Monitor,Monitor purchase recency
CUST08265,2025-12-31,481,1775.0,1050162.38,1,Recently Active,Recent purchase activity
CUST08266,2025-12-30,459,1734.0,1017764.1100000001,2,Recently Active,Recent purchase activity
CUST08267,2025-12-20,660,2379.0,1375117.4000000001,12,Inactivity Watch,Review customer engagement
CUST08268,2025-12-26,698,2564.0,1521328.3599999999,6,Active - Monitor,Monitor purchase recency
CUST08269,2025-12-31,692,2537.0,1442284.3200000003,1,Recently Active,Recent purchase activity
CUST08270,2025-12-30,468,1642.0,971203.3399999999,2,Recently Active,Recent purchase activity
CUST08271,2025-12-31,695,2526.0,1489652.4499999997,1,Recently Active,Recent purchase activity
CUST08272,2025-12-30,309,1035.0,594837.0000000001,2,Recently Active,Recent purchase activity
CUST08273,2025-12-31,521,1878.0,1053749.69,1,Recently Active,Recent purchase activity
CUST08274,2025-12-29,301,1223.0,716720.7000000001,3,Recently Active,Recent purchase activity
CUST08275,2025-12-25,683,2436.0,1432084.39,7,Active - Monitor,Monitor purchase recency
CUST08276,2025-12-30,436,1603.0,887592.7899999999,2,Recently Active,Recent purchase activity
CUST08277,2025-12-25,307,1073.0,662806.67,7,Active - Monitor,Monitor purchase recency
CUST08278,2025-12-31,1148,4153.0,2433748.4800000004,1,Recently Active,Recent purchase activity
CUST08279,2025-12-30,342,1239.0,730375.4800000001,2,Recently Active,Recent purchase activity
CUST08280,2025-12-31,1071,3956.0,2303306.2,1,Recently Active,Recent purchase activity
CUST08281,2025-12-25,700,2532.0,1526858.5499999998,7,Active - Monitor,Monitor purchase recency
CUST08282,2025-12-31,459,1727.0,1043792.41,1,Recently Active,Recent purchase activity
CUST08283,2025-12-30,312,1092.0,584369.0799999998,2,Recently Active,Recent purchase activity
CUST08284,2025-12-31,343,1200.0,683255.5800000001,1,Recently Active,Recent purchase activity
CUST08285,2025-12-29,334,1212.0,725930.37,3,Recently Active,Recent purchase activity
CUST08286,2025-12-30,729,2652.0,1554150.41,2,Recently Active,Recent purchase activity
CUST08287,2025-12-28,278,1007.0,585514.51,4,Active - Monitor,Monitor purchase recency
CUST08288,2025-12-27,326,1195.0,660580.0,5,Active - Monitor,Monitor purchase recency
CUST08289,2025-12-31,312,1071.0,635532.9800000001,1,Recently Active,Recent purchase activity
CUST08290,2025-12-21,483,1763.0,1005093.3200000001,11,Inactivity Watch,Review customer engagement
CUST08291,2025-12-31,478,1746.0,996658.5800000001,1,Recently Active,Recent purchase activity
CUST08292,2025-12-31,495,1790.0,960855.5200000003,1,Recently Active,Recent purchase activity
CUST08293,2025-12-31,663,2478.0,1394693.92,1,Recently Active,Recent purchase activity
CUST08294,2025-12-29,319,1110.0,586246.0700000001,3,Recently Active,Recent purchase activity
CUST08295,2025-12-31,302,1086.0,644759.64,1,Recently Active,Recent purchase activity
CUST08296,2025-12-26,471,1804.0,974352.9000000001,6,Active - Monitor,Monitor purchase recency
CUST08297,2025-12-24,350,1262.0,744088.26,8,Inactivity Watch,Review customer engagement
CUST08298,2025-12-29,328,1168.0,664403.77,3,Recently Active,Recent purchase activity
CUST08299,2025-12-31,733,2687.0,1572311.52,1,Recently Active,Recent purchase activity
CUST08300,2025-12-30,343,1225.0,645503.4200000002,2,Recently Active,Recent purchase activity
CUST08301,2025-12-22,745,2626.0,1483038.6300000001,10,Inactivity Watch,Review customer engagement
CUST08302,2025-12-31,647,2364.0,1358978.8099999998,1,Recently Active,Recent purchase activity
CUST08303,2025-12-27,317,1135.0,636626.73,5,Active - Monitor,Monitor purchase recency
CUST08304,2025-12-28,317,1168.0,641046.11,4,Active - Monitor,Monitor purchase recency
CUST08305,2025-12-29,360,1298.0,755702.3600000001,3,Recently Active,Recent purchase activity
CUST08306,2025-12-28,305,1170.0,684356.8300000002,4,Active - Monitor,Monitor purchase recency
CUST08307,2025-12-29,710,2473.0,1438741.0,3,Recently Active,Recent purchase activity
CUST08308,2025-12-31,738,2712.0,1549507.7999999998,1,Recently Active,Recent purchase activity
CUST08309,2025-12-25,328,1180.0,686943.91,7,Active - Monitor,Monitor purchase recency
CUST08310,2025-12-30,320,1279.0,707183.15,2,Recently Active,Recent purchase activity
CUST08311,2025-12-24,443,1542.0,910867.5999999999,8,Inactivity Watch,Review customer engagement
CUST08312,2025-12-30,319,1188.0,706879.5100000001,2,Recently Active,Recent purchase activity
CUST08313,2025-12-27,315,1199.0,757836.0799999998,5,Active - Monitor,Monitor purchase recency
CUST08314,2025-12-29,350,1302.0,758418.77,3,Recently Active,Recent purchase activity
CUST08315,2025-12-31,646,2502.0,1436246.8599999996,1,Recently Active,Recent purchase activity
CUST08316,2025-12-16,272,902.0,515082.4,16,Extended Inactivity,Review individually; inactivity is not proof of churn
CUST08317,2025-12-31,311,1014.0,620818.53,1,Recently Active,Recent purchase activity
CUST08318,2025-12-31,432,1531.0,907654.2400000002,1,Recently Active,Recent purchase activity
CUST08319,2025-12-30,339,1329.0,848417.8000000002,2,Recently Active,Recent purchase activity
CUST08320,2025-12-29,321,1197.0,707050.2000000002,3,Recently Active,Recent purchase activity
CUST08321,2025-12-28,1058,3804.0,2115569.3299999996,4,Active - Monitor,Monitor purchase recency
CUST08322,2025-12-30,706,2550.0,1561091.1099999994,2,Recently Active,Recent purchase activity
CUST08323,2025-12-31,321,1052.0,624283.9500000001,1,Recently Active,Recent purchase activity
CUST08324,2025-12-30,355,1251.0,683581.3799999999,2,Recently Active,Recent purchase activity
CUST08325,2025-12-30,668,2497.0,1468688.81,2,Recently Active,Recent purchase activity
CUST08326,2025-12-28,321,1151.0,664328.47,4,Active - Monitor,Monitor purchase recency
CUST08327,2025-12-30,447,1644.0,1008328.4,2,Recently Active,Recent purchase activity
CUST08328,2025-12-31,308,1094.0,586568.16,1,Recently Active,Recent purchase activity
CUST08329,2025-12-15,463,1635.0,896175.2400000001,17,Extended Inactivity,Review individually; inactivity is not proof of churn
CUST08330,2025-12-30,329,1103.0,641839.9,2,Recently Active,Recent purchase activity
CUST08331,2025-12-31,449,1786.0,957363.7,1,Recently Active,Recent purchase activity
CUST08332,2025-12-31,1086,4001.0,2303164.5999999996,1,Recently Active,Recent purchase activity
CUST08333,2025-12-25,460,1624.0,973651.6699999998,7,Active - Monitor,Monitor purchase recency
CUST08334,2025-12-28,681,2526.0,1485282.97,4,Active - Monitor,Monitor purchase recency
CUST08335,2025-12-31,460,1733.0,1074965.8700000003,1,Recently Active,Recent purchase activity
CUST08336,2025-12-31,325,1141.0,654355.1699999999,1,Recently Active,Recent purchase activity
CUST08337,2025-12-31,1045,3750.0,2141073.849999999,1,Recently Active,Recent purchase activity
CUST08338,2025-12-30,1096,3911.0,2249415.5800000005,2,Recently Active,Recent purchase activity
CUST08339,2025-12-30,321,1171.0,666265.15,2,Recently Active,Recent purchase activity
CUST08340,2025-12-31,1054,3808.0,2060141.2299999997,1,Recently Active,Recent purchase activity
CUST08341,2025-12-31,1036,3856.0,2221873.69,1,Recently Active,Recent purchase activity
CUST08342,2025-12-30,335,1237.0,739363.11,2,Recently Active,Recent purchase activity
CUST08343,2025-12-31,514,1922.0,1156577.28,1,Recently Active,Recent purchase activity
CUST08344,2025-12-28,305,1117.0,651922.53,4,Active - Monitor,Monitor purchase recency
CUST08345,2025-12-31,333,1195.0,684304.38,1,Recently Active,Recent purchase activity
CUST08346,2025-12-30,336,1229.0,664546.7000000001,2,Recently Active,Recent purchase activity
CUST08347,2025-12-30,343,1232.0,735078.7599999999,2,Recently Active,Recent purchase activity
CUST08348,2025-12-31,723,2681.0,1548019.6600000001,1,Recently Active,Recent purchase activity
CUST08349,2025-12-23,293,1032.0,586765.2899999999,9,Inactivity Watch,Review customer engagement
CUST08350,2025-12-30,707,2694.0,1632657.0599999998,2,Recently Active,Recent purchase activity
CUST08351,2025-12-31,1079,4060.0,2357557.1199999996,1,Recently Active,Recent purchase activity
CUST08352,2025-12-31,491,1696.0,999518.77,1,Recently Active,Recent purchase activity
CUST08353,2025-12-28,688,2412.0,1346914.0499999998,4,Active - Monitor,Monitor purchase recency
CUST08354,2025-12-27,458,1647.0,921613.17,5,Active - Monitor,Monitor purchase recency
CUST08355,2025-12-30,351,1236.0,671615.9400000002,2,Recently Active,Recent purchase activity
CUST08356,2025-12-29,705,2632.0,1496431.3900000001,3,Recently Active,Recent purchase activity
CUST08357,2025-12-31,451,1607.0,944788.77,1,Recently Active,Recent purchase activity
CUST08358,2025-12-29,481,1751.0,954082.25,3,Recently Active,Recent purchase activity
CUST08359,2025-12-31,348,1269.0,789548.25,1,Recently Active,Recent purchase activity
CUST08360,2025-12-31,497,1744.0,1021157.0499999999,1,Recently Active,Recent purchase activity
CUST08361,2025-12-31,334,1272.0,724950.5,1,Recently Active,Recent purchase activity
CUST08362,2025-12-31,1070,3807.0,2053214.8499999996,1,Recently Active,Recent purchase activity
CUST08363,2025-12-30,1078,3897.0,2308399.939999999,2,Recently Active,Recent purchase activity
CUST08364,2025-12-26,319,1112.0,654013.75,6,Active - Monitor,Monitor purchase recency
CUST08365,2025-12-31,684,2494.0,1545730.17,1,Recently Active,Recent purchase activity
CUST08366,2025-12-29,295,1062.0,623353.59,3,Recently Active,Recent purchase activity
CUST08367,2025-12-31,681,2494.0,1423180.3499999999,1,Recently Active,Recent purchase activity
CUST08368,2025-12-28,316,1146.0,741391.5599999998,4,Active - Monitor,Monitor purchase recency
CUST08369,2025-12-29,459,1627.0,936722.3900000001,3,Recently Active,Recent purchase activity
CUST08370,2025-12-30,489,1820.0,1094413.2899999998,2,Recently Active,Recent purchase activity
CUST08371,2025-12-29,707,2522.0,1433147.5699999998,3,Recently Active,Recent purchase activity
CUST08372,2025-12-21,339,1262.0,757255.32,11,Inactivity Watch,Review customer engagement
CUST08373,2025-12-31,1081,4039.0,2340780.749999999,1,Recently Active,Recent purchase activity
CUST08374,2025-12-28,354,1226.0,692563.39,4,Active - Monitor,Monitor purchase recency
CUST08375,2025-12-28,314,1104.0,645569.2699999999,4,Active - Monitor,Monitor purchase recency
CUST08376,2025-12-31,375,1396.0,893190.7200000001,1,Recently Active,Recent purchase activity
CUST08377,2025-12-21,340,1170.0,623097.8900000001,11,Inactivity Watch,Review customer engagement
CUST08378,2025-12-31,499,1807.0,1079664.96,1,Recently Active,Recent purchase activity
CUST08379,2025-12-31,361,1258.0,758660.4500000002,1,Recently Active,Recent purchase activity
CUST08380,2025-12-31,466,1692.0,911971.1699999999,1,Recently Active,Recent purchase activity
CUST08381,2025-12-31,1083,4007.0,2505363.21,1,Recently Active,Recent purchase activity
CUST08382,2025-12-31,678,2398.0,1393371.66,1,Recently Active,Recent purchase activity
CUST08383,2025-12-27,478,1819.0,1045006.5700000003,5,Active - Monitor,Monitor purchase recency
CUST08384,2025-12-30,668,2392.0,1525227.3400000003,2,Recently Active,Recent purchase activity
CUST08385,2025-12-29,355,1227.0,723206.13,3,Recently Active,Recent purchase activity
CUST08386,2025-12-26,316,1088.0,675970.3300000002,6,Active - Monitor,Monitor purchase recency
CUST08387,2025-12-31,1167,4348.0,2464484.099999999,1,Recently Active,Recent purchase activity
CUST08388,2025-12-31,1095,4011.0,2257664.0,1,Recently Active,Recent purchase activity
CUST08389,2025-12-31,729,2693.0,1611595.4099999997,1,Recently Active,Recent purchase activity
CUST08390,2025-12-28,448,1615.0,967168.0100000001,4,Active - Monitor,Monitor purchase recency
CUST08391,2025-12-31,650,2336.0,1373459.61,1,Recently Active,Recent purchase activity
CUST08392,2025-12-25,304,1023.0,629143.2,7,Active - Monitor,Monitor purchase recency
CUST08393,2025-12-31,464,1729.0,1000301.6000000001,1,Recently Active,Recent purchase activity
CUST08394,2025-12-28,452,1628.0,1000216.2699999999,4,Active - Monitor,Monitor purchase recency
CUST08395,2025-12-29,473,1764.0,993410.3600000001,3,Recently Active,Recent purchase activity
CUST08396,2025-12-23,352,1284.0,793395.2699999999,9,Inactivity Watch,Review customer engagement
CUST08397,2025-12-31,425,1575.0,948083.33,1,Recently Active,Recent purchase activity
CUST08398,2025-12-31,295,1033.0,668090.28,1,Recently Active,Recent purchase activity
CUST08399,2025-12-31,709,2569.0,1469974.6400000001,1,Recently Active,Recent purchase activity
CUST08400,2025-12-25,449,1630.0,978526.1200000001,7,Active - Monitor,Monitor purchase recency
CUST08401,2025-12-30,459,1600.0,904584.4,2,Recently Active,Recent purchase activity
CUST08402,2025-12-30,1057,3917.0,2270170.4400000004,2,Recently Active,Recent purchase activity
CUST08403,2025-12-30,1097,3912.0,2327954.5799999996,2,Recently Active,Recent purchase activity
CUST08404,2025-12-26,695,2581.0,1502606.7199999997,6,Active - Monitor,Monitor purchase recency
CUST08405,2025-12-31,458,1648.0,1021702.5800000003,1,Recently Active,Recent purchase activity
CUST08406,2025-12-30,509,1844.0,1043781.5100000004,2,Recently Active,Recent purchase activity
CUST08407,2025-12-31,451,1594.0,917853.4999999999,1,Recently Active,Recent purchase activity
CUST08408,2025-12-31,692,2544.0,1476893.7899999998,1,Recently Active,Recent purchase activity
CUST08409,2025-12-30,743,2692.0,1672172.89,2,Recently Active,Recent purchase activity
CUST08410,2025-12-30,279,1017.0,615179.6599999999,2,Recently Active,Recent purchase activity
CUST08411,2025-12-28,503,1791.0,1011331.2300000001,4,Active - Monitor,Monitor purchase recency
CUST08412,2025-12-28,454,1614.0,926777.5599999999,4,Active - Monitor,Monitor purchase recency
CUST08413,2025-12-21,348,1195.0,693490.9700000001,11,Inactivity Watch,Review customer engagement
CUST08414,2025-12-31,310,1033.0,631936.07,1,Recently Active,Recent purchase activity
CUST08415,2025-12-31,683,2517.0,1418549.1099999996,1,Recently Active,Recent purchase activity
CUST08416,2025-12-31,1092,3889.0,2224175.17,1,Recently Active,Recent purchase activity
CUST08417,2025-12-27,290,1091.0,626947.06,5,Active - Monitor,Monitor purchase recency
CUST08418,2025-12-31,1099,4060.0,2273231.59,1,Recently Active,Recent purchase activity
CUST08419,2025-12-29,716,2536.0,1440827.87,3,Recently Active,Recent purchase activity
CUST08420,2025-12-27,341,1206.0,723757.6599999999,5,Active - Monitor,Monitor purchase recency
CUST08421,2025-12-30,325,1204.0,687522.9600000001,2,Recently Active,Recent purchase activity
CUST08422,2025-12-31,447,1620.0,880370.81,1,Recently Active,Recent purchase activity
CUST08423,2025-12-31,682,2535.0,1473199.72,1,Recently Active,Recent purchase activity
CUST08424,2025-12-27,471,1669.0,980489.8899999998,5,Active - Monitor,Monitor purchase recency
CUST08425,2025-12-31,693,2627.0,1504933.96,1,Recently Active,Recent purchase activity
CUST08426,2025-12-30,334,1172.0,693491.24,2,Recently Active,Recent purchase activity
CUST08427,2025-12-26,335,1182.0,731300.0000000001,6,Active - Monitor,Monitor purchase recency
CUST08428,2025-12-31,689,2514.0,1387055.62,1,Recently Active,Recent purchase activity
CUST08429,2025-12-31,454,1620.0,987846.08,1,Recently Active,Recent purchase activity
CUST08430,2025-12-31,499,1828.0,1066776.5899999999,1,Recently Active,Recent purchase activity
CUST08431,2025-12-31,689,2464.0,1501809.4099999997,1,Recently Active,Recent purchase activity
CUST08432,2025-12-30,330,1248.0,705911.0299999999,2,Recently Active,Recent purchase activity
CUST08433,2025-12-28,415,1526.0,859581.0200000003,4,Active - Monitor,Monitor purchase recency
CUST08434,2025-12-31,1090,4156.0,2416571.1099999994,1,Recently Active,Recent purchase activity
CUST08435,2025-12-31,1093,3905.0,2340931.8599999994,1,Recently Active,Recent purchase activity
CUST08436,2025-12-31,301,1067.0,614217.5700000001,1,Recently Active,Recent purchase activity
CUST08437,2025-12-31,476,1683.0,970335.6900000001,1,Recently Active,Recent purchase activity
CUST08438,2025-12-25,332,1239.0,697645.78,7,Active - Monitor,Monitor purchase recency
CUST08439,2025-12-28,358,1358.0,768505.22,4,Active - Monitor,Monitor purchase recency
CUST08440,2025-12-29,336,1237.0,778269.0,3,Recently Active,Recent purchase activity
CUST08441,2025-12-31,485,1752.0,1001173.9399999997,1,Recently Active,Recent purchase activity
CUST08442,2025-12-29,1096,3964.0,2302257.8199999994,3,Recently Active,Recent purchase activity
CUST08443,2025-12-30,318,1146.0,612035.4199999999,2,Recently Active,Recent purchase activity
CUST08444,2025-12-31,1029,3676.0,2159435.5999999996,1,Recently Active,Recent purchase activity
CUST08445,2025-12-29,501,1792.0,1031348.5099999998,3,Recently Active,Recent purchase activity
CUST08446,2025-12-27,332,1221.0,707714.9099999999,5,Active - Monitor,Monitor purchase recency
CUST08447,2025-12-29,333,1293.0,792509.77,3,Recently Active,Recent purchase activity
CUST08448,2025-12-30,483,1677.0,939458.61,2,Recently Active,Recent purchase activity
CUST08449,2025-12-28,331,1183.0,690750.55,4,Active - Monitor,Monitor purchase recency
CUST08450,2025-12-30,447,1533.0,976649.5399999999,2,Recently Active,Recent purchase activity
CUST08451,2025-12-30,313,1187.0,696379.2,2,Recently Active,Recent purchase activity
CUST08452,2025-12-31,705,2570.0,1490782.13,1,Recently Active,Recent purchase activity
CUST08453,2025-12-30,302,1186.0,719404.7599999999,2,Recently Active,Recent purchase activity
CUST08454,2025-12-23,500,1852.0,1115879.7300000002,9,Inactivity Watch,Review customer engagement
CUST08455,2025-12-30,473,1769.0,1052456.5799999998,2,Recently Active,Recent purchase activity
CUST08456,2025-12-31,708,2637.0,1486744.3100000005,1,Recently Active,Recent purchase activity
CUST08457,2025-12-31,461,1740.0,1096281.8399999999,1,Recently Active,Recent purchase activity
CUST08458,2025-12-28,462,1658.0,1028286.53,4,Active - Monitor,Monitor purchase recency
CUST08459,2025-12-29,1088,3857.0,2247670.3299999996,3,Recently Active,Recent purchase activity
CUST08460,2025-12-31,687,2470.0,1495698.9000000001,1,Recently Active,Recent purchase activity
CUST08461,2025-12-30,736,2619.0,1512732.9599999997,2,Recently Active,Recent purchase activity
CUST08462,2025-12-30,329,1253.0,773021.54,2,Recently Active,Recent purchase activity
CUST08463,2025-12-31,716,2501.0,1424579.71,1,Recently Active,Recent purchase activity
CUST08464,2025-12-31,486,1865.0,1069570.9700000002,1,Recently Active,Recent purchase activity
CUST08465,2025-12-31,723,2673.0,1540457.0499999998,1,Recently Active,Recent purchase activity
CUST08466,2025-12-29,514,1934.0,1141678.1,3,Recently Active,Recent purchase activity
CUST08467,2025-12-26,316,1118.0,595136.1000000001,6,Active - Monitor,Monitor purchase recency
CUST08468,2025-12-29,346,1211.0,745549.6400000001,3,Recently Active,Recent purchase activity
CUST08469,2025-12-29,465,1704.0,953855.28,3,Recently Active,Recent purchase activity
CUST08470,2025-12-31,473,1677.0,973097.55,1,Recently Active,Recent purchase activity
CUST08471,2025-12-31,478,1765.0,1047871.5,1,Recently Active,Recent purchase activity
CUST08472,2025-12-30,724,2634.0,1436769.1899999997,2,Recently Active,Recent purchase activity
CUST08473,2025-12-31,709,2559.0,1472717.9500000002,1,Recently Active,Recent purchase activity
CUST08474,2025-12-30,686,2417.0,1426255.2899999996,2,Recently Active,Recent purchase activity
CUST08475,2025-12-31,513,1876.0,1093995.74,1,Recently Active,Recent purchase activity
CUST08476,2025-12-30,711,2674.0,1509021.91,2,Recently Active,Recent purchase activity
CUST08477,2025-12-31,735,2560.0,1471399.82,1,Recently Active,Recent purchase activity
CUST08478,2025-12-29,466,1646.0,954982.4300000002,3,Recently Active,Recent purchase activity
CUST08479,2025-12-31,478,1707.0,947960.17,1,Recently Active,Recent purchase activity
CUST08480,2025-12-30,349,1308.0,716293.7899999999,2,Recently Active,Recent purchase activity
CUST08481,2025-12-22,331,1155.0,667416.46,10,Inactivity Watch,Review customer engagement
CUST08482,2025-12-31,455,1629.0,1007593.0200000001,1,Recently Active,Recent purchase activity
CUST08483,2025-12-31,1073,3848.0,2260042.29,1,Recently Active,Recent purchase activity
CUST08484,2025-12-30,495,1794.0,1021440.4100000001,2,Recently Active,Recent purchase activity
CUST08485,2025-12-31,332,1183.0,703578.67,1,Recently Active,Recent purchase activity
CUST08486,2025-12-30,715,2698.0,1545822.88,2,Recently Active,Recent purchase activity
CUST08487,2025-12-28,487,1724.0,989126.1900000002,4,Active - Monitor,Monitor purchase recency
CUST08488,2025-12-30,328,1229.0,651804.8200000001,2,Recently Active,Recent purchase activity
CUST08489,2025-12-27,314,1075.0,624426.1400000001,5,Active - Monitor,Monitor purchase recency
CUST08490,2025-12-30,724,2726.0,1738323.1099999996,2,Recently Active,Recent purchase activity
CUST08491,2025-12-29,751,2683.0,1570510.2,3,Recently Active,Recent purchase activity
CUST08492,2025-12-26,304,1038.0,582660.62,6,Active - Monitor,Monitor purchase recency
CUST08493,2025-12-31,343,1269.0,709861.51,1,Recently Active,Recent purchase activity
CUST08494,2025-12-31,489,1809.0,1035281.5700000001,1,Recently Active,Recent purchase activity
CUST08495,2025-12-31,691,2580.0,1458972.1300000001,1,Recently Active,Recent purchase activity
CUST08496,2025-12-27,347,1148.0,603598.5800000001,5,Active - Monitor,Monitor purchase recency
CUST08497,2025-12-27,472,1795.0,1073682.5300000003,5,Active - Monitor,Monitor purchase recency
CUST08498,2025-12-26,322,1176.0,700041.4299999999,6,Active - Monitor,Monitor purchase recency
CUST08499,2025-12-31,442,1506.0,879686.65,1,Recently Active,Recent purchase activity
CUST08500,2025-12-30,343,1321.0,777906.92,2,Recently Active,Recent purchase activity
CUST08501,2025-12-30,340,1222.0,644951.6100000001,2,Recently Active,Recent purchase activity
CUST08502,2025-12-31,339,1269.0,731245.02,1,Recently Active,Recent purchase activity
CUST08503,2025-12-29,472,1762.0,1096237.5099999998,3,Recently Active,Recent purchase activity
CUST08504,2025-12-27,485,1751.0,1024235.63,5,Active - Monitor,Monitor purchase recency
CUST08505,2025-12-29,335,1264.0,710581.34,3,Recently Active,Recent purchase activity
CUST08506,2025-12-31,470,1684.0,973486.8400000001,1,Recently Active,Recent purchase activity
CUST08507,2025-12-26,334,1156.0,687164.8400000001,6,Active - Monitor,Monitor purchase recency
CUST08508,2025-12-30,690,2506.0,1445344.8499999996,2,Recently Active,Recent purchase activity
CUST08509,2025-12-29,310,1161.0,741126.73,3,Recently Active,Recent purchase activity
CUST08510,2025-12-31,728,2646.0,1566601.12,1,Recently Active,Recent purchase activity
CUST08511,2025-12-31,455,1653.0,904266.3500000002,1,Recently Active,Recent purchase activity
CUST08512,2025-12-31,345,1306.0,721297.8400000001,1,Recently Active,Recent purchase activity
CUST08513,2025-12-31,686,2477.0,1413900.1600000001,1,Recently Active,Recent purchase activity
CUST08514,2025-12-30,315,1172.0,738410.36,2,Recently Active,Recent purchase activity
CUST08515,2025-12-26,336,1200.0,616687.75,6,Active - Monitor,Monitor purchase recency
CUST08516,2025-12-29,310,1127.0,681595.11,3,Recently Active,Recent purchase activity
CUST08517,2025-12-31,297,1017.0,609099.5399999999,1,Recently Active,Recent purchase activity
CUST08518,2025-12-31,1039,3834.0,2089554.6199999996,1,Recently Active,Recent purchase activity
CUST08519,2025-12-31,492,1763.0,972715.9199999999,1,Recently Active,Recent purchase activity
CUST08520,2025-12-31,329,1200.0,755343.9700000001,1,Recently Active,Recent purchase activity
CUST08521,2025-12-31,485,1671.0,885957.9699999999,1,Recently Active,Recent purchase activity
CUST08522,2025-12-31,645,2304.0,1323865.5399999998,1,Recently Active,Recent purchase activity
CUST08523,2025-12-31,1049,3891.0,2264949.0300000003,1,Recently Active,Recent purchase activity
CUST08524,2025-12-30,419,1551.0,894059.79,2,Recently Active,Recent purchase activity
CUST08525,2025-12-25,306,1145.0,663252.13,7,Active - Monitor,Monitor purchase recency
CUST08526,2025-12-30,311,1069.0,644359.95,2,Recently Active,Recent purchase activity
CUST08527,2025-12-30,1113,4190.0,2504990.5899999994,2,Recently Active,Recent purchase activity
CUST08528,2025-12-31,694,2566.0,1558383.5699999996,1,Recently Active,Recent purchase activity
CUST08529,2025-12-31,272,978.0,534488.66,1,Recently Active,Recent purchase activity
CUST08530,2025-12-31,719,2585.0,1546345.2299999997,1,Recently Active,Recent purchase activity
CUST08531,2025-12-30,326,1084.0,607858.29,2,Recently Active,Recent purchase activity
CUST08532,2025-12-29,345,1240.0,731756.5499999999,3,Recently Active,Recent purchase activity
CUST08533,2025-12-30,309,1125.0,650162.36,2,Recently Active,Recent purchase activity
CUST08534,2025-12-31,1027,3609.0,2137807.4499999993,1,Recently Active,Recent purchase activity
CUST08535,2025-12-30,320,1189.0,665874.6800000002,2,Recently Active,Recent purchase activity
CUST08536,2025-12-29,323,1072.0,656124.1399999999,3,Recently Active,Recent purchase activity
CUST08537,2025-12-29,683,2483.0,1450068.0199999996,3,Recently Active,Recent purchase activity
CUST08538,2025-12-30,492,1727.0,1073037.83,2,Recently Active,Recent purchase activity
CUST08539,2025-12-29,528,1813.0,1121339.33,3,Recently Active,Recent purchase activity
CUST08540,2025-12-31,705,2538.0,1469378.5000000002,1,Recently Active,Recent purchase activity
CUST08541,2025-12-31,319,1198.0,727545.2499999999,1,Recently Active,Recent purchase activity
CUST08542,2025-12-31,490,1817.0,1062404.05,1,Recently Active,Recent purchase activity
CUST08543,2025-12-30,325,1183.0,734615.5199999999,2,Recently Active,Recent purchase activity
CUST08544,2025-12-30,669,2304.0,1229352.5599999996,2,Recently Active,Recent purchase activity
CUST08545,2025-12-14,298,1096.0,714467.43,18,Extended Inactivity,Review individually; inactivity is not proof of churn
CUST08546,2025-12-29,468,1740.0,998690.6000000002,3,Recently Active,Recent purchase activity
CUST08547,2025-12-27,697,2569.0,1464268.3799999997,5,Active - Monitor,Monitor purchase recency
CUST08548,2025-12-30,1070,3879.0,2198359.289999999,2,Recently Active,Recent purchase activity
CUST08549,2025-12-30,305,1087.0,591432.4700000001,2,Recently Active,Recent purchase activity
CUST08550,2025-12-31,339,1229.0,676035.7,1,Recently Active,Recent purchase activity
CUST08551,2025-12-30,495,1928.0,1113662.45,2,Recently Active,Recent purchase activity
CUST08552,2025-12-30,317,1196.0,664500.5100000001,2,Recently Active,Recent purchase activity
CUST08553,2025-12-31,324,1176.0,691707.1100000002,1,Recently Active,Recent purchase activity
CUST08554,2025-12-29,479,1706.0,944508.3400000001,3,Recently Active,Recent purchase activity
CUST08555,2025-12-29,455,1607.0,958945.99,3,Recently Active,Recent purchase activity
CUST08556,2025-12-31,499,1754.0,1001612.63,1,Recently Active,Recent purchase activity
CUST08557,2025-12-31,683,2532.0,1471175.0399999998,1,Recently Active,Recent purchase activity
CUST08558,2025-12-25,310,1118.0,619660.7500000001,7,Active - Monitor,Monitor purchase recency
CUST08559,2025-12-31,476,1689.0,951823.7500000001,1,Recently Active,Recent purchase activity
CUST08560,2025-12-28,342,1241.0,688289.05,4,Active - Monitor,Monitor purchase recency
CUST08561,2025-12-31,479,1810.0,995934.6399999999,1,Recently Active,Recent purchase activity
CUST08562,2025-12-30,444,1566.0,932370.36,2,Recently Active,Recent purchase activity
CUST08563,2025-12-31,351,1296.0,797706.96,1,Recently Active,Recent purchase activity
CUST08564,2025-12-31,459,1714.0,1016867.8799999999,1,Recently Active,Recent purchase activity
CUST08565,2025-12-31,324,1171.0,633084.89,1,Recently Active,Recent purchase activity
CUST08566,2025-12-24,345,1258.0,711631.9,8,Inactivity Watch,Review customer engagement
CUST08567,2025-12-31,422,1541.0,907879.79,1,Recently Active,Recent purchase activity
CUST08568,2025-12-30,706,2564.0,1539865.8099999996,2,Recently Active,Recent purchase activity
CUST08569,2025-12-31,747,2859.0,1661305.81,1,Recently Active,Recent purchase activity
CUST08570,2025-12-28,504,1797.0,1075604.54,4,Active - Monitor,Monitor purchase recency
CUST08571,2025-12-31,340,1221.0,711943.3900000001,1,Recently Active,Recent purchase activity
CUST08572,2025-12-29,321,1160.0,647193.8299999998,3,Recently Active,Recent purchase activity
CUST08573,2025-12-30,310,1160.0,695114.7399999999,2,Recently Active,Recent purchase activity
CUST08574,2025-12-31,490,1797.0,1035518.81,1,Recently Active,Recent purchase activity
CUST08575,2025-12-29,304,1136.0,722782.4200000002,3,Recently Active,Recent purchase activity
CUST08576,2025-12-31,349,1299.0,778427.4100000001,1,Recently Active,Recent purchase activity
CUST08577,2025-12-31,319,1187.0,664243.54,1,Recently Active,Recent purchase activity
CUST08578,2025-12-30,692,2571.0,1514329.7499999995,2,Recently Active,Recent purchase activity
CUST08579,2025-12-29,453,1591.0,899781.8599999999,3,Recently Active,Recent purchase activity
CUST08580,2025-12-31,338,1245.0,755178.08,1,Recently Active,Recent purchase activity
CUST08581,2025-12-29,427,1517.0,859429.36,3,Recently Active,Recent purchase activity
CUST08582,2025-12-31,450,1646.0,984069.82,1,Recently Active,Recent purchase activity
CUST08583,2025-12-29,1081,3783.0,2186284.26,3,Recently Active,Recent purchase activity
CUST08584,2025-12-26,333,1242.0,684807.5499999999,6,Active - Monitor,Monitor purchase recency
CUST08585,2025-12-31,508,1916.0,1129803.33,1,Recently Active,Recent purchase activity
CUST08586,2025-12-31,689,2440.0,1405217.65,1,Recently Active,Recent purchase activity
CUST08587,2025-12-30,721,2696.0,1524211.09,2,Recently Active,Recent purchase activity
CUST08588,2025-12-31,692,2617.0,1579106.3899999994,1,Recently Active,Recent purchase activity
CUST08589,2025-12-31,478,1790.0,1112653.4499999997,1,Recently Active,Recent purchase activity
CUST08590,2025-12-30,729,2674.0,1563135.95,2,Recently Active,Recent purchase activity
CUST08591,2025-12-20,318,1131.0,681565.99,12,Inactivity Watch,Review customer engagement
CUST08592,2025-12-31,674,2415.0,1382035.77,1,Recently Active,Recent purchase activity
CUST08593,2025-12-31,733,2747.0,1634016.9400000002,1,Recently Active,Recent purchase activity
CUST08594,2025-12-31,328,1194.0,701345.28,1,Recently Active,Recent purchase activity
CUST08595,2025-12-29,319,1165.0,623931.9999999999,3,Recently Active,Recent purchase activity
CUST08596,2025-12-30,1045,3841.0,2056993.5099999998,2,Recently Active,Recent purchase activity
CUST08597,2025-12-30,441,1555.0,862187.3600000001,2,Recently Active,Recent purchase activity
CUST08598,2025-12-31,673,2461.0,1446705.9899999998,1,Recently Active,Recent purchase activity
CUST08599,2025-12-31,726,2626.0,1537611.92,1,Recently Active,Recent purchase activity
CUST08600,2025-12-24,318,1131.0,678749.8200000001,8,Inactivity Watch,Review customer engagement
CUST08601,2025-12-27,305,1125.0,642235.2900000002,5,Active - Monitor,Monitor purchase recency
CUST08602,2025-12-31,1062,3998.0,2267657.6799999997,1,Recently Active,Recent purchase activity
CUST08603,2025-12-29,470,1759.0,1040799.6799999999,3,Recently Active,Recent purchase activity
CUST08604,2025-12-29,732,2621.0,1518262.86,3,Recently Active,Recent purchase activity
CUST08605,2025-12-29,329,1084.0,643910.9,3,Recently Active,Recent purchase activity
CUST08606,2025-12-28,366,1387.0,762320.7600000001,4,Active - Monitor,Monitor purchase recency
CUST08607,2025-12-29,366,1344.0,750387.9500000001,3,Recently Active,Recent purchase activity
CUST08608,2025-12-30,339,1279.0,744331.9600000002,2,Recently Active,Recent purchase activity
CUST08609,2025-12-30,327,1176.0,640995.0599999999,2,Recently Active,Recent purchase activity
CUST08610,2025-12-31,1094,4075.0,2397985.920000001,1,Recently Active,Recent purchase activity
CUST08611,2025-12-31,694,2516.0,1369563.0099999998,1,Recently Active,Recent purchase activity
CUST08612,2025-12-30,727,2512.0,1407184.2799999996,2,Recently Active,Recent purchase activity
CUST08613,2025-12-28,320,1199.0,723057.64,4,Active - Monitor,Monitor purchase recency
CUST08614,2025-12-26,453,1589.0,1019727.5800000001,6,Active - Monitor,Monitor purchase recency
CUST08615,2025-12-29,338,1270.0,782793.88,3,Recently Active,Recent purchase activity
CUST08616,2025-12-30,333,1194.0,692429.25,2,Recently Active,Recent purchase activity
CUST08617,2025-12-31,328,1225.0,642888.4900000002,1,Recently Active,Recent purchase activity
CUST08618,2025-12-30,653,2331.0,1324763.2600000002,2,Recently Active,Recent purchase activity
CUST08619,2025-12-28,337,1201.0,755925.43,4,Active - Monitor,Monitor purchase recency
CUST08620,2025-12-31,460,1592.0,904715.6600000001,1,Recently Active,Recent purchase activity
CUST08621,2025-12-31,695,2518.0,1435275.6999999997,1,Recently Active,Recent purchase activity
CUST08622,2025-12-30,458,1653.0,1041710.7199999999,2,Recently Active,Recent purchase activity
CUST08623,2025-12-31,366,1267.0,739250.71,1,Recently Active,Recent purchase activity
CUST08624,2025-12-31,1057,3860.0,2281942.3899999997,1,Recently Active,Recent purchase activity
CUST08625,2025-12-31,459,1663.0,963771.02,1,Recently Active,Recent purchase activity
CUST08626,2025-12-29,323,1163.0,718780.6,3,Recently Active,Recent purchase activity
CUST08627,2025-12-25,466,1709.0,959341.1400000001,7,Active - Monitor,Monitor purchase recency
CUST08628,2025-12-30,471,1745.0,986552.0599999999,2,Recently Active,Recent purchase activity
CUST08629,2025-12-31,687,2466.0,1387055.3699999999,1,Recently Active,Recent purchase activity
CUST08630,2025-12-31,713,2597.0,1492693.66,1,Recently Active,Recent purchase activity
CUST08631,2025-12-25,315,1114.0,622638.1200000001,7,Active - Monitor,Monitor purchase recency
CUST08632,2025-12-31,726,2632.0,1503069.3900000001,1,Recently Active,Recent purchase activity
CUST08633,2025-12-31,471,1685.0,964593.69,1,Recently Active,Recent purchase activity
CUST08634,2025-12-26,474,1749.0,977912.94,6,Active - Monitor,Monitor purchase recency
CUST08635,2025-12-31,327,1171.0,689199.8500000001,1,Recently Active,Recent purchase activity
CUST08636,2025-12-24,335,1228.0,652519.65,8,Inactivity Watch,Review customer engagement
CUST08637,2025-12-27,318,1125.0,612966.77,5,Active - Monitor,Monitor purchase recency
CUST08638,2025-12-30,705,2547.0,1496646.3499999994,2,Recently Active,Recent purchase activity
CUST08639,2025-12-31,340,1237.0,667272.6399999999,1,Recently Active,Recent purchase activity
CUST08640,2025-12-31,464,1620.0,953634.4900000002,1,Recently Active,Recent purchase activity
CUST08641,2025-12-31,699,2563.0,1474507.6099999996,1,Recently Active,Recent purchase activity
CUST08642,2025-12-31,1055,3906.0,2208934.309999999,1,Recently Active,Recent purchase activity
CUST08643,2025-12-30,1048,3768.0,2245500.5199999996,2,Recently Active,Recent purchase activity
CUST08644,2025-12-31,707,2649.0,1518488.2,1,Recently Active,Recent purchase activity
CUST08645,2025-12-31,471,1727.0,990294.2600000001,1,Recently Active,Recent purchase activity
CUST08646,2025-12-27,323,1164.0,695572.28,5,Active - Monitor,Monitor purchase recency
CUST08647,2025-12-30,337,1197.0,673365.7799999999,2,Recently Active,Recent purchase activity
CUST08648,2025-12-30,322,1229.0,671294.9000000001,2,Recently Active,Recent purchase activity
CUST08649,2025-12-29,329,1156.0,667170.45,3,Recently Active,Recent purchase activity
CUST08650,2025-12-31,464,1655.0,898314.5800000002,1,Recently Active,Recent purchase activity
CUST08651,2025-12-31,464,1694.0,970692.9600000001,1,Recently Active,Recent purchase activity
CUST08652,2025-12-31,1153,4287.0,2429255.83,1,Recently Active,Recent purchase activity
CUST08653,2025-12-29,326,1223.0,731244.12,3,Recently Active,Recent purchase activity
CUST08654,2025-12-30,1056,3780.0,2194154.67,2,Recently Active,Recent purchase activity
CUST08655,2025-12-31,719,2644.0,1489732.3899999997,1,Recently Active,Recent purchase activity
CUST08656,2025-12-30,660,2489.0,1492936.09,2,Recently Active,Recent purchase activity
CUST08657,2025-12-29,311,1106.0,619903.93,3,Recently Active,Recent purchase activity
CUST08658,2025-12-25,462,1661.0,990670.1299999998,7,Active - Monitor,Monitor purchase recency
CUST08659,2025-12-30,470,1583.0,879098.8399999999,2,Recently Active,Recent purchase activity
CUST08660,2025-12-31,741,2535.0,1473426.9799999997,1,Recently Active,Recent purchase activity
CUST08661,2025-12-28,478,1732.0,1021137.53,4,Active - Monitor,Monitor purchase recency
CUST08662,2025-12-31,1097,3922.0,2332897.089999999,1,Recently Active,Recent purchase activity
CUST08663,2025-12-26,343,1299.0,706748.6600000001,6,Active - Monitor,Monitor purchase recency
CUST08664,2025-12-30,370,1341.0,807673.9600000002,2,Recently Active,Recent purchase activity
CUST08665,2025-12-31,691,2579.0,1458249.15,1,Recently Active,Recent purchase activity
CUST08666,2025-12-30,1099,4203.0,2306736.1799999997,2,Recently Active,Recent purchase activity
CUST08667,2025-12-31,330,1176.0,583796.8600000001,1,Recently Active,Recent purchase activity
CUST08668,2025-12-30,333,1224.0,686735.86,2,Recently Active,Recent purchase activity
CUST08669,2025-12-31,435,1594.0,945014.0800000003,1,Recently Active,Recent purchase activity
CUST08670,2025-12-31,703,2487.0,1486837.7999999998,1,Recently Active,Recent purchase activity
CUST08671,2025-12-29,447,1635.0,964105.2699999999,3,Recently Active,Recent purchase activity
CUST08672,2025-12-24,324,1189.0,708788.0000000001,8,Inactivity Watch,Review customer engagement
CUST08673,2025-12-31,507,1853.0,1112067.71,1,Recently Active,Recent purchase activity
CUST08674,2025-12-26,347,1320.0,765582.4400000002,6,Active - Monitor,Monitor purchase recency
CUST08675,2025-12-31,316,1175.0,648000.0400000002,1,Recently Active,Recent purchase activity
CUST08676,2025-12-30,428,1590.0,932111.3699999999,2,Recently Active,Recent purchase activity
CUST08677,2025-12-28,326,1142.0,656478.29,4,Active - Monitor,Monitor purchase recency
CUST08678,2025-12-29,754,2715.0,1538929.1399999997,3,Recently Active,Recent purchase activity
CUST08679,2025-12-29,737,2720.0,1586331.9999999995,3,Recently Active,Recent purchase activity
CUST08680,2025-12-31,1060,3797.0,2302608.82,1,Recently Active,Recent purchase activity
CUST08681,2025-12-28,660,2427.0,1492582.5199999993,4,Active - Monitor,Monitor purchase recency
CUST08682,2025-12-31,355,1257.0,732142.5700000001,1,Recently Active,Recent purchase activity
CUST08683,2025-12-31,340,1181.0,713244.03,1,Recently Active,Recent purchase activity
CUST08684,2025-12-30,490,1823.0,1118065.3900000001,2,Recently Active,Recent purchase activity
CUST08685,2025-12-27,681,2511.0,1477192.3599999999,5,Active - Monitor,Monitor purchase recency
CUST08686,2025-12-28,288,1068.0,596996.8,4,Active - Monitor,Monitor purchase recency
CUST08687,2025-12-30,1066,3917.0,2206161.8299999996,2,Recently Active,Recent purchase activity
CUST08688,2025-12-31,679,2573.0,1530953.78,1,Recently Active,Recent purchase activity
CUST08689,2025-12-25,741,2648.0,1490662.3299999998,7,Active - Monitor,Monitor purchase recency
CUST08690,2025-12-31,476,1707.0,1087781.02,1,Recently Active,Recent purchase activity
CUST08691,2025-12-31,1076,3923.0,2199377.6599999997,1,Recently Active,Recent purchase activity
CUST08692,2025-12-30,702,2478.0,1412972.29,2,Recently Active,Recent purchase activity
CUST08693,2025-12-27,453,1596.0,913014.28,5,Active - Monitor,Monitor purchase recency
CUST08694,2025-12-31,722,2672.0,1689484.8599999996,1,Recently Active,Recent purchase activity
CUST08695,2025-12-31,1081,3997.0,2334536.64,1,Recently Active,Recent purchase activity
CUST08696,2025-12-31,1014,3669.0,2191358.44,1,Recently Active,Recent purchase activity
CUST08697,2025-12-31,1037,3784.0,2223154.7799999993,1,Recently Active,Recent purchase activity
CUST08698,2025-12-31,706,2546.0,1516578.8500000003,1,Recently Active,Recent purchase activity
CUST08699,2025-12-30,489,1735.0,1128544.4300000002,2,Recently Active,Recent purchase activity
CUST08700,2025-12-25,489,1758.0,1013055.19,7,Active - Monitor,Monitor purchase recency
CUST08701,2025-12-28,326,1136.0,608668.76,4,Active - Monitor,Monitor purchase recency
CUST08702,2025-12-30,457,1710.0,1017480.7699999999,2,Recently Active,Recent purchase activity
CUST08703,2025-12-31,321,1143.0,560298.26,1,Recently Active,Recent purchase activity
CUST08704,2025-12-31,315,1092.0,662007.1700000002,1,Recently Active,Recent purchase activity
CUST08705,2025-12-28,315,1201.0,718091.8300000001,4,Active - Monitor,Monitor purchase recency
CUST08706,2025-12-31,472,1736.0,1039927.26,1,Recently Active,Recent purchase activity
CUST08707,2025-12-31,334,1104.0,678251.52,1,Recently Active,Recent purchase activity
CUST08708,2025-12-29,699,2494.0,1428499.4899999998,3,Recently Active,Recent purchase activity
CUST08709,2025-12-31,1043,3771.0,2273232.9799999995,1,Recently Active,Recent purchase activity
CUST08710,2025-12-29,441,1642.0,938303.4,3,Recently Active,Recent purchase activity
CUST08711,2025-12-28,492,1704.0,1099770.07,4,Active - Monitor,Monitor purchase recency
CUST08712,2025-12-30,1078,3851.0,2192584.6399999997,2,Recently Active,Recent purchase activity
CUST08713,2025-12-31,328,1230.0,728515.64,1,Recently Active,Recent purchase activity
CUST08714,2025-12-31,447,1575.0,917733.4200000002,1,Recently Active,Recent purchase activity
CUST08715,2025-12-30,703,2536.0,1431930.8900000001,2,Recently Active,Recent purchase activity
CUST08716,2025-12-28,739,2639.0,1517490.8699999992,4,Active - Monitor,Monitor purchase recency
CUST08717,2025-12-30,701,2593.0,1578240.92,2,Recently Active,Recent purchase activity
CUST08718,2025-12-31,316,1159.0,694907.2,1,Recently Active,Recent purchase activity
CUST08719,2025-12-30,736,2709.0,1634873.9,2,Recently Active,Recent purchase activity
CUST08720,2025-12-18,305,1117.0,578753.6000000001,14,Inactivity Watch,Review customer engagement
CUST08721,2025-12-30,441,1550.0,923735.6800000002,2,Recently Active,Recent purchase activity
CUST08722,2025-12-30,322,1186.0,630622.0800000001,2,Recently Active,Recent purchase activity
CUST08723,2025-12-31,329,1188.0,717959.4900000001,1,Recently Active,Recent purchase activity
CUST08724,2025-12-30,446,1598.0,995567.0299999999,2,Recently Active,Recent purchase activity
CUST08725,2025-12-28,707,2535.0,1538376.2099999993,4,Active - Monitor,Monitor purchase recency
CUST08726,2025-12-25,477,1712.0,957050.5100000001,7,Active - Monitor,Monitor purchase recency
CUST08727,2025-12-29,1118,4187.0,2418524.099999999,3,Recently Active,Recent purchase activity
CUST08728,2025-12-30,460,1669.0,1030122.2800000003,2,Recently Active,Recent purchase activity
CUST08729,2025-12-28,353,1268.0,815755.85,4,Active - Monitor,Monitor purchase recency
CUST08730,2025-12-30,310,1196.0,660065.29,2,Recently Active,Recent purchase activity
CUST08731,2025-12-30,675,2533.0,1509198.7199999997,2,Recently Active,Recent purchase activity
CUST08732,2025-12-30,1142,4093.0,2389391.5699999994,2,Recently Active,Recent purchase activity
CUST08733,2025-12-28,423,1507.0,816820.69,4,Active - Monitor,Monitor purchase recency
CUST08734,2025-12-31,684,2554.0,1514669.5000000002,1,Recently Active,Recent purchase activity
CUST08735,2025-12-29,447,1613.0,932748.4800000001,3,Recently Active,Recent purchase activity
CUST08736,2025-12-31,467,1682.0,980085.46,1,Recently Active,Recent purchase activity
CUST08737,2025-12-30,1070,3668.0,2161142.7699999996,2,Recently Active,Recent purchase activity
CUST08738,2025-12-30,486,1753.0,1075600.4200000002,2,Recently Active,Recent purchase activity
CUST08739,2025-12-31,441,1500.0,881779.5700000001,1,Recently Active,Recent purchase activity
CUST08740,2025-12-31,470,1799.0,1051475.9000000001,1,Recently Active,Recent purchase activity
CUST08741,2025-12-29,342,1235.0,682353.77,3,Recently Active,Recent purchase activity
CUST08742,2025-12-30,498,1819.0,1117064.82,2,Recently Active,Recent purchase activity
CUST08743,2025-12-31,344,1243.0,716518.1199999999,1,Recently Active,Recent purchase activity
CUST08744,2025-12-31,1101,3949.0,2233879.3299999996,1,Recently Active,Recent purchase activity
CUST08745,2025-12-29,332,1184.0,757745.06,3,Recently Active,Recent purchase activity
CUST08746,2025-12-30,321,1189.0,677985.67,2,Recently Active,Recent purchase activity
CUST08747,2025-12-31,730,2649.0,1620985.7000000002,1,Recently Active,Recent purchase activity
CUST08748,2025-12-31,327,1171.0,669793.35,1,Recently Active,Recent purchase activity
CUST08749,2025-12-30,454,1690.0,997205.5,2,Recently Active,Recent purchase activity
CUST08750,2025-12-29,714,2729.0,1534765.9199999995,3,Recently Active,Recent purchase activity
CUST08751,2025-12-25,474,1749.0,1074887.52,7,Active - Monitor,Monitor purchase recency
CUST08752,2025-12-23,489,1688.0,967297.55,9,Inactivity Watch,Review customer engagement
CUST08753,2025-12-28,710,2597.0,1558474.6099999996,4,Active - Monitor,Monitor purchase recency
CUST08754,2025-12-25,318,1129.0,650233.7600000001,7,Active - Monitor,Monitor purchase recency
CUST08755,2025-12-30,721,2530.0,1484821.45,2,Recently Active,Recent purchase activity
CUST08756,2025-12-27,482,1829.0,1069872.84,5,Active - Monitor,Monitor purchase recency
CUST08757,2025-12-29,709,2468.0,1433781.3199999998,3,Recently Active,Recent purchase activity
CUST08758,2025-12-31,695,2591.0,1555235.1,1,Recently Active,Recent purchase activity
CUST08759,2025-12-30,462,1726.0,1055343.5100000002,2,Recently Active,Recent purchase activity
CUST08760,2025-12-31,729,2731.0,1599710.2,1,Recently Active,Recent purchase activity
CUST08761,2025-12-26,323,1184.0,689397.3,6,Active - Monitor,Monitor purchase recency
CUST08762,2025-12-31,326,1158.0,680113.3300000001,1,Recently Active,Recent purchase activity
CUST08763,2025-12-31,499,1880.0,1175345.9500000002,1,Recently Active,Recent purchase activity
CUST08764,2025-12-30,688,2515.0,1527397.12,2,Recently Active,Recent purchase activity
CUST08765,2025-12-21,322,1093.0,679535.6200000001,11,Inactivity Watch,Review customer engagement
CUST08766,2025-12-31,682,2485.0,1451859.7599999998,1,Recently Active,Recent purchase activity
CUST08767,2025-12-28,330,1230.0,670230.63,4,Active - Monitor,Monitor purchase recency
CUST08768,2025-12-31,350,1309.0,783231.8500000002,1,Recently Active,Recent purchase activity
CUST08769,2025-12-31,318,1152.0,643635.29,1,Recently Active,Recent purchase activity
CUST08770,2025-12-29,348,1194.0,633686.71,3,Recently Active,Recent purchase activity
CUST08771,2025-12-31,471,1656.0,984733.9999999999,1,Recently Active,Recent purchase activity
CUST08772,2025-12-29,490,1737.0,1039515.0300000004,3,Recently Active,Recent purchase activity
CUST08773,2025-12-31,302,1068.0,563857.2,1,Recently Active,Recent purchase activity
CUST08774,2025-12-29,1105,3953.0,2253705.2899999996,3,Recently Active,Recent purchase activity
CUST08775,2025-12-31,468,1752.0,1020286.1100000001,1,Recently Active,Recent purchase activity
CUST08776,2025-12-27,473,1721.0,1059729.92,5,Active - Monitor,Monitor purchase recency
CUST08777,2025-12-30,1092,4011.0,2285417.8700000006,2,Recently Active,Recent purchase activity
CUST08778,2025-12-31,327,1145.0,678943.24,1,Recently Active,Recent purchase activity
CUST08779,2025-12-30,510,1926.0,1106630.8800000001,2,Recently Active,Recent purchase activity
CUST08780,2025-12-30,457,1617.0,904715.5700000001,2,Recently Active,Recent purchase activity
CUST08781,2025-12-29,710,2604.0,1495980.4,3,Recently Active,Recent purchase activity
CUST08782,2025-12-31,465,1709.0,982560.7199999999,1,Recently Active,Recent purchase activity
CUST08783,2025-12-28,344,1243.0,759579.7400000002,4,Active - Monitor,Monitor purchase recency
CUST08784,2025-12-17,308,1158.0,602601.13,15,Extended Inactivity,Review individually; inactivity is not proof of churn
CUST08785,2025-12-31,344,1301.0,744945.4500000001,1,Recently Active,Recent purchase activity
CUST08786,2025-12-18,282,1046.0,564913.61,14,Inactivity Watch,Review customer engagement
CUST08787,2025-12-31,713,2623.0,1543759.6900000002,1,Recently Active,Recent purchase activity
CUST08788,2025-12-30,697,2503.0,1498755.2800000003,2,Recently Active,Recent purchase activity
CUST08789,2025-12-31,352,1253.0,711340.92,1,Recently Active,Recent purchase activity
CUST08790,2025-12-31,311,1069.0,634099.98,1,Recently Active,Recent purchase activity
CUST08791,2025-12-31,347,1252.0,795289.1199999999,1,Recently Active,Recent purchase activity
CUST08792,2025-12-28,431,1527.0,903123.9800000001,4,Active - Monitor,Monitor purchase recency
CUST08793,2025-12-30,430,1539.0,861044.6800000002,2,Recently Active,Recent purchase activity
CUST08794,2025-12-31,476,1680.0,964578.5399999999,1,Recently Active,Recent purchase activity
CUST08795,2025-12-31,691,2541.0,1502566.3399999999,1,Recently Active,Recent purchase activity
CUST08796,2025-12-27,481,1801.0,1134818.26,5,Active - Monitor,Monitor purchase recency
CUST08797,2025-12-31,668,2387.0,1396118.1900000004,1,Recently Active,Recent purchase activity
CUST08798,2025-12-31,1075,3910.0,2227113.38,1,Recently Active,Recent purchase activity
CUST08799,2025-12-26,475,1744.0,1027177.58,6,Active - Monitor,Monitor purchase recency
CUST08800,2025-12-31,459,1688.0,911583.9400000002,1,Recently Active,Recent purchase activity
CUST08801,2025-12-31,765,2680.0,1726120.0699999996,1,Recently Active,Recent purchase activity
CUST08802,2025-12-29,485,1802.0,1123120.54,3,Recently Active,Recent purchase activity
CUST08803,2025-12-30,1077,3766.0,2169839.7299999995,2,Recently Active,Recent purchase activity
CUST08804,2025-12-29,517,1880.0,1059833.08,3,Recently Active,Recent purchase activity
CUST08805,2025-12-31,1111,3803.0,2291138.1899999995,1,Recently Active,Recent purchase activity
CUST08806,2025-12-31,504,1843.0,1056902.79,1,Recently Active,Recent purchase activity
CUST08807,2025-12-30,305,1153.0,630107.6399999999,2,Recently Active,Recent purchase activity
CUST08808,2025-12-30,714,2575.0,1432561.2700000005,2,Recently Active,Recent purchase activity
CUST08809,2025-12-31,329,1237.0,686410.95,1,Recently Active,Recent purchase activity
CUST08810,2025-12-29,1038,3651.0,2002753.6199999999,3,Recently Active,Recent purchase activity
CUST08811,2025-12-31,1070,3981.0,2278404.68,1,Recently Active,Recent purchase activity
CUST08812,2025-12-26,325,1157.0,685018.9799999999,6,Active - Monitor,Monitor purchase recency
CUST08813,2025-12-27,707,2523.0,1512396.4399999997,5,Active - Monitor,Monitor purchase recency
CUST08814,2025-12-31,1064,3957.0,2365330.3,1,Recently Active,Recent purchase activity
CUST08815,2025-12-30,303,1032.0,625324.2299999999,2,Recently Active,Recent purchase activity
CUST08816,2025-12-31,707,2515.0,1447383.3399999996,1,Recently Active,Recent purchase activity
CUST08817,2025-12-28,465,1551.0,876932.54,4,Active - Monitor,Monitor purchase recency
CUST08818,2025-12-27,294,1101.0,661949.0400000002,5,Active - Monitor,Monitor purchase recency
CUST08819,2025-12-28,489,1747.0,1058334.0999999999,4,Active - Monitor,Monitor purchase recency
CUST08820,2025-12-31,1040,3798.0,2156672.22,1,Recently Active,Recent purchase activity
CUST08821,2025-12-30,423,1487.0,817596.3400000002,2,Recently Active,Recent purchase activity
CUST08822,2025-12-26,476,1627.0,901882.3399999999,6,Active - Monitor,Monitor purchase recency
CUST08823,2025-12-30,670,2474.0,1452202.0199999998,2,Recently Active,Recent purchase activity
CUST08824,2025-12-31,670,2292.0,1360720.38,1,Recently Active,Recent purchase activity
CUST08825,2025-12-30,322,1123.0,610976.94,2,Recently Active,Recent purchase activity
CUST08826,2025-12-30,724,2710.0,1666821.9899999998,2,Recently Active,Recent purchase activity
CUST08827,2025-12-31,446,1597.0,915634.4600000001,1,Recently Active,Recent purchase activity
CUST08828,2025-12-30,1010,3846.0,2284027.63,2,Recently Active,Recent purchase activity
CUST08829,2025-12-31,456,1633.0,899707.9999999999,1,Recently Active,Recent purchase activity
CUST08830,2025-12-23,299,1173.0,639951.0800000001,9,Inactivity Watch,Review customer engagement
CUST08831,2025-12-31,328,1262.0,761712.9099999999,1,Recently Active,Recent purchase activity
CUST08832,2025-12-26,434,1534.0,845610.31,6,Active - Monitor,Monitor purchase recency
CUST08833,2025-12-31,446,1585.0,923810.4299999999,1,Recently Active,Recent purchase activity
CUST08834,2025-12-31,640,2330.0,1394889.7099999997,1,Recently Active,Recent purchase activity
CUST08835,2025-12-31,702,2442.0,1461091.93,1,Recently Active,Recent purchase activity
CUST08836,2025-12-30,345,1282.0,690809.26,2,Recently Active,Recent purchase activity
CUST08837,2025-12-30,1039,3823.0,2221031.6199999996,2,Recently Active,Recent purchase activity
CUST08838,2025-12-30,686,2439.0,1392875.9700000002,2,Recently Active,Recent purchase activity
CUST08839,2025-12-30,311,1187.0,638187.2200000001,2,Recently Active,Recent purchase activity
CUST08840,2025-12-30,338,1234.0,769758.87,2,Recently Active,Recent purchase activity
CUST08841,2025-12-31,488,1758.0,1127594.8,1,Recently Active,Recent purchase activity
CUST08842,2025-12-28,339,1187.0,696193.2000000001,4,Active - Monitor,Monitor purchase recency
CUST08843,2025-12-30,302,1163.0,660298.8200000001,2,Recently Active,Recent purchase activity
CUST08844,2025-12-30,456,1646.0,909465.25,2,Recently Active,Recent purchase activity
CUST08845,2025-12-31,1079,4125.0,2472441.25,1,Recently Active,Recent purchase activity
CUST08846,2025-12-31,705,2647.0,1563068.15,1,Recently Active,Recent purchase activity
CUST08847,2025-12-21,314,1132.0,650788.0799999998,11,Inactivity Watch,Review customer engagement
CUST08848,2025-12-31,729,2646.0,1587404.4900000002,1,Recently Active,Recent purchase activity
CUST08849,2025-12-31,308,1104.0,642448.8400000001,1,Recently Active,Recent purchase activity
CUST08850,2025-12-31,1138,4022.0,2294300.049999999,1,Recently Active,Recent purchase activity
CUST08851,2025-12-30,489,1807.0,1088017.58,2,Recently Active,Recent purchase activity
CUST08852,2025-12-26,354,1301.0,779062.06,6,Active - Monitor,Monitor purchase recency
CUST08853,2025-12-31,1150,4289.0,2566210.0899999994,1,Recently Active,Recent purchase activity
CUST08854,2025-12-28,378,1386.0,803738.4699999999,4,Active - Monitor,Monitor purchase recency
CUST08855,2025-12-30,339,1133.0,657220.48,2,Recently Active,Recent purchase activity
CUST08856,2025-12-18,334,1285.0,742392.2100000002,14,Inactivity Watch,Review customer engagement
CUST08857,2025-12-31,319,1139.0,660918.0599999999,1,Recently Active,Recent purchase activity
CUST08858,2025-12-20,318,1158.0,622002.3300000001,12,Inactivity Watch,Review customer engagement
CUST08859,2025-12-31,1086,3940.0,2328670.32,1,Recently Active,Recent purchase activity
CUST08860,2025-12-31,473,1744.0,1072482.94,1,Recently Active,Recent purchase activity
CUST08861,2025-12-31,704,2534.0,1409261.7599999995,1,Recently Active,Recent purchase activity
CUST08862,2025-12-30,335,1325.0,753086.06,2,Recently Active,Recent purchase activity
CUST08863,2025-12-28,327,1176.0,669782.0100000001,4,Active - Monitor,Monitor purchase recency
CUST08864,2025-12-31,481,1797.0,1050750.0899999999,1,Recently Active,Recent purchase activity
CUST08865,2025-12-31,675,2429.0,1475753.0499999998,1,Recently Active,Recent purchase activity
CUST08866,2025-12-31,458,1626.0,914052.46,1,Recently Active,Recent purchase activity
CUST08867,2025-12-28,444,1612.0,915958.4500000001,4,Active - Monitor,Monitor purchase recency
CUST08868,2025-12-30,331,1157.0,632367.79,2,Recently Active,Recent purchase activity
CUST08869,2025-12-30,467,1740.0,1026471.1799999999,2,Recently Active,Recent purchase activity
CUST08870,2025-12-30,455,1573.0,985981.8400000001,2,Recently Active,Recent purchase activity
CUST08871,2025-12-29,348,1357.0,803388.3500000001,3,Recently Active,Recent purchase activity
CUST08872,2025-12-30,472,1710.0,1016628.9800000001,2,Recently Active,Recent purchase activity
CUST08873,2025-12-30,1100,3932.0,2203502.0399999996,2,Recently Active,Recent purchase activity
CUST08874,2025-12-31,357,1211.0,728613.12,1,Recently Active,Recent purchase activity
CUST08875,2025-12-31,338,1297.0,713390.35,1,Recently Active,Recent purchase activity
CUST08876,2025-12-27,458,1744.0,1151731.18,5,Active - Monitor,Monitor purchase recency
CUST08877,2025-12-30,742,2635.0,1496291.6299999997,2,Recently Active,Recent purchase activity
CUST08878,2025-12-29,473,1831.0,1046920.6700000002,3,Recently Active,Recent purchase activity
CUST08879,2025-12-29,339,1242.0,761680.1400000001,3,Recently Active,Recent purchase activity
CUST08880,2025-12-31,700,2461.0,1475026.78,1,Recently Active,Recent purchase activity
CUST08881,2025-12-29,444,1600.0,879600.8200000002,3,Recently Active,Recent purchase activity
CUST08882,2025-12-29,719,2617.0,1536288.56,3,Recently Active,Recent purchase activity
CUST08883,2025-12-31,318,1169.0,708125.27,1,Recently Active,Recent purchase activity
CUST08884,2025-12-31,1029,3610.0,2157633.709999999,1,Recently Active,Recent purchase activity
CUST08885,2025-12-29,336,1250.0,774101.7899999998,3,Recently Active,Recent purchase activity
CUST08886,2025-12-30,1017,3713.0,2066376.2799999998,2,Recently Active,Recent purchase activity
CUST08887,2025-12-30,315,1123.0,627101.0399999998,2,Recently Active,Recent purchase activity
CUST08888,2025-12-31,327,1244.0,681082.99,1,Recently Active,Recent purchase activity
CUST08889,2025-12-30,329,1161.0,666360.6300000001,2,Recently Active,Recent purchase activity
CUST08890,2025-12-31,666,2351.0,1423013.7699999998,1,Recently Active,Recent purchase activity
CUST08891,2025-12-27,457,1640.0,904475.73,5,Active - Monitor,Monitor purchase recency
CUST08892,2025-12-31,452,1656.0,994066.3000000002,1,Recently Active,Recent purchase activity
CUST08893,2025-12-30,1052,3743.0,2161648.829999999,2,Recently Active,Recent purchase activity
CUST08894,2025-12-28,309,1134.0,618792.0700000002,4,Active - Monitor,Monitor purchase recency
CUST08895,2025-12-31,350,1243.0,739394.83,1,Recently Active,Recent purchase activity
CUST08896,2025-12-31,306,1071.0,647384.7700000001,1,Recently Active,Recent purchase activity
CUST08897,2025-12-31,469,1685.0,1018611.9499999998,1,Recently Active,Recent purchase activity
CUST08898,2025-12-30,306,1115.0,652383.92,2,Recently Active,Recent purchase activity
CUST08899,2025-12-29,339,1259.0,792572.64,3,Recently Active,Recent purchase activity
CUST08900,2025-12-30,342,1201.0,648705.6100000001,2,Recently Active,Recent purchase activity
CUST08901,2025-12-29,466,1690.0,986416.89,3,Recently Active,Recent purchase activity
CUST08902,2025-12-18,304,1164.0,652189.6,14,Inactivity Watch,Review customer engagement
CUST08903,2025-12-31,325,1132.0,626953.4800000001,1,Recently Active,Recent purchase activity
CUST08904,2025-12-28,469,1721.0,991535.5500000002,4,Active - Monitor,Monitor purchase recency
CUST08905,2025-12-31,341,1260.0,672254.7999999999,1,Recently Active,Recent purchase activity
CUST08906,2025-12-31,335,1216.0,739188.1300000001,1,Recently Active,Recent purchase activity
CUST08907,2025-12-30,508,1823.0,1060671.4400000002,2,Recently Active,Recent purchase activity
CUST08908,2025-12-31,1115,3982.0,2422747.12,1,Recently Active,Recent purchase activity
CUST08909,2025-12-30,734,2707.0,1548532.6800000002,2,Recently Active,Recent purchase activity
CUST08910,2025-12-30,691,2562.0,1445022.55,2,Recently Active,Recent purchase activity
CUST08911,2025-12-29,451,1582.0,949886.27,3,Recently Active,Recent purchase activity
CUST08912,2025-12-31,305,1127.0,661248.65,1,Recently Active,Recent purchase activity
CUST08913,2025-12-27,435,1678.0,1025194.27,5,Active - Monitor,Monitor purchase recency
CUST08914,2025-12-31,711,2643.0,1565957.4299999997,1,Recently Active,Recent purchase activity
CUST08915,2025-12-30,313,1156.0,677194.9699999999,2,Recently Active,Recent purchase activity
CUST08916,2025-12-31,1017,3729.0,2123822.0599999996,1,Recently Active,Recent purchase activity
CUST08917,2025-12-30,688,2529.0,1451942.0000000002,2,Recently Active,Recent purchase activity
CUST08918,2025-12-31,439,1692.0,975040.6500000001,1,Recently Active,Recent purchase activity
CUST08919,2025-12-30,477,1758.0,1005897.4199999999,2,Recently Active,Recent purchase activity
CUST08920,2025-12-31,698,2510.0,1465651.39,1,Recently Active,Recent purchase activity
CUST08921,2025-12-31,1112,3985.0,2263699.82,1,Recently Active,Recent purchase activity
CUST08922,2025-12-31,305,1068.0,676489.2799999999,1,Recently Active,Recent purchase activity
CUST08923,2025-12-27,309,1114.0,608965.7300000001,5,Active - Monitor,Monitor purchase recency
CUST08924,2025-12-31,490,1861.0,1218490.8099999998,1,Recently Active,Recent purchase activity
CUST08925,2025-12-27,332,1162.0,687875.7500000001,5,Active - Monitor,Monitor purchase recency
CUST08926,2025-12-30,309,1134.0,695155.14,2,Recently Active,Recent purchase activity
CUST08927,2025-12-29,460,1654.0,991495.42,3,Recently Active,Recent purchase activity
CUST08928,2025-12-30,460,1603.0,1025242.2699999999,2,Recently Active,Recent purchase activity
CUST08929,2025-12-25,313,1122.0,660975.74,7,Active - Monitor,Monitor purchase recency
CUST08930,2025-12-28,448,1640.0,941428.8500000001,4,Active - Monitor,Monitor purchase recency
CUST08931,2025-12-24,428,1490.0,859056.3300000002,8,Inactivity Watch,Review customer engagement
CUST08932,2025-12-26,299,1153.0,608253.66,6,Active - Monitor,Monitor purchase recency
CUST08933,2025-12-31,331,1209.0,686922.03,1,Recently Active,Recent purchase activity
CUST08934,2025-12-27,313,1166.0,685811.0800000001,5,Active - Monitor,Monitor purchase recency
CUST08935,2025-12-31,317,1088.0,659186.0600000002,1,Recently Active,Recent purchase activity
CUST08936,2025-12-30,346,1303.0,711302.52,2,Recently Active,Recent purchase activity
CUST08937,2025-12-26,472,1693.0,910004.3900000001,6,Active - Monitor,Monitor purchase recency
CUST08938,2025-12-31,1119,4066.0,2459504.21,1,Recently Active,Recent purchase activity
CUST08939,2025-12-31,360,1271.0,759374.4800000001,1,Recently Active,Recent purchase activity
CUST08940,2025-12-30,708,2507.0,1458564.71,2,Recently Active,Recent purchase activity
CUST08941,2025-12-30,344,1335.0,776547.93,2,Recently Active,Recent purchase activity
CUST08942,2025-12-30,446,1593.0,975049.6200000001,2,Recently Active,Recent purchase activity
CUST08943,2025-12-28,451,1693.0,877672.38,4,Active - Monitor,Monitor purchase recency
CUST08944,2025-12-30,1034,3673.0,2129867.67,2,Recently Active,Recent purchase activity
CUST08945,2025-12-30,471,1694.0,1032351.0199999999,2,Recently Active,Recent purchase activity
CUST08946,2025-12-20,465,1680.0,955433.6000000002,12,Inactivity Watch,Review customer engagement
CUST08947,2025-12-31,314,1090.0,631928.5000000001,1,Recently Active,Recent purchase activity
CUST08948,2025-12-29,733,2536.0,1528031.0800000005,3,Recently Active,Recent purchase activity
CUST08949,2025-12-30,1146,4157.0,2471016.069999999,2,Recently Active,Recent purchase activity
CUST08950,2025-12-29,327,1186.0,626563.75,3,Recently Active,Recent purchase activity
CUST08951,2025-12-30,309,1147.0,686084.39,2,Recently Active,Recent purchase activity
CUST08952,2025-12-31,1021,3743.0,2051856.3400000003,1,Recently Active,Recent purchase activity
CUST08953,2025-12-31,722,2719.0,1552062.7999999998,1,Recently Active,Recent purchase activity
CUST08954,2025-12-31,378,1295.0,804685.8599999999,1,Recently Active,Recent purchase activity
CUST08955,2025-12-30,329,1170.0,676718.4299999999,2,Recently Active,Recent purchase activity
CUST08956,2025-12-28,710,2579.0,1577347.9999999998,4,Active - Monitor,Monitor purchase recency
CUST08957,2025-12-31,1012,3657.0,2132735.6499999994,1,Recently Active,Recent purchase activity
CUST08958,2025-12-26,312,1093.0,598137.6200000001,6,Active - Monitor,Monitor purchase recency
CUST08959,2025-12-29,327,1176.0,695210.75,3,Recently Active,Recent purchase activity
CUST08960,2025-12-31,342,1262.0,719488.5,1,Recently Active,Recent purchase activity
CUST08961,2025-12-31,1070,3918.0,2260316.84,1,Recently Active,Recent purchase activity
CUST08962,2025-12-31,1083,3909.0,2209298.6199999996,1,Recently Active,Recent purchase activity
CUST08963,2025-12-30,434,1538.0,875855.73,2,Recently Active,Recent purchase activity
CUST08964,2025-12-28,508,1745.0,1085178.3400000003,4,Active - Monitor,Monitor purchase recency
CUST08965,2025-12-29,444,1601.0,955334.6300000001,3,Recently Active,Recent purchase activity
CUST08966,2025-12-27,481,1707.0,1024146.3000000003,5,Active - Monitor,Monitor purchase recency
CUST08967,2025-12-31,710,2499.0,1494401.81,1,Recently Active,Recent purchase activity
CUST08968,2025-12-30,485,1757.0,1012723.5499999998,2,Recently Active,Recent purchase activity
CUST08969,2025-12-27,455,1610.0,878899.5,5,Active - Monitor,Monitor purchase recency
CUST08970,2025-12-31,1085,3950.0,2260658.3299999996,1,Recently Active,Recent purchase activity
CUST08971,2025-12-31,335,1197.0,716941.15,1,Recently Active,Recent purchase activity
CUST08972,2025-12-30,722,2609.0,1557094.8099999996,2,Recently Active,Recent purchase activity
CUST08973,2025-12-31,1047,3746.0,2124825.59,1,Recently Active,Recent purchase activity
CUST08974,2025-12-31,346,1187.0,673849.95,1,Recently Active,Recent purchase activity
CUST08975,2025-12-23,324,1250.0,732400.96,9,Inactivity Watch,Review customer engagement
CUST08976,2025-12-25,339,1228.0,761303.44,7,Active - Monitor,Monitor purchase recency
CUST08977,2025-12-30,676,2456.0,1367592.8200000003,2,Recently Active,Recent purchase activity
CUST08978,2025-12-26,492,1708.0,984959.77,6,Active - Monitor,Monitor purchase recency
CUST08979,2025-12-24,462,1640.0,895687.3400000001,8,Inactivity Watch,Review customer engagement
CUST08980,2025-12-31,496,1750.0,1009840.1899999997,1,Recently Active,Recent purchase activity
CUST08981,2025-12-31,489,1709.0,1034389.8699999998,1,Recently Active,Recent purchase activity
CUST08982,2025-12-31,294,1027.0,566673.51,1,Recently Active,Recent purchase activity
CUST08983,2025-12-21,322,1105.0,629946.89,11,Inactivity Watch,Review customer engagement
CUST08984,2025-12-24,318,1139.0,670582.97,8,Inactivity Watch,Review customer engagement
CUST08985,2025-12-30,1072,3899.0,2194123.619999999,2,Recently Active,Recent purchase activity
CUST08986,2025-12-30,693,2549.0,1602317.2300000002,2,Recently Active,Recent purchase activity
CUST08987,2025-12-29,283,1033.0,608020.5700000001,3,Recently Active,Recent purchase activity
CUST08988,2025-12-31,334,1270.0,723511.87,1,Recently Active,Recent purchase activity
CUST08989,2025-12-29,473,1659.0,925053.0000000001,3,Recently Active,Recent purchase activity
CUST08990,2025-12-31,521,1767.0,1014339.7000000002,1,Recently Active,Recent purchase activity
CUST08991,2025-12-30,314,1149.0,694881.5399999999,2,Recently Active,Recent purchase activity
CUST08992,2025-12-28,331,1182.0,709288.03,4,Active - Monitor,Monitor purchase recency
CUST08993,2025-12-30,474,1794.0,1052546.1000000003,2,Recently Active,Recent purchase activity
CUST08994,2025-12-28,467,1751.0,1059629.4799999997,4,Active - Monitor,Monitor purchase recency
CUST08995,2025-12-31,453,1746.0,978638.1400000001,1,Recently Active,Recent purchase activity
CUST08996,2025-12-29,338,1162.0,712338.7400000001,3,Recently Active,Recent purchase activity
CUST08997,2025-12-31,461,1679.0,946210.0499999998,1,Recently Active,Recent purchase activity
CUST08998,2025-12-29,454,1600.0,922783.55,3,Recently Active,Recent purchase activity
CUST08999,2025-12-29,329,1264.0,787858.9700000001,3,Recently Active,Recent purchase activity
CUST09000,2025-12-31,329,1175.0,630898.62,1,Recently Active,Recent purchase activity
CUST09001,2025-12-31,483,1799.0,1036968.9999999999,1,Recently Active,Recent purchase activity
CUST09002,2025-12-30,665,2402.0,1242995.1199999999,2,Recently Active,Recent purchase activity
CUST09003,2025-12-24,319,1180.0,761614.48,8,Inactivity Watch,Review customer engagement
CUST09004,2025-12-27,317,1110.0,624900.76,5,Active - Monitor,Monitor purchase recency
CUST09005,2025-12-30,343,1263.0,675235.67,2,Recently Active,Recent purchase activity
CUST09006,2025-12-31,704,2529.0,1381345.1300000001,1,Recently Active,Recent purchase activity
CUST09007,2025-12-31,1092,3997.0,2396184.69,1,Recently Active,Recent purchase activity
CUST09008,2025-12-30,465,1614.0,901923.1200000001,2,Recently Active,Recent purchase activity
CUST09009,2025-12-29,345,1293.0,744756.6500000003,3,Recently Active,Recent purchase activity
CUST09010,2025-12-31,480,1705.0,1006350.53,1,Recently Active,Recent purchase activity
CUST09011,2025-12-30,1098,4113.0,2317156.999999999,2,Recently Active,Recent purchase activity
CUST09012,2025-12-31,678,2381.0,1294053.0700000005,1,Recently Active,Recent purchase activity
CUST09013,2025-12-29,265,904.0,564888.81,3,Recently Active,Recent purchase activity
CUST09014,2025-12-31,467,1704.0,970376.72,1,Recently Active,Recent purchase activity
CUST09015,2025-12-28,363,1369.0,870248.7200000002,4,Active - Monitor,Monitor purchase recency
CUST09016,2025-12-30,300,1070.0,586560.4400000001,2,Recently Active,Recent purchase activity
CUST09017,2025-12-29,497,1870.0,1068768.85,3,Recently Active,Recent purchase activity
CUST09018,2025-12-31,706,2564.0,1494949.21,1,Recently Active,Recent purchase activity
CUST09019,2025-12-30,439,1658.0,950923.4299999999,2,Recently Active,Recent purchase activity
CUST09020,2025-12-27,466,1673.0,943226.1,5,Active - Monitor,Monitor purchase recency
CUST09021,2025-12-31,338,1207.0,712113.26,1,Recently Active,Recent purchase activity
CUST09022,2025-12-31,1054,3902.0,2251156.42,1,Recently Active,Recent purchase activity
CUST09023,2025-12-26,320,1115.0,674800.3,6,Active - Monitor,Monitor purchase recency
CUST09024,2025-12-31,295,1106.0,670097.6200000001,1,Recently Active,Recent purchase activity
CUST09025,2025-12-30,1084,4050.0,2377902.1099999994,2,Recently Active,Recent purchase activity
CUST09026,2025-12-30,476,1800.0,988258.0500000003,2,Recently Active,Recent purchase activity
CUST09027,2025-12-31,293,1091.0,614522.6100000001,1,Recently Active,Recent purchase activity
CUST09028,2025-12-31,676,2514.0,1465279.8200000003,1,Recently Active,Recent purchase activity
CUST09029,2025-12-31,448,1540.0,873258.2999999999,1,Recently Active,Recent purchase activity
CUST09030,2025-12-31,667,2344.0,1407157.8699999999,1,Recently Active,Recent purchase activity
CUST09031,2025-12-31,510,1780.0,996087.9900000001,1,Recently Active,Recent purchase activity
CUST09032,2025-12-30,645,2360.0,1360967.03,2,Recently Active,Recent purchase activity
CUST09033,2025-12-31,699,2500.0,1477594.4199999995,1,Recently Active,Recent purchase activity
CUST09034,2025-12-31,465,1739.0,960034.16,1,Recently Active,Recent purchase activity
CUST09035,2025-12-29,708,2616.0,1560813.91,3,Recently Active,Recent purchase activity
CUST09036,2025-12-27,297,1091.0,610057.27,5,Active - Monitor,Monitor purchase recency
CUST09037,2025-12-28,328,1235.0,703649.5300000001,4,Active - Monitor,Monitor purchase recency
CUST09038,2025-12-29,352,1321.0,769349.77,3,Recently Active,Recent purchase activity
CUST09039,2025-12-31,317,1127.0,635507.96,1,Recently Active,Recent purchase activity
CUST09040,2025-12-31,482,1678.0,1029710.23,1,Recently Active,Recent purchase activity
CUST09041,2025-12-30,316,1131.0,638220.31,2,Recently Active,Recent purchase activity
CUST09042,2025-12-31,478,1748.0,1017166.5299999999,1,Recently Active,Recent purchase activity
CUST09043,2025-12-31,1112,4053.0,2357182.539999999,1,Recently Active,Recent purchase activity
CUST09044,2025-12-30,453,1600.0,898213.1799999999,2,Recently Active,Recent purchase activity
CUST09045,2025-12-31,456,1779.0,1042458.08,1,Recently Active,Recent purchase activity
CUST09046,2025-12-31,1053,3813.0,2293694.7199999997,1,Recently Active,Recent purchase activity
CUST09047,2025-12-31,330,1221.0,791265.9500000002,1,Recently Active,Recent purchase activity
CUST09048,2025-12-29,365,1335.0,754516.46,3,Recently Active,Recent purchase activity
CUST09049,2025-12-31,1079,3981.0,2363603.2699999996,1,Recently Active,Recent purchase activity
CUST09050,2025-12-31,321,1113.0,618632.01,1,Recently Active,Recent purchase activity
CUST09051,2025-12-31,721,2589.0,1414886.0099999998,1,Recently Active,Recent purchase activity
CUST09052,2025-12-31,469,1747.0,987590.2700000001,1,Recently Active,Recent purchase activity
CUST09053,2025-12-31,477,1769.0,1043386.4900000002,1,Recently Active,Recent purchase activity
CUST09054,2025-12-30,680,2504.0,1410299.2799999998,2,Recently Active,Recent purchase activity
CUST09055,2025-12-30,1069,3810.0,2250259.77,2,Recently Active,Recent purchase activity
CUST09056,2025-12-31,305,1153.0,663713.2599999999,1,Recently Active,Recent purchase activity
CUST09057,2025-12-30,320,1175.0,764737.5700000001,2,Recently Active,Recent purchase activity
CUST09058,2025-12-27,312,1149.0,721009.3600000001,5,Active - Monitor,Monitor purchase recency
CUST09059,2025-12-29,459,1742.0,1027101.1499999999,3,Recently Active,Recent purchase activity
CUST09060,2025-12-31,323,1072.0,597410.03,1,Recently Active,Recent purchase activity
CUST09061,2025-12-31,315,1041.0,633771.19,1,Recently Active,Recent purchase activity
CUST09062,2025-12-31,482,1719.0,1029062.2000000002,1,Recently Active,Recent purchase activity
CUST09063,2025-12-30,704,2593.0,1525307.4400000002,2,Recently Active,Recent purchase activity
CUST09064,2025-12-29,1055,3909.0,2370190.1699999995,3,Recently Active,Recent purchase activity
CUST09065,2025-12-24,333,1141.0,662030.07,8,Inactivity Watch,Review customer engagement
CUST09066,2025-12-31,1113,4077.0,2449990.1299999994,1,Recently Active,Recent purchase activity
CUST09067,2025-12-30,333,1229.0,757800.18,2,Recently Active,Recent purchase activity
CUST09068,2025-12-26,1108,4155.0,2414826.3899999997,6,Active - Monitor,Monitor purchase recency
CUST09069,2025-12-30,730,2704.0,1521565.06,2,Recently Active,Recent purchase activity
CUST09070,2025-12-29,455,1592.0,906830.35,3,Recently Active,Recent purchase activity
CUST09071,2025-12-31,1090,4033.0,2453630.12,1,Recently Active,Recent purchase activity
CUST09072,2025-12-29,308,1140.0,644852.91,3,Recently Active,Recent purchase activity
CUST09073,2025-12-30,680,2468.0,1515139.3699999996,2,Recently Active,Recent purchase activity
CUST09074,2025-12-31,478,1785.0,1054253.5799999998,1,Recently Active,Recent purchase activity
CUST09075,2025-12-29,330,1167.0,622774.35,3,Recently Active,Recent purchase activity
CUST09076,2025-12-29,302,1074.0,617089.3200000001,3,Recently Active,Recent purchase activity
CUST09077,2025-12-30,501,1798.0,1020040.19,2,Recently Active,Recent purchase activity
CUST09078,2025-12-29,306,1173.0,681752.9500000002,3,Recently Active,Recent purchase activity
CUST09079,2025-12-28,1084,3914.0,2332061.51,4,Active - Monitor,Monitor purchase recency
CUST09080,2025-12-27,328,1196.0,714555.29,5,Active - Monitor,Monitor purchase recency
CUST09081,2025-12-29,496,1888.0,1046385.59,3,Recently Active,Recent purchase activity
CUST09082,2025-12-30,487,1873.0,1077295.8200000003,2,Recently Active,Recent purchase activity
CUST09083,2025-12-31,454,1719.0,1016569.02,1,Recently Active,Recent purchase activity
CUST09084,2025-12-29,263,966.0,566832.0700000001,3,Recently Active,Recent purchase activity
CUST09085,2025-12-29,470,1729.0,1029823.3899999999,3,Recently Active,Recent purchase activity
CUST09086,2025-12-27,1089,3885.0,2242067.1999999997,5,Active - Monitor,Monitor purchase recency
CUST09087,2025-12-25,331,1214.0,719869.54,7,Active - Monitor,Monitor purchase recency
CUST09088,2025-12-29,341,1198.0,651337.42,3,Recently Active,Recent purchase activity
CUST09089,2025-12-31,1008,3835.0,2102293.4999999995,1,Recently Active,Recent purchase activity
CUST09090,2025-12-30,1128,3983.0,2282314.1599999997,2,Recently Active,Recent purchase activity
CUST09091,2025-12-22,483,1752.0,984587.2399999998,10,Inactivity Watch,Review customer engagement
CUST09092,2025-12-31,694,2475.0,1448336.83,1,Recently Active,Recent purchase activity
CUST09093,2025-12-31,1071,4187.0,2367967.81,1,Recently Active,Recent purchase activity
CUST09094,2025-12-30,298,1109.0,621389.39,2,Recently Active,Recent purchase activity
CUST09095,2025-12-28,323,1321.0,762873.1799999999,4,Active - Monitor,Monitor purchase recency
CUST09096,2025-12-26,439,1544.0,905960.68,6,Active - Monitor,Monitor purchase recency
CUST09097,2025-12-30,726,2686.0,1565892.2499999998,2,Recently Active,Recent purchase activity
CUST09098,2025-12-31,700,2451.0,1421137.32,1,Recently Active,Recent purchase activity
CUST09099,2025-12-28,454,1620.0,966261.1900000002,4,Active - Monitor,Monitor purchase recency
CUST09100,2025-12-21,362,1328.0,757404.5,11,Inactivity Watch,Review customer engagement
CUST09101,2025-12-29,315,1158.0,606807.3799999999,3,Recently Active,Recent purchase activity
CUST09102,2025-12-31,714,2555.0,1480289.85,1,Recently Active,Recent purchase activity
CUST09103,2025-12-30,455,1645.0,962624.3900000001,2,Recently Active,Recent purchase activity
CUST09104,2025-12-13,328,1211.0,699786.8300000002,19,Extended Inactivity,Review individually; inactivity is not proof of churn
CUST09105,2025-12-25,472,1658.0,986434.18,7,Active - Monitor,Monitor purchase recency
CUST09106,2025-12-31,453,1666.0,975388.9400000002,1,Recently Active,Recent purchase activity
CUST09107,2025-12-31,468,1695.0,968296.32,1,Recently Active,Recent purchase activity
CUST09108,2025-12-31,683,2406.0,1332044.08,1,Recently Active,Recent purchase activity
CUST09109,2025-12-30,352,1274.0,759084.3900000001,2,Recently Active,Recent purchase activity
CUST09110,2025-12-31,679,2494.0,1510530.25,1,Recently Active,Recent purchase activity
CUST09111,2025-12-31,330,1128.0,686974.45,1,Recently Active,Recent purchase activity
CUST09112,2025-12-30,403,1418.0,794826.8399999999,2,Recently Active,Recent purchase activity
CUST09113,2025-12-31,1124,4184.0,2461385.989999999,1,Recently Active,Recent purchase activity
CUST09114,2025-12-29,498,1848.0,1114768.4999999998,3,Recently Active,Recent purchase activity
CUST09115,2025-12-28,450,1594.0,927611.15,4,Active - Monitor,Monitor purchase recency
CUST09116,2025-12-31,471,1632.0,928040.51,1,Recently Active,Recent purchase activity
CUST09117,2025-12-29,481,1797.0,1063560.42,3,Recently Active,Recent purchase activity
CUST09118,2025-12-31,648,2461.0,1345128.5600000003,1,Recently Active,Recent purchase activity
CUST09119,2025-12-27,741,2653.0,1542686.3699999999,5,Active - Monitor,Monitor purchase recency
CUST09120,2025-12-29,702,2553.0,1476542.27,3,Recently Active,Recent purchase activity
CUST09121,2025-12-31,342,1217.0,734082.1599999999,1,Recently Active,Recent purchase activity
CUST09122,2025-12-29,344,1132.0,654322.8899999999,3,Recently Active,Recent purchase activity
CUST09123,2025-12-31,453,1569.0,935023.3800000001,1,Recently Active,Recent purchase activity
CUST09124,2025-12-27,480,1793.0,1087839.05,5,Active - Monitor,Monitor purchase recency
CUST09125,2025-12-31,662,2351.0,1355589.0899999999,1,Recently Active,Recent purchase activity
CUST09126,2025-12-31,471,1683.0,1026047.55,1,Recently Active,Recent purchase activity
CUST09127,2025-12-29,349,1286.0,725644.5499999999,3,Recently Active,Recent purchase activity
CUST09128,2025-12-28,474,1718.0,1007944.0700000001,4,Active - Monitor,Monitor purchase recency
CUST09129,2025-12-29,321,1185.0,686705.4,3,Recently Active,Recent purchase activity
CUST09130,2025-12-31,472,1700.0,1080501.18,1,Recently Active,Recent purchase activity
CUST09131,2025-12-31,443,1662.0,899796.5100000002,1,Recently Active,Recent purchase activity
CUST09132,2025-12-31,481,1847.0,1037932.3300000001,1,Recently Active,Recent purchase activity
CUST09133,2025-12-31,704,2599.0,1528128.9199999997,1,Recently Active,Recent purchase activity
CUST09134,2025-12-27,445,1626.0,934796.7900000002,5,Active - Monitor,Monitor purchase recency
CUST09135,2025-12-31,504,1798.0,961251.4700000001,1,Recently Active,Recent purchase activity
CUST09136,2025-12-31,448,1623.0,960180.4199999999,1,Recently Active,Recent purchase activity
CUST09137,2025-12-31,1152,4193.0,2517915.099999999,1,Recently Active,Recent purchase activity
CUST09138,2025-12-30,653,2341.0,1294051.4700000002,2,Recently Active,Recent purchase activity
CUST09139,2025-12-31,305,1126.0,627393.1799999999,1,Recently Active,Recent purchase activity
CUST09140,2025-12-29,453,1613.0,914355.95,3,Recently Active,Recent purchase activity
CUST09141,2025-12-30,339,1178.0,684159.4400000002,2,Recently Active,Recent purchase activity
CUST09142,2025-12-30,350,1267.0,782317.2800000003,2,Recently Active,Recent purchase activity
CUST09143,2025-12-31,677,2407.0,1368881.6799999997,1,Recently Active,Recent purchase activity
CUST09144,2025-12-30,306,1114.0,698831.5,2,Recently Active,Recent purchase activity
CUST09145,2025-12-31,345,1251.0,720346.38,1,Recently Active,Recent purchase activity
CUST09146,2025-12-26,474,1665.0,929821.8800000001,6,Active - Monitor,Monitor purchase recency
CUST09147,2025-12-31,349,1334.0,792211.7699999999,1,Recently Active,Recent purchase activity
CUST09148,2025-12-25,323,1174.0,676242.82,7,Active - Monitor,Monitor purchase recency
CUST09149,2025-12-29,467,1750.0,960814.74,3,Recently Active,Recent purchase activity
CUST09150,2025-12-26,355,1274.0,842072.64,6,Active - Monitor,Monitor purchase recency
CUST09151,2025-12-29,369,1371.0,752187.3400000001,3,Recently Active,Recent purchase activity
CUST09152,2025-12-31,685,2552.0,1498247.5899999999,1,Recently Active,Recent purchase activity
CUST09153,2025-12-31,1019,3724.0,2113295.3499999996,1,Recently Active,Recent purchase activity
CUST09154,2025-12-29,319,1116.0,626440.4100000001,3,Recently Active,Recent purchase activity
CUST09155,2025-12-30,437,1579.0,953091.82,2,Recently Active,Recent purchase activity
CUST09156,2025-12-26,322,1156.0,633266.58,6,Active - Monitor,Monitor purchase recency
CUST09157,2025-12-31,334,1253.0,719805.91,1,Recently Active,Recent purchase activity
CUST09158,2025-12-30,323,1205.0,674408.1799999999,2,Recently Active,Recent purchase activity
CUST09159,2025-12-30,689,2506.0,1555185.3299999998,2,Recently Active,Recent purchase activity
CUST09160,2025-12-31,322,1107.0,623861.3800000001,1,Recently Active,Recent purchase activity
CUST09161,2025-12-25,331,1291.0,810075.97,7,Active - Monitor,Monitor purchase recency
CUST09162,2025-12-31,473,1702.0,988178.1799999997,1,Recently Active,Recent purchase activity
CUST09163,2025-12-30,735,2693.0,1481238.8200000003,2,Recently Active,Recent purchase activity
CUST09164,2025-12-29,329,1235.0,738999.7200000001,3,Recently Active,Recent purchase activity
CUST09165,2025-12-30,478,1780.0,1023981.5800000001,2,Recently Active,Recent purchase activity
CUST09166,2025-12-28,297,1081.0,594271.3400000001,4,Active - Monitor,Monitor purchase recency
CUST09167,2025-12-31,1017,3707.0,2220662.1799999997,1,Recently Active,Recent purchase activity
CUST09168,2025-12-30,1065,3849.0,2286704.6699999995,2,Recently Active,Recent purchase activity
CUST09169,2025-12-31,692,2456.0,1458863.4299999997,1,Recently Active,Recent purchase activity
CUST09170,2025-12-31,319,1173.0,697828.69,1,Recently Active,Recent purchase activity
CUST09171,2025-12-31,357,1215.0,714257.61,1,Recently Active,Recent purchase activity
CUST09172,2025-12-27,322,1101.0,639014.3500000001,5,Active - Monitor,Monitor purchase recency
CUST09173,2025-12-22,319,1155.0,671210.47,10,Inactivity Watch,Review customer engagement
CUST09174,2025-12-31,470,1717.0,991907.47,1,Recently Active,Recent purchase activity
CUST09175,2025-12-29,461,1681.0,1028811.7999999998,3,Recently Active,Recent purchase activity
CUST09176,2025-12-31,1012,3645.0,2112900.8299999996,1,Recently Active,Recent purchase activity
CUST09177,2025-12-30,730,2664.0,1561731.0999999996,2,Recently Active,Recent purchase activity
CUST09178,2025-12-31,290,1093.0,625594.9,1,Recently Active,Recent purchase activity
CUST09179,2025-12-28,338,1221.0,724086.7500000001,4,Active - Monitor,Monitor purchase recency
CUST09180,2025-12-30,1146,3996.0,2415473.46,2,Recently Active,Recent purchase activity
CUST09181,2025-12-31,711,2529.0,1487474.7499999998,1,Recently Active,Recent purchase activity
CUST09182,2025-12-29,280,1018.0,629371.2300000002,3,Recently Active,Recent purchase activity
CUST09183,2025-12-29,733,2709.0,1553861.1,3,Recently Active,Recent purchase activity
CUST09184,2025-12-30,453,1584.0,912975.03,2,Recently Active,Recent purchase activity
CUST09185,2025-12-30,734,2615.0,1500052.2699999998,2,Recently Active,Recent purchase activity
CUST09186,2025-12-31,488,1743.0,998004.51,1,Recently Active,Recent purchase activity
CUST09187,2025-12-27,497,1774.0,1027626.3200000002,5,Active - Monitor,Monitor purchase recency
CUST09188,2025-12-26,347,1222.0,724690.5800000001,6,Active - Monitor,Monitor purchase recency
CUST09189,2025-12-25,495,1895.0,1184999.54,7,Active - Monitor,Monitor purchase recency
CUST09190,2025-12-27,338,1191.0,699740.2899999999,5,Active - Monitor,Monitor purchase recency
CUST09191,2025-12-31,312,1129.0,664361.7000000001,1,Recently Active,Recent purchase activity
CUST09192,2025-12-31,304,1056.0,623243.74,1,Recently Active,Recent purchase activity
CUST09193,2025-12-31,475,1778.0,1069328.0,1,Recently Active,Recent purchase activity
CUST09194,2025-12-19,307,1118.0,687791.9699999999,13,Inactivity Watch,Review customer engagement
CUST09195,2025-12-31,367,1406.0,861174.7899999999,1,Recently Active,Recent purchase activity
CUST09196,2025-12-29,318,1156.0,655046.31,3,Recently Active,Recent purchase activity
CUST09197,2025-12-29,487,1730.0,998029.2499999998,3,Recently Active,Recent purchase activity
CUST09198,2025-12-30,486,1717.0,952235.6000000001,2,Recently Active,Recent purchase activity
CUST09199,2025-12-27,324,1096.0,574188.52,5,Active - Monitor,Monitor purchase recency
CUST09200,2025-12-30,456,1611.0,925158.29,2,Recently Active,Recent purchase activity
CUST09201,2025-12-31,318,1090.0,625514.0600000002,1,Recently Active,Recent purchase activity
CUST09202,2025-12-31,745,2579.0,1501895.28,1,Recently Active,Recent purchase activity
CUST09203,2025-12-20,301,1050.0,551034.3200000001,12,Inactivity Watch,Review customer engagement
CUST09204,2025-12-29,485,1737.0,1011502.36,3,Recently Active,Recent purchase activity
CUST09205,2025-12-31,1110,4007.0,2408719.22,1,Recently Active,Recent purchase activity
CUST09206,2025-12-27,317,1196.0,662454.03,5,Active - Monitor,Monitor purchase recency
CUST09207,2025-12-27,483,1704.0,977735.97,5,Active - Monitor,Monitor purchase recency
CUST09208,2025-12-28,319,1215.0,727909.36,4,Active - Monitor,Monitor purchase recency
CUST09209,2025-12-31,1102,3954.0,2300915.46,1,Recently Active,Recent purchase activity
CUST09210,2025-12-19,327,1201.0,735272.8300000002,13,Inactivity Watch,Review customer engagement
CUST09211,2025-12-31,349,1274.0,677073.25,1,Recently Active,Recent purchase activity
CUST09212,2025-12-30,282,1022.0,606362.8800000001,2,Recently Active,Recent purchase activity
CUST09213,2025-12-31,1077,4059.0,2327546.2799999993,1,Recently Active,Recent purchase activity
CUST09214,2025-12-27,322,1145.0,663781.19,5,Active - Monitor,Monitor purchase recency
CUST09215,2025-12-31,1071,3874.0,2253839.059999999,1,Recently Active,Recent purchase activity
CUST09216,2025-12-29,689,2386.0,1415236.73,3,Recently Active,Recent purchase activity
CUST09217,2025-12-31,730,2755.0,1575047.1999999995,1,Recently Active,Recent purchase activity
CUST09218,2025-12-27,349,1279.0,767262.78,5,Active - Monitor,Monitor purchase recency
CUST09219,2025-12-29,441,1559.0,901202.8499999999,3,Recently Active,Recent purchase activity
CUST09220,2025-12-25,328,1235.0,677026.2600000001,7,Active - Monitor,Monitor purchase recency
CUST09221,2025-12-29,471,1603.0,940513.7800000001,3,Recently Active,Recent purchase activity
CUST09222,2025-12-30,328,1194.0,722180.62,2,Recently Active,Recent purchase activity
CUST09223,2025-12-30,1041,3710.0,2214527.29,2,Recently Active,Recent purchase activity
CUST09224,2025-12-29,312,1219.0,707976.36,3,Recently Active,Recent purchase activity
CUST09225,2025-12-30,720,2563.0,1423249.7300000002,2,Recently Active,Recent purchase activity
CUST09226,2025-12-28,354,1298.0,781885.2699999999,4,Active - Monitor,Monitor purchase recency
CUST09227,2025-12-29,700,2449.0,1452175.8499999996,3,Recently Active,Recent purchase activity
CUST09228,2025-12-30,725,2546.0,1517173.3999999997,2,Recently Active,Recent purchase activity
CUST09229,2025-12-30,313,1134.0,647278.7799999999,2,Recently Active,Recent purchase activity
CUST09230,2025-12-31,493,1840.0,1035734.37,1,Recently Active,Recent purchase activity
CUST09231,2025-12-29,312,1088.0,667062.65,3,Recently Active,Recent purchase activity
CUST09232,2025-12-28,321,1156.0,738766.9899999999,4,Active - Monitor,Monitor purchase recency
CUST09233,2025-12-26,450,1656.0,1015086.24,6,Active - Monitor,Monitor purchase recency
CUST09234,2025-12-31,720,2699.0,1672460.8699999999,1,Recently Active,Recent purchase activity
CUST09235,2025-12-31,701,2617.0,1589059.1999999997,1,Recently Active,Recent purchase activity
CUST09236,2025-12-26,707,2517.0,1410715.8499999999,6,Active - Monitor,Monitor purchase recency
CUST09237,2025-12-29,681,2457.0,1464950.4300000002,3,Recently Active,Recent purchase activity
CUST09238,2025-12-29,326,1126.0,640735.05,3,Recently Active,Recent purchase activity
CUST09239,2025-12-31,1045,3875.0,2351472.1399999997,1,Recently Active,Recent purchase activity
CUST09240,2025-12-31,1088,4013.0,2456502.209999999,1,Recently Active,Recent purchase activity
CUST09241,2025-12-27,481,1714.0,1041549.3600000001,5,Active - Monitor,Monitor purchase recency
CUST09242,2025-12-30,1090,4099.0,2448236.089999999,2,Recently Active,Recent purchase activity
CUST09243,2025-12-31,1118,4059.0,2488621.92,1,Recently Active,Recent purchase activity
CUST09244,2025-12-31,696,2595.0,1509143.57,1,Recently Active,Recent purchase activity
CUST09245,2025-12-29,685,2568.0,1597461.8899999994,3,Recently Active,Recent purchase activity
CUST09246,2025-12-28,339,1207.0,705337.9300000002,4,Active - Monitor,Monitor purchase recency
CUST09247,2025-12-31,319,1113.0,695483.18,1,Recently Active,Recent purchase activity
CUST09248,2025-12-30,319,1216.0,723104.1099999999,2,Recently Active,Recent purchase activity
CUST09249,2025-12-29,320,1111.0,635112.3899999999,3,Recently Active,Recent purchase activity
CUST09250,2025-12-31,664,2338.0,1331567.69,1,Recently Active,Recent purchase activity
CUST09251,2025-12-24,343,1187.0,718405.64,8,Inactivity Watch,Review customer engagement
CUST09252,2025-12-31,325,1194.0,740673.5,1,Recently Active,Recent purchase activity
CUST09253,2025-12-31,498,1848.0,1077338.21,1,Recently Active,Recent purchase activity
CUST09254,2025-12-29,335,1165.0,677339.2699999999,3,Recently Active,Recent purchase activity
CUST09255,2025-12-31,787,2846.0,1701911.6199999999,1,Recently Active,Recent purchase activity
CUST09256,2025-12-31,668,2475.0,1328683.8,1,Recently Active,Recent purchase activity
CUST09257,2025-12-30,356,1316.0,760022.6299999999,2,Recently Active,Recent purchase activity
CUST09258,2025-12-31,484,1697.0,1020159.3300000004,1,Recently Active,Recent purchase activity
CUST09259,2025-12-29,430,1571.0,931169.3099999999,3,Recently Active,Recent purchase activity
CUST09260,2025-12-30,479,1766.0,975109.4800000001,2,Recently Active,Recent purchase activity
CUST09261,2025-12-23,310,1114.0,625133.4199999999,9,Inactivity Watch,Review customer engagement
CUST09262,2025-12-31,324,1128.0,687058.68,1,Recently Active,Recent purchase activity
CUST09263,2025-12-25,309,1015.0,594545.3200000001,7,Active - Monitor,Monitor purchase recency
CUST09264,2025-12-31,732,2764.0,1606652.4400000004,1,Recently Active,Recent purchase activity
CUST09265,2025-12-31,412,1383.0,819624.99,1,Recently Active,Recent purchase activity
CUST09266,2025-12-31,500,1798.0,1075229.78,1,Recently Active,Recent purchase activity
CUST09267,2025-12-31,469,1764.0,997431.2599999998,1,Recently Active,Recent purchase activity
CUST09268,2025-12-25,436,1538.0,872172.8999999997,7,Active - Monitor,Monitor purchase recency
CUST09269,2025-12-28,709,2549.0,1537895.3399999999,4,Active - Monitor,Monitor purchase recency
CUST09270,2025-12-23,318,1107.0,669400.38,9,Inactivity Watch,Review customer engagement
CUST09271,2025-12-30,470,1693.0,921024.6499999999,2,Recently Active,Recent purchase activity
CUST09272,2025-12-26,314,1125.0,699718.4899999999,6,Active - Monitor,Monitor purchase recency
CUST09273,2025-12-28,329,1122.0,624395.0900000001,4,Active - Monitor,Monitor purchase recency
CUST09274,2025-12-30,640,2265.0,1419329.6300000004,2,Recently Active,Recent purchase activity
CUST09275,2025-12-31,675,2482.0,1441592.18,1,Recently Active,Recent purchase activity
CUST09276,2025-12-31,662,2429.0,1389887.4900000002,1,Recently Active,Recent purchase activity
CUST09277,2025-12-28,315,1112.0,618659.46,4,Active - Monitor,Monitor purchase recency
CUST09278,2025-12-30,684,2473.0,1433935.3000000003,2,Recently Active,Recent purchase activity
CUST09279,2025-12-30,355,1273.0,793802.7300000002,2,Recently Active,Recent purchase activity
CUST09280,2025-12-29,314,1160.0,681586.4300000002,3,Recently Active,Recent purchase activity
CUST09281,2025-12-29,293,1114.0,655700.89,3,Recently Active,Recent purchase activity
CUST09282,2025-12-31,685,2545.0,1524291.3,1,Recently Active,Recent purchase activity
CUST09283,2025-12-30,334,1209.0,653397.0900000001,2,Recently Active,Recent purchase activity
CUST09284,2025-12-31,338,1171.0,727739.3700000001,1,Recently Active,Recent purchase activity
CUST09285,2025-12-26,308,1112.0,671013.88,6,Active - Monitor,Monitor purchase recency
CUST09286,2025-12-23,461,1752.0,1042540.8499999999,9,Inactivity Watch,Review customer engagement
CUST09287,2025-12-27,334,1202.0,743546.13,5,Active - Monitor,Monitor purchase recency
CUST09288,2025-12-27,689,2544.0,1441865.75,5,Active - Monitor,Monitor purchase recency
CUST09289,2025-12-25,330,1150.0,704490.0000000001,7,Active - Monitor,Monitor purchase recency
CUST09290,2025-12-31,478,1754.0,979747.07,1,Recently Active,Recent purchase activity
CUST09291,2025-12-30,308,1149.0,654878.1600000001,2,Recently Active,Recent purchase activity
CUST09292,2025-12-30,325,1194.0,757116.9199999998,2,Recently Active,Recent purchase activity
CUST09293,2025-12-31,318,1212.0,662564.02,1,Recently Active,Recent purchase activity
CUST09294,2025-12-30,337,1268.0,750508.9800000002,2,Recently Active,Recent purchase activity
CUST09295,2025-12-31,696,2461.0,1522692.4399999997,1,Recently Active,Recent purchase activity
CUST09296,2025-12-29,328,1167.0,757931.3799999999,3,Recently Active,Recent purchase activity
CUST09297,2025-12-31,682,2473.0,1404031.7699999998,1,Recently Active,Recent purchase activity
CUST09298,2025-12-31,346,1261.0,698605.92,1,Recently Active,Recent purchase activity
CUST09299,2025-12-29,317,1121.0,635619.8300000001,3,Recently Active,Recent purchase activity
CUST09300,2025-12-26,306,1158.0,697002.3200000001,6,Active - Monitor,Monitor purchase recency
CUST09301,2025-12-31,333,1189.0,685258.3900000001,1,Recently Active,Recent purchase activity
CUST09302,2025-12-30,701,2584.0,1461218.4500000002,2,Recently Active,Recent purchase activity
CUST09303,2025-12-31,481,1754.0,1073648.5199999998,1,Recently Active,Recent purchase activity
CUST09304,2025-12-31,481,1683.0,1073579.26,1,Recently Active,Recent purchase activity
CUST09305,2025-12-31,478,1880.0,1039535.97,1,Recently Active,Recent purchase activity
CUST09306,2025-12-31,339,1281.0,800084.26,1,Recently Active,Recent purchase activity
CUST09307,2025-12-31,462,1692.0,1012542.8800000001,1,Recently Active,Recent purchase activity
CUST09308,2025-12-31,465,1727.0,991666.54,1,Recently Active,Recent purchase activity
CUST09309,2025-12-29,344,1171.0,680298.3,3,Recently Active,Recent purchase activity
CUST09310,2025-12-30,487,1772.0,982039.15,2,Recently Active,Recent purchase activity
CUST09311,2025-12-29,461,1742.0,1042606.7999999997,3,Recently Active,Recent purchase activity
CUST09312,2025-12-26,298,1072.0,631051.83,6,Active - Monitor,Monitor purchase recency
CUST09313,2025-12-30,320,1138.0,665555.0800000001,2,Recently Active,Recent purchase activity
CUST09314,2025-12-30,661,2314.0,1366702.0699999994,2,Recently Active,Recent purchase activity
CUST09315,2025-12-30,321,1128.0,624491.0800000001,2,Recently Active,Recent purchase activity
CUST09316,2025-12-30,329,1168.0,738966.5700000001,2,Recently Active,Recent purchase activity
CUST09317,2025-12-29,716,2536.0,1577673.7599999995,3,Recently Active,Recent purchase activity
CUST09318,2025-12-31,1041,3806.0,2289004.629999999,1,Recently Active,Recent purchase activity
CUST09319,2025-12-18,287,1015.0,531547.28,14,Inactivity Watch,Review customer engagement
CUST09320,2025-12-29,328,1172.0,637550.31,3,Recently Active,Recent purchase activity
CUST09321,2025-12-29,332,1309.0,784979.01,3,Recently Active,Recent purchase activity
CUST09322,2025-12-31,469,1661.0,983883.44,1,Recently Active,Recent purchase activity
CUST09323,2025-12-26,331,1194.0,776807.7300000001,6,Active - Monitor,Monitor purchase recency
CUST09324,2025-12-31,692,2379.0,1351999.0999999999,1,Recently Active,Recent purchase activity
CUST09325,2025-12-31,1020,3769.0,2239493.8699999996,1,Recently Active,Recent purchase activity
CUST09326,2025-12-31,331,1158.0,663279.87,1,Recently Active,Recent purchase activity
CUST09327,2025-12-26,701,2460.0,1503221.44,6,Active - Monitor,Monitor purchase recency
CUST09328,2025-12-30,338,1175.0,791612.27,2,Recently Active,Recent purchase activity
CUST09329,2025-12-31,327,1231.0,786358.87,1,Recently Active,Recent purchase activity
CUST09330,2025-12-31,683,2399.0,1442885.32,1,Recently Active,Recent purchase activity
CUST09331,2025-12-31,320,1195.0,670819.3,1,Recently Active,Recent purchase activity
CUST09332,2025-12-30,316,1152.0,675096.97,2,Recently Active,Recent purchase activity
CUST09333,2025-12-30,320,1123.0,685701.2799999998,2,Recently Active,Recent purchase activity
CUST09334,2025-12-23,331,1234.0,718056.6900000001,9,Inactivity Watch,Review customer engagement
CUST09335,2025-12-31,752,2730.0,1555773.4500000002,1,Recently Active,Recent purchase activity
CUST09336,2025-12-30,336,1157.0,653514.8999999999,2,Recently Active,Recent purchase activity
CUST09337,2025-12-30,351,1339.0,818490.8600000001,2,Recently Active,Recent purchase activity
CUST09338,2025-12-30,1054,4069.0,2437134.6399999997,2,Recently Active,Recent purchase activity
CUST09339,2025-12-30,474,1670.0,1031628.0099999999,2,Recently Active,Recent purchase activity
CUST09340,2025-12-26,700,2655.0,1576808.8199999996,6,Active - Monitor,Monitor purchase recency
CUST09341,2025-12-31,337,1163.0,663947.56,1,Recently Active,Recent purchase activity
CUST09342,2025-12-30,496,1709.0,981964.0499999999,2,Recently Active,Recent purchase activity
CUST09343,2025-12-31,1104,4129.0,2444709.309999999,1,Recently Active,Recent purchase activity
CUST09344,2025-12-31,1060,4033.0,2360669.8199999994,1,Recently Active,Recent purchase activity
CUST09345,2025-12-28,343,1248.0,723004.0999999999,4,Active - Monitor,Monitor purchase recency
CUST09346,2025-12-30,454,1668.0,996738.42,2,Recently Active,Recent purchase activity
CUST09347,2025-12-30,466,1635.0,978001.63,2,Recently Active,Recent purchase activity
CUST09348,2025-12-31,322,1184.0,720414.2100000001,1,Recently Active,Recent purchase activity
CUST09349,2025-12-26,308,1072.0,622638.5199999999,6,Active - Monitor,Monitor purchase recency
CUST09350,2025-12-26,453,1616.0,895295.75,6,Active - Monitor,Monitor purchase recency
CUST09351,2025-12-22,318,1222.0,768243.83,10,Inactivity Watch,Review customer engagement
CUST09352,2025-12-31,1057,3891.0,2267821.4299999997,1,Recently Active,Recent purchase activity
CUST09353,2025-12-30,314,1171.0,652622.1700000002,2,Recently Active,Recent purchase activity
CUST09354,2025-12-22,446,1560.0,880691.6700000002,10,Inactivity Watch,Review customer engagement
CUST09355,2025-12-27,706,2472.0,1431983.8400000003,5,Active - Monitor,Monitor purchase recency
CUST09356,2025-12-31,450,1588.0,887687.9,1,Recently Active,Recent purchase activity
CUST09357,2025-12-31,317,1234.0,704254.2200000002,1,Recently Active,Recent purchase activity
CUST09358,2025-12-27,466,1742.0,998690.95,5,Active - Monitor,Monitor purchase recency
CUST09359,2025-12-30,302,1067.0,658521.79,2,Recently Active,Recent purchase activity
CUST09360,2025-12-30,464,1616.0,953102.6400000001,2,Recently Active,Recent purchase activity
CUST09361,2025-12-31,1121,4032.0,2347564.379999999,1,Recently Active,Recent purchase activity
CUST09362,2025-12-31,728,2477.0,1516396.0500000003,1,Recently Active,Recent purchase activity
CUST09363,2025-12-31,329,1173.0,678972.95,1,Recently Active,Recent purchase activity
CUST09364,2025-12-31,1049,3701.0,2149015.2199999997,1,Recently Active,Recent purchase activity
CUST09365,2025-12-30,697,2519.0,1537359.2899999998,2,Recently Active,Recent purchase activity
CUST09366,2025-12-31,322,1185.0,736263.9500000001,1,Recently Active,Recent purchase activity
CUST09367,2025-12-31,1061,4067.0,2385792.7599999993,1,Recently Active,Recent purchase activity
CUST09368,2025-12-31,464,1528.0,892709.6499999999,1,Recently Active,Recent purchase activity
CUST09369,2025-12-31,1075,3894.0,2328792.4499999997,1,Recently Active,Recent purchase activity
CUST09370,2025-12-28,463,1639.0,990548.7200000001,4,Active - Monitor,Monitor purchase recency
CUST09371,2025-12-30,321,1194.0,746310.56,2,Recently Active,Recent purchase activity
CUST09372,2025-12-29,313,1088.0,528633.35,3,Recently Active,Recent purchase activity
CUST09373,2025-12-29,448,1720.0,1068057.41,3,Recently Active,Recent purchase activity
CUST09374,2025-12-27,308,1099.0,602688.3700000001,5,Active - Monitor,Monitor purchase recency
CUST09375,2025-12-31,726,2690.0,1537732.12,1,Recently Active,Recent purchase activity
CUST09376,2025-12-31,332,1220.0,657154.9000000001,1,Recently Active,Recent purchase activity
CUST09377,2025-12-28,322,1117.0,594973.5,4,Active - Monitor,Monitor purchase recency
CUST09378,2025-12-30,481,1716.0,1026278.0599999998,2,Recently Active,Recent purchase activity
CUST09379,2025-12-31,419,1443.0,815668.7300000001,1,Recently Active,Recent purchase activity
CUST09380,2025-12-24,295,1136.0,699020.97,8,Inactivity Watch,Review customer engagement
CUST09381,2025-12-30,338,1280.0,754616.2700000001,2,Recently Active,Recent purchase activity
CUST09382,2025-12-29,686,2466.0,1518587.2799999996,3,Recently Active,Recent purchase activity
CUST09383,2025-12-24,349,1366.0,811527.9900000001,8,Inactivity Watch,Review customer engagement
CUST09384,2025-12-30,342,1230.0,656654.7900000002,2,Recently Active,Recent purchase activity
CUST09385,2025-12-31,1078,3920.0,2405333.2799999993,1,Recently Active,Recent purchase activity
CUST09386,2025-12-28,316,1170.0,720960.9699999999,4,Active - Monitor,Monitor purchase recency
CUST09387,2025-12-31,680,2457.0,1467459.5299999993,1,Recently Active,Recent purchase activity
CUST09388,2025-12-30,477,1758.0,1037252.2399999999,2,Recently Active,Recent purchase activity
CUST09389,2025-12-30,1043,3880.0,2245019.68,2,Recently Active,Recent purchase activity
CUST09390,2025-12-31,491,1804.0,1085223.3699999999,1,Recently Active,Recent purchase activity
CUST09391,2025-12-31,712,2487.0,1366773.15,1,Recently Active,Recent purchase activity
CUST09392,2025-12-31,1116,4184.0,2347167.039999999,1,Recently Active,Recent purchase activity
CUST09393,2025-12-30,352,1356.0,725138.4599999998,2,Recently Active,Recent purchase activity
CUST09394,2025-12-23,307,1168.0,669087.8200000002,9,Inactivity Watch,Review customer engagement
CUST09395,2025-12-29,474,1763.0,1093078.1700000004,3,Recently Active,Recent purchase activity
CUST09396,2025-12-28,743,2650.0,1527920.2099999995,4,Active - Monitor,Monitor purchase recency
CUST09397,2025-12-25,477,1678.0,870571.9400000002,7,Active - Monitor,Monitor purchase recency
CUST09398,2025-12-29,713,2601.0,1496148.3099999998,3,Recently Active,Recent purchase activity
CUST09399,2025-12-28,312,1210.0,687962.3200000001,4,Active - Monitor,Monitor purchase recency
CUST09400,2025-12-26,311,1139.0,608712.2999999999,6,Active - Monitor,Monitor purchase recency
CUST09401,2025-12-30,358,1243.0,722168.1200000001,2,Recently Active,Recent purchase activity
CUST09402,2025-12-28,336,1144.0,678449.0900000001,4,Active - Monitor,Monitor purchase recency
CUST09403,2025-12-31,319,1263.0,749407.1300000001,1,Recently Active,Recent purchase activity
CUST09404,2025-12-25,338,1195.0,708038.44,7,Active - Monitor,Monitor purchase recency
CUST09405,2025-12-20,358,1272.0,666130.0000000001,12,Inactivity Watch,Review customer engagement
CUST09406,2025-12-30,344,1347.0,741929.4900000002,2,Recently Active,Recent purchase activity
CUST09407,2025-12-30,473,1611.0,967106.01,2,Recently Active,Recent purchase activity
CUST09408,2025-12-31,721,2603.0,1454297.2899999998,1,Recently Active,Recent purchase activity
CUST09409,2025-12-29,1051,3844.0,2232664.0099999993,3,Recently Active,Recent purchase activity
CUST09410,2025-12-28,297,1019.0,589861.69,4,Active - Monitor,Monitor purchase recency
CUST09411,2025-12-25,459,1607.0,958379.12,7,Active - Monitor,Monitor purchase recency
CUST09412,2025-12-30,458,1673.0,980048.69,2,Recently Active,Recent purchase activity
CUST09413,2025-12-30,708,2589.0,1510798.9399999995,2,Recently Active,Recent purchase activity
CUST09414,2025-12-31,447,1639.0,948963.7199999999,1,Recently Active,Recent purchase activity
CUST09415,2025-12-29,321,1277.0,771172.94,3,Recently Active,Recent purchase activity
CUST09416,2025-12-31,315,1130.0,622467.0399999999,1,Recently Active,Recent purchase activity
CUST09417,2025-12-26,482,1769.0,1034123.8800000001,6,Active - Monitor,Monitor purchase recency
CUST09418,2025-12-30,670,2388.0,1387341.3599999999,2,Recently Active,Recent purchase activity
CUST09419,2025-12-29,343,1342.0,787916.5,3,Recently Active,Recent purchase activity
CUST09420,2025-12-31,450,1653.0,948203.9200000002,1,Recently Active,Recent purchase activity
CUST09421,2025-12-24,302,1077.0,654865.4700000001,8,Inactivity Watch,Review customer engagement
CUST09422,2025-12-31,1020,3745.0,2187056.0699999994,1,Recently Active,Recent purchase activity
CUST09423,2025-12-30,1061,3941.0,2228630.48,2,Recently Active,Recent purchase activity
CUST09424,2025-12-31,723,2539.0,1509766.4299999997,1,Recently Active,Recent purchase activity
CUST09425,2025-12-31,672,2423.0,1427135.35,1,Recently Active,Recent purchase activity
CUST09426,2025-12-31,1071,3868.0,2261088.329999999,1,Recently Active,Recent purchase activity
CUST09427,2025-12-23,339,1262.0,728106.7,9,Inactivity Watch,Review customer engagement
CUST09428,2025-12-31,461,1694.0,964411.9200000002,1,Recently Active,Recent purchase activity
CUST09429,2025-12-31,319,1126.0,651667.25,1,Recently Active,Recent purchase activity
CUST09430,2025-12-31,461,1534.0,945853.8300000001,1,Recently Active,Recent purchase activity
CUST09431,2025-12-25,292,1046.0,620833.91,7,Active - Monitor,Monitor purchase recency
CUST09432,2025-12-30,486,1767.0,978987.72,2,Recently Active,Recent purchase activity
CUST09433,2025-12-22,322,1118.0,680306.2699999999,10,Inactivity Watch,Review customer engagement
CUST09434,2025-12-29,745,2703.0,1554168.9699999997,3,Recently Active,Recent purchase activity
CUST09435,2025-12-30,718,2529.0,1497692.1500000001,2,Recently Active,Recent purchase activity
CUST09436,2025-12-31,1114,3989.0,2381480.4899999998,1,Recently Active,Recent purchase activity
CUST09437,2025-12-31,312,1129.0,661354.01,1,Recently Active,Recent purchase activity
CUST09438,2025-12-29,678,2341.0,1359401.5199999998,3,Recently Active,Recent purchase activity
CUST09439,2025-12-29,349,1340.0,760639.76,3,Recently Active,Recent purchase activity
CUST09440,2025-12-25,306,1029.0,645333.36,7,Active - Monitor,Monitor purchase recency
CUST09441,2025-12-30,688,2412.0,1468866.42,2,Recently Active,Recent purchase activity
CUST09442,2025-12-26,323,1235.0,644363.82,6,Active - Monitor,Monitor purchase recency
CUST09443,2025-12-30,687,2589.0,1494698.0699999996,2,Recently Active,Recent purchase activity
CUST09444,2025-12-31,672,2472.0,1483788.15,1,Recently Active,Recent purchase activity
CUST09445,2025-12-31,455,1703.0,961186.0700000001,1,Recently Active,Recent purchase activity
CUST09446,2025-12-28,498,1960.0,1156752.4000000001,4,Active - Monitor,Monitor purchase recency
CUST09447,2025-12-31,751,2837.0,1673391.6599999997,1,Recently Active,Recent purchase activity
CUST09448,2025-12-29,714,2607.0,1483712.2999999993,3,Recently Active,Recent purchase activity
CUST09449,2025-12-29,299,1091.0,619762.7099999998,3,Recently Active,Recent purchase activity
CUST09450,2025-12-31,419,1545.0,960443.81,1,Recently Active,Recent purchase activity
CUST09451,2025-12-31,469,1645.0,989800.1,1,Recently Active,Recent purchase activity
CUST09452,2025-12-29,711,2603.0,1453464.4799999997,3,Recently Active,Recent purchase activity
CUST09453,2025-12-31,701,2483.0,1416796.56,1,Recently Active,Recent purchase activity
CUST09454,2025-12-31,519,1906.0,1091868.7700000003,1,Recently Active,Recent purchase activity
CUST09455,2025-12-31,321,1104.0,697695.22,1,Recently Active,Recent purchase activity
CUST09456,2025-12-31,475,1831.0,1024210.9600000002,1,Recently Active,Recent purchase activity
CUST09457,2025-12-30,542,1971.0,1163584.13,2,Recently Active,Recent purchase activity
CUST09458,2025-12-29,470,1668.0,952045.9999999999,3,Recently Active,Recent purchase activity
CUST09459,2025-12-31,1059,3787.0,2226945.78,1,Recently Active,Recent purchase activity
CUST09460,2025-12-31,1083,3941.0,2409778.7799999993,1,Recently Active,Recent purchase activity
CUST09461,2025-12-31,459,1724.0,1047391.5699999998,1,Recently Active,Recent purchase activity
CUST09462,2025-12-29,1113,4123.0,2387514.1299999994,3,Recently Active,Recent purchase activity
CUST09463,2025-12-29,322,1107.0,573473.45,3,Recently Active,Recent purchase activity
CUST09464,2025-12-19,348,1281.0,757405.8800000001,13,Inactivity Watch,Review customer engagement
CUST09465,2025-12-31,455,1676.0,1055193.88,1,Recently Active,Recent purchase activity
CUST09466,2025-12-30,472,1720.0,972524.0400000002,2,Recently Active,Recent purchase activity
CUST09467,2025-12-30,691,2618.0,1484883.47,2,Recently Active,Recent purchase activity
CUST09468,2025-12-30,353,1275.0,729718.5799999998,2,Recently Active,Recent purchase activity
CUST09469,2025-12-21,483,1745.0,1039894.22,11,Inactivity Watch,Review customer engagement
CUST09470,2025-12-31,498,1865.0,1045684.5,1,Recently Active,Recent purchase activity
CUST09471,2025-12-31,479,1620.0,908456.3900000001,1,Recently Active,Recent purchase activity
CUST09472,2025-12-27,318,1146.0,600418.11,5,Active - Monitor,Monitor purchase recency
CUST09473,2025-12-27,483,1777.0,971589.1799999999,5,Active - Monitor,Monitor purchase recency
CUST09474,2025-12-31,465,1685.0,932389.4600000001,1,Recently Active,Recent purchase activity
CUST09475,2025-12-31,438,1507.0,835168.7799999998,1,Recently Active,Recent purchase activity
CUST09476,2025-12-31,499,1858.0,1096335.1600000001,1,Recently Active,Recent purchase activity
CUST09477,2025-12-23,484,1807.0,1150493.72,9,Inactivity Watch,Review customer engagement
CUST09478,2025-12-29,328,1191.0,667012.11,3,Recently Active,Recent purchase activity
CUST09479,2025-12-28,324,1110.0,683552.52,4,Active - Monitor,Monitor purchase recency
CUST09480,2025-12-30,345,1284.0,817274.3199999998,2,Recently Active,Recent purchase activity
CUST09481,2025-12-31,509,1885.0,1103318.82,1,Recently Active,Recent purchase activity
CUST09482,2025-12-30,685,2527.0,1499696.64,2,Recently Active,Recent purchase activity
CUST09483,2025-12-31,709,2655.0,1577388.4100000001,1,Recently Active,Recent purchase activity
CUST09484,2025-12-30,464,1643.0,938646.1600000001,2,Recently Active,Recent purchase activity
CUST09485,2025-12-29,421,1567.0,1006904.8,3,Recently Active,Recent purchase activity
CUST09486,2025-12-31,1087,3952.0,2304964.05,1,Recently Active,Recent purchase activity
CUST09487,2025-12-31,1112,4202.0,2421695.8,1,Recently Active,Recent purchase activity
CUST09488,2025-12-30,1123,4007.0,2342166.1,2,Recently Active,Recent purchase activity
CUST09489,2025-12-29,311,1080.0,558448.9400000001,3,Recently Active,Recent purchase activity
CUST09490,2025-12-31,481,1747.0,958404.4799999999,1,Recently Active,Recent purchase activity
CUST09491,2025-12-31,688,2483.0,1345689.5699999998,1,Recently Active,Recent purchase activity
CUST09492,2025-12-31,309,1131.0,658103.06,1,Recently Active,Recent purchase activity
CUST09493,2025-12-27,307,1102.0,582613.27,5,Active - Monitor,Monitor purchase recency
CUST09494,2025-12-29,291,977.0,508931.88000000006,3,Recently Active,Recent purchase activity
CUST09495,2025-12-26,328,1268.0,750622.0800000001,6,Active - Monitor,Monitor purchase recency
CUST09496,2025-12-29,478,1748.0,1121525.1900000004,3,Recently Active,Recent purchase activity
CUST09497,2025-12-29,309,1053.0,573518.1699999999,3,Recently Active,Recent purchase activity
CUST09498,2025-12-31,466,1675.0,907015.7499999999,1,Recently Active,Recent purchase activity
CUST09499,2025-12-25,342,1270.0,741160.75,7,Active - Monitor,Monitor purchase recency
CUST09500,2025-12-30,1087,3862.0,2188415.3,2,Recently Active,Recent purchase activity
CUST09501,2025-12-28,357,1297.0,740009.5499999999,4,Active - Monitor,Monitor purchase recency
CUST09502,2025-12-29,520,1853.0,952382.3399999999,3,Recently Active,Recent purchase activity
CUST09503,2025-12-30,313,1091.0,690754.53,2,Recently Active,Recent purchase activity
CUST09504,2025-12-31,457,1674.0,961023.5099999995,1,Recently Active,Recent purchase activity
CUST09505,2025-12-30,332,1238.0,742188.25,2,Recently Active,Recent purchase activity
CUST09506,2025-12-31,1026,3691.0,2048796.1099999994,1,Recently Active,Recent purchase activity
CUST09507,2025-12-30,493,1765.0,1089526.2600000002,2,Recently Active,Recent purchase activity
CUST09508,2025-12-31,315,1155.0,681287.96,1,Recently Active,Recent purchase activity
CUST09509,2025-12-27,696,2494.0,1353002.92,5,Active - Monitor,Monitor purchase recency
CUST09510,2025-12-29,449,1598.0,924049.8200000001,3,Recently Active,Recent purchase activity
CUST09511,2025-12-30,276,1012.0,627664.6000000001,2,Recently Active,Recent purchase activity
CUST09512,2025-12-30,433,1535.0,937103.7999999998,2,Recently Active,Recent purchase activity
CUST09513,2025-12-29,323,1131.0,663201.21,3,Recently Active,Recent purchase activity
CUST09514,2025-12-31,520,1911.0,1212609.0700000003,1,Recently Active,Recent purchase activity
CUST09515,2025-12-30,336,1297.0,693104.13,2,Recently Active,Recent purchase activity
CUST09516,2025-12-26,314,1058.0,633137.41,6,Active - Monitor,Monitor purchase recency
CUST09517,2025-12-31,466,1728.0,1061863.38,1,Recently Active,Recent purchase activity
CUST09518,2025-12-24,320,1133.0,705885.18,8,Inactivity Watch,Review customer engagement
CUST09519,2025-12-30,662,2437.0,1447352.0399999996,2,Recently Active,Recent purchase activity
CUST09520,2025-12-31,1031,3720.0,2170434.289999999,1,Recently Active,Recent purchase activity
CUST09521,2025-12-30,321,1217.0,646769.7299999999,2,Recently Active,Recent purchase activity
CUST09522,2025-12-29,331,1241.0,636697.9000000001,3,Recently Active,Recent purchase activity
CUST09523,2025-12-28,334,1167.0,669656.91,4,Active - Monitor,Monitor purchase recency
CUST09524,2025-12-31,446,1573.0,988694.29,1,Recently Active,Recent purchase activity
CUST09525,2025-12-28,719,2521.0,1444585.9100000001,4,Active - Monitor,Monitor purchase recency
CUST09526,2025-12-29,337,1272.0,700058.91,3,Recently Active,Recent purchase activity
CUST09527,2025-12-24,309,1191.0,761856.9299999999,8,Inactivity Watch,Review customer engagement
CUST09528,2025-12-30,663,2363.0,1375264.15,2,Recently Active,Recent purchase activity
CUST09529,2025-12-30,440,1587.0,927523.8099999999,2,Recently Active,Recent purchase activity
CUST09530,2025-12-28,319,1137.0,664063.6299999999,4,Active - Monitor,Monitor purchase recency
CUST09531,2025-12-29,344,1235.0,657437.32,3,Recently Active,Recent purchase activity
CUST09532,2025-12-30,339,1253.0,695960.47,2,Recently Active,Recent purchase activity
CUST09533,2025-12-27,322,1157.0,727033.2599999999,5,Active - Monitor,Monitor purchase recency
CUST09534,2025-12-29,459,1755.0,990760.2300000001,3,Recently Active,Recent purchase activity
CUST09535,2025-12-24,299,1031.0,547897.77,8,Inactivity Watch,Review customer engagement
CUST09536,2025-12-26,322,1137.0,662917.96,6,Active - Monitor,Monitor purchase recency
CUST09537,2025-12-26,677,2517.0,1470379.33,6,Active - Monitor,Monitor purchase recency
CUST09538,2025-12-25,338,1266.0,705974.7599999999,7,Active - Monitor,Monitor purchase recency
CUST09539,2025-12-30,712,2548.0,1463527.0,2,Recently Active,Recent purchase activity
CUST09540,2025-12-26,303,1094.0,592415.48,6,Active - Monitor,Monitor purchase recency
CUST09541,2025-12-29,430,1604.0,960316.16,3,Recently Active,Recent purchase activity
CUST09542,2025-12-31,1045,3829.0,2208263.9599999995,1,Recently Active,Recent purchase activity
CUST09543,2025-12-27,470,1598.0,932892.8,5,Active - Monitor,Monitor purchase recency
CUST09544,2025-12-29,319,1263.0,758278.6500000001,3,Recently Active,Recent purchase activity
CUST09545,2025-12-31,726,2592.0,1556259.2099999997,1,Recently Active,Recent purchase activity
CUST09546,2025-12-30,471,1743.0,967628.3400000001,2,Recently Active,Recent purchase activity
CUST09547,2025-12-31,712,2630.0,1398526.2500000002,1,Recently Active,Recent purchase activity
CUST09548,2025-12-27,336,1230.0,705446.93,5,Active - Monitor,Monitor purchase recency
CUST09549,2025-12-29,321,1169.0,671825.2599999999,3,Recently Active,Recent purchase activity
CUST09550,2025-12-31,1097,3903.0,2257941.1,1,Recently Active,Recent purchase activity
CUST09551,2025-12-30,470,1729.0,1008156.1199999999,2,Recently Active,Recent purchase activity
CUST09552,2025-12-30,482,1704.0,1019112.37,2,Recently Active,Recent purchase activity
CUST09553,2025-12-20,448,1657.0,982461.9,12,Inactivity Watch,Review customer engagement
CUST09554,2025-12-30,498,1832.0,1121177.06,2,Recently Active,Recent purchase activity
CUST09555,2025-12-29,734,2704.0,1592913.1800000002,3,Recently Active,Recent purchase activity
CUST09556,2025-12-29,305,1149.0,671116.02,3,Recently Active,Recent purchase activity
CUST09557,2025-12-29,1054,3790.0,2207782.1699999995,3,Recently Active,Recent purchase activity
CUST09558,2025-12-30,333,1215.0,693684.5399999999,2,Recently Active,Recent purchase activity
CUST09559,2025-12-28,445,1666.0,936882.77,4,Active - Monitor,Monitor purchase recency
CUST09560,2025-12-30,1048,3801.0,2114942.4399999995,2,Recently Active,Recent purchase activity
CUST09561,2025-12-28,447,1614.0,945443.02,4,Active - Monitor,Monitor purchase recency
CUST09562,2025-12-30,475,1678.0,1002462.4800000001,2,Recently Active,Recent purchase activity
CUST09563,2025-12-31,1096,3977.0,2243310.6399999997,1,Recently Active,Recent purchase activity
CUST09564,2025-12-31,368,1353.0,781491.6799999999,1,Recently Active,Recent purchase activity
CUST09565,2025-12-31,477,1825.0,1059034.5999999999,1,Recently Active,Recent purchase activity
CUST09566,2025-12-30,1088,3909.0,2098254.3699999996,2,Recently Active,Recent purchase activity
CUST09567,2025-12-31,442,1594.0,903829.18,1,Recently Active,Recent purchase activity
CUST09568,2025-12-31,309,1076.0,570389.1499999999,1,Recently Active,Recent purchase activity
CUST09569,2025-12-28,1055,4000.0,2335665.77,4,Active - Monitor,Monitor purchase recency
CUST09570,2025-12-29,719,2602.0,1523158.1300000001,3,Recently Active,Recent purchase activity
CUST09571,2025-12-31,1065,3892.0,2212450.2899999996,1,Recently Active,Recent purchase activity
CUST09572,2025-12-31,484,1812.0,1007795.1400000001,1,Recently Active,Recent purchase activity
CUST09573,2025-12-29,307,1084.0,657720.75,3,Recently Active,Recent purchase activity
CUST09574,2025-12-31,1086,3903.0,2259324.409999999,1,Recently Active,Recent purchase activity
CUST09575,2025-12-30,632,2328.0,1279727.7599999998,2,Recently Active,Recent purchase activity
CUST09576,2025-12-31,499,1850.0,998871.3999999999,1,Recently Active,Recent purchase activity
CUST09577,2025-12-30,360,1255.0,721745.9600000001,2,Recently Active,Recent purchase activity
CUST09578,2025-12-24,684,2453.0,1468591.92,8,Inactivity Watch,Review customer engagement
CUST09579,2025-12-31,475,1776.0,1024177.7200000001,1,Recently Active,Recent purchase activity
CUST09580,2025-12-30,349,1244.0,668838.2899999998,2,Recently Active,Recent purchase activity
CUST09581,2025-12-29,454,1574.0,946394.4899999999,3,Recently Active,Recent purchase activity
CUST09582,2025-12-28,1041,3768.0,2128678.97,4,Active - Monitor,Monitor purchase recency
CUST09583,2025-12-30,488,1787.0,984762.5599999999,2,Recently Active,Recent purchase activity
CUST09584,2025-12-31,669,2391.0,1304770.6099999999,1,Recently Active,Recent purchase activity
CUST09585,2025-12-31,472,1747.0,995990.78,1,Recently Active,Recent purchase activity
CUST09586,2025-12-27,482,1727.0,966482.9400000001,5,Active - Monitor,Monitor purchase recency
CUST09587,2025-12-31,460,1693.0,1004813.28,1,Recently Active,Recent purchase activity
CUST09588,2025-12-30,308,1128.0,662683.7200000001,2,Recently Active,Recent purchase activity
CUST09589,2025-12-28,345,1323.0,747435.9700000001,4,Active - Monitor,Monitor purchase recency
CUST09590,2025-12-30,708,2681.0,1496114.96,2,Recently Active,Recent purchase activity
CUST09591,2025-12-31,338,1215.0,637032.1799999999,1,Recently Active,Recent purchase activity
CUST09592,2025-12-30,493,1766.0,1038809.44,2,Recently Active,Recent purchase activity
CUST09593,2025-12-29,351,1214.0,699813.59,3,Recently Active,Recent purchase activity
CUST09594,2025-12-31,1096,4073.0,2432393.0899999994,1,Recently Active,Recent purchase activity
CUST09595,2025-12-31,299,1044.0,553715.52,1,Recently Active,Recent purchase activity
CUST09596,2025-12-30,444,1579.0,848096.38,2,Recently Active,Recent purchase activity
CUST09597,2025-12-31,336,1092.0,611296.33,1,Recently Active,Recent purchase activity
CUST09598,2025-12-31,324,1191.0,701495.9000000001,1,Recently Active,Recent purchase activity
CUST09599,2025-12-30,321,1102.0,629826.95,2,Recently Active,Recent purchase activity
CUST09600,2025-12-31,1076,3731.0,2216926.58,1,Recently Active,Recent purchase activity
CUST09601,2025-12-27,327,1216.0,726873.39,5,Active - Monitor,Monitor purchase recency
CUST09602,2025-12-27,282,990.0,547188.4299999998,5,Active - Monitor,Monitor purchase recency
CUST09603,2025-12-29,322,1088.0,625540.7700000001,3,Recently Active,Recent purchase activity
CUST09604,2025-12-31,461,1643.0,938788.1399999999,1,Recently Active,Recent purchase activity
CUST09605,2025-12-31,299,1090.0,672015.0800000001,1,Recently Active,Recent purchase activity
CUST09606,2025-12-31,433,1622.0,873471.3699999999,1,Recently Active,Recent purchase activity
CUST09607,2025-12-31,407,1456.0,887787.1799999999,1,Recently Active,Recent purchase activity
CUST09608,2025-12-31,445,1696.0,1017620.5700000001,1,Recently Active,Recent purchase activity
CUST09609,2025-12-30,295,1141.0,676508.8400000001,2,Recently Active,Recent purchase activity
CUST09610,2025-12-30,453,1665.0,989529.0400000003,2,Recently Active,Recent purchase activity
CUST09611,2025-12-29,338,1301.0,747543.56,3,Recently Active,Recent purchase activity
CUST09612,2025-12-31,1081,3859.0,2208762.5,1,Recently Active,Recent purchase activity
CUST09613,2025-12-31,701,2716.0,1601399.4699999995,1,Recently Active,Recent purchase activity
CUST09614,2025-12-31,372,1444.0,801928.4600000001,1,Recently Active,Recent purchase activity
CUST09615,2025-12-31,440,1611.0,960186.6000000002,1,Recently Active,Recent purchase activity
CUST09616,2025-12-28,1055,3893.0,2233261.46,4,Active - Monitor,Monitor purchase recency
CUST09617,2025-12-30,337,1248.0,773361.6800000002,2,Recently Active,Recent purchase activity
CUST09618,2025-12-29,344,1316.0,777971.58,3,Recently Active,Recent purchase activity
CUST09619,2025-12-30,433,1692.0,1048048.0899999999,2,Recently Active,Recent purchase activity
CUST09620,2025-12-31,305,1138.0,717394.55,1,Recently Active,Recent purchase activity
CUST09621,2025-12-31,732,2734.0,1559921.19,1,Recently Active,Recent purchase activity
CUST09622,2025-12-30,1077,3862.0,2274734.9699999997,2,Recently Active,Recent purchase activity
CUST09623,2025-12-31,496,1719.0,988613.5799999998,1,Recently Active,Recent purchase activity
CUST09624,2025-12-31,1089,4017.0,2193579.379999999,1,Recently Active,Recent purchase activity
CUST09625,2025-12-30,341,1252.0,716424.1100000002,2,Recently Active,Recent purchase activity
CUST09626,2025-12-31,1034,3658.0,2081556.0599999998,1,Recently Active,Recent purchase activity
CUST09627,2025-12-31,305,1117.0,694291.03,1,Recently Active,Recent purchase activity
CUST09628,2025-12-31,1058,3869.0,2288608.88,1,Recently Active,Recent purchase activity
CUST09629,2025-12-31,1072,3906.0,2288663.5499999993,1,Recently Active,Recent purchase activity
CUST09630,2025-12-29,310,1138.0,655963.5999999999,3,Recently Active,Recent purchase activity
CUST09631,2025-12-31,333,1229.0,710418.48,1,Recently Active,Recent purchase activity
CUST09632,2025-12-29,329,1267.0,745796.3500000001,3,Recently Active,Recent purchase activity
CUST09633,2025-12-31,452,1606.0,864474.3599999999,1,Recently Active,Recent purchase activity
CUST09634,2025-12-31,1087,3844.0,2332229.6899999995,1,Recently Active,Recent purchase activity
CUST09635,2025-12-31,431,1657.0,965734.3999999999,1,Recently Active,Recent purchase activity
CUST09636,2025-12-31,472,1748.0,998741.3199999998,1,Recently Active,Recent purchase activity
CUST09637,2025-12-28,499,1802.0,1087994.4599999997,4,Active - Monitor,Monitor purchase recency
CUST09638,2025-12-31,312,1121.0,694683.47,1,Recently Active,Recent purchase activity
CUST09639,2025-12-30,469,1741.0,1019398.33,2,Recently Active,Recent purchase activity
CUST09640,2025-12-29,331,1172.0,679446.9,3,Recently Active,Recent purchase activity
CUST09641,2025-12-31,687,2450.0,1521163.37,1,Recently Active,Recent purchase activity
CUST09642,2025-12-31,479,1765.0,991977.9199999999,1,Recently Active,Recent purchase activity
CUST09643,2025-12-31,738,2620.0,1517670.2499999995,1,Recently Active,Recent purchase activity
CUST09644,2025-12-31,324,1196.0,696392.94,1,Recently Active,Recent purchase activity
CUST09645,2025-12-30,455,1583.0,925835.18,2,Recently Active,Recent purchase activity
CUST09646,2025-12-30,349,1236.0,799543.6900000002,2,Recently Active,Recent purchase activity
CUST09647,2025-12-25,333,1277.0,759643.69,7,Active - Monitor,Monitor purchase recency
CUST09648,2025-12-26,637,2243.0,1300050.3399999999,6,Active - Monitor,Monitor purchase recency
CUST09649,2025-12-31,449,1678.0,1031592.11,1,Recently Active,Recent purchase activity
CUST09650,2025-12-25,326,1190.0,676809.7300000001,7,Active - Monitor,Monitor purchase recency
CUST09651,2025-12-24,704,2460.0,1508278.5199999996,8,Inactivity Watch,Review customer engagement
CUST09652,2025-12-25,295,1004.0,613655.8400000001,7,Active - Monitor,Monitor purchase recency
CUST09653,2025-12-31,482,1744.0,932326.7099999998,1,Recently Active,Recent purchase activity
CUST09654,2025-12-31,457,1523.0,840462.51,1,Recently Active,Recent purchase activity
CUST09655,2025-12-29,334,1207.0,643825.6400000001,3,Recently Active,Recent purchase activity
CUST09656,2025-12-27,306,1127.0,692495.1599999999,5,Active - Monitor,Monitor purchase recency
CUST09657,2025-12-23,322,1145.0,656838.9400000002,9,Inactivity Watch,Review customer engagement
CUST09658,2025-12-29,342,1222.0,697542.8200000001,3,Recently Active,Recent purchase activity
CUST09659,2025-12-31,298,1104.0,705439.37,1,Recently Active,Recent purchase activity
CUST09660,2025-12-31,319,1126.0,654132.26,1,Recently Active,Recent purchase activity
CUST09661,2025-12-28,675,2565.0,1565138.6299999994,4,Active - Monitor,Monitor purchase recency
CUST09662,2025-12-31,316,1125.0,663269.7,1,Recently Active,Recent purchase activity
CUST09663,2025-12-27,317,1161.0,691436.47,5,Active - Monitor,Monitor purchase recency
CUST09664,2025-12-26,435,1512.0,872861.5899999999,6,Active - Monitor,Monitor purchase recency
CUST09665,2025-12-30,309,1096.0,619856.2100000001,2,Recently Active,Recent purchase activity
CUST09666,2025-12-31,514,1897.0,1082221.0699999998,1,Recently Active,Recent purchase activity
CUST09667,2025-12-31,483,1740.0,1027881.9300000002,1,Recently Active,Recent purchase activity
CUST09668,2025-12-31,736,2732.0,1578056.25,1,Recently Active,Recent purchase activity
CUST09669,2025-12-29,367,1362.0,876584.04,3,Recently Active,Recent purchase activity
CUST09670,2025-12-31,294,1025.0,577338.1799999999,1,Recently Active,Recent purchase activity
CUST09671,2025-12-31,326,1131.0,655926.9799999999,1,Recently Active,Recent purchase activity
CUST09672,2025-12-29,458,1739.0,973571.37,3,Recently Active,Recent purchase activity
CUST09673,2025-12-30,339,1171.0,638826.43,2,Recently Active,Recent purchase activity
CUST09674,2025-12-29,477,1652.0,1004762.7499999999,3,Recently Active,Recent purchase activity
CUST09675,2025-12-31,688,2505.0,1420801.0799999996,1,Recently Active,Recent purchase activity
CUST09676,2025-12-30,454,1673.0,1022267.3600000003,2,Recently Active,Recent purchase activity
CUST09677,2025-12-30,314,1099.0,612699.5,2,Recently Active,Recent purchase activity
CUST09678,2025-12-30,477,1755.0,1058905.6199999999,2,Recently Active,Recent purchase activity
CUST09679,2025-12-29,334,1175.0,711436.5500000002,3,Recently Active,Recent purchase activity
CUST09680,2025-12-31,658,2397.0,1447542.5999999999,1,Recently Active,Recent purchase activity
CUST09681,2025-12-28,291,1060.0,638412.4400000001,4,Active - Monitor,Monitor purchase recency
CUST09682,2025-12-31,700,2435.0,1364034.36,1,Recently Active,Recent purchase activity
CUST09683,2025-12-31,991,3546.0,2084282.1099999994,1,Recently Active,Recent purchase activity
CUST09684,2025-12-24,352,1313.0,774243.5700000001,8,Inactivity Watch,Review customer engagement
CUST09685,2025-12-30,715,2509.0,1453207.3599999999,2,Recently Active,Recent purchase activity
CUST09686,2025-12-31,674,2490.0,1506356.6199999999,1,Recently Active,Recent purchase activity
CUST09687,2025-12-31,469,1685.0,1011102.9600000002,1,Recently Active,Recent purchase activity
CUST09688,2025-12-31,738,2628.0,1467950.5799999996,1,Recently Active,Recent purchase activity
CUST09689,2025-12-30,475,1632.0,1014904.8599999999,2,Recently Active,Recent purchase activity
CUST09690,2025-12-28,448,1650.0,1002675.7400000001,4,Active - Monitor,Monitor purchase recency
CUST09691,2025-12-30,441,1588.0,968893.78,2,Recently Active,Recent purchase activity
CUST09692,2025-12-30,1004,3838.0,2240671.75,2,Recently Active,Recent purchase activity
CUST09693,2025-12-31,473,1793.0,1103131.4300000002,1,Recently Active,Recent purchase activity
CUST09694,2025-12-31,342,1225.0,749121.2699999998,1,Recently Active,Recent purchase activity
CUST09695,2025-12-30,489,1752.0,1029779.1100000001,2,Recently Active,Recent purchase activity
CUST09696,2025-12-31,741,2705.0,1500288.42,1,Recently Active,Recent purchase activity
CUST09697,2025-12-29,721,2697.0,1553110.79,3,Recently Active,Recent purchase activity
CUST09698,2025-12-31,323,1148.0,705373.6300000001,1,Recently Active,Recent purchase activity
CUST09699,2025-12-29,682,2442.0,1396339.75,3,Recently Active,Recent purchase activity
CUST09700,2025-12-28,488,1799.0,1138629.1300000001,4,Active - Monitor,Monitor purchase recency
CUST09701,2025-12-31,728,2625.0,1560432.4399999995,1,Recently Active,Recent purchase activity
CUST09702,2025-12-31,455,1552.0,916166.0899999999,1,Recently Active,Recent purchase activity
CUST09703,2025-12-30,340,1199.0,688460.37,2,Recently Active,Recent purchase activity
CUST09704,2025-12-22,318,1105.0,643422.95,10,Inactivity Watch,Review customer engagement
CUST09705,2025-12-31,322,1152.0,752969.71,1,Recently Active,Recent purchase activity
CUST09706,2025-12-23,486,1816.0,1073535.57,9,Inactivity Watch,Review customer engagement
CUST09707,2025-12-25,344,1225.0,684834.4299999999,7,Active - Monitor,Monitor purchase recency
CUST09708,2025-12-30,1053,3813.0,2185846.13,2,Recently Active,Recent purchase activity
CUST09709,2025-12-31,333,1152.0,657330.27,1,Recently Active,Recent purchase activity
CUST09710,2025-12-22,327,1179.0,711472.9500000001,10,Inactivity Watch,Review customer engagement
CUST09711,2025-12-29,731,2654.0,1584629.7399999998,3,Recently Active,Recent purchase activity
CUST09712,2025-12-30,358,1303.0,769902.6399999999,2,Recently Active,Recent purchase activity
CUST09713,2025-12-26,322,1252.0,694098.35,6,Active - Monitor,Monitor purchase recency
CUST09714,2025-12-31,316,1151.0,716421.8800000001,1,Recently Active,Recent purchase activity
CUST09715,2025-12-29,455,1653.0,943574.4099999999,3,Recently Active,Recent purchase activity
CUST09716,2025-12-29,353,1296.0,746188.1599999998,3,Recently Active,Recent purchase activity
CUST09717,2025-12-28,665,2393.0,1383000.0699999996,4,Active - Monitor,Monitor purchase recency
CUST09718,2025-12-22,457,1747.0,1004287.3699999999,10,Inactivity Watch,Review customer engagement
CUST09719,2025-12-27,347,1196.0,740172.7000000002,5,Active - Monitor,Monitor purchase recency
CUST09720,2025-12-27,477,1641.0,963822.6600000001,5,Active - Monitor,Monitor purchase recency
CUST09721,2025-12-31,1078,3920.0,2312144.79,1,Recently Active,Recent purchase activity
CUST09722,2025-12-30,714,2531.0,1445770.1399999997,2,Recently Active,Recent purchase activity
CUST09723,2025-12-30,315,1145.0,721819.75,2,Recently Active,Recent purchase activity
CUST09724,2025-12-31,690,2584.0,1422977.2699999998,1,Recently Active,Recent purchase activity
CUST09725,2025-12-28,332,1179.0,699160.4199999999,4,Active - Monitor,Monitor purchase recency
CUST09726,2025-12-31,343,1247.0,699523.7500000001,1,Recently Active,Recent purchase activity
CUST09727,2025-12-31,497,1831.0,1084605.3,1,Recently Active,Recent purchase activity
CUST09728,2025-12-30,651,2358.0,1342673.5699999998,2,Recently Active,Recent purchase activity
CUST09729,2025-12-29,490,1707.0,1011409.3300000001,3,Recently Active,Recent purchase activity
CUST09730,2025-12-31,460,1731.0,1015632.7400000002,1,Recently Active,Recent purchase activity
CUST09731,2025-12-29,340,1190.0,615664.6400000001,3,Recently Active,Recent purchase activity
CUST09732,2025-12-31,325,1180.0,648312.9400000002,1,Recently Active,Recent purchase activity
CUST09733,2025-12-30,1093,3996.0,2330746.5899999994,2,Recently Active,Recent purchase activity
CUST09734,2025-12-31,458,1684.0,1003849.6000000001,1,Recently Active,Recent purchase activity
CUST09735,2025-12-31,721,2694.0,1503721.5699999998,1,Recently Active,Recent purchase activity
CUST09736,2025-12-31,322,1231.0,759796.37,1,Recently Active,Recent purchase activity
CUST09737,2025-12-29,310,1093.0,646759.4000000001,3,Recently Active,Recent purchase activity
CUST09738,2025-12-24,331,1288.0,786701.9500000002,8,Inactivity Watch,Review customer engagement
CUST09739,2025-12-31,709,2451.0,1406028.41,1,Recently Active,Recent purchase activity
CUST09740,2025-12-27,336,1200.0,745706.0999999999,5,Active - Monitor,Monitor purchase recency
CUST09741,2025-12-31,454,1591.0,983997.9500000001,1,Recently Active,Recent purchase activity
CUST09742,2025-12-28,349,1268.0,738905.04,4,Active - Monitor,Monitor purchase recency
CUST09743,2025-12-31,315,1122.0,707639.3600000001,1,Recently Active,Recent purchase activity
CUST09744,2025-12-30,462,1702.0,962714.7499999999,2,Recently Active,Recent purchase activity
CUST09745,2025-12-30,428,1550.0,881746.7100000001,2,Recently Active,Recent purchase activity
CUST09746,2025-12-29,700,2520.0,1422477.01,3,Recently Active,Recent purchase activity
CUST09747,2025-12-31,706,2605.0,1491807.6099999999,1,Recently Active,Recent purchase activity
CUST09748,2025-12-26,331,1169.0,725791.71,6,Active - Monitor,Monitor purchase recency
CUST09749,2025-12-26,335,1172.0,701703.1,6,Active - Monitor,Monitor purchase recency
CUST09750,2025-12-29,438,1539.0,888801.3200000002,3,Recently Active,Recent purchase activity
CUST09751,2025-12-30,339,1271.0,740866.9900000002,2,Recently Active,Recent purchase activity
CUST09752,2025-12-30,341,1215.0,688754.47,2,Recently Active,Recent purchase activity
CUST09753,2025-12-29,469,1669.0,1029749.9100000001,3,Recently Active,Recent purchase activity
CUST09754,2025-12-31,434,1592.0,948643.9099999997,1,Recently Active,Recent purchase activity
CUST09755,2025-12-19,350,1287.0,720051.6600000001,13,Inactivity Watch,Review customer engagement
CUST09756,2025-12-30,719,2489.0,1412300.5499999998,2,Recently Active,Recent purchase activity
CUST09757,2025-12-30,330,1235.0,687579.8200000001,2,Recently Active,Recent purchase activity
CUST09758,2025-12-30,712,2624.0,1483236.6600000001,2,Recently Active,Recent purchase activity
CUST09759,2025-12-30,321,1151.0,663819.0299999999,2,Recently Active,Recent purchase activity
CUST09760,2025-12-31,488,1750.0,1024935.9900000002,1,Recently Active,Recent purchase activity
CUST09761,2025-12-29,444,1629.0,943320.9899999999,3,Recently Active,Recent purchase activity
CUST09762,2025-12-30,301,1104.0,582127.2899999999,2,Recently Active,Recent purchase activity
CUST09763,2025-12-29,337,1288.0,737327.8900000001,3,Recently Active,Recent purchase activity
CUST09764,2025-12-31,681,2358.0,1333702.58,1,Recently Active,Recent purchase activity
CUST09765,2025-12-30,729,2624.0,1596358.9400000002,2,Recently Active,Recent purchase activity
CUST09766,2025-12-30,314,1136.0,650658.24,2,Recently Active,Recent purchase activity
CUST09767,2025-12-30,446,1650.0,952655.68,2,Recently Active,Recent purchase activity
CUST09768,2025-12-30,654,2332.0,1354405.92,2,Recently Active,Recent purchase activity
CUST09769,2025-12-30,297,1105.0,649350.44,2,Recently Active,Recent purchase activity
CUST09770,2025-12-30,453,1626.0,887524.39,2,Recently Active,Recent purchase activity
CUST09771,2025-12-31,495,1777.0,978041.21,1,Recently Active,Recent purchase activity
CUST09772,2025-12-30,317,1142.0,737085.1000000001,2,Recently Active,Recent purchase activity
CUST09773,2025-12-31,339,1171.0,730393.93,1,Recently Active,Recent purchase activity
CUST09774,2025-12-30,1077,3872.0,2257055.8400000003,2,Recently Active,Recent purchase activity
CUST09775,2025-12-31,459,1686.0,986818.75,1,Recently Active,Recent purchase activity
CUST09776,2025-12-30,482,1680.0,1005416.6099999999,2,Recently Active,Recent purchase activity
CUST09777,2025-12-31,462,1671.0,948662.5300000001,1,Recently Active,Recent purchase activity
CUST09778,2025-12-29,450,1591.0,972372.4200000002,3,Recently Active,Recent purchase activity
CUST09779,2025-12-31,736,2788.0,1603955.6199999999,1,Recently Active,Recent purchase activity
CUST09780,2025-12-30,673,2478.0,1453036.7,2,Recently Active,Recent purchase activity
CUST09781,2025-12-28,430,1612.0,901963.44,4,Active - Monitor,Monitor purchase recency
CUST09782,2025-12-26,350,1301.0,713586.1400000001,6,Active - Monitor,Monitor purchase recency
CUST09783,2025-12-29,333,1125.0,659536.9,3,Recently Active,Recent purchase activity
CUST09784,2025-12-31,713,2566.0,1462303.8599999999,1,Recently Active,Recent purchase activity
CUST09785,2025-12-31,732,2603.0,1561305.4699999997,1,Recently Active,Recent purchase activity
CUST09786,2025-12-31,450,1511.0,853238.3000000002,1,Recently Active,Recent purchase activity
CUST09787,2025-12-31,326,1206.0,703072.8600000001,1,Recently Active,Recent purchase activity
CUST09788,2025-12-31,726,2564.0,1525532.3199999998,1,Recently Active,Recent purchase activity
CUST09789,2025-12-24,314,1084.0,640641.81,8,Inactivity Watch,Review customer engagement
CUST09790,2025-12-30,686,2402.0,1429777.3399999999,2,Recently Active,Recent purchase activity
CUST09791,2025-12-29,489,1742.0,997725.66,3,Recently Active,Recent purchase activity
CUST09792,2025-12-31,1104,4006.0,2340651.6399999997,1,Recently Active,Recent purchase activity
CUST09793,2025-12-29,324,1133.0,613904.99,3,Recently Active,Recent purchase activity
CUST09794,2025-12-30,487,1853.0,1132968.78,2,Recently Active,Recent purchase activity
CUST09795,2025-12-31,714,2532.0,1510416.7299999995,1,Recently Active,Recent purchase activity
CUST09796,2025-12-31,363,1352.0,802513.2699999999,1,Recently Active,Recent purchase activity
CUST09797,2025-12-31,702,2549.0,1544185.5500000003,1,Recently Active,Recent purchase activity
CUST09798,2025-12-30,313,1170.0,679852.7100000002,2,Recently Active,Recent purchase activity
CUST09799,2025-12-31,454,1685.0,975604.0899999999,1,Recently Active,Recent purchase activity
CUST09800,2025-12-30,439,1566.0,865047.6399999998,2,Recently Active,Recent purchase activity
CUST09801,2025-12-31,735,2733.0,1600334.9300000002,1,Recently Active,Recent purchase activity
CUST09802,2025-12-30,1067,3886.0,2266299.35,2,Recently Active,Recent purchase activity
CUST09803,2025-12-30,1087,3895.0,2252286.4699999997,2,Recently Active,Recent purchase activity
CUST09804,2025-12-30,443,1694.0,1021599.4099999999,2,Recently Active,Recent purchase activity
CUST09805,2025-12-30,467,1732.0,970050.9000000001,2,Recently Active,Recent purchase activity
CUST09806,2025-12-29,422,1478.0,864063.5400000002,3,Recently Active,Recent purchase activity
CUST09807,2025-12-31,718,2670.0,1585682.0699999998,1,Recently Active,Recent purchase activity
CUST09808,2025-12-29,726,2589.0,1535023.4399999995,3,Recently Active,Recent purchase activity
CUST09809,2025-12-31,311,1046.0,590335.3500000001,1,Recently Active,Recent purchase activity
CUST09810,2025-12-29,737,2642.0,1549270.2399999998,3,Recently Active,Recent purchase activity
CUST09811,2025-12-29,309,1147.0,678975.4600000002,3,Recently Active,Recent purchase activity
CUST09812,2025-12-30,325,1119.0,728803.2699999999,2,Recently Active,Recent purchase activity
CUST09813,2025-12-31,692,2439.0,1564557.0200000003,1,Recently Active,Recent purchase activity
CUST09814,2025-12-28,486,1636.0,897285.8700000001,4,Active - Monitor,Monitor purchase recency
CUST09815,2025-12-30,444,1586.0,901156.26,2,Recently Active,Recent purchase activity
CUST09816,2025-12-30,361,1324.0,810824.5700000001,2,Recently Active,Recent purchase activity
CUST09817,2025-12-25,336,1174.0,654907.27,7,Active - Monitor,Monitor purchase recency
CUST09818,2025-12-31,502,1791.0,1096299.2100000002,1,Recently Active,Recent purchase activity
CUST09819,2025-12-31,359,1347.0,761347.8000000003,1,Recently Active,Recent purchase activity
CUST09820,2025-12-29,508,1801.0,1019865.0099999999,3,Recently Active,Recent purchase activity
CUST09821,2025-12-30,467,1679.0,965154.0500000002,2,Recently Active,Recent purchase activity
CUST09822,2025-12-29,453,1577.0,866454.3200000001,3,Recently Active,Recent purchase activity
CUST09823,2025-12-28,311,1194.0,746256.5900000001,4,Active - Monitor,Monitor purchase recency
CUST09824,2025-12-26,316,1085.0,676392.04,6,Active - Monitor,Monitor purchase recency
CUST09825,2025-12-31,347,1303.0,781968.2200000001,1,Recently Active,Recent purchase activity
CUST09826,2025-12-31,454,1560.0,893079.1200000001,1,Recently Active,Recent purchase activity
CUST09827,2025-12-30,1083,3966.0,2387312.3400000003,2,Recently Active,Recent purchase activity
CUST09828,2025-12-30,659,2464.0,1409380.68,2,Recently Active,Recent purchase activity
CUST09829,2025-12-30,684,2489.0,1422605.4699999997,2,Recently Active,Recent purchase activity
CUST09830,2025-12-31,708,2620.0,1582143.8399999996,1,Recently Active,Recent purchase activity
CUST09831,2025-12-31,357,1326.0,691596.98,1,Recently Active,Recent purchase activity
CUST09832,2025-12-31,457,1643.0,897136.04,1,Recently Active,Recent purchase activity
CUST09833,2025-12-31,706,2520.0,1481474.8199999996,1,Recently Active,Recent purchase activity
CUST09834,2025-12-30,484,1844.0,1027208.38,2,Recently Active,Recent purchase activity
CUST09835,2025-12-30,1095,4020.0,2310097.1499999994,2,Recently Active,Recent purchase activity
CUST09836,2025-12-31,449,1645.0,1022633.4999999998,1,Recently Active,Recent purchase activity
CUST09837,2025-12-30,463,1699.0,1014172.1400000001,2,Recently Active,Recent purchase activity
CUST09838,2025-12-29,347,1216.0,686716.45,3,Recently Active,Recent purchase activity
CUST09839,2025-12-25,315,1140.0,709102.1200000001,7,Active - Monitor,Monitor purchase recency
CUST09840,2025-12-28,319,1120.0,666320.63,4,Active - Monitor,Monitor purchase recency
CUST09841,2025-12-29,341,1233.0,718668.8800000001,3,Recently Active,Recent purchase activity
CUST09842,2025-12-31,497,1793.0,977857.91,1,Recently Active,Recent purchase activity
CUST09843,2025-12-31,329,1172.0,696440.52,1,Recently Active,Recent purchase activity
CUST09844,2025-12-31,333,1232.0,640321.31,1,Recently Active,Recent purchase activity
CUST09845,2025-12-31,462,1603.0,929885.3899999999,1,Recently Active,Recent purchase activity
CUST09846,2025-12-30,731,2684.0,1569855.6099999999,2,Recently Active,Recent purchase activity
CUST09847,2025-12-30,344,1317.0,715840.35,2,Recently Active,Recent purchase activity
CUST09848,2025-12-29,452,1636.0,956183.25,3,Recently Active,Recent purchase activity
CUST09849,2025-12-29,333,1186.0,695266.4600000001,3,Recently Active,Recent purchase activity
CUST09850,2025-12-31,1098,3891.0,2280691.8799999994,1,Recently Active,Recent purchase activity
CUST09851,2025-12-27,452,1670.0,955926.8400000001,5,Active - Monitor,Monitor purchase recency
CUST09852,2025-12-31,456,1604.0,869461.95,1,Recently Active,Recent purchase activity
CUST09853,2025-12-29,495,1859.0,1129771.43,3,Recently Active,Recent purchase activity
CUST09854,2025-12-31,725,2692.0,1574660.5399999996,1,Recently Active,Recent purchase activity
CUST09855,2025-12-30,472,1830.0,1047689.9099999998,2,Recently Active,Recent purchase activity
CUST09856,2025-12-29,1083,3867.0,2141662.71,3,Recently Active,Recent purchase activity
CUST09857,2025-12-27,328,1221.0,730939.6799999999,5,Active - Monitor,Monitor purchase recency
CUST09858,2025-12-30,664,2373.0,1340653.7200000002,2,Recently Active,Recent purchase activity
CUST09859,2025-12-31,334,1250.0,717289.49,1,Recently Active,Recent purchase activity
CUST09860,2025-12-29,366,1277.0,758145.08,3,Recently Active,Recent purchase activity
CUST09861,2025-12-29,498,1797.0,1076366.9300000002,3,Recently Active,Recent purchase activity
CUST09862,2025-12-31,341,1163.0,661608.31,1,Recently Active,Recent purchase activity
CUST09863,2025-12-26,348,1235.0,710623.8,6,Active - Monitor,Monitor purchase recency
CUST09864,2025-12-30,322,1140.0,681613.63,2,Recently Active,Recent purchase activity
CUST09865,2025-12-26,309,1096.0,622512.1699999999,6,Active - Monitor,Monitor purchase recency
CUST09866,2025-12-29,420,1561.0,865186.63,3,Recently Active,Recent purchase activity
CUST09867,2025-12-30,334,1185.0,695705.98,2,Recently Active,Recent purchase activity
CUST09868,2025-12-31,1053,3867.0,2289683.1399999997,1,Recently Active,Recent purchase activity
CUST09869,2025-12-28,321,1152.0,703884.1799999999,4,Active - Monitor,Monitor purchase recency
CUST09870,2025-12-30,1048,3791.0,2188362.52,2,Recently Active,Recent purchase activity
CUST09871,2025-12-31,440,1655.0,983903.6800000002,1,Recently Active,Recent purchase activity
CUST09872,2025-12-30,723,2591.0,1543391.5700000005,2,Recently Active,Recent purchase activity
CUST09873,2025-12-29,483,1620.0,900548.3600000001,3,Recently Active,Recent purchase activity
CUST09874,2025-12-31,315,1158.0,728519.28,1,Recently Active,Recent purchase activity
CUST09875,2025-12-28,496,1761.0,977781.1800000002,4,Active - Monitor,Monitor purchase recency
CUST09876,2025-12-30,333,1208.0,698128.21,2,Recently Active,Recent purchase activity
CUST09877,2025-12-29,719,2667.0,1517756.1099999996,3,Recently Active,Recent purchase activity
CUST09878,2025-12-31,666,2402.0,1450612.4500000002,1,Recently Active,Recent purchase activity
CUST09879,2025-12-31,315,1172.0,724305.6599999999,1,Recently Active,Recent purchase activity
CUST09880,2025-12-29,435,1572.0,949476.05,3,Recently Active,Recent purchase activity
CUST09881,2025-12-25,306,1075.0,594113.9100000001,7,Active - Monitor,Monitor purchase recency
CUST09882,2025-12-27,355,1312.0,807389.0099999999,5,Active - Monitor,Monitor purchase recency
CUST09883,2025-12-31,349,1313.0,690373.21,1,Recently Active,Recent purchase activity
CUST09884,2025-12-29,456,1655.0,923567.3899999999,3,Recently Active,Recent purchase activity
CUST09885,2025-12-31,697,2615.0,1572925.5899999996,1,Recently Active,Recent purchase activity
CUST09886,2025-12-30,307,1121.0,662165.6200000001,2,Recently Active,Recent purchase activity
CUST09887,2025-12-24,464,1670.0,966083.0799999998,8,Inactivity Watch,Review customer engagement
CUST09888,2025-12-31,330,1211.0,740392.8300000002,1,Recently Active,Recent purchase activity
CUST09889,2025-12-31,439,1634.0,972229.4400000001,1,Recently Active,Recent purchase activity
CUST09890,2025-12-31,316,1126.0,694260.03,1,Recently Active,Recent purchase activity
CUST09891,2025-12-31,333,1171.0,705839.96,1,Recently Active,Recent purchase activity
CUST09892,2025-12-27,317,1173.0,678902.5399999999,5,Active - Monitor,Monitor purchase recency
CUST09893,2025-12-29,452,1646.0,996201.6999999998,3,Recently Active,Recent purchase activity
CUST09894,2025-12-31,439,1619.0,937802.6400000001,1,Recently Active,Recent purchase activity
CUST09895,2025-12-31,350,1306.0,781228.04,1,Recently Active,Recent purchase activity
CUST09896,2025-12-26,323,1162.0,679900.9899999999,6,Active - Monitor,Monitor purchase recency
CUST09897,2025-12-31,428,1616.0,958301.4700000002,1,Recently Active,Recent purchase activity
CUST09898,2025-12-29,456,1602.0,977260.91,3,Recently Active,Recent purchase activity
CUST09899,2025-12-31,331,1233.0,697457.54,1,Recently Active,Recent purchase activity
CUST09900,2025-12-30,689,2398.0,1394790.63,2,Recently Active,Recent purchase activity
CUST09901,2025-12-28,455,1534.0,863700.59,4,Active - Monitor,Monitor purchase recency
CUST09902,2025-12-31,701,2576.0,1484572.1099999999,1,Recently Active,Recent purchase activity
CUST09903,2025-12-30,1045,3850.0,2208122.47,2,Recently Active,Recent purchase activity
CUST09904,2025-12-30,440,1532.0,885342.1000000001,2,Recently Active,Recent purchase activity
CUST09905,2025-12-29,331,1167.0,618903.0400000002,3,Recently Active,Recent purchase activity
CUST09906,2025-12-30,429,1542.0,949838.9600000002,2,Recently Active,Recent purchase activity
CUST09907,2025-12-26,451,1621.0,972250.1700000003,6,Active - Monitor,Monitor purchase recency
CUST09908,2025-12-29,322,1105.0,603205.76,3,Recently Active,Recent purchase activity
CUST09909,2025-12-31,293,1041.0,643859.2600000001,1,Recently Active,Recent purchase activity
CUST09910,2025-12-31,309,1071.0,616561.1,1,Recently Active,Recent purchase activity
CUST09911,2025-12-31,426,1538.0,890380.2800000001,1,Recently Active,Recent purchase activity
CUST09912,2025-12-30,473,1797.0,1023729.47,2,Recently Active,Recent purchase activity
CUST09913,2025-12-31,1070,4000.0,2337232.7299999995,1,Recently Active,Recent purchase activity
CUST09914,2025-12-30,496,1761.0,1007272.71,2,Recently Active,Recent purchase activity
CUST09915,2025-12-31,339,1165.0,649817.5700000001,1,Recently Active,Recent purchase activity
CUST09916,2025-12-30,713,2554.0,1505872.3299999998,2,Recently Active,Recent purchase activity
CUST09917,2025-12-31,1079,3854.0,2202777.75,1,Recently Active,Recent purchase activity
CUST09918,2025-12-28,479,1706.0,1004945.0800000001,4,Active - Monitor,Monitor purchase recency
CUST09919,2025-12-31,765,2810.0,1590282.1,1,Recently Active,Recent purchase activity
CUST09920,2025-12-29,702,2549.0,1522886.3,3,Recently Active,Recent purchase activity
CUST09921,2025-12-25,318,1055.0,572563.2899999999,7,Active - Monitor,Monitor purchase recency
CUST09922,2025-12-30,346,1289.0,680333.05,2,Recently Active,Recent purchase activity
CUST09923,2025-12-29,453,1635.0,1006669.6800000004,3,Recently Active,Recent purchase activity
CUST09924,2025-12-31,1085,3883.0,2332659.1299999994,1,Recently Active,Recent purchase activity
CUST09925,2025-12-31,341,1219.0,710088.9400000001,1,Recently Active,Recent purchase activity
CUST09926,2025-12-31,1019,3800.0,2146309.02,1,Recently Active,Recent purchase activity
CUST09927,2025-12-28,322,1149.0,668830.1799999999,4,Active - Monitor,Monitor purchase recency
CUST09928,2025-12-27,451,1597.0,997819.21,5,Active - Monitor,Monitor purchase recency
CUST09929,2025-12-26,467,1719.0,961416.54,6,Active - Monitor,Monitor purchase recency
CUST09930,2025-12-28,321,1235.0,713449.6000000001,4,Active - Monitor,Monitor purchase recency
CUST09931,2025-12-31,366,1414.0,765221.3099999998,1,Recently Active,Recent purchase activity
CUST09932,2025-12-28,343,1256.0,758874.7399999999,4,Active - Monitor,Monitor purchase recency
CUST09933,2025-12-25,352,1207.0,728811.7799999999,7,Active - Monitor,Monitor purchase recency
CUST09934,2025-12-21,362,1424.0,766940.7800000001,11,Inactivity Watch,Review customer engagement
CUST09935,2025-12-31,473,1705.0,987324.45,1,Recently Active,Recent purchase activity
CUST09936,2025-12-31,491,1884.0,1085166.59,1,Recently Active,Recent purchase activity
CUST09937,2025-12-27,325,1245.0,761790.63,5,Active - Monitor,Monitor purchase recency
CUST09938,2025-12-28,352,1306.0,765420.3,4,Active - Monitor,Monitor purchase recency
CUST09939,2025-12-31,458,1605.0,919525.3599999999,1,Recently Active,Recent purchase activity
CUST09940,2025-12-31,695,2589.0,1411483.0700000003,1,Recently Active,Recent purchase activity
CUST09941,2025-12-30,439,1645.0,964391.49,2,Recently Active,Recent purchase activity
CUST09942,2025-12-31,447,1516.0,853155.4700000002,1,Recently Active,Recent purchase activity
CUST09943,2025-12-30,337,1204.0,624519.98,2,Recently Active,Recent purchase activity
CUST09944,2025-12-31,667,2487.0,1465105.1199999996,1,Recently Active,Recent purchase activity
CUST09945,2025-12-29,494,1799.0,1040028.5599999999,3,Recently Active,Recent purchase activity
CUST09946,2025-12-24,311,1115.0,633776.53,8,Inactivity Watch,Review customer engagement
CUST09947,2025-12-27,716,2565.0,1523384.3799999997,5,Active - Monitor,Monitor purchase recency
CUST09948,2025-12-29,334,1208.0,680406.8999999999,3,Recently Active,Recent purchase activity
CUST09949,2025-12-31,334,1136.0,654602.0400000002,1,Recently Active,Recent purchase activity
CUST09950,2025-12-31,477,1760.0,1046317.27,1,Recently Active,Recent purchase activity
CUST09951,2025-12-29,294,1061.0,566943.3600000001,3,Recently Active,Recent purchase activity
CUST09952,2025-12-30,350,1247.0,741884.1000000002,2,Recently Active,Recent purchase activity
CUST09953,2025-12-30,487,1694.0,996645.51,2,Recently Active,Recent purchase activity
CUST09954,2025-12-31,304,1156.0,684844.8699999999,1,Recently Active,Recent purchase activity
CUST09955,2025-12-30,328,1215.0,717862.79,2,Recently Active,Recent purchase activity
CUST09956,2025-12-31,331,1167.0,697146.8300000001,1,Recently Active,Recent purchase activity
CUST09957,2025-12-30,461,1730.0,978780.0700000002,2,Recently Active,Recent purchase activity
CUST09958,2025-12-31,1073,3845.0,2388237.5999999996,1,Recently Active,Recent purchase activity
CUST09959,2025-12-31,473,1687.0,947159.87,1,Recently Active,Recent purchase activity
CUST09960,2025-12-31,1067,3823.0,2158400.3899999997,1,Recently Active,Recent purchase activity
CUST09961,2025-12-31,1078,3937.0,2250657.8,1,Recently Active,Recent purchase activity
CUST09962,2025-12-27,690,2536.0,1413851.89,5,Active - Monitor,Monitor purchase recency
CUST09963,2025-12-29,465,1721.0,1051575.7,3,Recently Active,Recent purchase activity
CUST09964,2025-12-29,498,1813.0,1100603.1099999999,3,Recently Active,Recent purchase activity
CUST09965,2025-12-31,472,1714.0,1019101.1,1,Recently Active,Recent purchase activity
CUST09966,2025-12-23,302,1058.0,542560.62,9,Inactivity Watch,Review customer engagement
CUST09967,2025-12-21,354,1249.0,702334.3800000001,11,Inactivity Watch,Review customer engagement
CUST09968,2025-12-31,1131,4125.0,2411509.409999999,1,Recently Active,Recent purchase activity
CUST09969,2025-12-29,465,1667.0,1026886.1900000002,3,Recently Active,Recent purchase activity
CUST09970,2025-12-30,713,2559.0,1457149.63,2,Recently Active,Recent purchase activity
CUST09971,2025-12-29,310,1162.0,682518.7300000001,3,Recently Active,Recent purchase activity
CUST09972,2025-12-31,334,1167.0,714829.66,1,Recently Active,Recent purchase activity
CUST09973,2025-12-28,307,1138.0,654018.9199999999,4,Active - Monitor,Monitor purchase recency
CUST09974,2025-12-31,699,2584.0,1491251.04,1,Recently Active,Recent purchase activity
CUST09975,2025-12-26,290,1064.0,638239.18,6,Active - Monitor,Monitor purchase recency
CUST09976,2025-12-30,717,2626.0,1506707.06,2,Recently Active,Recent purchase activity
CUST09977,2025-12-30,699,2543.0,1486800.6599999997,2,Recently Active,Recent purchase activity
CUST09978,2025-12-31,334,1290.0,764144.88,1,Recently Active,Recent purchase activity
CUST09979,2025-12-28,321,1193.0,662324.3800000002,4,Active - Monitor,Monitor purchase recency
CUST09980,2025-12-26,514,1912.0,1064463.6,6,Active - Monitor,Monitor purchase recency
CUST09981,2025-12-31,691,2516.0,1498290.1700000002,1,Recently Active,Recent purchase activity
CUST09982,2025-12-30,697,2493.0,1510687.6599999995,2,Recently Active,Recent purchase activity
CUST09983,2025-12-30,422,1495.0,848108.54,2,Recently Active,Recent purchase activity
CUST09984,2025-12-31,477,1887.0,1082401.5,1,Recently Active,Recent purchase activity
CUST09985,2025-12-30,1056,3705.0,2246661.8099999996,2,Recently Active,Recent purchase activity
CUST09986,2025-12-28,440,1540.0,920824.6599999999,4,Active - Monitor,Monitor purchase recency
CUST09987,2025-12-30,305,1052.0,622109.09,2,Recently Active,Recent purchase activity
CUST09988,2025-12-27,333,1161.0,674620.29,5,Active - Monitor,Monitor purchase recency
CUST09989,2025-12-31,324,1108.0,685740.41,1,Recently Active,Recent purchase activity
CUST09990,2025-12-28,322,1057.0,589424.38,4,Active - Monitor,Monitor purchase recency
CUST09991,2025-12-30,717,2676.0,1634853.2899999998,2,Recently Active,Recent purchase activity
CUST09992,2025-12-31,474,1702.0,974912.7799999999,1,Recently Active,Recent purchase activity
CUST09993,2025-12-25,690,2499.0,1476123.2599999998,7,Active - Monitor,Monitor purchase recency
CUST09994,2025-12-31,1063,3872.0,2227470.7600000002,1,Recently Active,Recent purchase activity
CUST09995,2025-12-31,467,1695.0,927589.3300000001,1,Recently Active,Recent purchase activity
CUST09996,2025-12-25,721,2646.0,1551405.5299999998,7,Active - Monitor,Monitor purchase recency
CUST09997,2025-12-31,717,2630.0,1633774.59,1,Recently Active,Recent purchase activity
CUST09998,2025-12-25,301,1182.0,685629.4299999999,7,Active - Monitor,Monitor purchase recency
CUST09999,2025-12-27,331,1189.0,680356.47,5,Active - Monitor,Monitor purchase recency
CUST10000,2025-12-31,296,1034.0,640955.18,1,Recently Active,Recent purchase activity
