customer_id,baseline_spend,followup_spend,baseline_active_days,followup_active_days,spending_change_pct,spending_category
CUST00001,95439.8,145761.76,40,62,52.726388781200306,Stable or Increased
CUST00002,142609.74,140370.75999999998,41,55,-1.570004966000226,Low Decline
CUST00003,71628.79999999999,109351.69,36,45,52.664417105968575,Stable or Increased
CUST00004,131960.06,143676.97999999998,39,48,8.879141158317132,Stable or Increased
CUST00005,78471.7,91647.43000000001,31,42,16.790422534493338,Stable or Increased
CUST00006,143241.3,164871.95,57,53,15.100847311494677,Stable or Increased
CUST00007,275639.4,408891.6,84,109,48.34294371559362,Stable or Increased
CUST00008,122726.58999999998,168941.81,49,63,37.65705541073049,Stable or Increased
CUST00009,162131.77000000002,246795.19999999995,59,82,52.21890194623788,Stable or Increased
CUST00010,72708.49,90935.37999999998,35,40,25.068447990048988,Stable or Increased
CUST00011,167559.81,250299.7,67,85,49.37931715248425,Stable or Increased
CUST00012,111672.38,178793.58000000002,39,48,60.105462066806496,Stable or Increased
CUST00013,41608.520000000004,152482.97,23,47,266.47054497492337,Stable or Increased
CUST00014,101801.77,141406.9,46,60,38.90416640103604,Stable or Increased
CUST00015,100732.94,136406.14,41,51,35.41363927231748,Stable or Increased
CUST00016,140377.74,186986.63,61,76,33.2024792534771,Stable or Increased
CUST00017,160982.69999999998,249264.45000000004,55,71,54.8392777609023,Stable or Increased
CUST00018,114536.79999999999,113816.74000000002,40,46,-0.6286713091338056,Low Decline
CUST00019,140617.57,167952.84999999998,49,57,19.439448427390666,Stable or Increased
CUST00020,81513.65999999999,86602.04999999999,40,46,6.242377044534622,Stable or Increased
CUST00021,83190.67000000001,96852.65,44,42,16.422490647088164,Stable or Increased
CUST00022,48616.33,105732.10000000002,27,41,117.48268534461572,Stable or Increased
CUST00023,133897.18,161489.29,50,60,20.60693884665832,Stable or Increased
CUST00024,151213.15,203105.85999999996,60,75,34.31759076508886,Stable or Increased
CUST00025,291806.71,344537.75,97,109,18.070537171677778,Stable or Increased
CUST00026,105843.62,155187.54,43,60,46.61964509528303,Stable or Increased
CUST00027,90847.16000000002,93916.01,42,41,3.378036253417252,Stable or Increased
CUST00028,108881.25,141977.03,41,55,30.396216061075712,Stable or Increased
CUST00029,97469.97,96835.29000000001,26,40,-0.6511544017095655,Low Decline
CUST00030,162537.89,139596.15000000002,48,47,-14.114702731775335,Low Decline
CUST00031,119660.46,212517.03,44,62,77.60004432541876,Stable or Increased
CUST00032,68333.26,109624.13999999998,35,47,60.4257428959192,Stable or Increased
CUST00033,84173.04999999999,99254.82,34,41,17.917575756135747,Stable or Increased
CUST00034,83865.31,107461.72,26,41,28.136079148816126,Stable or Increased
CUST00035,51514.490000000005,93004.65,31,35,80.54075659100961,Stable or Increased
CUST00036,187453.71,207869.54,60,72,10.891131469203794,Stable or Increased
CUST00037,63870.08,119407.16999999998,31,45,86.95321815786042,Stable or Increased
CUST00038,179926.30999999997,257434.70999999996,71,79,43.07785781857028,Stable or Increased
CUST00039,97313.87,172502.04,45,60,77.26356993098725,Stable or Increased
CUST00040,87011.53,126213.18999999999,36,50,45.053408439088464,Stable or Increased
CUST00041,79444.42000000001,121482.46999999999,33,46,52.91504425358001,Stable or Increased
CUST00042,221300.28000000003,312874.06,81,104,41.37987534403479,Stable or Increased
CUST00043,109742.17,110954.43999999999,49,53,1.1046528422027644,Stable or Increased
CUST00044,80819.48,137277.77,37,47,69.85727945787326,Stable or Increased
CUST00045,140476.94000000003,184925.39,39,63,31.641100667483197,Stable or Increased
CUST00046,63210.600000000006,137088.93,33,43,116.87648906987117,Stable or Increased
CUST00047,96542.58,140146.46,47,55,45.165438918247254,Stable or Increased
CUST00048,103092.50000000001,96681.65999999999,43,32,-6.218531900962752,Low Decline
CUST00049,126028.06,100656.92000000001,47,45,-20.13134217887666,Low Decline
CUST00050,114305.3,89962.15000000001,46,47,-21.296606544053507,Low Decline
CUST00051,147383.63000000003,178176.9,56,56,20.893276953485238,Stable or Increased
CUST00052,137466.19,124756.54000000001,56,60,-9.245655240754104,Low Decline
CUST00053,290886.83,411343.8400000001,92,112,41.41026597869696,Stable or Increased
CUST00054,86453.46,77570.01,35,38,-10.275412921588114,Low Decline
CUST00055,145218.74000000002,144172.41,57,65,-0.7205199549314477,Low Decline
CUST00056,211098.26000000004,230679.68000000002,73,83,9.275974136404527,Stable or Increased
CUST00057,115992.87,173258.45,43,63,49.36991385763627,Stable or Increased
CUST00058,175518.14,249293.77,64,87,42.03305139856197,Stable or Increased
CUST00059,142906.80000000002,135463.32,49,54,-5.208625481782539,Low Decline
CUST00060,56754.04,112999.57,27,45,99.10401092151326,Stable or Increased
CUST00061,336461.12,373894.35,97,115,11.125573736424577,Stable or Increased
CUST00062,99767.06999999999,110880.34999999999,36,44,11.139226600520594,Stable or Increased
CUST00063,132309.36,155314.17,48,62,17.387137236549275,Stable or Increased
CUST00064,120573.64000000001,137245.69,62,65,13.827276011572668,Stable or Increased
CUST00065,172572.27,144541.63,57,63,-16.24284133250376,Low Decline
CUST00066,119569.29999999999,145499.93000000002,56,55,21.686695497924664,Stable or Increased
CUST00067,141318.91,148525.35,50,71,5.099416631503882,Stable or Increased
CUST00068,127894.35999999999,127600.68,44,54,-0.22962701404502361,Low Decline
CUST00069,131573.62,131346.99000000002,52,56,-0.17224577388687456,Low Decline
CUST00070,66505.26000000001,103838.04,46,45,56.135078638892594,Stable or Increased
CUST00071,108835.25000000001,111080.6,43,41,2.063072396121653,Stable or Increased
CUST00072,149147.98,223322.01,55,74,49.7318367972533,Stable or Increased
CUST00073,286450.37999999995,351014.42,90,110,22.539345208758338,Stable or Increased
CUST00074,134215.77,90252.25,39,40,-32.755852758584176,Moderate Decline
CUST00075,71251.70000000001,131566.3,39,41,84.65005045493648,Stable or Increased
CUST00076,274911.7,346668.55999999994,94,104,26.101784682136092,Stable or Increased
CUST00077,94004.23999999999,127223.20000000001,43,57,35.33772519197009,Stable or Increased
CUST00078,82248.69,125603.94999999998,40,57,52.712401863178584,Stable or Increased
CUST00079,100555.56000000001,107081.34,49,52,6.489725680012108,Stable or Increased
CUST00080,135607.19,158625.87000000002,47,54,16.974527678067826,Stable or Increased
CUST00081,124957.25999999998,110096.65000000001,48,38,-11.892554302166976,Low Decline
CUST00082,200885.61,217416.17,65,68,8.228842274964359,Stable or Increased
CUST00083,152292.57,128031.98999999999,56,51,-15.930245316629707,Low Decline
CUST00084,134786.42,136560.46000000002,52,49,1.3161860074627756,Stable or Increased
CUST00085,130756.46999999999,107517.98999999998,47,54,-17.772336619365767,Low Decline
CUST00086,274910.63,332844.93999999994,89,100,21.073870442914465,Stable or Increased
CUST00087,176251.53,193038.05000000002,67,74,9.524183988643967,Stable or Increased
CUST00088,100565.06,138477.0,31,49,37.69891849117377,Stable or Increased
CUST00089,62098.66,102520.36,27,38,65.09270892479805,Stable or Increased
CUST00090,45811.65,90526.50999999998,29,47,97.60587099569646,Stable or Increased
CUST00091,309535.48000000004,419736.20999999996,102,112,35.60197041062948,Stable or Increased
CUST00092,74338.09000000001,125152.06,33,43,68.3552267753987,Stable or Increased
CUST00093,224121.80000000002,185013.69,72,82,-17.44948951864567,Low Decline
CUST00094,108889.97999999998,113008.44000000002,45,49,3.7822212842724703,Stable or Increased
CUST00095,144831.32,199729.02999999997,59,82,37.90458445037991,Stable or Increased
CUST00096,130272.53999999998,146669.16,48,63,12.58639771666387,Stable or Increased
CUST00097,93895.09999999999,71832.34000000001,38,38,-23.497243200124377,Low Decline
CUST00098,132565.46000000002,123896.94000000002,47,49,-6.539048708464485,Low Decline
CUST00099,81451.02,105648.52,30,42,29.70803803316398,Stable or Increased
CUST00100,118271.56999999998,108531.69,41,47,-8.235182808514319,Low Decline
CUST00101,96483.66,95868.72999999998,37,45,-0.6373410793081669,Low Decline
CUST00102,195747.67,194705.59,80,79,-0.5323588270552677,Low Decline
CUST00103,92570.91,94930.38,33,35,2.548824463322226,Stable or Increased
CUST00104,118599.29,120625.85,47,47,1.7087454739400314,Stable or Increased
CUST00105,72158.29,94482.99,32,39,30.93851032223742,Stable or Increased
CUST00106,120855.48000000001,92303.10999999999,39,50,-23.62521749117212,Low Decline
CUST00107,77903.89,101495.90999999999,43,41,30.283494187517455,Stable or Increased
CUST00108,111975.62000000001,151903.50999999998,39,60,35.65766369500787,Stable or Increased
CUST00109,91184.76,141725.78999999998,51,70,55.427058205779105,Stable or Increased
CUST00110,97578.22,172814.36000000002,40,67,77.10341508586652,Stable or Increased
CUST00111,133404.41999999998,226566.07999999996,68,80,69.8340129959712,Stable or Increased
CUST00112,95864.25,136158.16,39,43,42.03225915813247,Stable or Increased
CUST00113,111416.35000000002,145408.65,42,60,30.509256496016935,Stable or Increased
CUST00114,118216.56999999999,129175.09,48,53,9.269868005813402,Stable or Increased
CUST00115,175987.19,255605.43,71,84,45.24092918353887,Stable or Increased
CUST00116,99346.8,138009.00999999998,38,54,38.91641200320491,Stable or Increased
CUST00117,92567.43000000001,109074.88999999998,46,51,17.832902998387205,Stable or Increased
CUST00118,83862.5,88683.81,29,46,5.749065434490979,Stable or Increased
CUST00119,77683.79,119565.19000000002,33,39,53.912663118007025,Stable or Increased
CUST00120,126002.23999999999,167280.08999999997,51,60,32.759616019524714,Stable or Increased
CUST00121,69101.82999999999,119811.41,28,49,73.3838452614063,Stable or Increased
CUST00122,228955.68,190128.73999999996,72,81,-16.958277689376406,Low Decline
CUST00123,283848.0,323832.98,84,93,14.086757701304917,Stable or Increased
CUST00124,132070.08,103276.51,49,49,-21.801735866291587,Low Decline
CUST00125,353489.38,332038.72,103,103,-6.068261513259616,Low Decline
CUST00126,205991.96999999997,138572.44,57,54,-32.729202987864035,Moderate Decline
CUST00127,126956.41,105202.79,41,41,-17.13471576582861,Low Decline
CUST00128,234256.31999999998,334774.32,90,110,42.90940795108539,Stable or Increased
CUST00129,77333.72,134660.95,35,46,74.12966814476273,Stable or Increased
CUST00130,67185.61999999998,69767.36000000002,36,42,3.8426972914740314,Stable or Increased
CUST00131,96357.23999999999,132662.99,43,43,37.678279286538306,Stable or Increased
CUST00132,231201.05000000005,220490.87,71,79,-4.632409757654669,Low Decline
CUST00133,81635.61000000002,103250.42,30,40,26.477183180232227,Stable or Increased
CUST00134,167383.83999999997,201213.75000000003,62,63,20.210977355998086,Stable or Increased
CUST00135,129369.28000000001,189533.51,66,72,46.505808797884626,Stable or Increased
CUST00136,240077.68000000002,319946.88,92,107,33.26806556944401,Stable or Increased
CUST00137,301704.73,371069.76,86,110,22.991031661982905,Stable or Increased
CUST00138,91722.26999999999,107231.07000000002,43,42,16.908434560112866,Stable or Increased
CUST00139,115245.93,222362.44000000003,37,72,92.94602421100689,Stable or Increased
CUST00140,204772.97999999998,182070.74,70,79,-11.086540812171602,Low Decline
CUST00141,89134.63,74339.39,46,41,-16.598756285856577,Low Decline
CUST00142,245293.61000000004,307443.56,97,95,25.336962507910396,Stable or Increased
CUST00143,201831.87999999998,199772.62,68,82,-1.020284803371985,Low Decline
CUST00144,272391.14,389376.02,99,105,42.94738808318068,Stable or Increased
CUST00145,104259.39000000001,104415.22999999998,37,43,0.14947334719680153,Stable or Increased
CUST00146,44302.39000000001,69085.6,29,33,55.94102259494351,Stable or Increased
CUST00147,325095.1,373563.97000000003,95,107,14.909135819026512,Stable or Increased
CUST00148,88984.5,113570.45000000001,38,42,27.629474796172378,Stable or Increased
CUST00149,272906.65,369267.36,86,107,35.30903699122024,Stable or Increased
CUST00150,74299.81999999998,78996.39,33,37,6.321105488546302,Stable or Increased
CUST00151,42908.869999999995,80639.40000000001,28,35,87.93177261484634,Stable or Increased
CUST00152,103502.91,143574.30000000002,38,54,38.71523032540826,Stable or Increased
CUST00153,262720.85,327461.0,94,112,24.642181996594495,Stable or Increased
CUST00154,155329.62,135734.25000000003,51,52,-12.615346641548449,Low Decline
CUST00155,115740.13,109255.65000000001,49,52,-5.60262028390671,Low Decline
CUST00156,108736.97,63358.61,33,34,-41.73222777864787,Moderate Decline
CUST00157,65303.409999999996,140583.93,31,50,115.27808425318065,Stable or Increased
CUST00158,204488.71999999997,236696.37,67,80,15.750330873996388,Stable or Increased
CUST00159,205183.81,319069.92000000004,78,85,55.5044328302511,Stable or Increased
CUST00160,163093.17,225945.74000000005,65,74,38.53783086072828,Stable or Increased
CUST00161,54723.479999999996,72970.76,29,33,33.34451683262834,Stable or Increased
CUST00162,99855.89,142852.53999999998,37,52,43.0587018953013,Stable or Increased
CUST00163,126312.68,110122.26000000001,57,54,-12.81773136315371,Low Decline
CUST00164,140510.19,172910.2,50,63,23.05883295723962,Stable or Increased
CUST00165,159959.13999999998,155816.72999999998,50,60,-2.589667586359869,Low Decline
CUST00166,60701.12000000001,93891.91999999998,36,45,54.679056992688054,Stable or Increased
CUST00167,142219.72999999998,223797.44999999995,68,77,57.36033952532464,Stable or Increased
CUST00168,161533.96,151008.24,52,58,-6.516103486845738,Low Decline
CUST00169,136332.87000000002,177806.68999999997,51,66,30.420998252292307,Stable or Increased
CUST00170,47862.83,152935.49,35,45,219.52872406416415,Stable or Increased
CUST00171,65808.41,89164.38,36,41,35.49085899507373,Stable or Increased
CUST00172,102757.83,85942.0,36,34,-16.364524241121092,Low Decline
CUST00173,133092.85,163601.15999999997,60,58,22.922576231555613,Stable or Increased
CUST00174,96802.27,114426.19999999998,46,47,18.206112315341343,Stable or Increased
CUST00175,78448.74999999999,93344.97,33,44,18.98847336636979,Stable or Increased
CUST00176,129680.88,130220.0,47,54,0.41572820912380865,Stable or Increased
CUST00177,100062.92000000001,147020.37000000002,46,49,46.92792295087931,Stable or Increased
CUST00178,81513.75,79168.82,39,40,-2.8767293861465006,Low Decline
CUST00179,59865.94,108521.81,31,41,81.27471146364694,Stable or Increased
CUST00180,115936.37,121860.65999999999,43,51,5.109949535249373,Stable or Increased
CUST00181,69220.03,76025.42000000001,35,38,9.831532867003979,Stable or Increased
CUST00182,99285.52,127848.0,41,50,28.768021761884306,Stable or Increased
CUST00183,147830.15999999997,122045.01999999999,45,55,-17.442408233881363,Low Decline
CUST00184,85100.67000000001,107096.19,32,39,25.84647100898264,Stable or Increased
CUST00185,146912.22999999998,188842.84,65,67,28.541265761196343,Stable or Increased
CUST00186,127277.93,151976.81999999998,55,46,19.40547744608982,Stable or Increased
CUST00187,72376.21,97662.94,31,34,34.93790293799578,Stable or Increased
CUST00188,47441.57,147831.6,28,51,211.6077313630219,Stable or Increased
CUST00189,30003.32,123010.48,23,34,309.98956115523214,Stable or Increased
CUST00190,223543.26,333464.33999999997,78,104,49.17217365444163,Stable or Increased
CUST00191,61082.51,153409.48,23,53,151.15123789117376,Stable or Increased
CUST00192,96745.49999999999,96617.55,35,39,-0.13225421337424745,Low Decline
CUST00193,166149.44999999998,172062.77,63,78,3.5590367587735066,Stable or Increased
CUST00194,109794.45999999999,122636.76999999999,40,43,11.696683056686101,Stable or Increased
CUST00195,78264.76999999999,95116.69999999998,35,33,21.531948538275902,Stable or Increased
CUST00196,152664.8,298828.53,74,96,95.7416051375301,Stable or Increased
CUST00197,127692.64000000001,119492.62,51,50,-6.421685697781813,Low Decline
CUST00198,95757.93000000002,85114.95,39,38,-11.11446331389998,Low Decline
CUST00199,61444.770000000004,91433.34999999999,31,41,48.80574864223592,Stable or Increased
CUST00200,188736.84,206177.42000000004,74,77,9.240686661915102,Stable or Increased
CUST00201,64998.34,107073.07999999999,29,48,64.73202238703325,Stable or Increased
CUST00202,89219.67000000001,143461.97,46,60,60.79634681455332,Stable or Increased
CUST00203,65532.16,125815.82,32,34,91.99095528058284,Stable or Increased
CUST00204,75461.4,91494.52999999998,30,39,21.24679637536541,Stable or Increased
CUST00205,87718.89,111255.51000000001,40,45,26.83187167553079,Stable or Increased
CUST00206,78470.24999999999,111865.18999999999,42,40,42.55745330236619,Stable or Increased
CUST00207,150761.16999999998,138349.5,51,57,-8.232670255875558,Low Decline
CUST00208,144469.05,115774.11,54,55,-19.862344218363717,Low Decline
CUST00209,93477.7,117576.73,37,45,25.78051235749275,Stable or Increased
CUST00210,84789.76000000001,79664.78000000001,36,40,-6.044338372935594,Low Decline
CUST00211,174598.24000000002,257196.99000000002,75,88,47.30789382527567,Stable or Increased
CUST00212,136191.97999999998,169181.39999999997,54,57,24.22273323289667,Stable or Increased
CUST00213,128164.60000000002,177660.27,50,62,38.61883078478766,Stable or Increased
CUST00214,83369.68,94613.01,36,31,13.486113896562879,Stable or Increased
CUST00215,133326.81000000003,117850.82,48,53,-11.607560399892577,Low Decline
CUST00216,123599.53,111568.58999999998,55,50,-9.733807240205538,Low Decline
CUST00217,73327.56,80467.12999999999,34,35,9.736543804266763,Stable or Increased
CUST00218,132553.33000000002,139030.82,50,63,4.8867048455138695,Stable or Increased
CUST00219,62209.060000000005,79618.82999999999,32,30,27.98590751893692,Stable or Increased
CUST00220,83865.79999999999,66040.33,40,36,-21.254754619880796,Low Decline
CUST00221,119750.54,157105.39,56,68,31.193888562005668,Stable or Increased
CUST00222,66159.28,93373.80000000002,30,39,41.1348491096034,Stable or Increased
CUST00223,226667.75,197364.41,76,69,-12.927882329974157,Low Decline
CUST00224,82176.73,145199.15,28,43,76.69132125359576,Stable or Increased
CUST00225,61452.61,69166.0,31,37,12.551769566825559,Stable or Increased
CUST00226,78673.84000000001,99315.73000000001,30,39,26.23729819213095,Stable or Increased
CUST00227,207818.63999999996,215273.06,74,82,3.586983342783902,Stable or Increased
CUST00228,111378.79999999999,245272.41,61,81,120.21462791841897,Stable or Increased
CUST00229,198827.09999999998,307278.79000000004,81,103,54.5457284243446,Stable or Increased
CUST00230,199081.96,230228.48,70,85,15.645074018760926,Stable or Increased
CUST00231,170455.65999999997,179975.84,64,71,5.585135747325741,Stable or Increased
CUST00232,284599.27999999997,338306.22,97,109,18.87107374270237,Stable or Increased
CUST00233,49756.57,70093.28,31,44,40.872411422250366,Stable or Increased
CUST00234,143453.34,128531.49999999999,40,50,-10.401877014505212,Low Decline
CUST00235,117803.97000000002,145352.15000000002,35,43,23.38476368835448,Stable or Increased
CUST00236,126687.76,209460.24,58,76,65.33581460434694,Stable or Increased
CUST00237,90561.59,168171.72,35,55,85.69872724186932,Stable or Increased
CUST00238,80970.62,166506.95,51,57,105.6387242681358,Stable or Increased
CUST00239,101324.76,118631.91,44,46,17.08086947356205,Stable or Increased
CUST00240,113558.20999999999,153249.13,60,55,34.952047940875445,Stable or Increased
CUST00241,183849.34,230093.43,69,72,25.15325320177924,Stable or Increased
CUST00242,103012.64,121756.38000000002,40,54,18.1955728928023,Stable or Increased
CUST00243,277890.87,294738.69999999995,104,93,6.062750460279591,Stable or Increased
CUST00244,68025.13,93038.13999999998,39,50,36.77024946516086,Stable or Increased
CUST00245,144945.47,161558.57,51,60,11.461620704669146,Stable or Increased
CUST00246,148340.44999999998,253088.56000000003,56,83,70.61331551845774,Stable or Increased
CUST00247,92977.79999999999,207908.16999999998,39,63,123.61055004527964,Stable or Increased
CUST00248,146668.46000000002,177456.87,57,62,20.991841054307088,Stable or Increased
CUST00249,76051.62,105286.77999999998,28,45,38.4412061176343,Stable or Increased
CUST00250,179242.94999999998,191342.75,57,70,6.7505025999627986,Stable or Increased
CUST00251,84245.09,113570.9,41,39,34.810111782182204,Stable or Increased
CUST00252,111647.28,116196.24,39,55,4.074402887378901,Stable or Increased
CUST00253,61892.86000000001,100215.22000000002,31,42,61.917255075948994,Stable or Increased
CUST00254,115413.78,131437.46,44,51,13.883680094352679,Stable or Increased
CUST00255,68933.06,93001.69999999998,33,38,34.91596049848938,Stable or Increased
CUST00256,243005.36000000002,297025.69,90,103,22.230098134460896,Stable or Increased
CUST00257,121406.12999999999,137220.57,48,61,13.026063840433771,Stable or Increased
CUST00258,208118.96000000002,296826.52,86,102,42.6234880281931,Stable or Increased
CUST00259,111989.88999999998,145414.41000000003,46,56,29.84601556444073,Stable or Increased
CUST00260,194847.41999999998,240140.07000000004,67,92,23.24518846592891,Stable or Increased
CUST00261,67146.77,102160.59,30,52,52.145203708234945,Stable or Increased
CUST00262,127594.37,163518.68,53,73,28.15509022851087,Stable or Increased
CUST00263,66567.48999999999,100386.87,26,45,50.80464953688356,Stable or Increased
CUST00264,127613.22,123060.96,43,42,-3.5672322977196207,Low Decline
CUST00265,94570.28000000001,116210.70999999999,39,47,22.8829078226267,Stable or Increased
CUST00266,94501.50999999998,141397.96000000002,51,58,49.625080064858274,Stable or Increased
CUST00267,91742.24,152410.02,50,60,66.12851397567792,Stable or Increased
CUST00268,80676.42,77513.78,37,31,-3.920154116903055,Low Decline
CUST00269,203117.66999999998,216388.99000000002,71,86,6.533808703103004,Stable or Increased
CUST00270,320879.0,301944.41,94,104,-5.90085047634779,Low Decline
CUST00271,184435.19999999995,184246.49,70,70,-0.10231777881877363,Low Decline
CUST00272,125170.70000000001,161454.56999999998,54,53,28.98751065544889,Stable or Increased
CUST00273,105922.58999999998,197367.44,54,69,86.33177304293639,Stable or Increased
CUST00274,64526.09999999999,137435.81999999998,28,49,112.9926029932074,Stable or Increased
CUST00275,167842.15,214112.74000000002,51,65,27.567920215512032,Stable or Increased
CUST00276,95336.52,105199.45999999999,46,39,10.345395447620689,Stable or Increased
CUST00277,306138.35,444345.9,103,108,45.145454661266726,Stable or Increased
CUST00278,172552.63999999998,156532.81,54,60,-9.284024863369224,Low Decline
CUST00279,98523.63000000002,77695.84,43,42,-21.139893038857803,Low Decline
CUST00280,138414.47,135936.81,44,39,-1.7900296117884231,Low Decline
CUST00281,124557.36,128367.98000000001,48,60,3.059329452711594,Stable or Increased
CUST00282,88707.49,75837.38,40,35,-14.508481752780964,Low Decline
CUST00283,175730.49,236135.68,66,84,34.373767466305935,Stable or Increased
CUST00284,223679.88,210127.26,66,82,-6.058935653935435,Low Decline
CUST00285,239428.00000000006,269498.72,69,75,12.559399903102356,Stable or Increased
CUST00286,144800.54,108229.57999999999,45,52,-25.25609365821427,Moderate Decline
CUST00287,161650.30999999997,259474.71999999997,73,93,60.51606705857849,Stable or Increased
CUST00288,97720.53,118445.47999999998,37,46,21.20838886158311,Stable or Increased
CUST00289,120212.46,143785.47999999998,44,44,19.609464775947497,Stable or Increased
CUST00290,97358.08,182054.72,49,59,86.99497771525486,Stable or Increased
CUST00291,295943.26,375656.56999999995,94,107,26.935335509921714,Stable or Increased
CUST00292,75268.6,117317.64000000001,36,39,55.86531435419286,Stable or Increased
CUST00293,61747.31999999999,117059.73999999999,39,42,89.57865701701711,Stable or Increased
CUST00294,87499.26000000001,140007.32,34,53,60.00971893933731,Stable or Increased
CUST00295,217712.91,395883.97000000003,87,100,81.83761817340094,Stable or Increased
CUST00296,102896.66,130221.06000000001,35,40,26.555186533751442,Stable or Increased
CUST00297,116828.56999999998,120758.04000000001,43,45,3.3634495397829753,Stable or Increased
CUST00298,203206.25,227955.91999999995,65,74,12.179581090640644,Stable or Increased
CUST00299,301064.38999999996,368336.31,94,108,22.344695099941926,Stable or Increased
CUST00300,121449.07,189639.47,44,63,56.14732167154511,Stable or Increased
CUST00301,120783.4,81922.55,43,38,-32.17399907603197,Moderate Decline
CUST00302,109885.54999999999,114221.08,50,44,3.9454960183572942,Stable or Increased
CUST00303,65167.09000000001,121191.42,33,51,85.97028039766695,Stable or Increased
CUST00304,106688.68,84167.14,41,36,-21.109587258929434,Low Decline
CUST00305,85798.31999999999,140036.18,46,50,63.215526830828395,Stable or Increased
CUST00306,173197.49000000002,206384.81,84,72,19.16154789541117,Stable or Increased
CUST00307,63906.44,90167.41,28,33,41.09283821786975,Stable or Increased
CUST00308,91333.05,139921.52,47,62,53.19921977860149,Stable or Increased
CUST00309,64076.340000000004,118694.53000000001,30,53,85.23924743516875,Stable or Increased
CUST00310,93313.08000000002,93660.65999999999,40,40,0.37248797274719964,Stable or Increased
CUST00311,88447.23999999999,109849.39,33,40,24.19764596385372,Stable or Increased
CUST00312,60396.55,128965.18999999997,35,39,113.5307231952818,Stable or Increased
CUST00313,103764.03000000001,122287.51000000002,33,44,17.851542581759794,Stable or Increased
CUST00314,75413.76000000001,93849.01000000001,37,41,24.445472550367462,Stable or Increased
CUST00315,79569.49999999999,131465.47999999998,40,48,65.22094521141896,Stable or Increased
CUST00316,145883.49,114819.1,54,52,-21.29397233367531,Low Decline
CUST00317,72412.87,83252.52000000002,36,42,14.969231298248536,Stable or Increased
CUST00318,90218.70999999999,90029.13,32,42,-0.21013379597201867,Low Decline
CUST00319,152778.28000000003,229167.68000000005,63,76,50.00017018125875,Stable or Increased
CUST00320,153434.38,189042.14,64,79,23.20715865635851,Stable or Increased
CUST00321,104414.04,133715.74999999997,46,52,28.062998041259565,Stable or Increased
CUST00322,343897.77999999997,352709.01,95,103,2.5621654202013286,Stable or Increased
CUST00323,78079.23000000001,121847.8,33,46,56.056610701719244,Stable or Increased
CUST00324,218281.04,204926.37,73,78,-6.118108105037439,Low Decline
CUST00325,176542.16,181783.12999999998,50,60,2.968678982969265,Stable or Increased
CUST00326,77643.69,105418.12000000001,31,39,35.77165124429301,Stable or Increased
CUST00327,80182.74,132710.52,36,46,65.51008359155595,Stable or Increased
CUST00328,108961.06,104548.20000000001,41,42,-4.049942245422343,Low Decline
CUST00329,126749.85,155736.53999999998,53,49,22.869210496107073,Stable or Increased
CUST00330,81004.20999999999,132900.7,27,46,64.06641086926226,Stable or Increased
CUST00331,305854.16000000003,295117.16,96,110,-3.510496636697718,Low Decline
CUST00332,82189.29000000001,115812.9,34,46,40.90996527649769,Stable or Increased
CUST00333,88371.01000000001,122680.63,48,57,38.82451948891383,Stable or Increased
CUST00334,81543.23,107430.57,35,43,31.74676794137295,Stable or Increased
CUST00335,280406.41000000003,341388.14,89,107,21.74762338706878,Stable or Increased
CUST00336,71005.65,118888.1,39,44,67.43470413974102,Stable or Increased
CUST00337,92011.3,110878.23,42,45,20.505014058055906,Stable or Increased
CUST00338,162963.23000000004,148826.55999999997,58,59,-8.674760557949217,Low Decline
CUST00339,121247.54,107706.16999999998,45,40,-11.16836679737998,Low Decline
CUST00340,107366.10999999999,185906.37999999998,43,69,73.15182602778475,Stable or Increased
CUST00341,88356.51000000001,126464.18000000001,41,47,43.12944230142182,Stable or Increased
CUST00342,267922.92,467253.07,90,122,74.39831948681362,Stable or Increased
CUST00343,238338.66999999998,204611.07999999996,70,76,-14.15111949731029,Low Decline
CUST00344,83371.79999999999,137711.36,36,47,65.17738611856768,Stable or Increased
CUST00345,145856.97,180398.8,53,83,23.681987909113968,Stable or Increased
CUST00346,95682.87999999999,89852.95,49,44,-6.0929708637532585,Low Decline
CUST00347,265475.49,360973.49,87,105,35.97243572278556,Stable or Increased
CUST00348,59892.25,120393.49,28,49,101.01680935346394,Stable or Increased
CUST00349,71199.19,108562.7,29,44,52.47743689218935,Stable or Increased
CUST00350,234438.51,211614.03999999995,75,76,-9.735802364551821,Low Decline
CUST00351,69904.14,104625.5,26,45,49.66996232268933,Stable or Increased
CUST00352,312431.94999999995,289314.16,94,104,-7.399304072454813,Low Decline
CUST00353,130466.89,142315.02,55,52,9.0813309031893,Stable or Increased
CUST00354,108731.01000000001,133299.28,50,50,22.595458278185763,Stable or Increased
CUST00355,117639.06,122109.83999999998,35,43,3.800421390650337,Stable or Increased
CUST00356,66485.04,182976.02999999997,44,63,175.2138375791005,Stable or Increased
CUST00357,152761.33,145857.83000000002,56,49,-4.5191410679652835,Low Decline
CUST00358,101290.85,110029.26999999999,40,49,8.627057626626673,Stable or Increased
CUST00359,95593.51999999999,183466.43000000002,48,52,91.92350067243056,Stable or Increased
CUST00360,114241.4,176552.34000000003,48,60,54.54322163418868,Stable or Increased
CUST00361,121188.43,120681.99,53,54,-0.4178946785596511,Low Decline
CUST00362,159605.74,159705.34000000003,54,57,0.06240377069147697,Stable or Increased
CUST00363,130251.21999999999,136244.75999999998,59,56,4.601523118171173,Stable or Increased
CUST00364,214007.99,384399.3300000001,89,112,79.61914879907057,Stable or Increased
CUST00365,105902.83000000002,146004.49000000002,46,69,37.86646683568324,Stable or Increased
CUST00366,72722.68,77524.17,32,33,6.602465695708692,Stable or Increased
CUST00367,274278.47,342823.49,97,107,24.991031924598392,Stable or Increased
CUST00368,280161.27,374571.42000000004,90,115,33.69850158089304,Stable or Increased
CUST00369,359769.83,331147.95999999996,97,114,-7.955605949503896,Low Decline
CUST00370,88817.53,63964.43000000001,34,35,-27.982201261395122,Moderate Decline
CUST00371,51106.770000000004,115110.09000000001,25,43,125.23452372356931,Stable or Increased
CUST00372,86094.28000000001,70014.36,36,34,-18.677106074875137,Low Decline
CUST00373,210173.51,230806.71000000002,62,72,9.81722197055186,Stable or Increased
CUST00374,154890.2,255438.43,71,80,64.9158113295741,Stable or Increased
CUST00375,104229.09,135751.37,35,47,30.243265099983123,Stable or Increased
CUST00376,85823.91,127149.68000000002,36,46,48.15181457008894,Stable or Increased
CUST00377,178505.08,204406.79,74,80,14.510348949172775,Stable or Increased
CUST00378,81006.32,121028.93999999999,33,46,49.40678702599992,Stable or Increased
CUST00379,86734.95999999999,128778.81000000001,41,54,48.47393715290815,Stable or Increased
CUST00380,89379.67,113435.73,37,41,26.914465000821775,Stable or Increased
CUST00381,79839.5,142509.72000000003,40,46,78.49525610756584,Stable or Increased
CUST00382,102957.70999999999,96806.92000000001,36,41,-5.974093635143963,Low Decline
CUST00383,69937.71,88574.54999999999,36,47,26.64776985120042,Stable or Increased
CUST00384,87259.65,106361.8,28,45,21.89116046190881,Stable or Increased
CUST00385,163459.53,150288.19,52,45,-8.057859948575647,Low Decline
CUST00386,72337.86,75131.13,40,35,3.8614219441935442,Stable or Increased
CUST00387,288811.29000000004,407226.41000000003,97,105,41.000862535533145,Stable or Increased
CUST00388,99135.99,109269.38,54,52,10.221706566908749,Stable or Increased
CUST00389,112260.57999999999,118708.16000000002,33,43,5.743405209558004,Stable or Increased
CUST00390,126212.27,91335.6,49,31,-27.633343414233813,Moderate Decline
CUST00391,158437.56,146520.12,62,56,-7.521852772789484,Low Decline
CUST00392,106356.23000000001,133354.71,47,59,25.38495394204926,Stable or Increased
CUST00393,168437.34,136781.19999999998,61,47,-18.794015626226354,Low Decline
CUST00394,236224.73,289331.1499999999,68,81,22.481312604315345,Stable or Increased
CUST00395,128909.45,128414.28999999998,46,55,-0.3841145858585372,Low Decline
CUST00396,63969.07,92993.54000000001,27,48,45.37266213187093,Stable or Increased
CUST00397,115361.71999999999,97046.19,45,39,-15.876609676069311,Low Decline
CUST00398,50846.22,167336.21000000002,29,52,229.1025566895632,Stable or Increased
CUST00399,93911.21,72788.91,38,40,-22.491777073258884,Low Decline
CUST00400,83764.16,154856.62,38,56,84.87216967256639,Stable or Increased
CUST00401,92704.12999999998,96477.76000000001,38,43,4.070616918577452,Stable or Increased
CUST00402,124059.27999999998,119997.18,34,45,-3.2743217597264724,Low Decline
CUST00403,108846.99,160435.22000000003,52,48,47.3951829076762,Stable or Increased
CUST00404,167563.33999999997,238019.56000000003,60,67,42.047514689072244,Stable or Increased
CUST00405,87950.59,102166.52,43,50,16.163541370217082,Stable or Increased
CUST00406,92062.91999999998,140028.88,48,55,52.10128029830037,Stable or Increased
CUST00407,174000.56,244911.25,67,83,40.753138955414855,Stable or Increased
CUST00408,169825.01,221359.06999999998,75,86,30.34538905665306,Stable or Increased
CUST00409,189103.92,167492.47999999998,73,80,-11.428340565335732,Low Decline
CUST00410,146393.14,130844.04,56,60,-10.621467645273556,Low Decline
CUST00411,57738.56,87504.23999999999,35,39,51.552515338103326,Stable or Increased
CUST00412,150033.21999999997,179673.59,52,64,19.755871399680704,Stable or Increased
CUST00413,108160.68999999999,122923.69999999998,43,53,13.649145544467215,Stable or Increased
CUST00414,116838.68999999999,83584.13999999998,53,47,-28.461933285968893,Moderate Decline
CUST00415,52365.46000000001,98475.02,27,43,88.05338480746659,Stable or Increased
CUST00416,83401.28000000001,46431.80999999999,37,37,-44.327221356794546,Moderate Decline
CUST00417,95907.07,58832.689999999995,35,29,-38.656566194754994,Moderate Decline
CUST00418,84524.26999999999,129182.88000000002,48,50,52.83525075105651,Stable or Increased
CUST00419,174603.48,207736.34999999998,71,87,18.976065081864327,Stable or Increased
CUST00420,212596.14,182973.16999999998,69,77,-13.933917144497556,Low Decline
CUST00421,55859.43000000001,132350.66,26,44,136.9352139826704,Stable or Increased
CUST00422,241975.05,338681.13,93,111,39.965310473125236,Stable or Increased
CUST00423,97128.88999999998,152316.2,46,60,56.81863552646389,Stable or Increased
CUST00424,170819.39999999997,221784.32000000004,70,76,29.83555731960192,Stable or Increased
CUST00425,158324.13,201244.00000000003,67,81,27.108862054065938,Stable or Increased
CUST00426,113664.78000000001,147888.74,42,49,30.109555484117397,Stable or Increased
CUST00427,285115.3,323324.98,94,105,13.401483540167781,Stable or Increased
CUST00428,120654.44999999998,119623.10999999999,54,54,-0.854788198860462,Low Decline
CUST00429,181668.65,229928.81,69,72,26.564935667216112,Stable or Increased
CUST00430,56736.16,89527.23000000001,29,41,57.7957161711332,Stable or Increased
CUST00431,246629.11000000002,375362.0800000001,91,102,52.19698923618548,Stable or Increased
CUST00432,180329.47999999998,201865.66999999995,63,81,11.942689570224443,Stable or Increased
CUST00433,76855.29999999999,138293.92,33,40,79.9406416994014,Stable or Increased
CUST00434,98585.78999999998,153222.1,39,50,55.42006611703374,Stable or Increased
CUST00435,104180.71,93124.17000000001,38,40,-10.61284761833548,Low Decline
CUST00436,101860.04999999999,184308.9,38,63,80.94326480303124,Stable or Increased
CUST00437,212455.72999999998,237610.08999999997,69,76,11.839812463518864,Stable or Increased
CUST00438,74860.91999999998,91727.45,40,43,22.530487202134328,Stable or Increased
CUST00439,160804.8,205226.28,62,86,27.62447389630161,Stable or Increased
CUST00440,187191.37999999995,205121.84000000003,78,69,9.578678248966424,Stable or Increased
CUST00441,289846.8400000001,363671.44000000006,93,103,25.470210404915907,Stable or Increased
CUST00442,230812.27,367191.38,80,100,59.08659448650629,Stable or Increased
CUST00443,87012.22,110115.88,43,42,26.55220151836145,Stable or Increased
CUST00444,69971.2,133038.80999999997,31,44,90.13366928107561,Stable or Increased
CUST00445,85018.34,99639.65999999997,38,47,17.19784225380074,Stable or Increased
CUST00446,79358.42000000001,139748.94999999998,37,45,76.09845306900007,Stable or Increased
CUST00447,122175.80000000002,121724.23999999999,44,53,-0.3695985620720525,Low Decline
CUST00448,108298.11,193706.41,39,61,78.86407251243813,Stable or Increased
CUST00449,165928.09,211136.05,63,78,27.245513402824074,Stable or Increased
CUST00450,222158.52,244347.41999999998,64,82,9.98786812227593,Stable or Increased
CUST00451,110624.13999999998,113476.61,48,56,2.5785240002769885,Stable or Increased
CUST00452,87024.22,92356.18999999999,35,43,6.126995450232115,Stable or Increased
CUST00453,95375.91999999997,112395.83999999998,36,51,17.845091297677673,Stable or Increased
CUST00454,42675.490000000005,107209.44999999998,30,37,151.22019688584706,Stable or Increased
CUST00455,88247.83,114036.46999999999,33,50,29.22297352807427,Stable or Increased
CUST00456,211426.77000000002,202937.61,69,71,-4.015177453640346,Low Decline
CUST00457,215889.30999999997,344212.33999999997,98,107,59.43927005927251,Stable or Increased
CUST00458,164283.86000000002,252154.58000000002,67,88,53.48712892428994,Stable or Increased
CUST00459,309186.17,360505.95999999996,93,106,16.59834590919768,Stable or Increased
CUST00460,93623.74,105517.66,35,47,12.703957350988112,Stable or Increased
CUST00461,72790.28,119503.65,26,43,64.17528549141451,Stable or Increased
CUST00462,120402.54000000001,124440.40000000001,44,46,3.353633569524364,Stable or Increased
CUST00463,101837.15000000001,97364.61,35,34,-4.3918550352204555,Low Decline
CUST00464,93642.26000000001,54792.38,40,33,-41.48755059948362,Moderate Decline
CUST00465,122187.0,161482.35,52,66,32.160008838910855,Stable or Increased
CUST00466,114204.04000000001,162912.2,47,70,42.65011990819239,Stable or Increased
CUST00467,263633.95,393349.56,88,98,49.20292321986602,Stable or Increased
CUST00468,61162.65999999999,98772.65,29,46,61.491750031800464,Stable or Increased
CUST00469,105757.22,138693.4,44,64,31.143197599180453,Stable or Increased
CUST00470,115872.52,151366.83,45,64,30.632206842485154,Stable or Increased
CUST00471,186970.15999999997,187052.74,68,76,0.04416747570843193,Stable or Increased
CUST00472,124064.04999999999,116896.60999999999,44,55,-5.777209433353177,Low Decline
CUST00473,109982.65000000001,113203.81000000001,35,44,2.9287892226637595,Stable or Increased
CUST00474,68911.28,93613.45,40,40,35.84633749365852,Stable or Increased
CUST00475,132955.01,102812.42,45,48,-22.671270529782976,Low Decline
CUST00476,96125.95,81065.01999999999,37,35,-15.667912774854248,Low Decline
CUST00477,56075.780000000006,145249.4,28,59,159.0234143867459,Stable or Increased
CUST00478,118379.67000000001,145851.63999999998,49,67,23.20666208986726,Stable or Increased
CUST00479,375965.31000000006,330391.74,99,106,-12.121748679419401,Low Decline
CUST00480,84233.84,107964.72999999998,40,44,28.172632281752783,Stable or Increased
CUST00481,90014.91,94684.39,39,34,5.187451723275617,Stable or Increased
CUST00482,73412.47,91155.89000000001,32,44,24.169490551128458,Stable or Increased
CUST00483,97544.39000000001,88257.49999999999,38,38,-9.52068078953595,Low Decline
CUST00484,93570.83,113217.45000000001,35,42,20.99652209988947,Stable or Increased
CUST00485,192528.61000000004,170741.71000000002,72,72,-11.316188279757496,Low Decline
CUST00486,87068.66,86619.38,35,43,-0.5160065630962953,Low Decline
CUST00487,92775.65,123097.28,44,49,32.68274595758694,Stable or Increased
CUST00488,308899.39,489110.55000000005,90,107,58.339759104088884,Stable or Increased
CUST00489,83418.12000000001,142407.44,42,56,70.71523549080221,Stable or Increased
CUST00490,94995.38,78355.99,42,39,-17.515999199118944,Low Decline
CUST00491,87205.6,72338.17,39,36,-17.04871017457595,Low Decline
CUST00492,311277.94000000006,343828.24999999994,103,105,10.456992230159281,Stable or Increased
CUST00493,322400.65,299371.09,89,104,-7.143149370201331,Low Decline
CUST00494,129538.22,157534.50999999998,53,58,21.61237818460064,Stable or Increased
CUST00495,78108.32,98040.81000000001,36,38,25.5190356161802,Stable or Increased
CUST00496,179123.32,187845.31,65,69,4.869265487039873,Stable or Increased
CUST00497,115550.79000000001,173918.85000000003,50,56,50.512904325448595,Stable or Increased
CUST00498,61318.97,119975.94,32,41,95.65876595774522,Stable or Increased
CUST00499,95049.87,91432.07999999999,40,53,-3.8062019443056663,Low Decline
CUST00500,114188.83,143491.1,42,49,25.661240245652753,Stable or Increased
CUST00501,105940.09999999999,115355.42,42,45,8.887399577685889,Stable or Increased
CUST00502,136944.12000000002,157733.78999999998,49,57,15.18113373542431,Stable or Increased
CUST00503,197109.62000000002,306313.58,68,83,55.40265360970205,Stable or Increased
CUST00504,249957.16000000003,354321.44,95,108,41.7528667712499,Stable or Increased
CUST00505,203144.62000000002,290494.31,84,93,42.99877102332317,Stable or Increased
CUST00506,168951.28,191186.02000000002,65,73,13.160444833563865,Stable or Increased
CUST00507,76128.45999999999,66437.59,36,31,-12.729628315087414,Low Decline
CUST00508,138381.66999999998,107817.44999999998,51,57,-22.08689922588736,Low Decline
CUST00509,88040.76000000001,126437.47999999998,34,56,43.612435876291805,Stable or Increased
CUST00510,104513.99999999999,176097.52000000002,39,60,68.49180014160787,Stable or Increased
CUST00511,86298.44,84186.59,31,37,-2.4471473644251343,Low Decline
CUST00512,111886.08,132739.93999999997,48,57,18.638475849721406,Stable or Increased
CUST00513,58020.439999999995,81321.4,27,35,40.15991605716882,Stable or Increased
CUST00514,98692.38,135575.87,47,50,37.37217604844466,Stable or Increased
CUST00515,194927.78000000003,253110.46000000002,70,84,29.848326390420073,Stable or Increased
CUST00516,86665.63,94430.29999999999,32,45,8.959341782895923,Stable or Increased
CUST00517,289544.72000000003,358057.69000000006,95,109,23.662310264196847,Stable or Increased
CUST00518,110401.87,78213.85999999999,42,44,-29.155312314909168,Moderate Decline
CUST00519,72427.79999999999,105408.45000000001,35,51,45.535899198926415,Stable or Increased
CUST00520,109671.51999999999,102546.28,51,56,-6.496891809286487,Low Decline
CUST00521,107919.75,142216.43999999997,42,46,31.779808607784926,Stable or Increased
CUST00522,201429.86000000002,258851.31,79,78,28.506920473459086,Stable or Increased
CUST00523,178429.15000000002,212566.35,52,64,19.1320756726129,Stable or Increased
CUST00524,29047.079999999998,153983.28000000003,26,50,430.11621133690556,Stable or Increased
CUST00525,122482.41,173693.15,45,60,41.810689387970065,Stable or Increased
CUST00526,194294.43000000002,253091.98,66,84,30.262087286804867,Stable or Increased
CUST00527,112485.84999999998,115868.87,41,46,3.007507166456954,Stable or Increased
CUST00528,81672.67,127474.19999999998,28,47,56.07938371550726,Stable or Increased
CUST00529,220028.75,238792.30999999997,72,79,8.527776483754948,Stable or Increased
CUST00530,198503.88999999998,192029.58,64,87,-3.2615532118791215,Low Decline
CUST00531,187061.64999999997,206402.59,73,76,10.339339998337465,Stable or Increased
CUST00532,99809.02999999998,104298.43000000002,32,49,4.497989811142377,Stable or Increased
CUST00533,157209.65000000002,240021.67000000004,58,90,52.67616841587015,Stable or Increased
CUST00534,69832.04,92369.59,43,41,32.27393901137645,Stable or Increased
CUST00535,162086.56,125713.08999999998,51,50,-22.44076868557147,Low Decline
CUST00536,90146.48,76772.54000000001,40,35,-14.835787265348563,Low Decline
CUST00537,123354.13,147173.34,49,47,19.30961695404928,Stable or Increased
CUST00538,262021.30999999994,298023.55,94,98,13.740195406243886,Stable or Increased
CUST00539,90157.76,98539.15000000001,39,42,9.296360069283015,Stable or Increased
CUST00540,65764.2,124554.90999999999,28,47,89.39622165251002,Stable or Increased
CUST00541,161223.88,124061.16,53,54,-23.050381866507617,Low Decline
CUST00542,171309.46000000002,231110.82999999996,71,86,34.908387429392356,Stable or Increased
CUST00543,110492.2,167456.02,50,56,51.55460747455476,Stable or Increased
CUST00544,209514.28,182863.69,66,65,-12.720178309564387,Low Decline
CUST00545,205162.35,491930.0,89,118,139.77596279239344,Stable or Increased
CUST00546,124904.74999999999,113348.25,50,61,-9.252250214663563,Low Decline
CUST00547,146484.79,129080.36000000002,58,54,-11.8813905525618,Low Decline
CUST00548,94452.42000000001,101863.17000000001,36,53,7.846013897791077,Stable or Increased
CUST00549,74504.27,80484.33,35,38,8.026466134088688,Stable or Increased
CUST00550,78661.2,108321.16,37,47,37.70595922767515,Stable or Increased
CUST00551,60229.26999999999,108289.38,31,53,79.79527229866812,Stable or Increased
CUST00552,147231.27,109218.82999999999,56,64,-25.8181838681416,Moderate Decline
CUST00553,65396.39,65847.37,33,38,0.6896099310680542,Stable or Increased
CUST00554,86702.09,116111.13,41,41,33.919643690250155,Stable or Increased
CUST00555,85323.59000000001,98707.34,42,41,15.685873039331778,Stable or Increased
CUST00556,155579.13,188755.69999999998,71,78,21.32456326243756,Stable or Increased
CUST00557,77082.64,78689.56999999999,38,41,2.0846846968396426,Stable or Increased
CUST00558,203738.68000000002,350270.32,82,103,71.92136515265534,Stable or Increased
CUST00559,103560.25000000001,84484.57999999999,42,40,-18.419876352171826,Low Decline
CUST00560,91723.13,158386.57,41,46,72.67898511531388,Stable or Increased
CUST00561,143673.38999999998,221829.98999999996,61,78,54.39879994479144,Stable or Increased
CUST00562,57490.240000000005,83732.87000000001,31,48,45.64710462158447,Stable or Increased
CUST00563,141451.03,154612.81,48,51,9.30483150246414,Stable or Increased
CUST00564,182629.31,200922.94,74,74,10.016809459554988,Stable or Increased
CUST00565,75086.19,201592.63999999998,41,68,168.4816475572938,Stable or Increased
CUST00566,74575.1,104999.68000000001,41,47,40.79723661114769,Stable or Increased
CUST00567,115219.71,125625.3,55,50,9.031085046126218,Stable or Increased
CUST00568,142783.06,92400.97,44,38,-35.285761490193586,Moderate Decline
CUST00569,119510.58999999998,178163.63999999998,50,57,49.07770098030644,Stable or Increased
CUST00570,97465.19,132405.78999999998,37,40,35.84931194408996,Stable or Increased
CUST00571,209887.83000000002,239966.14999999997,69,78,14.330664145701038,Stable or Increased
CUST00572,193870.78999999998,263407.4,75,86,35.86750226787648,Stable or Increased
CUST00573,80989.67,96432.61000000002,28,41,19.06778975639735,Stable or Increased
CUST00574,159373.78000000003,175872.01,51,66,10.351909831090145,Stable or Increased
CUST00575,206858.63,223536.97000000003,57,79,8.062675461014136,Stable or Increased
CUST00576,111323.26999999999,131106.65000000002,40,54,17.77110931074881,Stable or Increased
CUST00577,262081.23,366840.70999999996,91,110,39.972141461637655,Stable or Increased
CUST00578,88968.39000000001,131457.24000000002,35,51,47.75724276903291,Stable or Increased
CUST00579,62918.920000000006,75562.34,37,39,20.09478230077692,Stable or Increased
CUST00580,62972.08,102987.02999999998,38,40,63.54395471770979,Stable or Increased
CUST00581,247092.00999999998,351527.43,91,104,42.26580211962339,Stable or Increased
CUST00582,142334.08000000002,108986.84,47,49,-23.42885133342627,Low Decline
CUST00583,105546.54000000001,72517.65,36,40,-31.29320013711488,Moderate Decline
CUST00584,77375.14,65483.20999999999,34,37,-15.36918705413652,Low Decline
CUST00585,89417.97,147380.47999999998,40,54,64.82199271578183,Stable or Increased
CUST00586,173216.77,199109.69999999998,67,68,14.948281277846245,Stable or Increased
CUST00587,78145.29,69612.56,36,40,-10.91905858945561,Low Decline
CUST00588,74473.05,114796.90000000002,30,39,54.14556003816148,Stable or Increased
CUST00589,98833.87,107772.45999999999,37,45,9.044055443746155,Stable or Increased
CUST00590,137254.74000000002,162516.15,48,60,18.404763289049228,Stable or Increased
CUST00591,71172.51000000001,96807.97,32,45,36.018766234322754,Stable or Increased
CUST00592,273142.72,323003.41,95,99,18.254445880893332,Stable or Increased
CUST00593,246995.44999999998,405923.33,91,117,64.34445654768136,Stable or Increased
CUST00594,130306.02,147722.84,52,62,13.366090070128758,Stable or Increased
CUST00595,99350.04999999999,210692.57,44,61,112.07092497688731,Stable or Increased
CUST00596,74020.81,102352.15999999999,33,39,38.274844601133104,Stable or Increased
CUST00597,81906.22999999998,147719.65,37,49,80.3521539204039,Stable or Increased
CUST00598,56284.44,76118.9,34,38,35.23968613705669,Stable or Increased
CUST00599,67683.65000000001,162394.63999999998,41,54,139.9318594667988,Stable or Increased
CUST00600,52888.39,103435.23000000001,27,40,95.57265781771767,Stable or Increased
CUST00601,185931.38,264973.38,71,80,42.51138242506456,Stable or Increased
CUST00602,146447.04,263228.63,67,90,79.74322321570992,Stable or Increased
CUST00603,261787.29999999993,353114.65,92,107,34.88608882096271,Stable or Increased
CUST00604,199060.13,194747.97000000003,65,76,-2.1662600139967627,Low Decline
CUST00605,153911.49,148189.88999999998,51,50,-3.7174612499690607,Low Decline
CUST00606,93775.75,113154.23,40,48,20.664702761641465,Stable or Increased
CUST00607,282316.32,310588.16,91,100,10.014242180544137,Stable or Increased
CUST00608,111560.6,95228.96,32,36,-14.639254360410394,Low Decline
CUST00609,79036.21,121868.39,38,49,54.19310971515459,Stable or Increased
CUST00610,130759.72999999998,145992.21,61,51,11.649213408440053,Stable or Increased
CUST00611,225508.72,312771.60000000003,90,109,38.69601140035739,Stable or Increased
CUST00612,62951.3,77921.8,26,37,23.78108156622659,Stable or Increased
CUST00613,222472.19000000003,302201.4,90,105,35.8378321353334,Stable or Increased
CUST00614,58758.0,109803.65,31,44,86.87438306273187,Stable or Increased
CUST00615,127593.94,120281.45,59,47,-5.731063716662409,Low Decline
CUST00616,119535.26000000002,140649.12,47,57,17.66329031283319,Stable or Increased
CUST00617,117462.71,130650.43,43,68,11.227154558242344,Stable or Increased
CUST00618,325380.88,301579.59,99,92,-7.314901232057637,Low Decline
CUST00619,66849.87,89348.84,36,43,33.65596672065331,Stable or Increased
CUST00620,180854.91999999995,176411.13999999998,72,74,-2.457096550096603,Low Decline
CUST00621,123990.43000000001,170075.71000000002,45,53,37.16841694959845,Stable or Increased
CUST00622,193689.17,230509.65000000002,73,79,19.010087141165407,Stable or Increased
CUST00623,130200.52,236306.93000000002,50,76,81.49461307835024,Stable or Increased
CUST00624,97380.15,94898.90000000001,32,39,-2.548003879640754,Low Decline
CUST00625,60775.72,119896.06,32,40,97.27624781738497,Stable or Increased
CUST00626,159461.06,216278.35999999996,76,77,35.63083049868097,Stable or Increased
CUST00627,79402.20999999998,152194.23999999996,35,51,91.67506798614296,Stable or Increased
CUST00628,87640.77,79554.62000000001,32,36,-9.226470739588429,Low Decline
CUST00629,136877.97,111747.88,43,57,-18.35948472935418,Low Decline
CUST00630,66243.61,138176.55999999997,34,44,108.58851140510001,Stable or Increased
CUST00631,206451.19,209132.47,71,76,1.29874766040341,Stable or Increased
CUST00632,95369.94,51228.99,38,28,-46.28392342492823,Moderate Decline
CUST00633,67470.48,129729.19,34,39,92.27548106964707,Stable or Increased
CUST00634,170620.52,239550.90000000002,67,84,40.39981826336014,Stable or Increased
CUST00635,74116.88999999998,103357.98000000001,39,42,39.452667266529986,Stable or Increased
CUST00636,108834.47,135602.0,46,54,24.59471709652282,Stable or Increased
CUST00637,84431.09999999999,142122.82,39,41,68.32994003394487,Stable or Increased
CUST00638,163591.18,122608.81,56,55,-25.051698997464285,Moderate Decline
CUST00639,51658.490000000005,114166.93999999999,29,43,121.00324651378693,Stable or Increased
CUST00640,141866.55,204107.08999999997,57,79,43.87259716966402,Stable or Increased
CUST00641,85809.97,112421.13999999998,34,52,31.011746070998488,Stable or Increased
CUST00642,301001.2,377684.91,92,100,25.476214048316074,Stable or Increased
CUST00643,78238.54999999999,97378.07999999997,38,41,24.46304283502185,Stable or Increased
CUST00644,118321.98000000001,133407.63,39,47,12.74965986877501,Stable or Increased
CUST00645,66513.73999999999,67950.19,33,44,2.1596289729009555,Stable or Increased
CUST00646,62463.61,97499.16,36,38,56.089537572356136,Stable or Increased
CUST00647,121736.66999999998,124246.17,34,53,2.061416662703206,Stable or Increased
CUST00648,73395.16,88467.99,33,41,20.536544916585783,Stable or Increased
CUST00649,101611.78,113088.69,41,50,11.294861678439256,Stable or Increased
CUST00650,190501.49000000002,283341.76999999996,73,90,48.73467393877073,Stable or Increased
CUST00651,56764.25,134579.11,34,48,137.08427399287402,Stable or Increased
CUST00652,70710.36,110758.79,34,49,56.63728766194938,Stable or Increased
CUST00653,80544.32,76422.77,31,39,-5.117120611360308,Low Decline
CUST00654,162713.36,105310.26,47,52,-35.27866427194423,Moderate Decline
CUST00655,100828.81,94846.25,40,41,-5.933383524014612,Low Decline
CUST00656,97264.44,104121.72,38,51,7.050140832559154,Stable or Increased
CUST00657,113280.86,164788.84999999998,50,55,45.46927874664791,Stable or Increased
CUST00658,144421.29,176712.12999999998,52,56,22.35878103567692,Stable or Increased
CUST00659,86119.32999999999,98151.90000000001,33,32,13.971973539506198,Stable or Increased
CUST00660,218812.65999999997,289535.39,68,83,32.32113260722668,Stable or Increased
CUST00661,135767.96,138724.63999999998,56,49,2.1777450290922786,Stable or Increased
CUST00662,211851.84,208862.72999999998,74,78,-1.4109436104024469,Low Decline
CUST00663,73216.83,100907.33,38,44,37.819856445574054,Stable or Increased
CUST00664,72493.12000000001,88533.94000000002,32,44,22.127368776512867,Stable or Increased
CUST00665,320559.59,286081.41000000003,95,104,-10.755622690932437,Low Decline
CUST00666,108154.48,159645.47,44,58,47.60874445515341,Stable or Increased
CUST00667,61119.58,86485.72,39,44,41.50247760210394,Stable or Increased
CUST00668,184312.43999999997,235391.61000000002,62,78,27.71335998807245,Stable or Increased
CUST00669,164078.48000000004,248568.52,62,88,51.493675465545465,Stable or Increased
CUST00670,349729.12,372950.70999999996,95,112,6.639878886836752,Stable or Increased
CUST00671,84131.5,132475.29,45,54,57.46217528511914,Stable or Increased
CUST00672,143985.16,137415.89,56,54,-4.562463242739731,Low Decline
CUST00673,124368.64000000001,141912.06999999998,40,51,14.10599167121226,Stable or Increased
CUST00674,130413.15000000002,124898.28,44,64,-4.228768341229411,Low Decline
CUST00675,67008.94,89795.09999999999,31,35,34.00465669207719,Stable or Increased
CUST00676,148316.4,234488.70999999996,72,76,58.10032471122544,Stable or Increased
CUST00677,112910.03000000001,141289.56,47,57,25.134640385800964,Stable or Increased
CUST00678,123326.44000000002,114047.37,50,51,-7.5239908003506955,Low Decline
CUST00679,84423.01000000001,156082.46,43,58,84.88142036158149,Stable or Increased
CUST00680,53475.54000000001,99321.56,31,44,85.7326919933861,Stable or Increased
CUST00681,93225.57,124760.5,28,54,33.82648129692314,Stable or Increased
CUST00682,149427.63,133975.6,50,52,-10.340811803011263,Low Decline
CUST00683,115470.3,156449.66999999998,50,61,35.489099794492596,Stable or Increased
CUST00684,178312.31,214761.86000000002,68,75,20.44140979386113,Stable or Increased
CUST00685,125952.0,144379.78000000003,48,56,14.630795858739859,Stable or Increased
CUST00686,65246.799999999996,105098.12999999999,32,41,61.07783063690479,Stable or Increased
CUST00687,99330.00000000001,195485.02,51,64,96.80360414779017,Stable or Increased
CUST00688,104516.48999999999,168296.64,57,56,61.0240068337542,Stable or Increased
CUST00689,157563.65,270159.20999999996,68,87,71.46036538249778,Stable or Increased
CUST00690,179113.52999999997,189699.24,68,79,5.91005604099256,Stable or Increased
CUST00691,139085.72999999998,132547.72,52,54,-4.700705097496329,Low Decline
CUST00692,241591.08000000002,306204.83999999997,73,83,26.745093403282915,Stable or Increased
CUST00693,114192.36999999998,86164.56000000001,39,44,-24.5443806797249,Low Decline
CUST00694,246415.63000000003,213492.71,71,80,-13.360727158419309,Low Decline
CUST00695,91255.43999999999,96684.13,36,39,5.948894663156539,Stable or Increased
CUST00696,144653.27,281715.2,62,73,94.75204397384175,Stable or Increased
CUST00697,126787.67,77985.47,44,36,-38.491282314755054,Moderate Decline
CUST00698,78033.61,176214.11,39,59,125.81822114855379,Stable or Increased
CUST00699,173453.28,225094.29000000004,72,80,29.772287961346155,Stable or Increased
CUST00700,110830.9,83723.54999999999,35,34,-24.458296377634763,Low Decline
CUST00701,84381.23000000001,143353.5,38,59,69.88790042524857,Stable or Increased
CUST00702,193967.45,147389.74,71,69,-24.013157877777957,Low Decline
CUST00703,85931.76,74814.57999999999,38,39,-12.937219021232671,Low Decline
CUST00704,86248.30000000002,62305.19,36,36,-27.76067470315358,Moderate Decline
CUST00705,160104.13000000003,147564.75999999998,52,55,-7.83200908059027,Low Decline
CUST00706,124214.09,146340.33000000002,48,56,17.81298723840429,Stable or Increased
CUST00707,110116.51,67339.44,37,40,-38.84709931326373,Moderate Decline
CUST00708,185141.16000000003,139545.02000000002,64,55,-24.627770507649412,Low Decline
CUST00709,149457.94,291130.26,68,92,94.7907618691921,Stable or Increased
CUST00710,86185.35,142523.5,39,59,65.36859222594093,Stable or Increased
CUST00711,67783.41,89331.26999999999,44,40,31.78928295286411,Stable or Increased
CUST00712,127697.13,134764.47999999998,44,56,5.534462677430555,Stable or Increased
CUST00713,106366.33,108237.24000000002,43,42,1.7589306691318747,Stable or Increased
CUST00714,262800.86000000004,369653.67000000004,89,100,40.65923148044492,Stable or Increased
CUST00715,72194.25999999998,60348.8,39,35,-16.407758733173495,Low Decline
CUST00716,78975.91,184896.04,42,72,134.11701112402503,Stable or Increased
CUST00717,107799.54999999999,114684.01000000001,48,57,6.386353189786063,Stable or Increased
CUST00718,213398.22999999998,304936.62,72,86,42.89557134564801,Stable or Increased
CUST00719,214777.55999999997,161603.48,67,79,-24.757744710387794,Low Decline
CUST00720,149008.50999999998,114891.26999999997,55,47,-22.89616881613004,Low Decline
CUST00721,259730.99,307021.75000000006,93,103,18.20759240166145,Stable or Increased
CUST00722,87650.92000000001,174540.11,46,58,99.13095036538118,Stable or Increased
CUST00723,321263.83999999997,381978.30000000005,96,104,18.89862861628003,Stable or Increased
CUST00724,104390.18000000001,101345.98000000001,38,34,-2.916174682331228,Low Decline
CUST00725,177653.8,222056.24,67,77,24.99380255305544,Stable or Increased
CUST00726,143127.69999999998,179513.66,51,58,25.422025226423692,Stable or Increased
CUST00727,185874.45,147611.09000000003,70,77,-20.585594200816725,Low Decline
CUST00728,58030.840000000004,100528.65000000001,28,36,73.2331463752722,Stable or Increased
CUST00729,129068.07,158131.81999999998,52,58,22.518156504548312,Stable or Increased
CUST00730,137037.82,83705.57999999999,43,44,-38.91789872314082,Moderate Decline
CUST00731,237139.01,239820.74,76,80,1.1308683459545443,Stable or Increased
CUST00732,87632.15,141088.97,43,62,61.001379060082414,Stable or Increased
CUST00733,226454.13999999998,228985.23999999996,74,80,1.1177097490909096,Stable or Increased
CUST00734,118622.78,133175.30000000002,57,68,12.267896604682523,Stable or Increased
CUST00735,78164.75,168681.09999999998,44,53,115.80200793836094,Stable or Increased
CUST00736,168152.95,204494.02999999997,77,77,21.6119193864871,Stable or Increased
CUST00737,148803.16,166980.68000000005,54,55,12.215815846921561,Stable or Increased
CUST00738,145879.96,209858.81,58,58,43.85718915744151,Stable or Increased
CUST00739,104045.54,135712.01,48,53,30.435201739545988,Stable or Increased
CUST00740,173661.05,194838.15999999997,75,73,12.19450763426801,Stable or Increased
CUST00741,239621.26,278136.74000000005,92,93,16.07348196065743,Stable or Increased
CUST00742,81413.79000000001,105967.6,34,38,30.159276456728026,Stable or Increased
CUST00743,69569.87000000001,119773.63,35,43,72.16307864309648,Stable or Increased
CUST00744,62184.65000000001,100777.3,33,40,62.061376883201866,Stable or Increased
CUST00745,92338.45000000001,154965.36,39,55,67.82321990460092,Stable or Increased
CUST00746,97189.45,122381.06,38,46,25.920107583693497,Stable or Increased
CUST00747,225531.40999999997,239291.56,64,72,6.101212243562892,Stable or Increased
CUST00748,73084.04,103284.46999999999,37,44,41.32287979701176,Stable or Increased
CUST00749,110220.81999999999,171724.08,53,63,55.8000385045221,Stable or Increased
CUST00750,260528.88,237690.81,76,83,-8.766041599687531,Low Decline
CUST00751,264119.16,358516.37,99,114,35.740387028339796,Stable or Increased
CUST00752,109551.59999999999,117701.59,50,44,7.439407548588981,Stable or Increased
CUST00753,54855.5,121416.26999999999,25,35,121.33837081058415,Stable or Increased
CUST00754,136733.47999999998,123244.45000000001,46,60,-9.865199071946368,Low Decline
CUST00755,371403.48,312397.87,110,112,-15.887199010628544,Low Decline
CUST00756,242782.06000000003,291812.48,94,100,20.19524012606201,Stable or Increased
CUST00757,85881.95999999999,82545.33,38,43,-3.885134899110349,Low Decline
CUST00758,267666.74000000005,337107.5300000001,82,90,25.943002854968093,Stable or Increased
CUST00759,115186.44,135005.83000000002,44,45,17.206356928819062,Stable or Increased
CUST00760,198026.61,252842.5,68,84,27.681072760877957,Stable or Increased
CUST00761,242150.27999999997,384495.4,90,106,58.78379327085646,Stable or Increased
CUST00762,82641.08,87879.56000000001,31,37,6.33883293877574,Stable or Increased
CUST00763,50383.86,85821.86,33,42,70.33601633538994,Stable or Increased
CUST00764,150952.09999999998,141687.77,58,52,-6.137264734972212,Low Decline
CUST00765,72486.56,81190.18,31,34,12.00721899342443,Stable or Increased
CUST00766,357639.75,303964.61999999994,93,94,-15.00815555317888,Low Decline
CUST00767,112755.24,228710.74,44,58,102.8382361653436,Stable or Increased
CUST00768,141411.63,277293.45,61,79,96.08956491060883,Stable or Increased
CUST00769,117081.3,90035.70999999999,43,38,-23.09983746336948,Low Decline
CUST00770,247051.84,340284.99,83,102,37.738294116732746,Stable or Increased
CUST00771,99480.65000000001,219331.11000000002,52,76,120.47615290008659,Stable or Increased
CUST00772,55656.25,112802.77,32,44,102.6776327905671,Stable or Increased
CUST00773,104041.37000000001,165174.93,38,50,58.758895620078796,Stable or Increased
CUST00774,96283.73,84111.61000000002,35,35,-12.641928184543724,Low Decline
CUST00775,105731.66,130744.17,47,56,23.65659443916798,Stable or Increased
CUST00776,183369.16999999998,175858.02000000002,76,68,-4.096190215618016,Low Decline
CUST00777,215899.67,224512.46,75,83,3.9892557501361527,Stable or Increased
CUST00778,108365.34,139245.03,52,53,28.495910223693297,Stable or Increased
CUST00779,132066.61000000002,164084.38,53,59,24.243652502324384,Stable or Increased
CUST00780,320393.13,342255.26,92,95,6.823532701840393,Stable or Increased
CUST00781,137980.28000000003,135345.72,51,51,-1.9093742960950841,Low Decline
CUST00782,178633.68000000002,227361.41999999998,74,80,27.278025062239077,Stable or Increased
CUST00783,90966.51,117805.06000000001,34,41,29.503770123752158,Stable or Increased
CUST00784,77282.15000000001,83775.1,32,37,8.401616673449169,Stable or Increased
CUST00785,75654.97,109899.26,34,37,45.26376786614283,Stable or Increased
CUST00786,293317.98,310307.68000000005,95,97,5.792246353258014,Stable or Increased
CUST00787,161028.69999999995,267456.53,53,77,66.09246053653796,Stable or Increased
CUST00788,376063.26,373187.01,105,112,-0.7648314275635434,Low Decline
CUST00789,64847.97,85429.82999999999,36,42,31.73863422401655,Stable or Increased
CUST00790,61923.350000000006,71838.75,33,39,16.012376591382722,Stable or Increased
CUST00791,144089.65,152282.25000000003,43,46,5.685765771517965,Stable or Increased
CUST00792,92304.02,174200.55,49,64,88.72477060045703,Stable or Increased
CUST00793,349287.79,299542.52,106,104,-14.241914955000277,Low Decline
CUST00794,103285.81,150188.70999999996,43,42,45.410787793599106,Stable or Increased
CUST00795,281421.57,340155.54,94,103,20.870457797531287,Stable or Increased
CUST00796,85666.76,108457.30999999998,43,47,26.60372587920915,Stable or Increased
CUST00797,100853.07999999997,84275.5,35,38,-16.43735620171439,Low Decline
CUST00798,68098.32999999999,118547.40999999999,37,42,74.08269776953415,Stable or Increased
CUST00799,85762.11,90586.02,44,42,5.624756667017642,Stable or Increased
CUST00800,91264.74,169253.84,51,53,85.45370314975969,Stable or Increased
CUST00801,274157.32,363003.39999999997,93,103,32.40696983761001,Stable or Increased
CUST00802,323737.42000000004,336134.79000000004,101,104,3.8294522764776446,Stable or Increased
CUST00803,84271.5,107886.85999999999,37,44,28.022949633031317,Stable or Increased
CUST00804,124647.31999999999,159385.31000000003,55,60,27.869022775620074,Stable or Increased
CUST00805,103924.29,212264.62999999995,41,58,104.2492953283587,Stable or Increased
CUST00806,79682.1,128149.0,39,53,60.82532965371142,Stable or Increased
CUST00807,136572.43,128543.93999999999,53,51,-5.878558359106597,Low Decline
CUST00808,118889.84,124517.01999999997,36,44,4.733104191241219,Stable or Increased
CUST00809,62967.6,61332.020000000004,34,41,-2.5974945845164727,Low Decline
CUST00810,257991.35000000003,375752.07000000007,86,101,45.64522027579608,Stable or Increased
CUST00811,179977.62999999998,212020.75999999998,61,75,17.80395152442001,Stable or Increased
CUST00812,165562.13999999998,221068.89,64,75,33.5262337150269,Stable or Increased
CUST00813,131871.64,149371.31999999998,54,60,13.270237634111444,Stable or Increased
CUST00814,139311.9,177040.63,54,66,27.08220187938002,Stable or Increased
CUST00815,72850.51,106952.52,39,49,46.81094202360424,Stable or Increased
CUST00816,57479.92,110525.22,36,39,92.28492315229389,Stable or Increased
CUST00817,262436.92000000004,316379.14,104,100,20.554356452590575,Stable or Increased
CUST00818,117453.04000000001,177787.93,53,66,51.369372814871355,Stable or Increased
CUST00819,127181.17000000001,136237.16,49,55,7.120543080394676,Stable or Increased
CUST00820,86520.13,130394.52999999998,42,52,50.71004863261299,Stable or Increased
CUST00821,307389.1,356128.63,92,106,15.85597212132767,Stable or Increased
CUST00822,120117.48,112555.97,27,42,-6.29509543490256,Low Decline
CUST00823,184366.39,201496.63,75,73,9.29141152028848,Stable or Increased
CUST00824,131289.67,119574.81,35,48,-8.92291069053644,Low Decline
CUST00825,98917.48,99035.78000000001,47,42,0.119594635852043,Stable or Increased
CUST00826,230442.92,315887.29,77,108,37.078322909638516,Stable or Increased
CUST00827,85624.53,106942.3,38,49,24.89680235325088,Stable or Increased
CUST00828,92041.13,155427.91000000003,43,55,68.86788547685151,Stable or Increased
CUST00829,88823.78,117677.59,40,57,32.484330209770405,Stable or Increased
CUST00830,112218.53,132083.15,38,50,17.701728939062022,Stable or Increased
CUST00831,286300.44,393025.47000000003,104,107,37.2772846594298,Stable or Increased
CUST00832,92949.69999999998,82017.55,33,32,-11.761361252376265,Low Decline
CUST00833,58407.539999999986,110481.94,32,43,89.15698212936212,Stable or Increased
CUST00834,85319.61000000002,118339.23000000001,38,46,38.70109110906624,Stable or Increased
CUST00835,255098.59,383170.25,94,116,50.204769849962716,Stable or Increased
CUST00836,325652.75,478392.0200000001,88,114,46.902496601057436,Stable or Increased
CUST00837,51165.19,84202.0,29,37,64.5689188293838,Stable or Increased
CUST00838,138356.15999999997,135293.46000000002,58,48,-2.2136347236002747,Low Decline
CUST00839,100075.46999999999,113826.51,43,46,13.740669916414094,Stable or Increased
CUST00840,288431.10000000003,300943.91000000003,86,104,4.338231903563796,Stable or Increased
CUST00841,153201.41999999998,138987.88999999998,57,58,-9.27767510248926,Low Decline
CUST00842,207914.48999999996,163757.24999999997,65,69,-21.23817344332278,Low Decline
CUST00843,108628.34,142405.9,32,53,31.094611222080722,Stable or Increased
CUST00844,115783.34999999998,140271.84,46,60,21.150269015363627,Stable or Increased
CUST00845,174008.24,234531.96,78,78,34.78209997411617,Stable or Increased
CUST00846,70038.18,112114.25,29,43,60.07590431390424,Stable or Increased
CUST00847,133807.46999999997,129543.62999999998,58,68,-3.1865485536794003,Low Decline
CUST00848,277069.0,392382.32999999996,98,112,41.61899382464294,Stable or Increased
CUST00849,173933.27000000002,239372.0,60,73,37.62289411335737,Stable or Increased
CUST00850,94828.58000000002,102484.95,34,42,8.073905567287815,Stable or Increased
CUST00851,102204.34,111942.93999999999,47,45,9.528558180601715,Stable or Increased
CUST00852,107436.26000000001,230016.78999999998,44,64,114.09605099805219,Stable or Increased
CUST00853,78852.79999999999,124693.34000000001,41,35,58.1343211655135,Stable or Increased
CUST00854,80953.11,112635.43,38,34,39.13663106951665,Stable or Increased
CUST00855,56615.31,102453.34,31,35,80.96401839007859,Stable or Increased
CUST00856,258400.36999999997,298074.05,90,97,15.35356934666929,Stable or Increased
CUST00857,116940.31,174348.08000000002,48,69,49.091515149908545,Stable or Increased
CUST00858,112686.95,89492.64,34,38,-20.582960138685092,Low Decline
CUST00859,92875.57,121913.49,41,44,31.265401655139232,Stable or Increased
CUST00860,86467.22,109531.20999999999,31,51,26.673680499962867,Stable or Increased
CUST00861,226645.82999999996,251310.44999999998,72,72,10.88245038525528,Stable or Increased
CUST00862,99640.65,122266.44,42,54,22.707389002380065,Stable or Increased
CUST00863,97821.35,173747.24,48,64,77.61689038231427,Stable or Increased
CUST00864,151678.90999999997,257084.07000000007,66,79,69.4922979074679,Stable or Increased
CUST00865,74625.71,109148.44,35,40,46.26117460054986,Stable or Increased
CUST00866,106106.76000000001,144690.8,42,65,36.36341360343109,Stable or Increased
CUST00867,92430.49,109125.50999999998,31,43,18.062243313867505,Stable or Increased
CUST00868,96020.14,114147.96,46,37,18.879185137618013,Stable or Increased
CUST00869,80858.76999999999,117262.20999999999,35,42,45.02101627318843,Stable or Increased
CUST00870,87546.85,87608.28,39,36,0.07016814425646727,Stable or Increased
CUST00871,117487.72,164506.93,47,55,40.02053150746307,Stable or Increased
CUST00872,109082.81999999999,107588.58,40,34,-1.3698215722695752,Low Decline
CUST00873,79841.27,85645.72,28,43,7.269987063081533,Stable or Increased
CUST00874,63305.81,112107.06999999999,27,46,77.08812192751344,Stable or Increased
CUST00875,125953.51999999999,90867.28,46,40,-27.856498174882283,Moderate Decline
CUST00876,111347.04000000001,95066.62999999999,43,45,-14.621322668299056,Low Decline
CUST00877,87041.86,104928.55,36,43,20.549526400286027,Stable or Increased
CUST00878,306690.44,397164.2,106,105,29.50002615014671,Stable or Increased
CUST00879,107324.02,139096.36999999997,47,38,29.604137079472014,Stable or Increased
CUST00880,123380.70000000001,136728.96,49,40,10.81875852544197,Stable or Increased
CUST00881,156721.49,181259.15000000005,66,71,15.656857269542334,Stable or Increased
CUST00882,326448.7,260776.4,111,94,-20.117188397441932,Low Decline
CUST00883,93107.43999999999,83569.01000000001,41,40,-10.244541145154438,Low Decline
CUST00884,64523.0,99861.45,36,38,54.76876462656726,Stable or Increased
CUST00885,82749.65,145406.58000000002,49,51,75.71866467108927,Stable or Increased
CUST00886,105799.53,152640.20999999996,46,63,44.27305111846902,Stable or Increased
CUST00887,118672.04000000002,135031.88,50,58,13.785757790967425,Stable or Increased
CUST00888,106769.12,166490.83,44,50,55.935377195204,Stable or Increased
CUST00889,231106.64999999997,368807.91000000003,85,110,59.583426093537376,Stable or Increased
CUST00890,103340.47,117354.33000000002,52,42,13.560863425529238,Stable or Increased
CUST00891,84897.4,78732.28999999998,38,47,-7.261836051516319,Low Decline
CUST00892,375292.36,298273.1000000001,99,103,-20.52246946886952,Low Decline
CUST00893,130457.01000000001,170290.83000000002,51,63,30.534058691058462,Stable or Increased
CUST00894,217683.01,177223.77000000002,74,78,-18.58631043368979,Low Decline
CUST00895,63369.31999999999,130551.01000000001,35,40,106.01611316012232,Stable or Increased
CUST00896,76236.73000000001,106255.72,36,40,39.376019931599885,Stable or Increased
CUST00897,96837.68,133651.34000000003,38,47,38.015842593502896,Stable or Increased
CUST00898,214367.21,249284.68,69,84,16.28862455223446,Stable or Increased
CUST00899,275788.27999999997,327468.39,89,102,18.73905229040192,Stable or Increased
CUST00900,251581.16,371613.76,101,99,47.71128330913173,Stable or Increased
CUST00901,233220.62999999998,221290.45,69,81,-5.115405099454523,Low Decline
CUST00902,233070.68,161269.31,75,65,-30.80669348885926,Moderate Decline
CUST00903,93368.03,139040.8,44,42,48.91692584710204,Stable or Increased
CUST00904,105190.15999999999,94020.73000000001,40,37,-10.618322094005732,Low Decline
CUST00905,79458.48,66594.73,34,30,-16.189272686817066,Low Decline
CUST00906,124245.41,171892.94000000003,49,67,38.34952937094419,Stable or Increased
CUST00907,337992.57,325967.46,108,105,-3.557803060582067,Low Decline
CUST00908,98771.01000000001,160583.11000000002,42,63,62.58121689754919,Stable or Increased
CUST00909,139286.15,140457.46999999997,48,51,0.840945061659022,Stable or Increased
CUST00910,79687.18000000001,122104.2,24,52,53.22941532125994,Stable or Increased
CUST00911,89558.43999999999,146710.24,34,64,63.815091017664,Stable or Increased
CUST00912,69107.85,91399.96,35,37,32.25698672437357,Stable or Increased
CUST00913,334257.94,383847.81,92,109,14.83580913590265,Stable or Increased
CUST00914,162596.67,229709.39999999997,63,82,41.27558700925422,Stable or Increased
CUST00915,113925.28,106537.57,40,44,-6.48469768957337,Low Decline
CUST00916,125604.39000000001,148491.19999999998,54,61,18.221345607426592,Stable or Increased
CUST00917,93500.62000000001,92490.21000000002,37,32,-1.080645240641173,Low Decline
CUST00918,69030.44,88782.84,34,44,28.61404331190703,Stable or Increased
CUST00919,135694.72,115843.69,49,47,-14.629183803172298,Low Decline
CUST00920,98326.76999999999,157547.27,40,62,60.228257269103835,Stable or Increased
CUST00921,86422.81,109216.78,42,48,26.374946614209836,Stable or Increased
CUST00922,44747.159999999996,101145.46,33,38,126.03771948878993,Stable or Increased
CUST00923,51122.310000000005,73448.0,30,40,43.671129101951756,Stable or Increased
CUST00924,76298.65,81851.84,35,37,7.278228382808874,Stable or Increased
CUST00925,98896.23999999999,127600.81999999998,40,48,29.024945741112088,Stable or Increased
CUST00926,108431.07,155422.34,46,63,43.33745853471702,Stable or Increased
CUST00927,169018.2,252755.66,73,75,49.543457450144416,Stable or Increased
CUST00928,60254.579999999994,102705.01,34,48,70.45178972287252,Stable or Increased
CUST00929,250755.54,287583.25,81,94,14.68669844742014,Stable or Increased
CUST00930,87545.54,173714.31,37,62,98.42736705947557,Stable or Increased
CUST00931,95953.37999999999,152794.25999999998,49,70,59.23801746223009,Stable or Increased
CUST00932,146470.73,155087.76,47,56,5.883107157313955,Stable or Increased
CUST00933,255396.17,338619.01000000007,91,101,32.585782316156134,Stable or Increased
CUST00934,122330.99999999999,167916.62999999998,57,68,37.26416852637516,Stable or Increased
CUST00935,231142.25,210462.22000000003,77,92,-8.946884440209425,Low Decline
CUST00936,94596.40000000001,132103.43,38,57,39.64953211750128,Stable or Increased
CUST00937,170103.24,193360.43,64,80,13.67239683382868,Stable or Increased
CUST00938,187258.3,197498.04,79,75,5.468243597213059,Stable or Increased
CUST00939,181850.77999999997,232026.40999999997,65,79,27.59164959314445,Stable or Increased
CUST00940,104697.46,158688.79,42,46,51.56890148051347,Stable or Increased
CUST00941,129739.54999999999,128175.14000000001,48,48,-1.2058080978390742,Low Decline
CUST00942,123735.98,160223.88000000003,57,64,29.48851255713984,Stable or Increased
CUST00943,137850.14,125179.45000000001,43,40,-9.191641009577502,Low Decline
CUST00944,84077.56,141715.30000000002,31,46,68.55305981762555,Stable or Increased
CUST00945,171746.84999999998,208694.33,70,80,21.512755546899413,Stable or Increased
CUST00946,61542.42999999999,65228.37,36,39,5.98926626719161,Stable or Increased
CUST00947,125201.09,109152.51000000001,60,49,-12.818243036063015,Low Decline
CUST00948,102361.67,123282.23000000001,51,62,20.437884610518772,Stable or Increased
CUST00949,135169.96,199486.61999999997,45,66,47.582066311183326,Stable or Increased
CUST00950,315970.29,422479.77,96,111,33.70870090349319,Stable or Increased
CUST00951,150153.65,236403.28,65,79,57.4409146897195,Stable or Increased
CUST00952,136004.46000000002,143027.09,50,56,5.163529196027818,Stable or Increased
CUST00953,89178.70000000001,85964.8,35,42,-3.603887475372492,Low Decline
CUST00954,62347.53,86008.39,30,38,37.9499556758704,Stable or Increased
CUST00955,90059.24999999999,106991.19,37,42,18.80088941446883,Stable or Increased
CUST00956,175290.19999999998,162457.47999999998,49,59,-7.320842808097658,Low Decline
CUST00957,90709.87000000001,105620.79,36,50,16.438034802607458,Stable or Increased
CUST00958,102164.51999999999,159359.02,40,53,55.98274234538567,Stable or Increased
CUST00959,59664.93,100341.99999999997,26,36,68.17584467123312,Stable or Increased
CUST00960,84083.78,96192.89,29,43,14.401243616783166,Stable or Increased
CUST00961,235570.1,187886.44999999998,69,71,-20.24180912603086,Low Decline
CUST00962,275184.67,371727.63,95,104,35.082971736761365,Stable or Increased
CUST00963,128812.20999999999,191258.32,50,58,48.478408995544775,Stable or Increased
CUST00964,59089.50000000001,94772.65,27,39,60.388309259682316,Stable or Increased
CUST00965,52221.479999999996,82444.47,32,41,57.87463319691439,Stable or Increased
CUST00966,71758.89,92225.09000000001,33,44,28.520786762448544,Stable or Increased
CUST00967,91786.09999999999,171512.84000000003,51,55,86.86145287794126,Stable or Increased
CUST00968,181536.56000000003,126380.56999999999,58,60,-30.382855111940003,Moderate Decline
CUST00969,177200.78999999998,250618.26,70,85,41.431796099780385,Stable or Increased
CUST00970,123339.2,144523.06999999998,51,57,17.175293823861338,Stable or Increased
CUST00971,82474.07999999999,103228.49999999999,33,44,25.164779043306698,Stable or Increased
CUST00972,157378.69,249784.63,66,84,58.71566220305938,Stable or Increased
CUST00973,194768.99,238330.38999999998,72,77,22.36567535725271,Stable or Increased
CUST00974,186867.74,208654.96999999997,72,75,11.659171347606591,Stable or Increased
CUST00975,287118.42000000004,298884.49,94,108,4.097985075287036,Stable or Increased
CUST00976,173186.31,256633.72999999998,58,72,48.183612203528085,Stable or Increased
CUST00977,147457.38999999998,167199.55,43,53,13.388382908445625,Stable or Increased
CUST00978,207985.75,150795.80000000002,68,64,-27.497052081693088,Moderate Decline
CUST00979,154240.04,234576.21,61,86,52.08515895094424,Stable or Increased
CUST00980,110378.74999999999,107039.24,52,52,-3.025500832361284,Low Decline
CUST00981,158236.47000000003,116203.09,47,55,-26.563648696157106,Moderate Decline
CUST00982,128607.76000000001,161221.35000000003,45,65,25.35895967708327,Stable or Increased
CUST00983,63009.82000000001,89529.98,39,29,42.08893153479884,Stable or Increased
CUST00984,125252.86,154150.36000000002,54,56,23.071329469043672,Stable or Increased
CUST00985,160800.87,129001.05000000002,50,51,-19.77590046621015,Low Decline
CUST00986,77926.68000000001,160219.58,37,54,105.60298475438704,Stable or Increased
CUST00987,120526.69000000002,111255.06,48,48,-7.692594893297092,Low Decline
CUST00988,292593.54,285691.85,92,103,-2.3587978053103984,Low Decline
CUST00989,241279.94999999998,399037.08,79,117,65.3834394445125,Stable or Increased
CUST00990,243545.83999999997,271863.86,87,94,11.627388092525013,Stable or Increased
CUST00991,135412.28999999998,108409.37000000001,48,53,-19.941262347752904,Low Decline
CUST00992,150787.16999999998,241533.12000000002,67,80,60.181479631191465,Stable or Increased
CUST00993,76971.22,143420.48,33,47,86.33000750150512,Stable or Increased
CUST00994,105317.07,120418.29,42,55,14.338815160733189,Stable or Increased
CUST00995,87921.15000000001,110613.54999999999,34,44,25.809944478660686,Stable or Increased
CUST00996,49962.28,92185.84,30,43,84.5108750041031,Stable or Increased
CUST00997,233434.80000000002,203061.86000000002,75,79,-13.01131622191721,Low Decline
CUST00998,72083.98,118471.16,35,40,64.35157992108651,Stable or Increased
CUST00999,156251.58000000002,295277.13000000006,71,88,88.97545228022656,Stable or Increased
CUST01000,268902.32000000007,437682.26,93,102,62.766263972731764,Stable or Increased
CUST01001,95645.83999999998,148994.65,41,47,55.77744939037601,Stable or Increased
CUST01002,75763.70999999999,99214.12999999999,32,38,30.95204815075714,Stable or Increased
CUST01003,158783.84000000003,166649.07999999996,55,70,4.953425990957223,Stable or Increased
CUST01004,212394.03999999998,276541.27999999997,85,91,30.201996251872227,Stable or Increased
CUST01005,234848.17000000004,250978.53000000003,74,81,6.868420562953496,Stable or Increased
CUST01006,199000.67,219547.05,70,87,10.324779308531964,Stable or Increased
CUST01007,172375.15000000002,258504.32,60,78,49.966117505916586,Stable or Increased
CUST01008,192643.09,228218.03000000003,81,82,18.466761512182988,Stable or Increased
CUST01009,94334.21,107919.87,34,37,14.401625878883161,Stable or Increased
CUST01010,254452.91,391996.84,86,105,54.05476793328872,Stable or Increased
CUST01011,170983.08999999997,249146.5,69,89,45.714117109475595,Stable or Increased
CUST01012,155738.14,179527.05999999997,56,67,15.274948063460853,Stable or Increased
CUST01013,102458.15999999999,104532.18999999999,41,39,2.024270199660036,Stable or Increased
CUST01014,258126.05999999994,353210.43000000005,97,116,36.83640853620132,Stable or Increased
CUST01015,84204.95,67462.26999999999,36,39,-19.88324914390426,Low Decline
CUST01016,215836.11999999997,282679.99,68,77,30.969732962212273,Stable or Increased
CUST01017,89453.79000000001,91964.32999999999,45,34,2.8065216688974037,Stable or Increased
CUST01018,130582.98,156010.04,49,66,19.471955686721206,Stable or Increased
CUST01019,104913.81,175405.23,51,61,67.18983897353458,Stable or Increased
CUST01020,100163.47,114156.18,46,42,13.96987344787475,Stable or Increased
CUST01021,137351.1,85555.51999999999,37,30,-37.71034960768426,Moderate Decline
CUST01022,100849.50000000001,116577.04,41,45,15.59505996559227,Stable or Increased
CUST01023,60113.07,116939.09999999998,34,44,94.53190462573278,Stable or Increased
CUST01024,100244.22,104743.05,46,36,4.487869724558684,Stable or Increased
CUST01025,148762.8,101337.05000000002,62,58,-31.8801138456657,Moderate Decline
CUST01026,151421.58,75012.56,52,49,-50.46111657268403,High Decline
CUST01027,133109.69999999998,235949.79000000004,63,74,77.2596512500592,Stable or Increased
CUST01028,58040.49,141376.38,30,52,143.58233364328942,Stable or Increased
CUST01029,115209.73999999999,195833.58000000002,47,62,69.98005550572377,Stable or Increased
CUST01030,154167.53999999998,134622.46,55,60,-12.677817911604471,Low Decline
CUST01031,146271.56,222521.75,68,74,52.12919722740361,Stable or Increased
CUST01032,320379.44,323000.1500000001,95,105,0.8180019292124611,Stable or Increased
CUST01033,349370.62999999995,289241.72000000003,98,101,-17.210636738411562,Low Decline
CUST01034,182539.07,251389.63,72,78,37.7182594389245,Stable or Increased
CUST01035,156591.22999999998,239314.80999999997,60,79,52.82772221662733,Stable or Increased
CUST01036,52890.67000000001,102562.02,34,42,93.91325540024351,Stable or Increased
CUST01037,84785.92,165248.41999999998,44,47,94.90078069566266,Stable or Increased
CUST01038,120200.59000000001,144773.38,51,55,20.443152566888394,Stable or Increased
CUST01039,108709.86,202027.5,43,65,85.84100835011654,Stable or Increased
CUST01040,107542.54000000001,144041.63,49,50,33.9392114041569,Stable or Increased
CUST01041,158964.15999999997,218362.80000000005,67,80,37.366057858576475,Stable or Increased
CUST01042,122129.44,138205.63999999998,49,51,13.163247125345029,Stable or Increased
CUST01043,76847.47,82002.76999999999,30,42,6.708483701545397,Stable or Increased
CUST01044,309596.23999999993,394048.38,106,117,27.2781542824939,Stable or Increased
CUST01045,179925.25,196262.69,64,74,9.08012633023992,Stable or Increased
CUST01046,65656.89,114923.95999999999,31,44,75.03716670101187,Stable or Increased
CUST01047,108534.38,168309.25,52,71,55.07459479659809,Stable or Increased
CUST01048,294204.39,351279.34,102,107,19.399761505938102,Stable or Increased
CUST01049,141659.75999999998,199552.83000000002,51,65,40.86768889062077,Stable or Increased
CUST01050,149329.77999999997,195284.66,46,61,30.77408940132373,Stable or Increased
CUST01051,243007.25999999998,317172.81,98,101,30.519890640304336,Stable or Increased
CUST01052,186806.1,180487.14000000004,67,65,-3.3826304387276234,Low Decline
CUST01053,84937.28,152151.29,47,65,79.13369724107012,Stable or Increased
CUST01054,97071.42,167252.50999999995,49,51,72.29840667829929,Stable or Increased
CUST01055,247046.98,220743.48,75,84,-10.647165166722539,Low Decline
CUST01056,162130.53000000003,261594.05000000002,64,76,61.347804142748416,Stable or Increased
CUST01057,87273.76999999999,104016.75000000003,44,42,19.184435369298292,Stable or Increased
CUST01058,137190.98000000004,180407.13999999998,41,63,31.500729858478984,Stable or Increased
CUST01059,152669.82,190263.4,50,58,24.624107109054027,Stable or Increased
CUST01060,88582.42,83544.54000000001,28,40,-5.6872232661966,Low Decline
CUST01061,148792.11,203205.37000000002,62,75,36.56999016950566,Stable or Increased
CUST01062,163424.63999999996,181840.11000000002,70,78,11.268478241714385,Stable or Increased
CUST01063,101000.48,138538.06999999998,36,45,37.165754063743044,Stable or Increased
CUST01064,207158.25999999998,270230.38,82,87,30.446345706900626,Stable or Increased
CUST01065,106843.76000000001,71415.53,46,32,-33.158913538797215,Moderate Decline
CUST01066,64159.79,130265.53000000003,38,40,103.03297439096983,Stable or Increased
CUST01067,79825.76,111303.46999999999,37,36,39.43302262327348,Stable or Increased
CUST01068,151789.37,170184.99,60,58,12.119175407342421,Stable or Increased
CUST01069,244485.00999999995,408520.05000000005,91,124,67.09410936891392,Stable or Increased
CUST01070,125541.38,160858.33999999997,51,51,28.13172835920711,Stable or Increased
CUST01071,73611.58,118494.33999999997,36,37,60.97241765493956,Stable or Increased
CUST01072,77548.4,97861.59,36,39,26.194209035905324,Stable or Increased
CUST01073,90714.32,64397.31,41,32,-29.010866200617507,Moderate Decline
CUST01074,62041.170000000006,85216.20999999999,31,41,37.35429231911646,Stable or Increased
CUST01075,121093.3,174662.06999999998,52,70,44.237600263598374,Stable or Increased
CUST01076,304541.31,354505.91000000003,107,100,16.406509842622018,Stable or Increased
CUST01077,243012.65,327415.34,80,100,34.731809228861145,Stable or Increased
CUST01078,120886.09999999999,113416.14,39,37,-6.179337409346478,Low Decline
CUST01079,100826.72,102128.72999999998,42,52,1.291334281230194,Stable or Increased
CUST01080,123139.27,177138.83,50,62,43.85242823024692,Stable or Increased
CUST01081,151471.74000000002,139410.83000000002,60,59,-7.96248197848655,Low Decline
CUST01082,53467.119999999995,110469.94000000002,38,42,106.61284916786246,Stable or Increased
CUST01083,316487.3,412786.18000000005,96,106,30.42740735568222,Stable or Increased
CUST01084,80983.92,143403.31,48,57,77.07627637684124,Stable or Increased
CUST01085,93674.85,153793.3,54,59,64.1777915844007,Stable or Increased
CUST01086,221237.61000000004,234163.6,73,76,5.842582551854524,Stable or Increased
CUST01087,99220.75,66337.97,35,36,-33.14103148786922,Moderate Decline
CUST01088,153662.10000000003,225563.97999999998,60,85,46.792201850684016,Stable or Increased
CUST01089,311614.94,346832.28,91,112,11.301556979264225,Stable or Increased
CUST01090,325359.41000000003,366896.0,96,108,12.766371195472713,Stable or Increased
CUST01091,118791.84,67961.03,43,40,-42.78981620286377,Moderate Decline
CUST01092,64644.9,120837.67,31,39,86.92529495752952,Stable or Increased
CUST01093,217100.43000000002,241220.69999999998,78,71,11.110189878481567,Stable or Increased
CUST01094,40676.8,119169.45999999999,26,40,192.966654210754,Stable or Increased
CUST01095,140653.71,149405.69,52,70,6.222359865232145,Stable or Increased
CUST01096,176497.61000000002,177233.79,67,73,0.41710479818961455,Stable or Increased
CUST01097,75325.61,89209.69,31,40,18.432084386704606,Stable or Increased
CUST01098,90375.28,103336.92000000001,37,31,14.342019189318156,Stable or Increased
CUST01099,97883.10000000002,165670.32,46,51,69.25324187730055,Stable or Increased
CUST01100,257970.71,373510.63999999996,90,96,44.78800325819934,Stable or Increased
CUST01101,129705.22000000002,128137.32,54,50,-1.2088179643039876,Low Decline
CUST01102,359689.07999999996,338291.4,96,104,-5.948937899365735,Low Decline
CUST01103,125695.52999999998,226118.86,50,78,79.89411397525434,Stable or Increased
CUST01104,104554.62000000002,112455.22,46,45,7.556433182962144,Stable or Increased
CUST01105,90236.33000000002,104530.75,44,50,15.841091941571628,Stable or Increased
CUST01106,129036.85,140639.33000000002,47,67,8.991602011363428,Stable or Increased
CUST01107,116320.46,98988.26000000001,47,38,-14.900388117447264,Low Decline
CUST01108,63399.909999999996,111372.86000000002,33,48,75.66722097870489,Stable or Increased
CUST01109,67618.69,108570.53,32,45,60.56290058266434,Stable or Increased
CUST01110,124235.03,129393.43000000001,59,54,4.152130039329494,Stable or Increased
CUST01111,320084.87,280115.07,104,97,-12.487250646992464,Low Decline
CUST01112,306479.79000000004,368406.52,114,106,20.205811939508305,Stable or Increased
CUST01113,198399.62999999998,204177.15000000002,77,78,2.9120618823734947,Stable or Increased
CUST01114,120148.65,89397.56999999999,40,34,-25.594195190707513,Moderate Decline
CUST01115,100095.15000000001,222823.52,48,64,122.61170496272794,Stable or Increased
CUST01116,102855.08,83531.74,50,43,-18.78695733842217,Low Decline
CUST01117,133745.23,128651.48,51,58,-3.808547041266454,Low Decline
CUST01118,143074.63,171151.38999999998,47,58,19.623856444709997,Stable or Increased
CUST01119,88604.56,114838.71,35,41,29.608126263479,Stable or Increased
CUST01120,89271.81999999998,100634.16,32,41,12.727801449550405,Stable or Increased
CUST01121,280974.73,406936.94999999995,98,113,44.83044436060138,Stable or Increased
CUST01122,82292.36,86283.68999999999,38,44,4.850182933142259,Stable or Increased
CUST01123,172898.50999999998,161895.23,73,69,-6.364010887080502,Low Decline
CUST01124,138713.49,117387.75999999998,57,49,-15.37394091951692,Low Decline
CUST01125,114802.32999999999,153963.53000000003,48,54,34.11185121416965,Stable or Increased
CUST01126,92397.93,111299.57,41,45,20.456778631296196,Stable or Increased
CUST01127,163382.53,220517.96999999997,59,72,34.970348420972535,Stable or Increased
CUST01128,132356.21,112771.98000000001,54,52,-14.796608334433255,Low Decline
CUST01129,78854.93000000001,142801.16,48,54,81.09350930880288,Stable or Increased
CUST01130,212561.07,160771.74999999997,81,67,-24.36444265170477,Low Decline
CUST01131,64804.88,111663.70999999999,32,38,72.3075638748193,Stable or Increased
CUST01132,142156.09,135155.91,52,53,-4.924291319492533,Low Decline
CUST01133,146620.95,249842.19,59,79,70.40006220120658,Stable or Increased
CUST01134,88972.45000000001,127833.62999999999,38,52,43.67776766853107,Stable or Increased
CUST01135,154060.09,113832.62999999998,59,54,-26.111538685976374,Moderate Decline
CUST01136,50863.6,109859.34999999999,33,36,115.98815262781241,Stable or Increased
CUST01137,154960.22999999998,241201.78,67,79,55.653989413929,Stable or Increased
CUST01138,173354.92,224707.41999999998,64,84,29.622753135590248,Stable or Increased
CUST01139,148654.0,219461.26,54,84,47.632260147725596,Stable or Increased
CUST01140,131121.61,168309.11000000002,55,56,28.361076408381525,Stable or Increased
CUST01141,141213.16999999998,156460.53,52,53,10.79740650252382,Stable or Increased
CUST01142,178207.16000000003,277510.79000000004,68,80,55.72370380628926,Stable or Increased
CUST01143,82414.57,139925.8,46,46,69.78284300943386,Stable or Increased
CUST01144,231822.63999999998,299448.94,90,106,29.171568402464928,Stable or Increased
CUST01145,210960.13999999998,277195.16,69,96,31.39693593301559,Stable or Increased
CUST01146,76576.28,68827.18000000001,31,36,-10.119452133219308,Low Decline
CUST01147,64245.13,130632.27,29,47,103.3341204228243,Stable or Increased
CUST01148,249964.44,213166.86000000002,82,69,-14.721125932952697,Low Decline
CUST01149,77459.09,78090.34,37,41,0.814946315532496,Stable or Increased
CUST01150,73960.48,130456.19,40,52,76.38634849314121,Stable or Increased
CUST01151,134411.22,112766.57999999999,41,39,-16.10329851927541,Low Decline
CUST01152,190762.61000000002,222436.72999999998,75,89,16.60394560548315,Stable or Increased
CUST01153,90648.97,108241.29000000001,36,51,19.407082066128282,Stable or Increased
CUST01154,64321.49,104049.02,39,45,61.76400764347966,Stable or Increased
CUST01155,113652.49,104288.60000000002,40,47,-8.239053979371665,Low Decline
CUST01156,99198.11,134588.15,43,57,35.67612326484849,Stable or Increased
CUST01157,137049.66,203028.28999999998,46,67,48.14213329679181,Stable or Increased
CUST01158,91083.74000000002,108984.86,38,42,19.653474923186046,Stable or Increased
CUST01159,154330.02,136287.19,51,50,-11.691069566374699,Low Decline
CUST01160,144274.05,138843.16999999998,52,56,-3.764280548026485,Low Decline
CUST01161,106650.9,113866.07,36,46,6.765221859356099,Stable or Increased
CUST01162,156755.90999999997,202879.88,49,58,29.424070837265425,Stable or Increased
CUST01163,180125.64,237589.52,70,85,31.90211010492452,Stable or Increased
CUST01164,139096.56,189517.50999999998,46,55,36.248883509412444,Stable or Increased
CUST01165,101552.68000000001,92800.82999999999,39,42,-8.61803942544896,Low Decline
CUST01166,175071.14,146687.99,57,64,-16.212352304326128,Low Decline
CUST01167,283595.54000000004,337069.32999999996,88,99,18.85565266646997,Stable or Increased
CUST01168,98050.11,74995.61,43,34,-23.512977190948586,Low Decline
CUST01169,221622.16,195334.15,68,83,-11.861634233688548,Low Decline
CUST01170,122702.84000000001,143290.23,43,56,16.77825060935835,Stable or Increased
CUST01171,104967.54,202062.67,42,65,92.50014814103486,Stable or Increased
CUST01172,62814.270000000004,97443.73,35,34,55.12992509504606,Stable or Increased
CUST01173,178832.78000000003,239924.37999999998,68,94,34.1612986165064,Stable or Increased
CUST01174,108267.48000000001,130240.96,36,45,20.295549503876874,Stable or Increased
CUST01175,195612.62000000002,162447.36,64,71,-16.954560498192823,Low Decline
CUST01176,49547.869999999995,80017.65999999999,32,44,61.49566066109401,Stable or Increased
CUST01177,112411.70999999999,110659.11,46,47,-1.5590902406875506,Low Decline
CUST01178,109647.83,135839.23,41,46,23.886838435379897,Stable or Increased
CUST01179,179503.27,198647.24999999994,69,85,10.664975629691845,Stable or Increased
CUST01180,143902.55000000002,193195.16999999998,68,71,34.25416714297277,Stable or Increased
CUST01181,56085.66,92929.19,28,42,65.69153327249782,Stable or Increased
CUST01182,65337.75000000001,100444.92000000001,29,38,53.73183190422076,Stable or Increased
CUST01183,331793.04000000004,346297.55,97,101,4.371553423784884,Stable or Increased
CUST01184,96280.13,138218.54,29,52,43.55873844374743,Stable or Increased
CUST01185,77339.39,103951.9,41,36,34.4100334900495,Stable or Increased
CUST01186,68268.59999999999,99780.48,31,43,46.15867324069925,Stable or Increased
CUST01187,96461.15,76349.88,41,30,-20.849087948878893,Low Decline
CUST01188,261188.43999999997,397982.64,90,107,52.373757429693306,Stable or Increased
CUST01189,105401.73,116710.2,44,46,10.728922570815488,Stable or Increased
CUST01190,60829.84,108652.11,29,54,78.61646520852267,Stable or Increased
CUST01191,227498.18,189112.1,77,72,-16.873137182899654,Low Decline
CUST01192,218380.93,267183.03,72,92,22.34723517296132,Stable or Increased
CUST01193,93757.82000000002,130408.09,42,50,39.09036067604811,Stable or Increased
CUST01194,116175.98,82851.68999999999,39,38,-28.68432011505305,Moderate Decline
CUST01195,134629.83000000002,121192.14999999998,44,46,-9.981205502524986,Low Decline
CUST01196,74915.28,98974.64,41,46,32.115424249899355,Stable or Increased
CUST01197,63715.67,77679.47,36,38,21.915801874170047,Stable or Increased
CUST01198,128084.73000000001,126016.54,54,48,-1.6147045787581522,Low Decline
CUST01199,92641.65,133170.94999999998,34,43,43.748465188173995,Stable or Increased
CUST01200,164086.88,166839.99,61,81,1.677836765498854,Stable or Increased
CUST01201,97978.04999999999,135449.65,39,50,38.244892606048,Stable or Increased
CUST01202,173964.39,152943.76,45,54,-12.08329474785041,Low Decline
CUST01203,98535.33000000002,110804.33,43,59,12.45137150299287,Stable or Increased
CUST01204,197153.12,206929.32,73,82,4.958683889963299,Stable or Increased
CUST01205,155905.37000000005,152180.03999999998,59,61,-2.3894815168971237,Low Decline
CUST01206,96236.51999999999,79101.57,35,45,-17.805039084954426,Low Decline
CUST01207,93415.33000000002,102425.27,40,36,9.645033636342115,Stable or Increased
CUST01208,65049.34,141337.94,32,56,117.27805385880934,Stable or Increased
CUST01209,58250.88,125382.51999999999,31,45,115.24570959271342,Stable or Increased
CUST01210,88530.08999999998,109833.83,43,37,24.063840892966475,Stable or Increased
CUST01211,129346.53,128908.72,41,48,-0.33847834959314155,Low Decline
CUST01212,133545.78,193839.68,63,73,45.14848765719141,Stable or Increased
CUST01213,142722.34,154967.69,48,67,8.579841109667909,Stable or Increased
CUST01214,148146.54,251212.11,74,72,69.57001493251208,Stable or Increased
CUST01215,98551.29999999999,160704.07,37,50,63.066413126970446,Stable or Increased
CUST01216,122427.38,152372.65,53,56,24.45961842849205,Stable or Increased
CUST01217,113830.14,125738.75,53,49,10.461737111102561,Stable or Increased
CUST01218,96468.65999999999,107775.6,31,45,11.720842810504486,Stable or Increased
CUST01219,202669.27000000005,140730.28999999998,52,54,-30.56160413465744,Moderate Decline
CUST01220,267231.42,339036.33999999997,101,109,26.869939171075014,Stable or Increased
CUST01221,117854.16,43941.79,34,29,-62.71511332311053,High Decline
CUST01222,109753.73000000001,128388.72999999998,48,52,16.978921809764433,Stable or Increased
CUST01223,105449.23000000001,116976.48000000001,38,49,10.931563938399549,Stable or Increased
CUST01224,163581.66,264797.57999999996,61,86,61.874858098395606,Stable or Increased
CUST01225,64887.73,91209.45000000001,30,35,40.56501899511665,Stable or Increased
CUST01226,104965.87,149821.38,51,58,42.73342373097085,Stable or Increased
CUST01227,105165.45,94916.39,40,47,-9.745653158903421,Low Decline
CUST01228,81201.63,120619.25,40,36,48.54289255030963,Stable or Increased
CUST01229,130630.69,161960.14,43,55,23.983223237969582,Stable or Increased
CUST01230,67636.23000000001,72420.73000000001,32,44,7.073871503482674,Stable or Increased
CUST01231,82718.15,139870.16,50,43,69.09246640549868,Stable or Increased
CUST01232,58207.030000000006,114373.34999999999,37,46,96.49404891471009,Stable or Increased
CUST01233,266262.83999999997,438832.67000000004,82,113,64.81183405089502,Stable or Increased
CUST01234,137286.2,197170.94,48,67,43.62036388216732,Stable or Increased
CUST01235,133509.31999999998,75368.5,39,39,-43.548135815537066,Moderate Decline
CUST01236,46549.61,130181.53000000001,30,47,179.66191338659982,Stable or Increased
CUST01237,169770.37,181902.63999999998,66,72,7.146282357751821,Stable or Increased
CUST01238,51860.0,128129.29999999999,24,38,147.0676822213652,Stable or Increased
CUST01239,108687.47,152398.77,40,51,40.21742340676436,Stable or Increased
CUST01240,324229.73,301304.67999999993,97,100,-7.070619341415745,Low Decline
CUST01241,81444.09999999999,112440.70000000001,34,38,38.0587421311059,Stable or Increased
CUST01242,223159.32,328912.47000000003,84,110,47.38908059049473,Stable or Increased
CUST01243,49521.63999999999,73962.23,34,35,49.35335340267408,Stable or Increased
CUST01244,90986.81999999999,147976.55,29,56,62.63514869516267,Stable or Increased
CUST01245,171154.46000000002,189161.55000000002,76,81,10.520958670898786,Stable or Increased
CUST01246,135464.75999999998,134044.76,49,55,-1.0482431002719608,Low Decline
CUST01247,78840.31999999999,81752.31,34,40,3.693528894859896,Stable or Increased
CUST01248,88096.07,152358.4,43,57,72.9457398042841,Stable or Increased
CUST01249,183586.52000000002,182856.37,56,80,-0.39771438556601174,Low Decline
CUST01250,121696.32,179737.32,50,62,47.69330740650169,Stable or Increased
CUST01251,183681.57,147517.8,63,65,-19.68829534721421,Low Decline
CUST01252,84135.46,105174.58999999998,36,44,25.006257765750583,Stable or Increased
CUST01253,87823.7,72149.75,40,32,-17.84706178400591,Low Decline
CUST01254,87109.85,99234.94,42,49,13.919309928785315,Stable or Increased
CUST01255,290558.73,330305.6699999999,82,96,13.679485727377713,Stable or Increased
CUST01256,65627.33000000002,106448.51,31,35,62.20149440789373,Stable or Increased
CUST01257,253676.62000000002,303521.95,87,98,19.649161992145743,Stable or Increased
CUST01258,69521.15000000001,108484.7,33,45,56.04560626514375,Stable or Increased
CUST01259,122943.18,142265.65,39,62,15.716585499089906,Stable or Increased
CUST01260,195931.52999999997,197663.40999999997,74,78,0.8839210309846531,Stable or Increased
CUST01261,97317.05,114371.02000000002,36,40,17.52413374634765,Stable or Increased
CUST01262,44140.88,141255.43000000002,30,42,220.01045289536597,Stable or Increased
CUST01263,40702.73,70378.34999999999,26,38,72.90818085175118,Stable or Increased
CUST01264,122993.36000000002,130611.84,48,59,6.194220566053306,Stable or Increased
CUST01265,76620.37999999999,133430.04,34,48,74.14432034923348,Stable or Increased
CUST01266,96008.01,102749.61,42,36,7.021914109041533,Stable or Increased
CUST01267,78586.64,124634.1,30,42,58.59451428385284,Stable or Increased
CUST01268,176590.2,179220.84,70,73,1.4896862906322008,Stable or Increased
CUST01269,120168.79000000001,109872.04999999999,51,54,-8.568564266978155,Low Decline
CUST01270,314790.79,318401.02,102,105,1.1468664632786874,Stable or Increased
CUST01271,46093.01,88764.11000000002,19,37,92.5760760688009,Stable or Increased
CUST01272,70324.89,106895.04000000002,37,48,52.001716604178156,Stable or Increased
CUST01273,157376.76,122148.25000000003,51,48,-22.38482352794655,Low Decline
CUST01274,90088.45,112634.45999999999,32,45,25.026526707918713,Stable or Increased
CUST01275,64565.57000000001,90792.19,35,32,40.620132370859565,Stable or Increased
CUST01276,88292.85,74501.81,40,38,-15.619656631312738,Low Decline
CUST01277,143140.23,166037.94,52,61,15.996697783704825,Stable or Increased
CUST01278,61560.270000000004,110521.25,26,49,79.53340685477825,Stable or Increased
CUST01279,165282.96999999997,215420.06999999998,60,83,30.334099151291884,Stable or Increased
CUST01280,220127.62,211699.54,69,76,-3.8287244463007357,Low Decline
CUST01281,83438.11,163952.06,42,55,96.49541438558471,Stable or Increased
CUST01282,149267.15999999997,183697.64999999997,52,72,23.06635297409021,Stable or Increased
CUST01283,109315.0,137069.75,37,56,25.389699492292916,Stable or Increased
CUST01284,90616.52999999998,101466.08,31,40,11.973036266120564,Stable or Increased
CUST01285,88669.26,135306.7,43,66,52.59707817568346,Stable or Increased
CUST01286,77955.70999999999,111223.53,29,44,42.67528318323316,Stable or Increased
CUST01287,219052.81,435914.62999999995,86,112,98.99978913760566,Stable or Increased
CUST01288,116793.93999999999,171220.41,44,57,46.60042293290219,Stable or Increased
CUST01289,110086.56000000001,160508.85,40,52,45.802403127139215,Stable or Increased
CUST01290,186793.35,173399.59999999998,63,75,-7.170356974699596,Low Decline
CUST01291,200104.01,245301.34000000003,64,80,22.586918672944144,Stable or Increased
CUST01292,85539.61,104467.62999999999,45,45,22.12778384189499,Stable or Increased
CUST01293,99715.51999999997,162653.83000000002,50,57,63.11786771006164,Stable or Increased
CUST01294,159119.93000000002,182603.46000000002,73,67,14.758383817790767,Stable or Increased
CUST01295,108432.25,136442.6,47,54,25.832120978767854,Stable or Increased
CUST01296,71785.82,101817.31,32,42,41.834849835246,Stable or Increased
CUST01297,204622.84000000003,169295.52,84,73,-17.264602524332098,Low Decline
CUST01298,223998.66,268391.44,62,91,19.818323913187694,Stable or Increased
CUST01299,97737.26999999999,140789.74,38,48,44.04918410346432,Stable or Increased
CUST01300,105272.8,122353.79999999999,41,37,16.225463747520713,Stable or Increased
CUST01301,95018.09999999999,93075.32,36,42,-2.044642020836014,Low Decline
CUST01302,165763.62,226804.58,66,84,36.82409928065036,Stable or Increased
CUST01303,298538.5,317632.77,99,101,6.395915434692684,Stable or Increased
CUST01304,46083.38,137048.86000000002,22,49,197.39324676271582,Stable or Increased
CUST01305,257033.70000000004,275535.81000000006,84,92,7.198320687131692,Stable or Increased
CUST01306,85402.35,100401.04000000001,42,39,17.5623855783828,Stable or Increased
CUST01307,70904.02,123859.65000000002,30,40,74.68635769875955,Stable or Increased
CUST01308,80523.03,85515.22,38,39,6.199704606247433,Stable or Increased
CUST01309,340083.60000000003,304168.99,98,99,-10.560523941760215,Low Decline
CUST01310,82605.06,105029.13,34,41,27.14612155720244,Stable or Increased
CUST01311,318833.76999999996,299892.60000000003,93,105,-5.940766563090205,Low Decline
CUST01312,251907.08999999997,232332.03999999995,67,79,-7.770741982688944,Low Decline
CUST01313,165952.92,221776.91,72,82,33.63844998931021,Stable or Increased
CUST01314,90320.74,111211.45000000001,43,51,23.12947170273406,Stable or Increased
CUST01315,101243.5,140454.63999999998,46,61,38.72953819257531,Stable or Increased
CUST01316,107772.01000000001,93288.14,42,41,-13.439361481705694,Low Decline
CUST01317,86237.70999999999,139334.52000000002,34,47,61.570292161051164,Stable or Increased
CUST01318,118740.91,115701.64,54,49,-2.5595811923624336,Low Decline
CUST01319,125742.49000000002,114371.84999999999,45,38,-9.04279850033193,Low Decline
CUST01320,115290.68999999999,172318.58000000002,45,49,49.46443637383039,Stable or Increased
CUST01321,72197.70999999999,87502.93,35,44,21.199038030430607,Stable or Increased
CUST01322,105166.26,130452.01999999999,40,50,24.043604859581386,Stable or Increased
CUST01323,99542.58999999998,153473.19,44,46,54.17841749948442,Stable or Increased
CUST01324,98672.53,116882.98,40,51,18.45544043514441,Stable or Increased
CUST01325,93089.72,103836.57,32,42,11.544615237858707,Stable or Increased
CUST01326,127824.75000000001,148336.78999999998,42,45,16.047001852145193,Stable or Increased
CUST01327,155442.5,128392.32999999999,66,53,-17.40204255592905,Low Decline
CUST01328,79663.51999999999,123143.04000000001,34,43,54.578959101982974,Stable or Increased
CUST01329,140850.33000000002,128044.5,53,58,-9.091799784920642,Low Decline
CUST01330,139971.19,168490.26,61,57,20.374957160827172,Stable or Increased
CUST01331,67859.22,69013.13,38,37,1.7004468957939738,Stable or Increased
CUST01332,119802.2,141520.52,51,57,18.128481780802016,Stable or Increased
CUST01333,85692.78,116121.57000000002,39,43,35.50916424931018,Stable or Increased
CUST01334,62171.49,112214.43,34,37,80.49178168321203,Stable or Increased
CUST01335,155292.62999999998,211310.59,64,72,36.07251677043529,Stable or Increased
CUST01336,106406.2,197661.68,47,67,85.7614311947988,Stable or Increased
CUST01337,226982.19,373250.55,78,100,64.44045676006562,Stable or Increased
CUST01338,333689.21000000014,377599.29000000004,100,111,13.15897508343164,Stable or Increased
CUST01339,74680.69,103645.11,36,58,38.78434974288534,Stable or Increased
CUST01340,196564.70000000004,185538.24,61,77,-5.60958300244146,Low Decline
CUST01341,51102.45999999999,76781.82,26,38,50.2507315694783,Stable or Increased
CUST01342,162065.27,117469.95000000003,56,47,-27.516888720205117,Moderate Decline
CUST01343,166404.52,144894.22,51,58,-12.926511851961708,Low Decline
CUST01344,57173.83,212833.28000000003,31,61,272.2564676881014,Stable or Increased
CUST01345,349548.4,293973.35,109,98,-15.899100096009606,Low Decline
CUST01346,206107.46000000002,388045.76,77,104,88.27351518474876,Stable or Increased
CUST01347,147180.56,111048.07,53,52,-24.549770703413543,Low Decline
CUST01348,194116.3,220537.12,68,89,13.610819905386622,Stable or Increased
CUST01349,269869.57999999996,354613.47000000003,80,112,31.401794155532492,Stable or Increased
CUST01350,225110.00000000003,252260.51999999996,82,90,12.06100128825904,Stable or Increased
CUST01351,126981.23000000001,160643.07,52,61,26.50930377662903,Stable or Increased
CUST01352,124273.12999999999,199990.61000000002,50,63,60.92827950820908,Stable or Increased
CUST01353,121049.28999999998,157969.92,44,54,30.500492815777804,Stable or Increased
CUST01354,110361.52,87189.76,44,45,-20.99623129511084,Low Decline
CUST01355,113990.51,117325.94,33,48,2.92605937108274,Stable or Increased
CUST01356,87530.06,93252.93000000002,36,42,6.538176713234316,Stable or Increased
CUST01357,234863.01999999996,328628.94,88,102,39.923662737539544,Stable or Increased
CUST01358,122121.13,102751.03,46,43,-15.86138287452794,Low Decline
CUST01359,85055.95,96056.53000000001,39,48,12.933345638958846,Stable or Increased
CUST01360,145031.50999999998,138414.66999999998,56,64,-4.562346485946397,Low Decline
CUST01361,92271.88,117934.06000000001,38,38,27.811484929103003,Stable or Increased
CUST01362,249383.67,313668.49999999994,91,106,25.777481741286397,Stable or Increased
CUST01363,87844.57999999999,103940.69,40,48,18.323395706371432,Stable or Increased
CUST01364,116267.97,137225.64,48,57,18.0253168606969,Stable or Increased
CUST01365,259055.58,336853.7200000001,88,105,30.03144730563229,Stable or Increased
CUST01366,135050.05000000002,177535.09,71,75,31.458736964554976,Stable or Increased
CUST01367,302394.4,313623.42,91,95,3.713369030643411,Stable or Increased
CUST01368,183139.46000000002,241066.58,57,73,31.6300594093703,Stable or Increased
CUST01369,65719.33,110419.65999999999,36,42,68.01702025872751,Stable or Increased
CUST01370,182839.93000000002,243961.91000000003,69,71,33.42922959990195,Stable or Increased
CUST01371,91487.34000000001,185569.93999999997,49,60,102.83674222028966,Stable or Increased
CUST01372,92035.55,96601.22999999998,38,44,4.960778742561954,Stable or Increased
CUST01373,136417.65999999997,125138.09,51,58,-8.268408943534128,Low Decline
CUST01374,149379.16,230851.48000000004,59,63,54.5406199900977,Stable or Increased
CUST01375,96250.96,90738.55,33,47,-5.727122098314659,Low Decline
CUST01376,172443.46,202887.15,75,75,17.654302459484402,Stable or Increased
CUST01377,174537.97999999998,256169.36000000002,65,91,46.769980951996835,Stable or Increased
CUST01378,105956.85000000002,138254.29,33,42,30.48169136775959,Stable or Increased
CUST01379,118810.33000000002,122243.78,44,45,2.889858146172965,Stable or Increased
CUST01380,106696.41,168624.96,39,67,58.04183102318062,Stable or Increased
CUST01381,94831.05000000002,159292.09999999998,39,60,67.97462434508523,Stable or Increased
CUST01382,72847.91999999998,108153.22999999998,32,42,48.46440365078372,Stable or Increased
CUST01383,64022.63,104238.36,34,38,62.81486718055788,Stable or Increased
CUST01384,99032.82999999999,146549.41000000003,46,65,47.98063430076678,Stable or Increased
CUST01385,57439.009999999995,86255.35,32,45,50.168587515697105,Stable or Increased
CUST01386,68753.89,111140.19,29,38,61.64931176985041,Stable or Increased
CUST01387,272681.6,415932.26999999996,102,113,52.53404336779599,Stable or Increased
CUST01388,144943.45999999996,164214.3,48,56,13.29541877915708,Stable or Increased
CUST01389,303208.01,377285.37,96,111,24.431201537188933,Stable or Increased
CUST01390,115073.12999999999,165437.53,48,57,43.767298238954666,Stable or Increased
CUST01391,69366.19,104275.77,33,49,50.32650632822705,Stable or Increased
CUST01392,153200.01,224438.35000000003,67,80,46.500218896852566,Stable or Increased
CUST01393,107951.40000000001,130934.74,42,59,21.290451073353374,Stable or Increased
CUST01394,104217.8,186405.95,41,59,78.86191226450761,Stable or Increased
CUST01395,110335.72,107038.99,39,51,-2.987908176971153,Low Decline
CUST01396,72521.39,102514.14000000001,31,42,41.35710857169177,Stable or Increased
CUST01397,84500.87999999999,91037.59000000001,28,39,7.735670918456733,Stable or Increased
CUST01398,87828.59999999999,121049.68000000002,33,45,37.824899861776274,Stable or Increased
CUST01399,208243.98,193602.44999999998,74,63,-7.030949946308185,Low Decline
CUST01400,186801.09999999998,221627.99999999997,69,74,18.64384096239262,Stable or Increased
CUST01401,105291.59000000003,88830.97,35,42,-15.633366349582165,Low Decline
CUST01402,121320.86,135341.7,46,43,11.55682542969116,Stable or Increased
CUST01403,129137.14,153955.09,45,59,19.218289951287442,Stable or Increased
CUST01404,71138.1,126634.09000000003,33,38,78.0116280867777,Stable or Increased
CUST01405,135293.09,149202.97,50,52,10.281293745305105,Stable or Increased
CUST01406,101682.7,130919.16,33,46,28.752639337861805,Stable or Increased
CUST01407,78918.04999999999,110919.5,48,50,40.550229003377574,Stable or Increased
CUST01408,215054.56999999998,256177.49000000002,79,98,19.122086082616168,Stable or Increased
CUST01409,117884.56,95174.20999999999,50,57,-19.264906277802627,Low Decline
CUST01410,192737.43000000002,233098.06000000003,79,82,20.940732684876,Stable or Increased
CUST01411,114339.21000000002,160149.84999999998,51,51,40.0655558141428,Stable or Increased
CUST01412,136076.57,125201.45999999999,54,46,-7.9919048518051365,Low Decline
CUST01413,129615.16,175583.67,43,64,35.46538074712866,Stable or Increased
CUST01414,221001.63000000003,211785.97000000003,80,70,-4.1699511447042275,Low Decline
CUST01415,227731.78999999998,368222.3,92,113,61.691215793807274,Stable or Increased
CUST01416,110201.63999999998,61217.5,43,40,-44.44955628609519,Moderate Decline
CUST01417,134747.18,192821.99999999997,44,61,43.09909862306579,Stable or Increased
CUST01418,110458.73,210326.09,35,59,90.41146860913574,Stable or Increased
CUST01419,108357.90000000001,138659.64,48,59,27.964495435958064,Stable or Increased
CUST01420,135904.59999999998,98196.98999999999,50,46,-27.745646578555835,Moderate Decline
CUST01421,65819.73,79514.95999999999,35,38,20.80718046093473,Stable or Increased
CUST01422,86990.13,94529.39000000001,34,38,8.666799325394742,Stable or Increased
CUST01423,97522.91,64145.14,40,33,-34.22556812547944,Moderate Decline
CUST01424,91238.59,130642.19,42,53,43.18742760053614,Stable or Increased
CUST01425,132491.25999999998,195454.62,59,62,47.52265168283555,Stable or Increased
CUST01426,275111.10000000003,302003.02,96,104,9.774930927905118,Stable or Increased
CUST01427,98077.87,90154.77,36,44,-8.078376906023745,Low Decline
CUST01428,129886.48999999998,190586.78000000003,48,65,46.73333616144379,Stable or Increased
CUST01429,100351.78,94845.99,36,41,-5.486489626790868,Low Decline
CUST01430,278854.7,338320.31,96,107,21.324944496183846,Stable or Increased
CUST01431,149065.44,245197.64000000004,64,76,64.48993140194,Stable or Increased
CUST01432,294596.35,351894.79,89,102,19.4498132784062,Stable or Increased
CUST01433,139402.31000000003,147103.24000000002,48,63,5.5242484862696974,Stable or Increased
CUST01434,135202.16,161714.90999999997,51,47,19.609708898141843,Stable or Increased
CUST01435,218942.27,182497.66,78,85,-16.645762373798348,Low Decline
CUST01436,85188.9,106833.57999999999,31,40,25.40786417009727,Stable or Increased
CUST01437,315733.61999999994,415512.13,87,120,31.602117633212483,Stable or Increased
CUST01438,136485.34,172018.19000000003,56,62,26.03418799410987,Stable or Increased
CUST01439,255515.79999999996,378439.43000000005,83,99,48.1080348064582,Stable or Increased
CUST01440,114211.78,88271.64,44,34,-22.71231566481146,Low Decline
CUST01441,54803.09000000001,86090.3,26,35,57.09022976624126,Stable or Increased
CUST01442,93640.97,132302.33,37,48,41.28679999790688,Stable or Increased
CUST01443,76162.32,129502.53999999998,38,44,70.03492015474315,Stable or Increased
CUST01444,85202.14,122673.34,30,49,43.979177048839375,Stable or Increased
CUST01445,77239.37000000001,112054.34000000001,30,38,45.074124763058,Stable or Increased
CUST01446,101051.60999999999,118514.93,38,46,17.281585122691276,Stable or Increased
CUST01447,131267.64,82453.69,39,38,-37.186583075615594,Moderate Decline
CUST01448,127894.58000000002,138019.83,45,59,7.916871848674095,Stable or Increased
CUST01449,174155.77999999997,133174.1,58,57,-23.531622091440187,Low Decline
CUST01450,100738.18,103645.87000000001,34,41,2.886383295787175,Stable or Increased
CUST01451,119129.65,171911.65,49,65,44.30635026628551,Stable or Increased
CUST01452,143350.12,144712.58,52,60,0.9504421761209491,Stable or Increased
CUST01453,144299.66,127402.11,45,37,-11.71004145124112,Low Decline
CUST01454,56887.92,121479.48,29,44,113.54178532103126,Stable or Increased
CUST01455,146345.95,155112.93,54,60,5.990586005284041,Stable or Increased
CUST01456,180945.85,236196.75,73,78,30.534494159440513,Stable or Increased
CUST01457,92873.94,135755.64,33,45,46.17194015888634,Stable or Increased
CUST01458,116960.92000000001,189282.68000000002,49,62,61.834123739792744,Stable or Increased
CUST01459,51017.82,129712.75999999998,34,50,154.24990718929183,Stable or Increased
CUST01460,218165.57,238214.83,65,85,9.189928548303923,Stable or Increased
CUST01461,129540.37,178142.35,47,75,37.518790474351746,Stable or Increased
CUST01462,136265.02000000002,119591.25,55,46,-12.23628044820308,Low Decline
CUST01463,119401.95,185747.94,45,54,55.56524830624626,Stable or Increased
CUST01464,245292.34000000003,264956.74,98,103,8.016719967692413,Stable or Increased
CUST01465,129788.91,191966.38999999998,54,64,47.906620064842194,Stable or Increased
CUST01466,104852.78,170962.53,39,65,63.05006886798805,Stable or Increased
CUST01467,155256.43,179943.66000000003,55,66,15.900938853224977,Stable or Increased
CUST01468,91521.01999999999,80533.34000000001,37,49,-12.005635426703046,Low Decline
CUST01469,309095.58,396099.75000000006,87,113,28.147982575486854,Stable or Increased
CUST01470,72808.34,150478.03,43,58,106.67691366126463,Stable or Increased
CUST01471,67655.04,115312.14,28,44,70.44131523682495,Stable or Increased
CUST01472,280606.93,328055.24000000005,92,111,16.909172556786128,Stable or Increased
CUST01473,86262.87999999999,152669.28999999998,50,66,76.9814432349117,Stable or Increased
CUST01474,75440.41,132866.33,31,54,76.12090125172965,Stable or Increased
CUST01475,126167.22000000002,145283.24,48,57,15.151336456490023,Stable or Increased
CUST01476,287276.47000000003,385655.35000000003,92,108,34.24536649312072,Stable or Increased
CUST01477,159702.15,251698.28000000003,67,78,57.60481621568654,Stable or Increased
CUST01478,67478.83,102294.65,37,41,51.595174368020295,Stable or Increased
CUST01479,148399.31,227961.24,55,70,53.613409658036815,Stable or Increased
CUST01480,91011.12999999999,166092.98999999996,53,61,82.4974483890047,Stable or Increased
CUST01481,111560.63,162391.91,47,64,45.563815837181984,Stable or Increased
CUST01482,121950.38,160916.39,55,57,31.95234815996474,Stable or Increased
CUST01483,90248.23999999999,95477.84000000001,39,41,5.794683641476023,Stable or Increased
CUST01484,71585.56,100317.90000000001,40,44,40.13706116149683,Stable or Increased
CUST01485,110281.92,132803.91,46,50,20.422196131514582,Stable or Increased
CUST01486,146030.9,86735.36,45,31,-40.60478980818443,Moderate Decline
CUST01487,144791.19,135975.84,53,52,-6.088319323848368,Low Decline
CUST01488,189105.18,296404.19000000006,71,85,56.74038648756215,Stable or Increased
CUST01489,163767.97999999998,189906.01,61,77,15.96040324854714,Stable or Increased
CUST01490,83467.24,105418.37999999998,30,36,26.29910848855188,Stable or Increased
CUST01491,326003.58,281544.58,94,97,-13.637580298964814,Low Decline
CUST01492,141194.81,114357.94,49,50,-19.00698049737097,Low Decline
CUST01493,89490.22000000002,87587.91,45,38,-2.125718318716852,Low Decline
CUST01494,174209.31999999998,250289.82,72,79,43.6718885074576,Stable or Increased
CUST01495,54586.92999999999,101809.17,28,44,86.50832717648714,Stable or Increased
CUST01496,154023.53,256067.90000000002,68,86,66.25245506319717,Stable or Increased
CUST01497,126395.54,159624.75999999998,43,60,26.289867506400928,Stable or Increased
CUST01498,157459.13999999998,132059.63,51,51,-16.130857821273494,Low Decline
CUST01499,178630.35,240625.72,63,84,34.70595562288267,Stable or Increased
CUST01500,178956.41999999998,262814.81,74,89,46.859671198160996,Stable or Increased
CUST01501,102224.0,149903.75,49,62,46.64242252308655,Stable or Increased
CUST01502,80110.37000000001,157732.9,40,61,96.89448444689492,Stable or Increased
CUST01503,119872.95,137297.6,59,57,14.53593158423148,Stable or Increased
CUST01504,116879.68,168053.09,49,60,43.78298263650277,Stable or Increased
CUST01505,175359.28,149730.79,58,59,-14.614846730666317,Low Decline
CUST01506,88378.03,114535.11999999998,42,44,29.596824007052412,Stable or Increased
CUST01507,112683.65000000001,146734.32,46,48,30.217933125169445,Stable or Increased
CUST01508,141003.41,155813.65000000002,50,60,10.50346229215309,Stable or Increased
CUST01509,202398.30000000002,208715.77,68,73,3.1213058607705557,Stable or Increased
CUST01510,51640.13,114555.26999999999,30,38,121.83381412866311,Stable or Increased
CUST01511,87931.13999999998,117764.54,48,50,33.928139678389265,Stable or Increased
CUST01512,249414.19999999995,352169.85000000003,94,97,41.19879702118007,Stable or Increased
CUST01513,114771.56999999999,156514.78999999998,50,67,36.37069702888964,Stable or Increased
CUST01514,136635.4,99183.95999999999,57,48,-27.40976350199143,Moderate Decline
CUST01515,149705.6,197461.61000000002,63,74,31.899948966504933,Stable or Increased
CUST01516,89602.0,97988.33,38,39,9.359534385393186,Stable or Increased
CUST01517,92007.89,144685.27,45,62,57.253111662488934,Stable or Increased
CUST01518,94917.34999999999,103146.12,50,39,8.669405540715164,Stable or Increased
CUST01519,292928.97000000003,302905.08,90,98,3.405641306150083,Stable or Increased
CUST01520,171746.22,257747.68,73,80,50.07473235801056,Stable or Increased
CUST01521,174643.17,208167.13999999996,80,86,19.195694855974008,Stable or Increased
CUST01522,131634.34000000003,136958.93,61,56,4.044985525813376,Stable or Increased
CUST01523,73083.15,110940.07,40,38,51.79979242821364,Stable or Increased
CUST01524,101318.65,116259.36,41,51,14.746258462780553,Stable or Increased
CUST01525,99508.47,126195.02,37,45,26.818370335711126,Stable or Increased
CUST01526,111060.08,169451.91,45,56,52.57679447016426,Stable or Increased
CUST01527,101779.37,202967.79,46,56,99.41938135400133,Stable or Increased
CUST01528,81020.45000000001,112340.61,41,45,38.657104471772236,Stable or Increased
CUST01529,156023.86,276777.36,63,76,77.3942523919098,Stable or Increased
CUST01530,86669.01,99648.47,36,39,14.975895074837023,Stable or Increased
CUST01531,88724.06000000001,126061.89000000001,41,50,42.08309448417937,Stable or Increased
CUST01532,145364.31999999998,211623.09999999998,63,89,45.5811852592163,Stable or Increased
CUST01533,146987.91,143550.43,54,62,-2.338614107786151,Low Decline
CUST01534,120051.94,131168.54999999996,44,48,9.259833701979291,Stable or Increased
CUST01535,188938.92999999996,218515.71000000002,69,70,15.654148141941981,Stable or Increased
CUST01536,110542.18999999999,91466.26000000001,42,39,-17.25669628944386,Low Decline
CUST01537,76471.61,88326.85,34,41,15.502799012600892,Stable or Increased
CUST01538,133043.90999999997,205713.11000000002,53,71,54.62046327411758,Stable or Increased
CUST01539,159895.72,172085.46,56,54,7.623556152722531,Stable or Increased
CUST01540,155917.81000000003,203162.06999999998,65,62,30.30074627138487,Stable or Increased
CUST01541,73989.63,89658.55,30,45,21.17718388374154,Stable or Increased
CUST01542,100824.88,141608.17,38,52,40.449629099484184,Stable or Increased
CUST01543,134182.94999999998,163803.34,50,57,22.0746301970556,Stable or Increased
CUST01544,310185.82,289103.76999999996,86,94,-6.796587284357501,Low Decline
CUST01545,130486.51,141338.09,47,66,8.316246637296071,Stable or Increased
CUST01546,66046.53,109284.26999999999,33,40,65.46557404302692,Stable or Increased
CUST01547,241736.11999999997,370152.83999999997,81,99,53.1226860098524,Stable or Increased
CUST01548,315606.53,378087.98,93,105,19.79726148251747,Stable or Increased
CUST01549,74562.26999999999,116614.15,40,39,56.398336584977905,Stable or Increased
CUST01550,122127.06,101502.09999999998,40,42,-16.888116360125284,Low Decline
CUST01551,99219.60999999999,95844.79000000001,38,47,-3.401363903768598,Low Decline
CUST01552,145228.56,156218.36,58,72,7.567244349183101,Stable or Increased
CUST01553,57086.00999999999,113779.3,32,45,99.31205561572797,Stable or Increased
CUST01554,148904.5,279467.82,60,96,87.68258850471275,Stable or Increased
CUST01555,118387.91,105713.57,40,50,-10.705772236371091,Low Decline
CUST01556,126615.78,131728.36,49,64,4.037869529374607,Stable or Increased
CUST01557,92880.33000000002,110241.9,35,40,18.692407746613274,Stable or Increased
CUST01558,117343.89,155193.37,38,54,32.255177495820185,Stable or Increased
CUST01559,90928.61000000002,162912.38999999998,35,60,79.16516044840009,Stable or Increased
CUST01560,282017.56,272365.76,84,98,-3.42241100164117,Low Decline
CUST01561,74785.11,86559.69999999998,34,28,15.744564659997133,Stable or Increased
CUST01562,260555.31999999995,302290.76,74,90,16.017880579064773,Stable or Increased
CUST01563,134476.45,140395.13,49,55,4.401276208585215,Stable or Increased
CUST01564,186693.51,228953.43000000002,70,74,22.635987721265728,Stable or Increased
CUST01565,138857.41,154848.15,51,58,11.515942865418554,Stable or Increased
CUST01566,82546.45999999999,126616.31999999999,37,41,53.38794661818327,Stable or Increased
CUST01567,88320.12,138848.1,32,50,57.210044551569915,Stable or Increased
CUST01568,218183.74999999997,219467.72,65,74,0.5884810394908101,Stable or Increased
CUST01569,176732.11,283385.89,76,84,60.347709309870204,Stable or Increased
CUST01570,88541.65000000001,150623.2,48,67,70.11564613941573,Stable or Increased
CUST01571,103889.63000000002,109089.3,39,36,5.004994242447473,Stable or Increased
CUST01572,71173.82999999999,85296.06000000001,32,37,19.841885704338278,Stable or Increased
CUST01573,124065.69,298077.88,65,71,140.25810842626998,Stable or Increased
CUST01574,115802.96,148585.94999999998,54,54,28.309285013094634,Stable or Increased
CUST01575,86831.79000000002,174255.81,47,58,100.68204283246949,Stable or Increased
CUST01576,94492.3,93932.17999999998,35,40,-0.5927678763243401,Low Decline
CUST01577,171108.55,148228.25,58,63,-13.371804039014995,Low Decline
CUST01578,179392.46000000002,250291.08999999997,53,79,39.52152169606233,Stable or Increased
CUST01579,94271.46999999999,129183.05999999998,46,56,37.033038733775975,Stable or Increased
CUST01580,62115.51,112672.59,34,39,81.3920387999712,Stable or Increased
CUST01581,69061.1,81648.62000000001,36,43,18.22664278443292,Stable or Increased
CUST01582,82669.67,118835.86,37,44,43.74783400006314,Stable or Increased
CUST01583,179986.44,125331.29999999997,57,49,-30.36625425782077,Moderate Decline
CUST01584,68159.13,132988.37,31,52,95.11453564621495,Stable or Increased
CUST01585,75314.69,96372.86,38,46,27.960242550291316,Stable or Increased
CUST01586,172280.3,222646.01000000004,70,83,29.234747095286025,Stable or Increased
CUST01587,336914.45,327406.67000000004,97,112,-2.8220160934029304,Low Decline
CUST01588,158142.47,203157.6,69,72,28.46492153562544,Stable or Increased
CUST01589,92594.07999999999,191560.68,45,62,106.8822110441618,Stable or Increased
CUST01590,72241.48000000001,87141.76,36,40,20.625657170921723,Stable or Increased
CUST01591,69781.49999999999,90659.46,35,43,29.919047311966676,Stable or Increased
CUST01592,93409.36000000002,140618.80000000002,44,46,50.54037411240157,Stable or Increased
CUST01593,67452.73,80490.02,36,43,19.328039057870615,Stable or Increased
CUST01594,199374.63999999998,186750.83000000002,77,82,-6.331702968842962,Low Decline
CUST01595,180727.45,197158.33000000002,67,84,9.091524281452543,Stable or Increased
CUST01596,88116.01,123049.05,43,52,39.64437336642911,Stable or Increased
CUST01597,125918.43,99006.56,43,44,-21.372463109649633,Low Decline
CUST01598,99501.61,147644.87999999998,46,63,48.3844130763311,Stable or Increased
CUST01599,173657.52,115057.32,55,56,-33.744694730179255,Moderate Decline
CUST01600,100296.34999999999,142619.01,45,50,42.197607390498284,Stable or Increased
CUST01601,316460.33999999997,306962.42,93,108,-3.0012986777426787,Low Decline
CUST01602,71805.79000000001,91194.27,35,41,27.001276637998124,Stable or Increased
CUST01603,69696.81,101494.31999999999,38,41,45.62261888313109,Stable or Increased
CUST01604,95256.34,73531.13,39,35,-22.807101343595598,Low Decline
CUST01605,121867.02,114824.75,43,41,-5.778651188812202,Low Decline
CUST01606,85492.06000000001,123901.44000000002,43,57,44.92742366951972,Stable or Increased
CUST01607,134757.92,198325.72999999998,61,78,47.17185453738078,Stable or Increased
CUST01608,90552.02,129111.05,33,46,42.58218646033517,Stable or Increased
CUST01609,138912.69,169664.52,50,60,22.13752393679799,Stable or Increased
CUST01610,96541.61,93656.94,31,38,-2.9880069329691086,Low Decline
CUST01611,161755.09,244749.87999999998,68,78,51.308920170611,Stable or Increased
CUST01612,121545.19000000002,162304.30000000002,49,62,33.53412010792035,Stable or Increased
CUST01613,60408.350000000006,87147.93,26,36,44.26470843848571,Stable or Increased
CUST01614,71756.47000000002,111769.42999999998,27,35,55.76216332826845,Stable or Increased
CUST01615,183030.72999999998,276685.19999999995,64,88,51.168713581593636,Stable or Increased
CUST01616,202016.15,153844.59999999998,60,58,-23.845395529020834,Low Decline
CUST01617,116770.45999999999,105950.51999999999,45,50,-9.265990730874917,Low Decline
CUST01618,80805.05999999998,131464.74,26,51,62.69369764715232,Stable or Increased
CUST01619,60987.6,79463.74999999999,29,36,30.294928805199724,Stable or Increased
CUST01620,105173.08000000002,179034.79,37,58,70.22872202658701,Stable or Increased
CUST01621,80182.26999999999,135372.31,39,46,68.83072779057018,Stable or Increased
CUST01622,87763.33,149877.11,47,57,70.77418324942772,Stable or Increased
CUST01623,43450.9,131536.02,23,40,202.72334980403167,Stable or Increased
CUST01624,247279.0,250888.85,72,88,1.4598287764023656,Stable or Increased
CUST01625,155248.90000000002,133632.44,51,52,-13.923744387238825,Low Decline
CUST01626,148109.97,196830.31,71,70,32.894706548114215,Stable or Increased
CUST01627,107088.15999999999,161791.08,44,52,51.08213643786578,Stable or Increased
CUST01628,254084.18000000002,324685.13999999996,96,107,27.786444634215293,Stable or Increased
CUST01629,250926.38000000006,399116.7100000001,91,101,59.05729401587828,Stable or Increased
CUST01630,134954.25,133135.46,45,51,-1.3477085753134919,Low Decline
CUST01631,145051.55,139741.7,50,54,-3.6606640880431662,Low Decline
CUST01632,59994.12,117442.09,33,43,95.75600075474061,Stable or Increased
CUST01633,302406.69,398935.25,91,106,31.920113936632816,Stable or Increased
CUST01634,147945.06,274269.13,62,88,85.3857979441828,Stable or Increased
CUST01635,87406.44,128262.68000000002,35,46,46.742825814665395,Stable or Increased
CUST01636,87289.74000000002,136026.25999999998,40,41,55.83304521241551,Stable or Increased
CUST01637,183361.31,169389.38999999998,62,76,-7.619884478355884,Low Decline
CUST01638,84969.12,107872.74000000002,32,38,26.95522796987897,Stable or Increased
CUST01639,168452.99,262384.52,67,88,55.76127203203698,Stable or Increased
CUST01640,280388.43000000005,392272.60000000003,90,109,39.90327632277835,Stable or Increased
CUST01641,82988.42,80814.26,30,34,-2.6198353939019485,Low Decline
CUST01642,110374.29,142140.35,52,62,28.78030744297428,Stable or Increased
CUST01643,182512.62999999998,234972.65999999997,70,86,28.743232728606237,Stable or Increased
CUST01644,126001.41,166305.55,43,65,31.987054748038126,Stable or Increased
CUST01645,47225.619999999995,106270.49,26,38,125.02719921940678,Stable or Increased
CUST01646,187848.47999999998,205361.53999999998,64,85,9.32297136500652,Stable or Increased
CUST01647,56895.23999999999,96469.62999999999,36,39,69.55659208046228,Stable or Increased
CUST01648,103561.40000000001,185703.81999999998,46,62,79.31760289065228,Stable or Increased
CUST01649,262275.47,304500.01999999996,88,103,16.09931344322822,Stable or Increased
CUST01650,125519.56,225676.21000000005,65,89,79.79365925119563,Stable or Increased
CUST01651,143254.68,155813.12999999998,47,54,8.766519879141109,Stable or Increased
CUST01652,92218.11,117987.55,46,41,27.944012298668884,Stable or Increased
CUST01653,87356.81,86741.29999999999,35,44,-0.7045930363070828,Low Decline
CUST01654,76225.4,107949.76999999999,34,46,41.61915844324857,Stable or Increased
CUST01655,124546.36,169598.9,42,62,36.17330928017486,Stable or Increased
CUST01656,172361.18,263613.64999999997,62,84,52.942588348490055,Stable or Increased
CUST01657,108581.68999999999,94476.95,44,44,-12.989980170689913,Low Decline
CUST01658,114430.91999999998,160750.83000000002,54,55,40.47849130287517,Stable or Increased
CUST01659,78778.13,135227.36,47,49,71.65596593877004,Stable or Increased
CUST01660,133001.59999999998,177196.53999999998,54,60,33.22887844958257,Stable or Increased
CUST01661,295642.83999999997,302511.0,91,99,2.3231274601475325,Stable or Increased
CUST01662,279323.55,368720.31000000006,102,115,32.004734294691616,Stable or Increased
CUST01663,185309.4,186838.74999999994,65,80,0.8252954248408055,Stable or Increased
CUST01664,182538.34999999998,299689.39,64,89,64.1788643317966,Stable or Increased
CUST01665,177777.7,265354.06000000006,66,83,49.26172405200429,Stable or Increased
CUST01666,100424.88,163979.71000000002,50,63,63.28594069517436,Stable or Increased
CUST01667,234239.72999999998,269736.77,76,78,15.154149981303359,Stable or Increased
CUST01668,61625.45,72884.53,24,36,18.270178960153643,Stable or Increased
CUST01669,323676.93,318701.84,96,95,-1.537054247270563,Low Decline
CUST01670,171012.91999999998,134549.25,61,65,-21.322172617133248,Low Decline
CUST01671,168893.44999999998,89509.64,59,43,-47.00230233913748,Moderate Decline
CUST01672,58274.240000000005,106207.47,32,44,82.25457766587775,Stable or Increased
CUST01673,144684.5,158735.79,42,57,9.711676095227899,Stable or Increased
CUST01674,98506.53,171311.8,45,59,73.909079936122,Stable or Increased
CUST01675,114937.26000000001,121468.00000000001,49,51,5.682004251710893,Stable or Increased
CUST01676,124209.43,102809.24999999999,49,49,-17.229110543378237,Low Decline
CUST01677,115005.59,233638.33000000002,53,66,103.15389017177341,Stable or Increased
CUST01678,173622.29000000004,245266.65999999997,71,72,41.26450008233385,Stable or Increased
CUST01679,51097.81999999999,110604.21000000002,33,34,116.455829231071,Stable or Increased
CUST01680,79341.38,79277.70000000001,36,37,-0.08026076682809527,Low Decline
CUST01681,138708.59,119387.34,38,43,-13.929382455693624,Low Decline
CUST01682,94896.27999999998,109889.26,43,49,15.79933375681324,Stable or Increased
CUST01683,68054.55,154662.44999999998,31,48,127.26246812299836,Stable or Increased
CUST01684,349812.5799999999,300532.3300000001,93,100,-14.087615145230007,Low Decline
CUST01685,103841.63,114946.39,33,47,10.69393845223731,Stable or Increased
CUST01686,123545.38,172062.11000000002,54,66,39.27037174518384,Stable or Increased
CUST01687,65285.880000000005,115448.38,36,42,76.83514413836498,Stable or Increased
CUST01688,87373.11,98912.7,41,49,13.20725564192461,Stable or Increased
CUST01689,72699.67,82567.67000000001,33,34,13.573651709835842,Stable or Increased
CUST01690,129501.66,141913.01,49,54,9.583931202117412,Stable or Increased
CUST01691,56692.39000000001,92224.11,32,49,62.674584719395305,Stable or Increased
CUST01692,68650.82,89676.2,31,32,30.626553331773735,Stable or Increased
CUST01693,114264.66,103933.32,38,34,-9.04158818658367,Low Decline
CUST01694,136454.49,130861.33000000002,45,55,-4.0989197204137255,Low Decline
CUST01695,175930.3,142147.30000000002,53,58,-19.20249098648725,Low Decline
CUST01696,178074.11000000002,240131.59,72,85,34.84924338523999,Stable or Increased
CUST01697,37122.450000000004,114911.18999999999,25,41,209.5463526787698,Stable or Increased
CUST01698,75839.20000000001,98075.79999999999,35,38,29.320720682707588,Stable or Increased
CUST01699,105963.81999999998,144916.77,48,69,36.76061319797646,Stable or Increased
CUST01700,124725.69999999998,189154.17,43,62,51.65613021213755,Stable or Increased
CUST01701,66383.67,103919.98,32,37,56.5444935478861,Stable or Increased
CUST01702,71359.98999999999,106201.97999999998,32,49,48.82566547444863,Stable or Increased
CUST01703,118266.69,118518.84999999999,45,34,0.213213035724589,Stable or Increased
CUST01704,259695.15999999997,309724.19,99,96,19.264521525930647,Stable or Increased
CUST01705,285760.94,344226.17,99,113,20.45948966993179,Stable or Increased
CUST01706,312996.63,381774.66000000003,98,101,21.97404809118872,Stable or Increased
CUST01707,64472.020000000004,69906.72,33,40,8.429548197807355,Stable or Increased
CUST01708,82156.02999999998,170845.48,48,59,107.95245339873414,Stable or Increased
CUST01709,106540.87999999999,140339.33000000002,54,58,31.723456761385894,Stable or Increased
CUST01710,144933.36000000002,274220.88,58,92,89.20480419414824,Stable or Increased
CUST01711,84707.75,91755.90000000001,39,43,8.320549182335748,Stable or Increased
CUST01712,70732.44000000002,119212.37,35,42,68.53988071102873,Stable or Increased
CUST01713,79185.93999999999,50291.93,31,29,-36.488813544424666,Moderate Decline
CUST01714,90900.70000000001,95657.79000000001,42,46,5.233282031931543,Stable or Increased
CUST01715,311381.23,347153.15,93,108,11.48814268605723,Stable or Increased
CUST01716,73797.90999999999,137500.92,41,49,86.32088632320351,Stable or Increased
CUST01717,109142.55999999998,178604.45,45,63,63.64326620156247,Stable or Increased
CUST01718,89690.72,94215.00999999998,37,42,5.044323426102476,Stable or Increased
CUST01719,74472.65999999999,128318.1,25,42,72.30229187462892,Stable or Increased
CUST01720,113734.18,195120.13,44,67,71.55803998411034,Stable or Increased
CUST01721,76751.09000000001,116179.34000000001,38,42,51.37158312670217,Stable or Increased
CUST01722,197170.97999999998,185512.82,70,75,-5.912715958504632,Low Decline
CUST01723,76770.43,105579.23,35,43,37.525906784682604,Stable or Increased
CUST01724,114611.64,120738.85999999999,39,36,5.346071306544419,Stable or Increased
CUST01725,185162.41999999998,253817.03000000003,78,88,37.07804747853266,Stable or Increased
CUST01726,99818.56,146372.33000000002,43,47,46.638390696078986,Stable or Increased
CUST01727,364083.24000000005,295191.22000000003,113,99,-18.92205200107536,Low Decline
CUST01728,98213.73,159124.34999999998,44,59,62.0184367297729,Stable or Increased
CUST01729,74159.07,86624.09000000003,38,37,16.808490181983156,Stable or Increased
CUST01730,168029.13,174554.89999999997,73,77,3.8837134965823843,Stable or Increased
CUST01731,157194.23,113771.12000000002,52,52,-27.623857440568894,Moderate Decline
CUST01732,97810.16,121294.9,47,43,24.010532239186592,Stable or Increased
CUST01733,167147.71,241182.45999999996,60,81,44.29300886024701,Stable or Increased
CUST01734,213980.56,171372.93,71,67,-19.911916297443096,Low Decline
CUST01735,272995.72000000003,426292.80000000005,92,117,56.1536569144747,Stable or Increased
CUST01736,100361.47,116869.97,47,48,16.449041649150814,Stable or Increased
CUST01737,164899.63,263184.45,57,75,59.60281414821852,Stable or Increased
CUST01738,184797.40000000002,225692.99,64,75,22.129959620643994,Stable or Increased
CUST01739,113035.84999999999,123106.62,41,60,8.909359287341145,Stable or Increased
CUST01740,76025.66,112406.07,27,44,47.85280390857508,Stable or Increased
CUST01741,128098.35,158774.02,43,59,23.946967310664018,Stable or Increased
CUST01742,122156.84999999998,130567.56999999999,47,39,6.88518081466575,Stable or Increased
CUST01743,86167.49,88952.18,36,42,3.231717669854359,Stable or Increased
CUST01744,198564.79,222207.64,78,78,11.906869289363941,Stable or Increased
CUST01745,72217.97,62602.020000000004,30,35,-13.315176264300973,Low Decline
CUST01746,176182.25999999998,231968.23999999996,72,72,31.663789532498896,Stable or Increased
CUST01747,75051.47,120295.11000000002,41,44,60.28348278854501,Stable or Increased
CUST01748,99928.31,196066.36999999997,45,62,96.2070308203951,Stable or Increased
CUST01749,175514.92000000004,194764.53,72,79,10.967506352166502,Stable or Increased
CUST01750,160608.88,213914.95,67,82,33.189989245924636,Stable or Increased
CUST01751,94154.84999999999,135073.14,45,47,43.45850479290236,Stable or Increased
CUST01752,187410.69,283605.27,73,81,51.32822465997005,Stable or Increased
CUST01753,184546.48,232347.07999999996,71,83,25.901659029204968,Stable or Increased
CUST01754,78430.48,66532.97,36,33,-15.169497878885856,Low Decline
CUST01755,67146.05,74905.32,37,41,11.55581005881955,Stable or Increased
CUST01756,99364.49999999999,103560.43000000001,44,42,4.2227656758701775,Stable or Increased
CUST01757,59642.31000000001,119534.9,37,46,100.41963498731013,Stable or Increased
CUST01758,79360.73999999999,90509.11,30,38,14.047714272825594,Stable or Increased
CUST01759,145073.59,115499.11,56,50,-20.385846934648818,Low Decline
CUST01760,99504.09999999999,125795.86,30,38,26.422790618678036,Stable or Increased
CUST01761,158285.09,225539.68,63,85,42.489529493902424,Stable or Increased
CUST01762,134051.47,137096.41,50,62,2.2714708014764793,Stable or Increased
CUST01763,137869.96000000002,110630.65999999999,58,55,-19.757240808657688,Low Decline
CUST01764,135077.88,233834.98,68,76,73.11123035096493,Stable or Increased
CUST01765,99170.87000000001,144415.25999999995,42,51,45.62266117056343,Stable or Increased
CUST01766,61842.33,102919.93000000001,26,36,66.42311180707455,Stable or Increased
CUST01767,60476.93,73148.82999999999,35,42,20.95327920911327,Stable or Increased
CUST01768,147948.8,168248.06,57,59,13.720462754682709,Stable or Increased
CUST01769,175355.99999999997,244785.9,66,84,39.593683706288935,Stable or Increased
CUST01770,98657.79999999999,98697.73,44,52,0.04047323171610108,Stable or Increased
CUST01771,137941.16999999998,202338.99,65,80,46.684988970298,Stable or Increased
CUST01772,191048.05000000002,285199.5,72,90,49.281555085225925,Stable or Increased
CUST01773,115133.78,150747.53,51,59,30.932494355696477,Stable or Increased
CUST01774,92751.07,149211.72999999998,31,53,60.87332469587679,Stable or Increased
CUST01775,173329.06,275633.32,56,82,59.02314360904052,Stable or Increased
CUST01776,149386.25,142447.56,54,56,-4.644798299709647,Low Decline
CUST01777,81774.48999999999,93147.48999999999,29,44,13.907760231827801,Stable or Increased
CUST01778,178564.54,264270.95,62,82,47.99744114928977,Stable or Increased
CUST01779,79775.98999999999,105373.48000000001,38,45,32.08670929686993,Stable or Increased
CUST01780,104353.93000000001,124891.00999999998,33,43,19.680217122632534,Stable or Increased
CUST01781,84121.81000000001,99168.66,34,42,17.88697841855755,Stable or Increased
CUST01782,64321.81999999999,103370.20000000001,27,42,60.70782822998482,Stable or Increased
CUST01783,82308.48,94283.60999999999,39,41,14.549084128391135,Stable or Increased
CUST01784,107275.54000000001,147182.33,47,61,37.20026951157736,Stable or Increased
CUST01785,89129.62,135127.74,36,49,51.608118602996406,Stable or Increased
CUST01786,147967.58,225508.78000000003,61,77,52.40418205123044,Stable or Increased
CUST01787,125708.38,151598.64999999997,50,59,20.595500474988192,Stable or Increased
CUST01788,119918.70999999999,104455.43999999999,40,54,-12.89479348135083,Low Decline
CUST01789,101245.46,168420.34000000003,45,55,66.3485355293956,Stable or Increased
CUST01790,68439.68,121411.18999999999,33,39,77.39882769761635,Stable or Increased
CUST01791,141673.24,125270.46999999999,53,44,-11.577888668318735,Low Decline
CUST01792,152590.3,128005.59999999998,53,52,-16.111574588948322,Low Decline
CUST01793,146820.54,165908.0,50,49,13.00053793563216,Stable or Increased
CUST01794,108317.90999999999,82154.83,38,34,-24.153974167337598,Low Decline
CUST01795,121813.79999999999,152708.05,54,56,25.36186376256221,Stable or Increased
CUST01796,103052.53,137409.56000000003,37,45,33.339336744085784,Stable or Increased
CUST01797,188275.69000000003,281086.99000000005,67,91,49.29542417292429,Stable or Increased
CUST01798,41034.67,82656.09000000001,33,38,101.42988843336626,Stable or Increased
CUST01799,79496.99,82885.77,33,41,4.262777747937373,Stable or Increased
CUST01800,101195.88999999998,138534.69,38,52,36.89754593788347,Stable or Increased
CUST01801,108334.27,138268.27000000002,40,40,27.631145712247854,Stable or Increased
CUST01802,160510.46999999997,218111.47000000003,69,74,35.88613253702395,Stable or Increased
CUST01803,64661.96000000001,155036.97,30,51,139.76534271463467,Stable or Increased
CUST01804,152580.06,162863.96,53,50,6.740002592737213,Stable or Increased
CUST01805,127566.04999999999,346986.84,60,89,172.00563159241824,Stable or Increased
CUST01806,82144.62,127818.38,35,40,55.6016450012186,Stable or Increased
CUST01807,283886.45,381630.3,101,101,34.43061477573163,Stable or Increased
CUST01808,174103.81999999998,338060.49,69,88,94.17178210104754,Stable or Increased
CUST01809,87587.68999999999,99184.53,29,45,13.240262415871468,Stable or Increased
CUST01810,114719.31000000001,134625.43,39,44,17.352022078933338,Stable or Increased
CUST01811,49838.57,108585.49999999999,25,40,117.87442938270496,Stable or Increased
CUST01812,80114.90999999999,113826.09,39,41,42.078534445086454,Stable or Increased
CUST01813,96060.44,82490.99,40,35,-14.125950287131724,Low Decline
CUST01814,83342.48999999999,90760.23999999999,32,43,8.900322032615057,Stable or Increased
CUST01815,199395.39,310803.2700000001,72,87,55.87284640833474,Stable or Increased
CUST01816,177794.78000000003,204160.49999999997,69,78,14.82929926289171,Stable or Increased
CUST01817,104660.24,82256.82,44,38,-21.405855748085422,Low Decline
CUST01818,39576.82,108318.83,22,43,173.69260592437698,Stable or Increased
CUST01819,118321.44000000002,101383.59,44,45,-14.315114826188744,Low Decline
CUST01820,266536.3599999999,366804.73,92,111,37.61902128475082,Stable or Increased
CUST01821,111701.62000000001,134386.21000000002,35,37,20.308201438797404,Stable or Increased
CUST01822,146871.41,143472.47,53,56,-2.3142284805463516,Low Decline
CUST01823,101453.06999999999,113531.15999999999,40,37,11.905100555360223,Stable or Increased
CUST01824,146782.29,223037.35,53,76,51.95113116166807,Stable or Increased
CUST01825,121655.72000000003,104377.32,47,38,-14.202702511645173,Low Decline
CUST01826,95244.03,81639.61000000002,42,39,-14.283750908062148,Low Decline
CUST01827,88973.09999999999,87937.56,36,37,-1.1638798693088064,Low Decline
CUST01828,231976.15,301019.30000000005,85,93,29.763038139912254,Stable or Increased
CUST01829,156783.58000000002,133265.36000000002,51,54,-15.000435632353845,Low Decline
CUST01830,83038.49,100993.15999999999,32,46,21.622105604280595,Stable or Increased
CUST01831,90910.37999999999,72742.62,40,33,-19.9842526232978,Low Decline
CUST01832,118982.38,128078.04999999999,45,53,7.644552075693883,Stable or Increased
CUST01833,69384.87000000001,126344.52,36,53,82.0923207033464,Stable or Increased
CUST01834,142332.18000000002,144038.51,51,56,1.1988364121170538,Stable or Increased
CUST01835,84412.73,119383.70000000001,39,39,41.42854993553699,Stable or Increased
CUST01836,80694.18,82236.45,32,39,1.9112530792183577,Stable or Increased
CUST01837,201020.44,214192.51,57,85,6.552602312481262,Stable or Increased
CUST01838,123383.88999999998,120841.92000000001,40,50,-2.0602122367838884,Low Decline
CUST01839,73073.41999999998,102711.91000000002,34,40,40.55987799667791,Stable or Increased
CUST01840,283546.21,345109.56000000006,110,106,21.711928366103017,Stable or Increased
CUST01841,111125.92000000001,153867.65,47,56,38.46243072723265,Stable or Increased
CUST01842,140506.85,289774.18000000005,61,86,106.23491310210144,Stable or Increased
CUST01843,85935.09,60151.04000000001,34,36,-30.004099605876938,Moderate Decline
CUST01844,178519.52,225870.04,67,76,26.524001408921567,Stable or Increased
CUST01845,164174.50999999998,254147.83000000002,68,80,54.8034649227825,Stable or Increased
CUST01846,81290.87,119593.91,42,43,47.118501745645005,Stable or Increased
CUST01847,88264.48,174397.94,45,64,97.58564260504339,Stable or Increased
CUST01848,75992.73000000001,108714.70000000001,31,45,43.059342650277195,Stable or Increased
CUST01849,198668.77000000002,184348.29,73,78,-7.208218986809053,Low Decline
CUST01850,101379.96,141011.26,47,52,39.091848132510606,Stable or Increased
CUST01851,208510.64999999997,255073.68999999997,73,74,22.331252624266444,Stable or Increased
CUST01852,260852.71000000002,313245.03,94,107,20.085020393309314,Stable or Increased
CUST01853,67433.60999999999,99745.86,34,44,47.917129158590235,Stable or Increased
CUST01854,75429.94,132820.54,37,43,76.0846422521349,Stable or Increased
CUST01855,134562.35,167505.54000000004,50,56,24.481729101788154,Stable or Increased
CUST01856,309568.45000000007,411546.96,107,114,32.94215221221669,Stable or Increased
CUST01857,134905.73,91954.34,53,52,-31.838076855593915,Moderate Decline
CUST01858,73719.73000000001,128286.89,35,45,74.01975020798365,Stable or Increased
CUST01859,279457.01,312519.77999999997,85,100,11.831075556129353,Stable or Increased
CUST01860,107785.97999999998,180700.31999999998,43,61,67.64733224116904,Stable or Increased
CUST01861,64011.520000000004,90814.63999999998,27,37,41.87233797916372,Stable or Increased
CUST01862,106161.18000000001,113705.91999999998,48,48,7.106872775905445,Stable or Increased
CUST01863,103765.57,126320.56000000001,48,62,21.73648735317505,Stable or Increased
CUST01864,339156.32,383297.46,103,106,13.014983769136315,Stable or Increased
CUST01865,84927.50999999998,117288.25,32,42,38.10395477272326,Stable or Increased
CUST01866,89941.39,187854.89,35,61,108.86367222032038,Stable or Increased
CUST01867,71292.89,82709.28,35,49,16.013364025501,Stable or Increased
CUST01868,93593.45000000001,220545.36,42,60,135.64187451151759,Stable or Increased
CUST01869,337451.78,286070.51,102,102,-15.226255437147202,Low Decline
CUST01870,170074.56,228381.34000000003,69,91,34.283069731299044,Stable or Increased
CUST01871,269401.50999999995,309417.41000000003,85,99,14.853628697181426,Stable or Increased
CUST01872,116672.62000000001,142650.77,47,46,22.265849519793058,Stable or Increased
CUST01873,87749.8,147710.45,44,55,68.33138081226397,Stable or Increased
CUST01874,141158.6,152885.07,59,59,8.307301149203804,Stable or Increased
CUST01875,94113.98,153399.58,41,44,62.99340438051817,Stable or Increased
CUST01876,123955.05,108424.00999999998,51,51,-12.529574228722446,Low Decline
CUST01877,63153.170000000006,80935.63,33,48,28.157668094887395,Stable or Increased
CUST01878,97766.4,106019.85,39,46,8.442010752160265,Stable or Increased
CUST01879,79066.06999999999,85976.23000000001,32,32,8.739728685136392,Stable or Increased
CUST01880,112558.32000000002,185539.49999999997,48,63,64.83854769687389,Stable or Increased
CUST01881,115957.94,96848.81999999999,41,43,-16.479354496984,Low Decline
CUST01882,95013.27,90329.25,41,47,-4.929858744994256,Low Decline
CUST01883,358096.33999999997,397905.81000000006,106,114,11.116972041657865,Stable or Increased
CUST01884,110030.34000000001,158029.7,43,59,43.62374959488446,Stable or Increased
CUST01885,130341.61,146254.91999999998,46,69,12.208925453659797,Stable or Increased
CUST01886,119351.25,181721.01000000004,45,60,52.25731611524809,Stable or Increased
CUST01887,80828.23,126663.64,39,42,56.707180152280955,Stable or Increased
CUST01888,179254.16,205529.87,68,82,14.658354372361561,Stable or Increased
CUST01889,210965.53,189211.58000000002,77,86,-10.31161346595341,Low Decline
CUST01890,150244.08000000002,143639.86000000002,56,57,-4.395660714219156,Low Decline
CUST01891,58303.270000000004,133884.07,31,45,129.6338953201081,Stable or Increased
CUST01892,181138.46999999997,239200.12000000005,81,87,32.05373767372557,Stable or Increased
CUST01893,100774.59,118846.94,39,49,17.933439371968674,Stable or Increased
CUST01894,146466.72999999998,120884.66,42,57,-17.466130362847576,Low Decline
CUST01895,105121.16999999998,112393.01999999999,48,50,6.917588531406192,Stable or Increased
CUST01896,122791.98999999999,219079.72999999998,43,69,78.41532660232969,Stable or Increased
CUST01897,270770.06,315138.39999999997,99,96,16.385984477013434,Stable or Increased
CUST01898,67181.04,118222.35,36,45,75.97576637694209,Stable or Increased
CUST01899,87518.59,90368.76,33,34,3.2566452453130226,Stable or Increased
CUST01900,91296.56,144316.11,41,53,58.07398438670635,Stable or Increased
CUST01901,87738.40999999999,131109.96,36,51,49.43279687881283,Stable or Increased
CUST01902,358098.37,303157.94,114,91,-15.342273130145774,Low Decline
CUST01903,109716.95999999999,118801.12,43,39,8.279631517315103,Stable or Increased
CUST01904,116804.81,87065.95999999998,35,44,-25.46029568474108,Moderate Decline
CUST01905,194616.16999999998,102375.95000000003,64,40,-47.39596920440885,Moderate Decline
CUST01906,118845.84000000001,161810.22,50,54,36.15135372007972,Stable or Increased
CUST01907,115877.22999999998,138798.66999999998,40,45,19.78079731453712,Stable or Increased
CUST01908,117282.16999999998,117287.06,38,44,0.004169431721815831,Stable or Increased
CUST01909,96555.87,100339.91,33,42,3.9190160059662955,Stable or Increased
CUST01910,102543.20999999999,120525.98999999999,40,47,17.536782786495568,Stable or Increased
CUST01911,88403.83,98400.06,42,42,11.307462583917456,Stable or Increased
CUST01912,136246.5,138325.37,56,59,1.5258153420454803,Stable or Increased
CUST01913,127526.59,164038.78,46,63,28.63104078921894,Stable or Increased
CUST01914,63314.619999999995,140863.80000000002,42,61,122.48226396999623,Stable or Increased
CUST01915,106769.8,80547.07,44,38,-24.560062864218153,Low Decline
CUST01916,83496.49,169297.90999999997,51,63,102.76051125023334,Stable or Increased
CUST01917,55568.759999999995,114125.04,21,44,105.37625817095794,Stable or Increased
CUST01918,124177.34,117350.47,50,48,-5.4976777566663895,Low Decline
CUST01919,75071.41,99870.12,33,42,33.03349437555521,Stable or Increased
CUST01920,133554.25,153883.66,63,62,15.221836819120323,Stable or Increased
CUST01921,101793.29000000001,144570.78,45,58,42.023879963011304,Stable or Increased
CUST01922,175784.57,182180.03,66,81,3.6382374175389747,Stable or Increased
CUST01923,37135.69,132089.94000000003,35,40,255.69539706950385,Stable or Increased
CUST01924,98188.23,152488.63,48,49,55.30235141218047,Stable or Increased
CUST01925,101147.48,155086.82000000004,33,49,53.32741853776292,Stable or Increased
CUST01926,89833.61,118795.2,30,42,32.23914746385011,Stable or Increased
CUST01927,140344.67,168781.07,51,60,20.261831104807893,Stable or Increased
CUST01928,159328.05,214203.91000000003,60,76,34.44205838206145,Stable or Increased
CUST01929,93026.26,114606.91,38,60,23.198449556071598,Stable or Increased
CUST01930,72644.40999999999,94213.7,30,40,29.691603249307157,Stable or Increased
CUST01931,100269.16999999998,136500.1,52,69,36.13366900314426,Stable or Increased
CUST01932,179210.46000000002,268010.88,69,85,49.55091349020586,Stable or Increased
CUST01933,114414.34,92959.99000000002,47,41,-18.751451959605742,Low Decline
CUST01934,113912.74999999999,105911.45999999999,47,37,-7.024051302422244,Low Decline
CUST01935,50967.43000000001,103544.54,31,45,103.15825224069562,Stable or Increased
CUST01936,172038.14,248814.87,62,76,44.6277377795412,Stable or Increased
CUST01937,68320.80000000002,133519.59999999998,35,45,95.43038137726717,Stable or Increased
CUST01938,88705.29,113670.63,40,44,28.144138867028122,Stable or Increased
CUST01939,93396.16,205556.65999999997,48,69,120.09112580217426,Stable or Increased
CUST01940,170304.43000000002,190332.41000000003,68,79,11.7601051246876,Stable or Increased
CUST01941,72979.09,71351.14000000001,34,30,-2.2307074533266755,Low Decline
CUST01942,131320.84000000003,243964.44,62,84,85.77739831697693,Stable or Increased
CUST01943,106213.43,111780.40999999999,48,49,5.24131458705363,Stable or Increased
CUST01944,94696.52999999998,78813.05,41,39,-16.773032760545696,Low Decline
CUST01945,257087.55000000002,362238.02,87,97,40.900646491827395,Stable or Increased
CUST01946,169221.81,236257.99999999997,68,79,39.614391312798254,Stable or Increased
CUST01947,74826.61000000002,121383.31999999998,36,46,62.21945642065029,Stable or Increased
CUST01948,110793.28,95241.37000000001,40,37,-14.036871189299557,Low Decline
CUST01949,163622.67,150636.40000000002,52,54,-7.936718059911863,Low Decline
CUST01950,111752.2,98316.36999999998,36,40,-12.02287740196615,Low Decline
CUST01951,148773.34,247885.65,64,82,66.61967123948418,Stable or Increased
CUST01952,80442.5,63826.36,31,33,-20.65592193181465,Low Decline
CUST01953,118152.18,96462.03,42,46,-18.35780770189767,Low Decline
CUST01954,128716.76999999999,181067.15000000002,54,61,40.67098638351478,Stable or Increased
CUST01955,187101.28999999998,206650.47999999998,70,81,10.448452813981135,Stable or Increased
CUST01956,234781.42,336168.12000000005,85,98,43.183442710245146,Stable or Increased
CUST01957,93608.42000000001,97367.24,34,38,4.015472112444577,Stable or Increased
CUST01958,103177.51,106632.62,43,43,3.3487045771893516,Stable or Increased
CUST01959,87329.22,126504.12,43,51,44.85886854365583,Stable or Increased
CUST01960,74566.45000000001,79193.43000000001,35,42,6.205176724921188,Stable or Increased
CUST01961,79779.92,76596.77,29,42,-3.9899137527337634,Low Decline
CUST01962,94710.41,77148.44,37,40,-18.542808546600103,Low Decline
CUST01963,252681.75,437485.27,92,110,73.13686880829344,Stable or Increased
CUST01964,190625.14,198575.72,71,79,4.170793002433984,Stable or Increased
CUST01965,85605.42,128164.21999999999,37,40,49.71507645193493,Stable or Increased
CUST01966,130870.19999999998,183680.07,47,58,40.352861079145626,Stable or Increased
CUST01967,164178.62000000002,208840.15,65,84,27.20301218270684,Stable or Increased
CUST01968,256041.25,388932.95999999996,96,108,51.902461029228675,Stable or Increased
CUST01969,93008.20000000001,187944.78999999998,48,63,102.07335482247797,Stable or Increased
CUST01970,254735.92999999996,394189.94,92,104,54.74453878571431,Stable or Increased
CUST01971,192216.90999999997,192610.09999999998,70,70,0.20455536404159363,Stable or Increased
CUST01972,109892.44,140902.31999999998,55,55,28.218392457206317,Stable or Increased
CUST01973,80280.19999999998,132406.03,37,40,64.92987062812503,Stable or Increased
CUST01974,265711.27,379228.94999999995,79,102,42.722192400796516,Stable or Increased
CUST01975,114181.44,122465.28000000001,41,41,7.254979443244026,Stable or Increased
CUST01976,167107.86,176439.4,57,61,5.584141882973074,Stable or Increased
CUST01977,90757.49999999999,77796.86,40,33,-14.280516761700122,Low Decline
CUST01978,76561.89,81851.95,28,31,6.909521173001343,Stable or Increased
CUST01979,74421.93999999999,104341.01999999999,38,45,40.20196194831794,Stable or Increased
CUST01980,101857.66,110905.12,40,40,8.882454201284412,Stable or Increased
CUST01981,156593.31999999998,207458.74,71,66,32.48249669909292,Stable or Increased
CUST01982,94500.81,96015.53,37,34,1.6028645680391536,Stable or Increased
CUST01983,190678.72,177286.22000000003,61,75,-7.023594452490541,Low Decline
CUST01984,273663.7,314530.67000000004,97,107,14.933281249942914,Stable or Increased
CUST01985,125623.93,128545.89000000001,62,56,2.325958119603503,Stable or Increased
CUST01986,197225.02000000002,205167.03999999998,70,85,4.02688259329367,Stable or Increased
CUST01987,133467.83,143923.4,44,54,7.833775374934925,Stable or Increased
CUST01988,162012.72999999998,181692.17,50,59,12.146847966823369,Stable or Increased
CUST01989,101552.91,102021.02000000002,37,40,0.4609518328918542,Stable or Increased
CUST01990,95532.31999999999,144440.52,40,62,51.19544882820809,Stable or Increased
CUST01991,115878.07999999999,80090.34,39,37,-30.883960107036632,Moderate Decline
CUST01992,135544.77000000002,123871.23999999999,40,45,-8.612305734850578,Low Decline
CUST01993,72491.93,110742.75,35,45,52.7656250840611,Stable or Increased
CUST01994,161281.21999999997,126276.29,60,59,-21.704281502830884,Low Decline
CUST01995,59942.66,111817.52000000002,25,47,86.54080416184402,Stable or Increased
CUST01996,163643.44999999998,219359.66999999998,63,77,34.04732667271437,Stable or Increased
CUST01997,101249.1,115518.19,52,48,14.09305366664987,Stable or Increased
CUST01998,198016.5,223693.93999999997,62,71,12.967323430118183,Stable or Increased
CUST01999,108250.69999999998,135881.9,41,52,25.525192908683284,Stable or Increased
CUST02000,151684.19,295527.35000000003,67,84,94.83068736431927,Stable or Increased
CUST02001,171679.96000000002,241116.78999999998,68,79,40.445506860556094,Stable or Increased
CUST02002,88465.1,132009.69,41,54,49.22233739632917,Stable or Increased
CUST02003,71358.0,107959.19,34,38,51.292342834720706,Stable or Increased
CUST02004,170405.35999999996,238019.63999999996,78,81,39.67849368118468,Stable or Increased
CUST02005,310191.87,354101.14999999997,94,103,14.155522515789976,Stable or Increased
CUST02006,87140.98999999999,122235.60999999999,39,50,40.273377660731185,Stable or Increased
CUST02007,243037.82,265094.09,70,83,9.075241869763323,Stable or Increased
CUST02008,100906.33000000002,117182.33000000002,41,43,16.1298106868023,Stable or Increased
CUST02009,227449.58999999997,335216.20999999996,88,106,47.38044152992319,Stable or Increased
CUST02010,194896.55,210508.35000000003,68,89,8.01030084934805,Stable or Increased
CUST02011,363356.64,284052.91000000003,109,100,-21.82531465504524,Low Decline
CUST02012,114274.79000000001,84275.32,38,40,-26.252045617410452,Moderate Decline
CUST02013,116680.43000000001,75481.09000000001,40,38,-35.3095544814156,Moderate Decline
CUST02014,108606.79000000001,120817.26999999999,48,55,11.242832975728295,Stable or Increased
CUST02015,87358.49999999999,119606.82,39,45,36.91491955562427,Stable or Increased
CUST02016,90328.94,100211.43999999999,44,48,10.940568991510347,Stable or Increased
CUST02017,90272.26,77202.23999999999,41,40,-14.478445537975903,Low Decline
CUST02018,100069.32999999999,121516.92000000001,38,50,21.432730687814168,Stable or Increased
CUST02019,66764.31999999999,97238.87,30,39,45.6449642563573,Stable or Increased
CUST02020,77342.62,95085.40999999999,33,45,22.940508092433376,Stable or Increased
CUST02021,111945.39000000001,109998.8,50,44,-1.73887464235911,Low Decline
CUST02022,54601.009999999995,45374.4,30,28,-16.89824052705251,Low Decline
CUST02023,99533.35,145137.38,50,60,45.817838945438886,Stable or Increased
CUST02024,110669.08000000002,120880.74999999999,47,51,9.227211430690458,Stable or Increased
CUST02025,53135.7,48500.46000000001,31,30,-8.723400651539343,Low Decline
CUST02026,51462.75000000001,96982.39000000001,26,48,88.45162763357963,Stable or Increased
CUST02027,285748.38,423150.6,91,110,48.08503901229465,Stable or Increased
CUST02028,103497.84999999999,83064.22999999998,41,38,-19.743038140405826,Low Decline
CUST02029,324071.31000000006,340701.88999999996,100,99,5.131765598133293,Stable or Increased
CUST02030,68877.2,136550.08,37,42,98.25149686688772,Stable or Increased
CUST02031,83851.74,101991.24000000002,43,50,21.632824792902344,Stable or Increased
CUST02032,210693.86000000002,212477.06,76,81,0.8463464478746473,Stable or Increased
CUST02033,117971.31000000001,144718.95,54,47,22.67300413973533,Stable or Increased
CUST02034,175026.95,212150.81,76,82,21.210367889059363,Stable or Increased
CUST02035,145701.45,183889.47999999998,46,60,26.209780341925196,Stable or Increased
CUST02036,297883.63,369709.31000000006,95,113,24.1119929953855,Stable or Increased
CUST02037,87574.46,94316.05,47,44,7.698123402645013,Stable or Increased
CUST02038,79707.23999999999,160163.74,34,48,100.94001498483702,Stable or Increased
CUST02039,120973.6,105669.77,42,42,-12.650553509195396,Low Decline
CUST02040,109861.79,116270.76999999999,45,49,5.833675202270048,Stable or Increased
CUST02041,64418.21000000001,78273.95,34,41,21.509042241316532,Stable or Increased
CUST02042,192089.45,236429.43,74,79,23.082985556989193,Stable or Increased
CUST02043,93508.49,117803.45000000001,33,43,25.981555257709758,Stable or Increased
CUST02044,76386.91,106614.77999999998,34,51,39.57205495025258,Stable or Increased
CUST02045,67062.92,55097.94000000001,31,33,-17.841424143177765,Low Decline
CUST02046,270170.54000000004,344270.9600000001,97,110,27.427276119742746,Stable or Increased
CUST02047,220004.19,163266.37,68,60,-25.789427010458304,Moderate Decline
CUST02048,52194.81999999999,132933.62000000002,30,44,154.68738085503512,Stable or Increased
CUST02049,110615.56,142200.5,42,56,28.55379478257851,Stable or Increased
CUST02050,119158.29999999999,106329.07999999999,50,59,-10.766534937138244,Low Decline
CUST02051,283578.01,375753.87,83,109,32.50458665677215,Stable or Increased
CUST02052,76542.07,111200.88999999998,38,46,45.28074560826481,Stable or Increased
CUST02053,96697.58000000002,115945.35,41,46,19.905120686577664,Stable or Increased
CUST02054,85442.36,95068.81999999999,45,39,11.266612954042927,Stable or Increased
CUST02055,225922.45,355438.13999999996,82,115,57.32749888291311,Stable or Increased
CUST02056,265164.26,341870.70999999996,94,107,28.927899257614865,Stable or Increased
CUST02057,98875.52,89679.99,37,42,-9.300107852782972,Low Decline
CUST02058,127783.48999999999,159647.5,53,58,24.935936559566507,Stable or Increased
CUST02059,172130.12,143988.43000000002,48,60,-16.34907940574257,Low Decline
CUST02060,67657.20999999999,71262.27,29,35,5.328419543164745,Stable or Increased
CUST02061,81009.96999999999,104493.81999999998,33,43,28.988839274968246,Stable or Increased
CUST02062,65124.880000000005,100507.48999999999,35,50,54.3304033727202,Stable or Increased
CUST02063,180942.77000000002,191458.85999999996,61,83,5.811832105808891,Stable or Increased
CUST02064,320649.04000000004,348118.27999999997,94,105,8.566761965044378,Stable or Increased
CUST02065,98596.26000000001,71274.19,35,35,-27.71106125120771,Moderate Decline
CUST02066,80008.72,93615.33,44,40,17.006408801440642,Stable or Increased
CUST02067,110292.15000000001,106602.46,50,48,-3.345378614887825,Low Decline
CUST02068,79469.78000000001,153111.64,44,61,92.66649536465306,Stable or Increased
CUST02069,50902.49999999999,84522.75,24,39,66.04832768528071,Stable or Increased
CUST02070,90564.19999999998,135533.91000000003,37,48,49.65506237564077,Stable or Increased
CUST02071,85813.72,108459.29000000001,35,44,26.38921841402518,Stable or Increased
CUST02072,81098.62999999999,83632.94000000002,32,37,3.124972641338118,Stable or Increased
CUST02073,211888.28999999998,219866.74,74,64,3.7654039305334015,Stable or Increased
CUST02074,152308.34,140390.61,52,59,-7.824738947322261,Low Decline
CUST02075,283284.12999999995,333151.34,94,97,17.603248724169646,Stable or Increased
CUST02076,176111.99999999997,237693.59000000003,72,76,34.9672878622695,Stable or Increased
CUST02077,150197.5,112717.31999999998,61,54,-24.953930657967025,Low Decline
CUST02078,192131.51,260771.38,64,84,35.725462210753456,Stable or Increased
CUST02079,91254.05,87969.37000000001,37,37,-3.59948955690185,Low Decline
CUST02080,99515.93000000001,229102.62999999998,43,58,130.21704163343492,Stable or Increased
CUST02081,262339.2,366143.2200000001,89,114,39.56862718190803,Stable or Increased
CUST02082,121373.0,143479.5,46,57,18.213688382094865,Stable or Increased
CUST02083,88445.19999999998,173123.61,45,53,95.74110296545207,Stable or Increased
CUST02084,92165.32,131278.38,44,62,42.4379365253655,Stable or Increased
CUST02085,81520.37,166945.39,35,50,104.78978444283315,Stable or Increased
CUST02086,65823.29999999999,93636.0,29,38,42.25357889987286,Stable or Increased
CUST02087,70672.65,92686.89000000001,36,40,31.149588985272267,Stable or Increased
CUST02088,77207.31000000001,98312.65,34,40,27.335934900464707,Stable or Increased
CUST02089,201681.37,253152.01999999996,71,90,25.520775667083164,Stable or Increased
CUST02090,113706.35,142772.22,43,52,25.562222338506157,Stable or Increased
CUST02091,200973.52,228457.13999999998,66,88,13.675244380453702,Stable or Increased
CUST02092,105262.28,164871.77000000002,45,76,56.629487789928184,Stable or Increased
CUST02093,168312.81999999998,167412.81,70,78,-0.5347245682176678,Low Decline
CUST02094,49077.93,68509.6,29,36,39.59349956283813,Stable or Increased
CUST02095,58471.17999999999,102835.36,30,53,75.87358421704508,Stable or Increased
CUST02096,59178.12,63630.68000000001,29,32,7.523997044853747,Stable or Increased
CUST02097,70093.13,130317.63000000002,28,51,85.9206886609287,Stable or Increased
CUST02098,163253.44999999998,225792.72999999998,68,77,38.30809088567501,Stable or Increased
CUST02099,103919.55,147055.11,45,58,41.508609304024105,Stable or Increased
CUST02100,312430.36,344285.27,105,101,10.19584332329292,Stable or Increased
CUST02101,70247.44,138328.61,34,45,96.91622926045416,Stable or Increased
CUST02102,325064.92000000004,361752.5,100,107,11.286231685658345,Stable or Increased
CUST02103,241974.29000000004,229140.81,87,84,-5.3036543675776615,Low Decline
CUST02104,163107.58,229677.7,58,76,40.8136274230787,Stable or Increased
CUST02105,120694.36,107120.64,50,51,-11.246358156255189,Low Decline
CUST02106,90175.46,83043.5,42,40,-7.908981002148486,Low Decline
CUST02107,171669.66,263326.7,64,83,53.391519503213324,Stable or Increased
CUST02108,310896.89,290531.94,100,89,-6.550387171772613,Low Decline
CUST02109,70729.37,98433.26,30,45,39.168862949012556,Stable or Increased
CUST02110,121601.27000000002,164924.69,56,54,35.6274404041997,Stable or Increased
CUST02111,67848.79,97652.52,33,35,43.92669346056136,Stable or Increased
CUST02112,116336.11000000002,183005.93,52,67,57.30793302268743,Stable or Increased
CUST02113,106702.16,145313.81,51,59,36.1863808567699,Stable or Increased
CUST02114,127696.84,90205.46999999999,44,36,-29.359669354386536,Moderate Decline
CUST02115,65293.06,103618.99,31,50,58.698321077309,Stable or Increased
CUST02116,36678.310000000005,97761.20999999999,27,52,166.53684425481975,Stable or Increased
CUST02117,85853.16,113009.05999999998,36,49,31.630635377894045,Stable or Increased
CUST02118,64321.539999999986,126504.19,34,43,96.67469093557156,Stable or Increased
CUST02119,81189.66999999998,106157.37,40,45,30.752311223829356,Stable or Increased
CUST02120,159707.71,199309.93999999997,55,61,24.796692658106476,Stable or Increased
CUST02121,145214.61,220839.85000000003,56,63,52.078258516825585,Stable or Increased
CUST02122,55543.88,76586.95999999999,24,31,37.88550601794473,Stable or Increased
CUST02123,70116.05,112129.87999999999,32,55,59.92041765045234,Stable or Increased
CUST02124,105429.64,70378.87999999999,44,35,-33.24564135854017,Moderate Decline
CUST02125,126220.16000000002,69411.4,51,39,-45.00767547751486,Moderate Decline
CUST02126,93754.84000000001,117694.98,35,45,25.534831055122044,Stable or Increased
CUST02127,80295.13,106799.79999999999,37,40,33.009062940678945,Stable or Increased
CUST02128,132110.53,86582.69,46,44,-34.46193123288507,Moderate Decline
CUST02129,150771.88999999998,119690.93,59,58,-20.614558854438975,Low Decline
CUST02130,95784.12,100287.66,42,43,4.701760584113534,Stable or Increased
CUST02131,145699.67,140317.12,45,67,-3.694277413257022,Low Decline
CUST02132,130370.56,216596.85,68,91,66.13938760407258,Stable or Increased
CUST02133,52277.43000000001,120006.15999999999,31,48,129.55634965223035,Stable or Increased
CUST02134,68573.68000000001,127227.26999999999,39,50,85.53367706093647,Stable or Increased
CUST02135,148383.64,174062.71000000002,47,79,17.305863368764918,Stable or Increased
CUST02136,117162.62000000001,92938.31999999998,42,43,-20.67579233035249,Low Decline
CUST02137,160156.24999999997,199408.30000000002,61,72,24.508597073170765,Stable or Increased
CUST02138,91813.61000000002,168534.65,44,60,83.56172902906222,Stable or Increased
CUST02139,267538.97,365348.22000000003,97,108,36.558879627891244,Stable or Increased
CUST02140,334839.72,406458.21,101,116,21.388887196536913,Stable or Increased
CUST02141,85205.15,140955.71999999997,26,43,65.43098627254336,Stable or Increased
CUST02142,203957.71000000002,265982.33999999997,70,83,30.41053461523957,Stable or Increased
CUST02143,110881.70999999999,101231.44999999998,39,41,-8.70320271936644,Low Decline
CUST02144,123485.88999999998,106108.15999999999,48,45,-14.072644251096216,Low Decline
CUST02145,110490.52999999997,119928.03,41,59,8.541455996274099,Stable or Increased
CUST02146,72857.73999999999,83203.50000000001,32,38,14.199946361223976,Stable or Increased
CUST02147,107969.79000000001,72083.88999999998,43,39,-33.236982307736284,Moderate Decline
CUST02148,197135.55000000002,207376.10000000003,69,74,5.194674425794848,Stable or Increased
CUST02149,87551.29000000001,102003.64000000001,42,40,16.507295323689696,Stable or Increased
CUST02150,119075.67999999998,175012.44999999998,45,54,46.97581403692174,Stable or Increased
CUST02151,325162.9,328397.62,102,109,0.994799837250797,Stable or Increased
CUST02152,107212.83000000002,86746.73,36,41,-19.08922654126378,Low Decline
CUST02153,51438.94,109798.36000000002,30,40,113.45377645806855,Stable or Increased
CUST02154,95307.85999999999,122914.87999999998,46,47,28.966152424364573,Stable or Increased
CUST02155,100546.16,142566.91,38,40,41.79249610328231,Stable or Increased
CUST02156,100207.50000000001,107619.97,35,40,7.3971209739789785,Stable or Increased
CUST02157,138790.26,126514.04999999999,50,48,-8.845152390376688,Low Decline
CUST02158,118086.01999999999,110952.65999999999,54,51,-6.040816686005677,Low Decline
CUST02159,170426.13,225044.25,70,84,32.047972925278536,Stable or Increased
CUST02160,100365.83,101304.31999999999,47,51,0.9350692362131521,Stable or Increased
CUST02161,183975.55,151217.08,52,55,-17.80588235773721,Low Decline
CUST02162,186952.20999999996,211454.19,68,85,13.106012493781186,Stable or Increased
CUST02163,112837.38,128726.71,49,47,14.081619052126168,Stable or Increased
CUST02164,121256.15999999997,174277.76,47,57,43.72693313065501,Stable or Increased
CUST02165,122753.06999999999,190547.83,51,72,55.2285657702899,Stable or Increased
CUST02166,234084.29,254326.37,78,81,8.64734664594535,Stable or Increased
CUST02167,58843.82,127540.31,30,61,116.74376340625064,Stable or Increased
CUST02168,69816.74000000002,130890.02,36,40,87.47655648201271,Stable or Increased
CUST02169,77892.44,107319.85,37,46,37.779545742821774,Stable or Increased
CUST02170,124558.44,111044.83,40,51,-10.84921262661928,Low Decline
CUST02171,121057.45000000001,177470.16999999998,51,69,46.599957293004245,Stable or Increased
CUST02172,103894.06999999999,149279.03,40,47,43.68387916653955,Stable or Increased
CUST02173,73588.29999999999,122400.12999999999,39,46,66.33096565622526,Stable or Increased
CUST02174,316750.22,265156.13,103,93,-16.288572743532733,Low Decline
CUST02175,55501.42,125722.17000000001,33,44,126.5206367692935,Stable or Increased
CUST02176,81397.29,100334.87999999998,37,43,23.265627148029107,Stable or Increased
CUST02177,66947.56,191420.38,42,57,185.92585002351095,Stable or Increased
CUST02178,46802.97,96134.45,29,50,105.40245629711106,Stable or Increased
CUST02179,285680.28,341021.55000000005,92,107,19.371750125699965,Stable or Increased
CUST02180,90606.26000000002,117761.11,41,48,29.970169831532576,Stable or Increased
CUST02181,90042.78,83891.13999999998,41,35,-6.831908121894964,Low Decline
CUST02182,93126.23,99936.62000000001,32,36,7.3130738783262395,Stable or Increased
CUST02183,60607.44,108354.71000000002,32,45,78.7812024398325,Stable or Increased
CUST02184,149575.78999999998,132359.04,55,49,-11.510385470803781,Low Decline
CUST02185,140311.46000000002,136463.63,55,57,-2.7423490568767623,Low Decline
CUST02186,81501.13999999998,98676.28000000001,38,44,21.073496640660526,Stable or Increased
CUST02187,169420.33,164646.53,56,52,-2.817725594088967,Low Decline
CUST02188,62770.719999999994,122806.21,32,52,95.64250656994219,Stable or Increased
CUST02189,102622.07999999999,74960.04,42,39,-26.95525173529907,Moderate Decline
CUST02190,45551.87,106023.16,32,44,132.7525961063728,Stable or Increased
CUST02191,118027.11000000002,82059.75,39,42,-30.47381233006553,Moderate Decline
CUST02192,224794.63,310589.26,85,103,38.165782696855345,Stable or Increased
CUST02193,116921.32,123977.43,46,62,6.034921603690401,Stable or Increased
CUST02194,303185.67000000004,315604.16000000003,109,91,4.096001634905762,Stable or Increased
CUST02195,143845.41000000003,124369.59999999998,49,49,-13.53940316899931,Low Decline
CUST02196,104847.46,52362.460000000014,31,30,-50.05843727640134,High Decline
CUST02197,83525.6,83993.17,35,35,0.5597924468665803,Stable or Increased
CUST02198,143876.74000000002,130338.46,52,50,-9.409637721844415,Low Decline
CUST02199,125727.54000000001,102876.44999999998,39,38,-18.175087176604286,Low Decline
CUST02200,163629.12999999998,173902.65,50,54,6.2785397685607816,Stable or Increased
CUST02201,239655.21999999997,203285.78,69,82,-15.175734540645506,Low Decline
CUST02202,60538.659999999996,107758.01,24,46,77.99867060156271,Stable or Increased
CUST02203,204472.53999999998,224556.62000000002,62,73,9.822384952033191,Stable or Increased
CUST02204,290511.75,357466.27,91,108,23.047095341238357,Stable or Increased
CUST02205,125030.96,122223.40999999999,39,45,-2.245483838562879,Low Decline
CUST02206,138418.09,173581.92,53,65,25.40407110082217,Stable or Increased
CUST02207,67615.89,99787.44999999997,34,37,47.57988100134446,Stable or Increased
CUST02208,71529.54000000001,113772.23999999999,24,44,59.05630037604041,Stable or Increased
CUST02209,81595.06000000001,110654.43000000001,30,43,35.614129090658174,Stable or Increased
CUST02210,78024.05,131095.74,39,44,68.01965547802247,Stable or Increased
CUST02211,184445.2,229651.75000000003,70,88,24.5094749009462,Stable or Increased
CUST02212,164966.17,235186.21,64,72,42.56632738700303,Stable or Increased
CUST02213,65738.76999999999,122565.25,39,42,86.44287077473463,Stable or Increased
CUST02214,66903.33,95851.10999999999,24,36,43.268070513082066,Stable or Increased
CUST02215,208951.31999999998,247811.15999999997,76,91,18.597556598350277,Stable or Increased
CUST02216,179286.19,253942.13000000006,70,88,41.64065285786934,Stable or Increased
CUST02217,110211.62,124044.73,45,38,12.551407918693148,Stable or Increased
CUST02218,190170.41,174415.44,72,80,-8.284659006624636,Low Decline
CUST02219,177134.51,209059.8,79,79,18.023190399205653,Stable or Increased
CUST02220,80128.45,70416.65000000001,37,35,-12.1202893603957,Low Decline
CUST02221,100471.17,154410.81000000003,49,60,53.68668444888223,Stable or Increased
CUST02222,60873.130000000005,119712.27,36,48,96.65864068432163,Stable or Increased
CUST02223,84518.35,98482.80999999998,35,48,16.522400165171202,Stable or Increased
CUST02224,76763.78,101123.14000000001,31,39,31.732882356757333,Stable or Increased
CUST02225,61460.04000000001,107470.04000000002,32,47,74.86164994360566,Stable or Increased
CUST02226,179267.97,266003.69,66,83,48.383277838199426,Stable or Increased
CUST02227,144496.87,149011.84,55,62,3.124614394761631,Stable or Increased
CUST02228,182945.24,184941.54,63,75,1.09120084239416,Stable or Increased
CUST02229,119741.01000000001,173630.52,53,62,45.00505716462553,Stable or Increased
CUST02230,93130.51999999999,194219.55,45,65,108.54554446812925,Stable or Increased
CUST02231,123201.06,121321.28999999998,47,59,-1.5257742100595715,Low Decline
CUST02232,126455.84,82870.41999999998,42,31,-34.4669095551459,Moderate Decline
CUST02233,108230.46999999999,108230.67,46,39,0.00018479084495488338,Stable or Increased
CUST02234,109126.68,105188.06,35,44,-3.6092182040175653,Low Decline
CUST02235,136989.25,189726.82,51,62,38.49759743921513,Stable or Increased
CUST02236,164593.75999999998,235593.14999999994,69,81,43.136137117227264,Stable or Increased
CUST02237,79448.5,201230.53,43,57,153.2842407345639,Stable or Increased
CUST02238,95237.48000000001,92642.14,43,44,-2.725124604304955,Low Decline
CUST02239,165616.02,222414.13,67,75,34.29505792978241,Stable or Increased
CUST02240,115750.24,90856.16,41,39,-21.50671998606655,Low Decline
CUST02241,92635.41,63989.869999999995,41,41,-30.922883592785965,Moderate Decline
CUST02242,80490.49,79485.39,38,39,-1.2487189480397072,Low Decline
CUST02243,97279.84,76798.91,33,36,-21.053622209904944,Low Decline
CUST02244,117374.19999999998,96839.15999999999,45,38,-17.495360990745834,Low Decline
CUST02245,108503.95999999999,143977.53000000003,51,63,32.693341330583735,Stable or Increased
CUST02246,58840.56,90407.56999999999,32,32,53.64838471965596,Stable or Increased
CUST02247,190252.91999999998,224794.80000000002,62,72,18.155768647335364,Stable or Increased
CUST02248,131271.11000000002,148053.33,44,52,12.784397115252526,Stable or Increased
CUST02249,88516.19,114198.29000000001,25,49,29.01401427241729,Stable or Increased
CUST02250,330473.14999999997,343536.98,102,101,3.9530685019342773,Stable or Increased
CUST02251,259490.51000000004,306915.88,92,102,18.276340818783684,Stable or Increased
CUST02252,285817.81,311052.00999999995,91,102,8.828771027249825,Stable or Increased
CUST02253,72957.45,111243.03,28,44,52.47658738072671,Stable or Increased
CUST02254,132137.53,136269.27,52,53,3.126848216399982,Stable or Increased
CUST02255,116070.07999999999,139896.31,50,47,20.52745203587351,Stable or Increased
CUST02256,76424.61,119556.23,31,46,56.436820547726704,Stable or Increased
CUST02257,105861.56000000003,130932.08,44,66,23.682364023352736,Stable or Increased
CUST02258,151363.97999999998,182420.14,57,64,20.51753660282984,Stable or Increased
CUST02259,83661.28,95406.19,41,38,14.038644878490988,Stable or Increased
CUST02260,133785.87,191543.0,55,74,43.17132295062252,Stable or Increased
CUST02261,251322.49000000002,403005.26999999996,94,99,60.35384258686914,Stable or Increased
CUST02262,67492.90999999999,151932.36,49,53,125.10862252049884,Stable or Increased
CUST02263,316890.39,324992.37999999995,89,96,2.556716850895962,Stable or Increased
CUST02264,75964.78000000001,92173.03,31,43,21.33653253520906,Stable or Increased
CUST02265,67997.40999999999,136432.09,40,45,100.64306861099566,Stable or Increased
CUST02266,74413.4,203436.80000000002,41,67,173.38732002569432,Stable or Increased
CUST02267,91492.84,111367.82,32,42,21.722989471088678,Stable or Increased
CUST02268,97187.26999999999,72312.72,32,38,-25.59445285375337,Moderate Decline
CUST02269,91249.6,84396.20999999999,34,44,-7.510597306727934,Low Decline
CUST02270,102498.98000000001,177662.83000000002,46,56,73.33131510186736,Stable or Increased
CUST02271,78746.97,110407.12000000002,37,44,40.20491201121773,Stable or Increased
CUST02272,85940.85,104478.15000000001,29,47,21.569835532229437,Stable or Increased
CUST02273,244864.5,224101.97999999998,79,80,-8.479187468987957,Low Decline
CUST02274,149098.47,259743.92999999996,67,85,74.20965486768574,Stable or Increased
CUST02275,142019.87,150911.51,61,68,6.2608422328509485,Stable or Increased
CUST02276,187422.06,145123.19,66,57,-22.568778723273024,Low Decline
CUST02277,81771.38,155753.93,43,55,90.47487030303266,Stable or Increased
CUST02278,122897.22999999998,168528.35,65,54,37.12949429372821,Stable or Increased
CUST02279,206285.94999999998,221599.59999999998,77,69,7.423506060398198,Stable or Increased
CUST02280,69803.73,192016.83999999997,40,53,175.08105942189619,Stable or Increased
CUST02281,66098.28,114520.04,29,46,73.25721637537315,Stable or Increased
CUST02282,38610.329999999994,122099.24999999999,31,43,216.23467087693888,Stable or Increased
CUST02283,132038.05,164126.69999999998,45,58,24.302577931134245,Stable or Increased
CUST02284,133061.1,173815.52,45,63,30.628350434499623,Stable or Increased
CUST02285,297642.87,345314.23,99,107,16.01629496449889,Stable or Increased
CUST02286,80379.42,128259.39,38,46,59.56744898134373,Stable or Increased
CUST02287,228990.09,200330.41,74,67,-12.51568572246947,Low Decline
CUST02288,169443.93,318741.11000000004,63,86,88.11007865551753,Stable or Increased
CUST02289,214711.15,248507.68,70,80,15.74046340863062,Stable or Increased
CUST02290,171430.24,158609.44,54,65,-7.4787272070551785,Low Decline
CUST02291,221705.44999999998,248759.21,83,76,12.202568768607183,Stable or Increased
CUST02292,218178.11999999997,223139.97999999998,63,78,2.274224381436606,Stable or Increased
CUST02293,158570.47,227320.09,61,74,43.35587830445353,Stable or Increased
CUST02294,113153.54999999999,116168.00999999998,49,46,2.6640436822353273,Stable or Increased
CUST02295,77125.47,137816.2,38,52,78.69090457406614,Stable or Increased
CUST02296,157439.57,130591.08000000002,61,47,-17.053203333825156,Low Decline
CUST02297,119283.03,144243.84000000003,52,58,20.92570083104028,Stable or Increased
CUST02298,327243.0999999999,301075.51999999996,102,100,-7.996373338353036,Low Decline
CUST02299,131647.09,140022.2,48,61,6.361788931301113,Stable or Increased
CUST02300,195979.31,291598.43,71,93,48.79041568214522,Stable or Increased
CUST02301,112925.87000000001,133886.48,56,61,18.561388989077525,Stable or Increased
CUST02302,116400.4,168070.56,49,63,44.39001927828427,Stable or Increased
CUST02303,254262.86000000002,330437.5,94,101,29.95901170937823,Stable or Increased
CUST02304,117311.79000000002,90513.2,41,42,-22.843901708430177,Low Decline
CUST02305,182667.65000000002,238477.01,70,75,30.55240487300295,Stable or Increased
CUST02306,141046.95,206778.91999999998,57,75,46.60290066534581,Stable or Increased
CUST02307,279811.66,296218.70999999996,95,94,5.863604826189155,Stable or Increased
CUST02308,68145.15,117910.78,31,55,73.02886559058129,Stable or Increased
CUST02309,119938.65000000001,238784.22,61,81,99.08863406416529,Stable or Increased
CUST02310,83332.31,130160.66999999998,36,39,56.194722071187016,Stable or Increased
CUST02311,96764.31,101490.49,38,38,4.884218158533872,Stable or Increased
CUST02312,95825.23,73393.2,32,37,-23.40931506243189,Low Decline
CUST02313,109378.08,131024.20999999999,40,40,19.790190136817166,Stable or Increased
CUST02314,98171.19,98055.74,38,45,-0.11760069323800301,Low Decline
CUST02315,234283.93999999997,320485.16000000003,76,110,36.793482301859896,Stable or Increased
CUST02316,115806.63999999998,109109.20999999999,46,57,-5.783286692369275,Low Decline
CUST02317,108047.27999999998,113785.59000000001,43,54,5.310924995057745,Stable or Increased
CUST02318,194883.79,250377.13999999998,64,84,28.47509790321708,Stable or Increased
CUST02319,144574.36,252852.61,67,81,74.89450411539087,Stable or Increased
CUST02320,322592.3,302934.01,104,103,-6.0938497292092775,Low Decline
CUST02321,171240.15000000002,246135.43,62,87,43.736985747793355,Stable or Increased
CUST02322,159319.09,165533.72,67,73,3.900744097898127,Stable or Increased
CUST02323,56547.59999999999,90090.19,32,48,59.317442296401644,Stable or Increased
CUST02324,175672.08,195246.08000000002,44,61,11.142351135137712,Stable or Increased
CUST02325,67459.47,114872.95000000003,27,38,70.28439446678135,Stable or Increased
CUST02326,69655.88,103051.48000000001,36,35,47.94369118586974,Stable or Increased
CUST02327,74814.84,94807.19,46,46,26.722439024129446,Stable or Increased
CUST02328,197863.78,173934.63999999998,49,66,-12.09374449431827,Low Decline
CUST02329,316606.27,362288.62,96,101,14.428757206861373,Stable or Increased
CUST02330,110762.55999999998,135449.15,53,51,22.287847084791117,Stable or Increased
CUST02331,190390.95,271182.26,71,78,42.43442768682019,Stable or Increased
CUST02332,89312.76,101680.22,39,45,13.847360668285257,Stable or Increased
CUST02333,63454.72000000001,101575.68999999999,29,43,60.07586196897564,Stable or Increased
CUST02334,195517.68000000002,263042.35,66,88,34.53634985848847,Stable or Increased
CUST02335,92855.86000000002,135255.93,36,43,45.66224468762658,Stable or Increased
CUST02336,167848.28999999998,121007.03000000001,51,58,-27.9069033113176,Moderate Decline
CUST02337,91128.26999999999,58680.11,44,35,-35.607128281926116,Moderate Decline
CUST02338,74602.1,83428.50000000001,33,32,11.831302335993234,Stable or Increased
CUST02339,142273.95,192620.57000000004,41,63,35.38709651345171,Stable or Increased
CUST02340,114448.56999999999,131176.34,42,51,14.615971173777012,Stable or Increased
CUST02341,85782.7,81585.6,31,38,-4.89271146746371,Low Decline
CUST02342,124634.58,248133.38,76,79,99.08871197704521,Stable or Increased
CUST02343,91636.71999999997,111548.09000000001,38,45,21.72859307928093,Stable or Increased
CUST02344,156038.27,146245.24999999997,59,71,-6.2760372823923385,Low Decline
CUST02345,159154.02000000002,131570.48,56,55,-17.331349845891424,Low Decline
CUST02346,129350.83000000002,108330.73000000001,47,54,-16.250456220497387,Low Decline
CUST02347,105690.26999999997,171622.05999999997,44,63,62.382081150894976,Stable or Increased
CUST02348,63064.16,96802.45,25,41,53.49835786284951,Stable or Increased
CUST02349,112112.25000000003,89177.54999999999,48,48,-20.456908143400955,Low Decline
CUST02350,108001.03000000001,87382.82999999999,40,45,-19.09074385679472,Low Decline
CUST02351,68824.28,84645.81999999999,35,43,22.98831168302813,Stable or Increased
CUST02352,110719.64,121560.87000000004,42,42,9.791605175016862,Stable or Increased
CUST02353,142520.89,113035.71000000002,60,50,-20.688321550616184,Low Decline
CUST02354,183864.30000000002,169798.96,71,77,-7.64984828484922,Low Decline
CUST02355,94624.56999999999,81778.5,36,36,-13.575829195313641,Low Decline
CUST02356,169324.44,178977.69999999995,68,76,5.7010435114977795,Stable or Increased
CUST02357,122343.46000000002,125566.61999999998,47,56,2.6345176113214057,Stable or Increased
CUST02358,128044.93000000001,123367.94,39,43,-3.6526163121023263,Low Decline
CUST02359,120627.5,103838.65,51,47,-13.917929162089909,Low Decline
CUST02360,124785.23,208982.76,63,71,67.47395505060977,Stable or Increased
CUST02361,257694.42,339843.49,89,105,31.878482273694548,Stable or Increased
CUST02362,111918.94999999998,168237.87000000002,58,60,50.32116545053366,Stable or Increased
CUST02363,117266.97,152227.55000000002,46,59,29.81281088783996,Stable or Increased
CUST02364,57774.57,95586.25000000001,28,46,65.44692587067289,Stable or Increased
CUST02365,63250.29,58870.42,30,31,-6.924663902726774,Low Decline
CUST02366,165214.59,169190.37,57,60,2.4064339596157938,Stable or Increased
CUST02367,96710.99,96870.45000000001,29,35,0.16488301898264757,Stable or Increased
CUST02368,85302.78,173662.18,44,58,103.58325953737967,Stable or Increased
CUST02369,58150.12,105798.28,39,43,81.93991689097116,Stable or Increased
CUST02370,77096.95999999999,163205.1,43,60,111.68811325375219,Stable or Increased
CUST02371,110037.61000000002,170625.09,50,60,55.0607015183263,Stable or Increased
CUST02372,205263.18,252509.43,66,90,23.017401367356776,Stable or Increased
CUST02373,95357.48,137599.59000000003,51,44,44.29868532599648,Stable or Increased
CUST02374,297191.6699999999,316409.75,99,111,6.466560788867359,Stable or Increased
CUST02375,145051.99,113044.93999999999,50,52,-22.06591581404709,Low Decline
CUST02376,144718.96999999997,142339.55000000002,54,56,-1.644165930700001,Low Decline
CUST02377,107327.12,110782.70000000001,48,48,3.2196708529959777,Stable or Increased
CUST02378,59942.79,116577.70999999999,40,34,94.48162155949029,Stable or Increased
CUST02379,113183.45999999999,169838.37,41,56,50.055820877008,Stable or Increased
CUST02380,135417.8,175439.93,46,63,29.554556343405377,Stable or Increased
CUST02381,202402.01,362728.39,81,113,79.21185170048459,Stable or Increased
CUST02382,207911.83,257876.1,70,92,24.031470455529163,Stable or Increased
CUST02383,87762.01000000001,99744.28,37,42,13.653139895041134,Stable or Increased
CUST02384,72631.31,148917.48,36,45,105.03207225644148,Stable or Increased
CUST02385,113392.54999999999,123943.87,49,51,9.305126306798822,Stable or Increased
CUST02386,133906.38,145410.11000000002,51,49,8.590875206991639,Stable or Increased
CUST02387,72234.95999999999,106852.38,29,39,47.923360101535344,Stable or Increased
CUST02388,123608.56,146543.31999999998,47,61,18.554346074414248,Stable or Increased
CUST02389,129517.40999999997,128800.65,47,51,-0.5534082251953466,Low Decline
CUST02390,181044.32,238215.24,60,73,31.578411297300008,Stable or Increased
CUST02391,77216.01000000001,105216.81,35,38,36.262945987496614,Stable or Increased
CUST02392,333686.61000000004,325837.64,98,105,-2.3521980699195657,Low Decline
CUST02393,197347.15,228306.28,75,83,15.687649910323005,Stable or Increased
CUST02394,90910.03,123648.82,52,53,36.012296992972075,Stable or Increased
CUST02395,174915.63999999998,292602.2,58,87,67.2818965759723,Stable or Increased
CUST02396,92874.12000000001,166454.55,46,60,79.2259781303984,Stable or Increased
CUST02397,124394.93,217782.84999999998,43,69,75.0737349182961,Stable or Increased
CUST02398,122449.69999999998,128323.87000000001,56,54,4.79721060974427,Stable or Increased
CUST02399,133514.33,75661.46,46,42,-43.330831978859486,Moderate Decline
CUST02400,73588.12,105142.72,28,49,42.88001922049375,Stable or Increased
CUST02401,114526.54,130372.04000000001,42,50,13.835657656295226,Stable or Increased
CUST02402,226932.13999999998,208721.12999999998,65,84,-8.024870342297046,Low Decline
CUST02403,90136.26999999999,103542.57000000002,39,48,14.873368955693456,Stable or Increased
CUST02404,113283.12,125463.34999999999,34,51,10.752025544494181,Stable or Increased
CUST02405,165337.80000000002,214737.93000000002,61,86,29.87830369098899,Stable or Increased
CUST02406,141012.95,116779.92,53,59,-17.184967763599026,Low Decline
CUST02407,190448.69,221464.07999999996,66,73,16.28543099981415,Stable or Increased
CUST02408,120491.6,214866.66999999998,59,77,78.32502016738094,Stable or Increased
CUST02409,78578.23,105985.14,36,33,34.87850260816514,Stable or Increased
CUST02410,60536.13999999998,131634.78,40,55,117.44825487716932,Stable or Increased
CUST02411,152957.45,113487.66,64,55,-25.8044246945801,Moderate Decline
CUST02412,276955.67,297654.04000000004,95,96,7.473531774958807,Stable or Increased
CUST02413,137535.19,129730.87000000001,52,51,-5.67441685287961,Low Decline
CUST02414,69199.48,89508.04,31,43,29.347850590784784,Stable or Increased
CUST02415,123298.04000000001,163053.28999999998,43,63,32.24321327411204,Stable or Increased
CUST02416,152480.69,157779.53000000003,58,49,3.4750892063775587,Stable or Increased
CUST02417,121451.50000000001,92123.45999999999,34,41,-24.14794382942987,Low Decline
CUST02418,65931.59,114552.10999999999,35,48,73.74389120602126,Stable or Increased
CUST02419,168154.77,240078.0,65,74,42.772042684248575,Stable or Increased
CUST02420,106806.37000000001,161502.46,47,66,51.210513005919005,Stable or Increased
CUST02421,160706.87,267311.47,56,79,66.33481194674502,Stable or Increased
CUST02422,48603.82,129862.98000000001,32,45,167.18677667722415,Stable or Increased
CUST02423,102192.31,99380.16,36,54,-2.7518215411707536,Low Decline
CUST02424,89040.85,90266.8,35,37,1.3768399560426445,Stable or Increased
CUST02425,77372.59,133261.39,42,63,72.23333224336942,Stable or Increased
CUST02426,232996.56999999998,289572.03,87,97,24.28167075592574,Stable or Increased
CUST02427,175945.20999999996,200858.64999999997,66,80,14.159771669828356,Stable or Increased
CUST02428,103969.29000000001,116160.24,38,43,11.725529721324438,Stable or Increased
CUST02429,74231.3,156380.68,32,46,110.66676725316677,Stable or Increased
CUST02430,127762.66,127678.19,48,46,-0.06611477876243431,Low Decline
CUST02431,102273.28000000001,124066.81999999999,46,48,21.30912394713456,Stable or Increased
CUST02432,140272.25999999998,129134.93,55,49,-7.939795081365331,Low Decline
CUST02433,106494.94,110103.56,43,48,3.3885365821136624,Stable or Increased
CUST02434,177331.59,244818.21,66,82,38.05673879087195,Stable or Increased
CUST02435,159636.21,126045.37,60,58,-21.042118201127423,Low Decline
CUST02436,87370.64,81330.54999999999,40,37,-6.913180445971338,Low Decline
CUST02437,201819.27000000002,220897.05999999997,72,77,9.452908039950767,Stable or Increased
CUST02438,152271.62000000002,260710.96,65,92,71.21441277107313,Stable or Increased
CUST02439,144336.43000000002,222041.65999999997,61,83,53.83618674786396,Stable or Increased
CUST02440,77482.39,106703.96,42,39,37.71382116633213,Stable or Increased
CUST02441,147211.73,181716.14,57,71,23.438628158231687,Stable or Increased
CUST02442,79991.01,102658.48000000001,30,46,28.337521929026792,Stable or Increased
CUST02443,300280.85,310821.86000000004,97,105,3.5103836957968078,Stable or Increased
CUST02444,154834.2,132562.84999999998,49,49,-14.383999142308376,Low Decline
CUST02445,204467.49999999997,192156.49000000002,66,80,-6.021010674067983,Low Decline
CUST02446,140266.84,96830.03000000001,44,48,-30.967269241967653,Moderate Decline
CUST02447,53498.270000000004,88203.19,36,38,64.87110704701291,Stable or Increased
CUST02448,107332.63999999998,184435.5,50,57,71.8354267630052,Stable or Increased
CUST02449,128799.05999999998,154828.66999999998,57,64,20.20947202564988,Stable or Increased
CUST02450,103383.01,119221.54000000001,37,46,15.32024459338146,Stable or Increased
CUST02451,80545.04000000001,121777.59000000003,32,47,51.19191696968555,Stable or Increased
CUST02452,112929.43000000001,136283.69,50,53,20.68040191117585,Stable or Increased
CUST02453,104239.62999999999,132929.61,32,46,27.52310229804154,Stable or Increased
CUST02454,65148.53999999999,97050.84999999999,26,37,48.96857243462402,Stable or Increased
CUST02455,187410.49,209081.63999999998,66,83,11.5634669115907,Stable or Increased
CUST02456,203308.5,221109.85999999996,74,79,8.755836573483135,Stable or Increased
CUST02457,218021.82,238893.97999999998,72,84,9.57342710009483,Stable or Increased
CUST02458,121402.29999999999,129292.47,38,36,6.499193178382958,Stable or Increased
CUST02459,112992.38,134615.89,43,52,19.13714004431096,Stable or Increased
CUST02460,64622.50000000001,74710.11,38,40,15.6100584161863,Stable or Increased
CUST02461,88984.08,118243.25,33,42,32.88135360842074,Stable or Increased
CUST02462,76816.98000000001,93460.32,33,40,21.666225357987248,Stable or Increased
CUST02463,87654.22,154866.94,32,49,76.67938862498576,Stable or Increased
CUST02464,133075.7,136803.91999999998,52,54,2.8015783497663147,Stable or Increased
CUST02465,68292.08999999998,115334.45999999999,39,44,68.88406841846547,Stable or Increased
CUST02466,75756.85,121628.07000000002,36,46,60.550590474656765,Stable or Increased
CUST02467,99359.93000000001,96821.64,31,42,-2.554641493809434,Low Decline
CUST02468,93600.95999999999,104611.87999999999,41,52,11.763682765646847,Stable or Increased
CUST02469,95087.31,88401.65000000001,40,32,-7.031074914202525,Low Decline
CUST02470,271327.47,313484.87,102,100,15.537461061351445,Stable or Increased
CUST02471,258765.59,354515.63,98,118,37.002616924452745,Stable or Increased
CUST02472,76151.12,101927.06999999999,33,37,33.84841877571859,Stable or Increased
CUST02473,88529.19,72577.01000000001,37,41,-18.01911889174632,Low Decline
CUST02474,64017.41,116386.79,29,50,81.80490276004603,Stable or Increased
CUST02475,159552.41999999998,245318.32000000004,70,81,53.75405775731892,Stable or Increased
CUST02476,122435.31999999999,174461.05000000002,46,57,42.49241967105573,Stable or Increased
CUST02477,230312.49000000002,345073.43000000005,83,117,49.828361457947864,Stable or Increased
CUST02478,100302.12,179649.83,50,61,79.1087067750911,Stable or Increased
CUST02479,84773.47,88234.23999999999,33,40,4.082373884188048,Stable or Increased
CUST02480,161186.86000000002,218792.69,67,70,35.73853972960326,Stable or Increased
CUST02481,164178.81,248036.19,69,82,51.076859431494235,Stable or Increased
CUST02482,71378.3,105802.70999999999,30,42,48.22811694870849,Stable or Increased
CUST02483,68603.6,86469.57,34,40,26.042321394212546,Stable or Increased
CUST02484,248049.83000000002,442829.44000000006,94,114,78.52438762001975,Stable or Increased
CUST02485,255586.41000000003,429824.62,90,119,68.17193840627127,Stable or Increased
CUST02486,191074.09999999995,225768.47,72,95,18.157547255227193,Stable or Increased
CUST02487,100239.89,142362.74999999997,37,47,42.022053296347366,Stable or Increased
CUST02488,61373.51000000001,103634.49000000002,33,41,68.85866557086274,Stable or Increased
CUST02489,98453.01,177717.02,44,61,80.50948366129181,Stable or Increased
CUST02490,81189.87,119452.43,33,51,47.12725860997191,Stable or Increased
CUST02491,143959.49000000002,101049.12,49,42,-29.80725341552684,Moderate Decline
CUST02492,92809.04000000001,85819.65,35,46,-7.530936641516832,Low Decline
CUST02493,137112.32,177226.89,54,50,29.256721788384887,Stable or Increased
CUST02494,129424.03,149586.25,56,53,15.578420792491162,Stable or Increased
CUST02495,227209.06,326274.39999999997,82,106,43.60096379959495,Stable or Increased
CUST02496,87872.13,118568.40999999999,45,39,34.932896243666775,Stable or Increased
CUST02497,318853.29,330750.62,90,110,3.731286573834636,Stable or Increased
CUST02498,100654.45,127281.00000000001,40,41,26.45342555644586,Stable or Increased
CUST02499,148866.63,227237.35,73,70,52.644921161982374,Stable or Increased
CUST02500,149202.0,156478.61,56,61,4.8770190748113205,Stable or Increased
CUST02501,81469.14,90563.63,41,36,11.163110350741404,Stable or Increased
CUST02502,213659.30000000002,188539.04,72,72,-11.757157306047528,Low Decline
CUST02503,140291.13999999998,139701.36,51,60,-0.42039718260183706,Low Decline
CUST02504,108721.72000000002,132285.43,44,59,21.673415394826325,Stable or Increased
CUST02505,143168.31,241001.39999999997,61,76,68.33431923586998,Stable or Increased
CUST02506,120640.93000000001,179714.87999999998,52,69,48.9667561415516,Stable or Increased
CUST02507,66652.58,141152.32,32,50,111.77322768300944,Stable or Increased
CUST02508,88081.26000000001,94152.98,32,35,6.893316467089578,Stable or Increased
CUST02509,69278.61,96389.98999999999,28,45,39.13383943471151,Stable or Increased
CUST02510,134801.37999999998,190832.73,65,86,41.565857856944824,Stable or Increased
CUST02511,286522.25,331624.74999999994,93,104,15.741360400457536,Stable or Increased
CUST02512,161290.67000000004,154944.59999999998,63,65,-3.934554924968731,Low Decline
CUST02513,138496.58,161890.27,45,52,16.891167998516643,Stable or Increased
CUST02514,78854.81,89312.45,33,41,13.261892330981459,Stable or Increased
CUST02515,197397.24,199240.28,76,73,0.9336706024866448,Stable or Increased
CUST02516,112671.87999999999,113531.17,38,49,0.7626481425534111,Stable or Increased
CUST02517,134134.65000000002,172764.93,53,62,28.799627836655155,Stable or Increased
CUST02518,333139.4100000001,307892.63000000006,98,104,-7.578442910732183,Low Decline
CUST02519,181427.22,222139.69,78,75,22.440111246812908,Stable or Increased
CUST02520,229900.83000000002,184683.48,78,81,-19.668197805114495,Low Decline
CUST02521,109469.88999999998,194051.49000000002,45,60,77.26471635259709,Stable or Increased
CUST02522,80688.90999999999,106381.97,40,45,31.842120559070654,Stable or Increased
CUST02523,87555.74999999999,89661.64,39,36,2.4051989732256467,Stable or Increased
CUST02524,113174.6,129381.56999999999,48,50,14.320324525114279,Stable or Increased
CUST02525,160267.79,239555.61,68,90,49.47208668691318,Stable or Increased
CUST02526,154431.84,241529.17,60,88,56.39855744773877,Stable or Increased
CUST02527,307575.27,413530.77999999997,97,104,34.448644066865306,Stable or Increased
CUST02528,105096.89,134690.34,39,46,28.158254730468233,Stable or Increased
CUST02529,93548.37,170842.44,44,62,82.62471061761954,Stable or Increased
CUST02530,175851.52000000002,276119.22000000003,70,87,57.018386875473134,Stable or Increased
CUST02531,79064.8,128282.13000000002,41,49,62.24935748904698,Stable or Increased
CUST02532,106091.9,132169.03,41,47,24.579755853180124,Stable or Increased
CUST02533,200523.33999999997,208876.03999999995,77,79,4.165450266288196,Stable or Increased
CUST02534,46666.23999999999,129961.13,35,48,178.49068191480615,Stable or Increased
CUST02535,117829.17,95260.26000000001,38,41,-19.153924278682428,Low Decline
CUST02536,145475.97,94538.48,50,50,-35.014366977584004,Moderate Decline
CUST02537,110623.73999999998,79367.76000000001,41,39,-28.25431503219831,Moderate Decline
CUST02538,198275.97999999998,166284.58000000002,64,73,-16.134783446789655,Low Decline
CUST02539,91531.75,99754.44,35,49,8.983429247228424,Stable or Increased
CUST02540,89696.82,105517.92,37,34,17.638417950602918,Stable or Increased
CUST02541,312338.67000000004,329114.73,98,95,5.371112068832187,Stable or Increased
CUST02542,85609.69,101774.07,43,45,18.881484093681458,Stable or Increased
CUST02543,132540.69,172593.62000000002,51,50,30.219346224921587,Stable or Increased
CUST02544,91169.45999999999,180430.1,40,57,97.90629449817958,Stable or Increased
CUST02545,114903.70000000001,113076.64000000001,50,42,-1.590079344703432,Low Decline
CUST02546,46169.200000000004,130644.9,30,39,182.96981537475193,Stable or Increased
CUST02547,126760.88,156027.95,49,54,23.088408663619255,Stable or Increased
CUST02548,316598.22,293462.55999999994,89,106,-7.307577408363204,Low Decline
CUST02549,124668.99000000002,178892.49999999997,49,70,43.49398354795362,Stable or Increased
CUST02550,109569.10000000002,142591.29,50,60,30.138232403113633,Stable or Increased
CUST02551,121312.68,106550.56999999998,48,55,-12.168645519990173,Low Decline
CUST02552,81685.88999999998,109300.16999999998,33,44,33.805446693425274,Stable or Increased
CUST02553,63391.55,132269.92,35,48,108.65544382492621,Stable or Increased
CUST02554,99114.24,157201.45999999996,44,61,58.606331441375076,Stable or Increased
CUST02555,139324.93,157689.56999999998,48,55,13.181158605283338,Stable or Increased
CUST02556,97489.91999999998,104204.2,40,44,6.887153051310346,Stable or Increased
CUST02557,83152.67000000001,104640.54999999999,30,42,25.841479293448995,Stable or Increased
CUST02558,144451.2,208545.0,71,75,44.3705555924769,Stable or Increased
CUST02559,175815.6,184869.47999999998,55,60,5.14964542395554,Stable or Increased
CUST02560,220329.6,294451.95999999996,88,94,33.641580613771346,Stable or Increased
CUST02561,174735.39,297784.54,67,94,70.42027948659968,Stable or Increased
CUST02562,154853.11,259082.24,71,75,67.30838663815018,Stable or Increased
CUST02563,121345.46999999999,147697.73,47,57,21.7167233354488,Stable or Increased
CUST02564,334996.83999999997,332131.63999999996,104,104,-0.8552916499152684,Low Decline
CUST02565,89045.71,133183.84,46,51,49.56794661977538,Stable or Increased
CUST02566,51252.7,152140.47999999998,28,59,196.84383456871538,Stable or Increased
CUST02567,172980.28,161211.23000000004,65,73,-6.80369461767547,Low Decline
CUST02568,91163.13999999998,150013.79,35,47,64.55531259673594,Stable or Increased
CUST02569,189077.63,229721.88999999996,70,78,21.496070159119274,Stable or Increased
CUST02570,282827.74000000005,249821.53999999998,90,95,-11.670071683916175,Low Decline
CUST02571,111620.93,106181.82999999999,36,41,-4.872831645462913,Low Decline
CUST02572,81680.41,127494.84,37,38,56.089862918170944,Stable or Increased
CUST02573,198657.25000000003,227222.73999999996,74,77,14.379283917400413,Stable or Increased
CUST02574,183347.15000000002,211314.51,68,67,15.253774056482461,Stable or Increased
CUST02575,133121.0,133500.25999999998,56,49,0.28489870118161686,Stable or Increased
CUST02576,71614.13,196943.26,45,62,175.00614752982406,Stable or Increased
CUST02577,219907.52,287336.04,74,86,30.6622165535767,Stable or Increased
CUST02578,106758.48999999999,140984.03000000003,44,57,32.05884609270892,Stable or Increased
CUST02579,209736.75999999998,203770.72999999998,80,74,-2.844532355701499,Low Decline
CUST02580,77062.28,119052.34999999999,35,45,54.48848645537089,Stable or Increased
CUST02581,124432.74,183094.82,41,57,47.143605453034304,Stable or Increased
CUST02582,106053.16,106671.61,48,46,0.5831509405283134,Stable or Increased
CUST02583,125363.19,108482.01999999999,51,55,-13.465810817353972,Low Decline
CUST02584,94836.79,104456.71999999999,33,41,10.143668928482283,Stable or Increased
CUST02585,78301.71,91096.59,36,41,16.34048605068777,Stable or Increased
CUST02586,186859.72999999998,181353.4,64,73,-2.9467718914075216,Low Decline
CUST02587,118618.18000000001,166479.93,53,61,40.349421985736065,Stable or Increased
CUST02588,81229.34999999999,119694.95999999999,37,44,47.35432451447661,Stable or Increased
CUST02589,121240.56000000001,105424.94,46,40,-13.044825922941966,Low Decline
CUST02590,173805.14,227121.63,65,81,30.676014529834955,Stable or Increased
CUST02591,89111.35,145870.96999999997,42,54,63.695163410721484,Stable or Increased
CUST02592,126494.23999999999,123036.52,57,53,-2.733499960156278,Low Decline
CUST02593,124377.02000000002,125676.92,50,45,1.0451287544917698,Stable or Increased
CUST02594,308861.49,379425.6600000001,98,108,22.84654198877306,Stable or Increased
CUST02595,147486.93,215873.94,76,77,46.36818326884966,Stable or Increased
CUST02596,152972.49,273930.17000000004,59,92,79.07152455974278,Stable or Increased
CUST02597,206372.18000000002,237737.55,67,77,15.198448744399542,Stable or Increased
CUST02598,268573.65,310353.53,97,103,15.556209628159724,Stable or Increased
CUST02599,37393.38,92609.34999999999,25,40,147.66242046052,Stable or Increased
CUST02600,90452.28,122557.22,35,44,35.49378744239504,Stable or Increased
CUST02601,106412.73,105320.61,40,48,-1.0263057812725933,Low Decline
CUST02602,273263.71,381425.00999999995,90,111,39.581289443812324,Stable or Increased
CUST02603,184837.84999999998,130815.5,51,50,-29.226887241979924,Moderate Decline
CUST02604,82906.25,88091.43,37,35,6.25426912928759,Stable or Increased
CUST02605,105835.32999999999,109044.48,33,42,3.03221051042219,Stable or Increased
CUST02606,136819.07,107100.89,56,47,-21.72078789893836,Low Decline
CUST02607,72513.11000000002,67525.11,34,34,-6.87875613113272,Low Decline
CUST02608,142677.9,173039.58,46,60,21.27987586024184,Stable or Increased
CUST02609,51272.75,70332.47,34,37,37.173196288476824,Stable or Increased
CUST02610,185788.63,186261.95999999996,74,79,0.2547680124450878,Stable or Increased
CUST02611,79505.51000000001,68369.56999999999,35,41,-14.006500933080003,Low Decline
CUST02612,118652.43,157176.81,50,58,32.46826044776328,Stable or Increased
CUST02613,80984.11000000002,116437.55,36,52,43.77826711931511,Stable or Increased
CUST02614,151095.53,127559.29000000001,54,53,-15.577059096321374,Low Decline
CUST02615,146282.44999999998,207488.13,54,59,41.84075396604311,Stable or Increased
CUST02616,227826.74999999997,177768.57,88,68,-21.972037963057442,Low Decline
CUST02617,199877.8,192288.55000000002,71,61,-3.7969449333542653,Low Decline
CUST02618,128441.84999999999,108386.66,53,47,-15.61421764012274,Low Decline
CUST02619,81311.83,124197.54,46,53,52.742276246888046,Stable or Increased
CUST02620,128420.21999999999,115985.5,38,46,-9.682836550194343,Low Decline
CUST02621,103219.69000000003,106547.11,43,46,3.2236291351000648,Stable or Increased
CUST02622,87637.23000000001,111484.73999999999,41,41,27.211619993009794,Stable or Increased
CUST02623,174919.04,137065.94,53,52,-21.64035430333942,Low Decline
CUST02624,107472.25,157074.41000000003,31,49,46.15345821828429,Stable or Increased
CUST02625,49785.76,135241.09,33,51,171.64612933497446,Stable or Increased
CUST02626,138346.58,182510.75999999998,51,61,31.922856351056886,Stable or Increased
CUST02627,301290.18,358735.18000000005,94,99,19.066336645953765,Stable or Increased
CUST02628,155325.63999999998,228107.51,68,74,46.85760187435895,Stable or Increased
CUST02629,176751.94,199086.68,69,70,12.636206425796509,Stable or Increased
CUST02630,139625.78999999998,228144.69,60,78,63.397242013814235,Stable or Increased
CUST02631,149308.99000000002,122857.75,46,51,-17.71577183664561,Low Decline
CUST02632,194492.24999999994,163909.78,78,80,-15.724261506563861,Low Decline
CUST02633,124493.64000000001,149719.25,49,60,20.26256923646861,Stable or Increased
CUST02634,284084.97000000003,380569.28,86,112,33.96318714080509,Stable or Increased
CUST02635,234256.13,251416.27999999997,91,74,7.325379276094062,Stable or Increased
CUST02636,79177.76,115359.64,41,53,45.6970240128036,Stable or Increased
CUST02637,62130.399999999994,118888.13,31,51,91.35259068024673,Stable or Increased
CUST02638,131499.21000000002,139630.91,58,58,6.1838394314307905,Stable or Increased
CUST02639,110448.41,121145.26999999999,47,43,9.68493797239814,Stable or Increased
CUST02640,79717.09,106843.39999999998,33,47,34.02822406086322,Stable or Increased
CUST02641,119580.1,144592.62000000002,51,60,20.916958590936133,Stable or Increased
CUST02642,134079.33,181382.43,51,69,35.2799346476448,Stable or Increased
CUST02643,140511.31999999998,98588.45,48,45,-29.835937773554463,Moderate Decline
CUST02644,103082.93000000001,98657.12,35,42,-4.293446063281294,Low Decline
CUST02645,207870.1,155611.25,65,71,-25.140147621038334,Moderate Decline
CUST02646,117439.67000000001,96241.33000000002,39,45,-18.050408350091576,Low Decline
CUST02647,211125.92,204796.13,65,78,-2.998111269331595,Low Decline
CUST02648,141502.22999999998,145022.24,62,61,2.4876003720930826,Stable or Increased
CUST02649,148918.61,133754.25,46,59,-10.182985189023714,Low Decline
CUST02650,272965.44999999995,348697.13,85,92,27.744053322499266,Stable or Increased
CUST02651,100649.54,203143.77,40,58,101.83278532619225,Stable or Increased
CUST02652,258623.14999999997,357391.09,86,105,38.189906820019814,Stable or Increased
CUST02653,302458.01,301970.59,88,110,-0.16115294813980416,Low Decline
CUST02654,110148.59,149309.62,47,60,35.55291084525004,Stable or Increased
CUST02655,68816.88,78186.3,30,42,13.61500259819974,Stable or Increased
CUST02656,160170.65,239610.12,77,70,49.596770694256406,Stable or Increased
CUST02657,62486.87,91907.73000000001,35,50,47.08326725278448,Stable or Increased
CUST02658,123847.45,172276.21000000002,50,61,39.1035584503355,Stable or Increased
CUST02659,100086.66,154999.90999999997,44,55,54.865703381449606,Stable or Increased
CUST02660,232322.37,229047.69000000003,75,80,-1.4095414057630198,Low Decline
CUST02661,129851.05,158044.54,48,55,21.712177144505187,Stable or Increased
CUST02662,111506.85,109624.54999999999,35,43,-1.68805772918885,Low Decline
CUST02663,105230.94,141562.96000000002,40,58,34.52598636864787,Stable or Increased
CUST02664,149340.46999999997,188454.36,54,63,26.1910853769243,Stable or Increased
CUST02665,113107.95999999999,113483.66000000002,41,42,0.33216053052325073,Stable or Increased
CUST02666,78832.51,93484.88999999998,30,40,18.586722660486128,Stable or Increased
CUST02667,139722.67,97429.78,51,54,-30.26916820298382,Moderate Decline
CUST02668,119134.76,131953.62999999998,51,50,10.759974670700627,Stable or Increased
CUST02669,105515.54999999999,186536.46,42,58,76.7857533794782,Stable or Increased
CUST02670,143963.09999999998,159396.68,48,59,10.720511019837735,Stable or Increased
CUST02671,247701.15000000002,279786.86999999994,94,94,12.9533996915234,Stable or Increased
CUST02672,135256.40999999997,108308.48,54,41,-19.92358809464186,Low Decline
CUST02673,146875.06999999998,114338.09,43,41,-22.152826888865473,Low Decline
CUST02674,191669.9,243913.69000000003,58,82,27.257169748614697,Stable or Increased
CUST02675,111231.37999999999,101304.48,44,40,-8.924549888709459,Low Decline
CUST02676,93817.40000000001,135754.93,39,39,44.70122813038944,Stable or Increased
CUST02677,86967.84999999999,140436.87,40,52,61.481363515368045,Stable or Increased
CUST02678,137226.38,159316.38999999998,50,69,16.09749524836258,Stable or Increased
CUST02679,239000.81,335048.75,95,105,40.18728639455239,Stable or Increased
CUST02680,103367.36999999998,130392.37999999999,42,53,26.144623782147125,Stable or Increased
CUST02681,85952.51,193954.81999999998,48,67,125.653468409474,Stable or Increased
CUST02682,101349.66,105360.45999999999,36,41,3.957388707569407,Stable or Increased
CUST02683,188324.59,225124.17000000004,77,77,19.54050716372198,Stable or Increased
CUST02684,80680.88,135182.3,39,46,67.55184127887546,Stable or Increased
CUST02685,101069.09,120208.0,45,55,18.93646217651708,Stable or Increased
CUST02686,131732.94999999998,119258.35,48,51,-9.469612576048725,Low Decline
CUST02687,260148.93,253280.32,94,97,-2.640260715275664,Low Decline
CUST02688,42735.44,112149.71,23,42,162.42788187041012,Stable or Increased
CUST02689,120279.11999999998,151817.77000000002,54,58,26.221217780775284,Stable or Increased
CUST02690,164177.78999999998,221762.87,72,74,35.0748295491126,Stable or Increased
CUST02691,68330.44,94476.64,34,41,38.2643518759721,Stable or Increased
CUST02692,151571.95,92454.12000000001,52,44,-39.003146690400165,Moderate Decline
CUST02693,107029.49999999999,124339.51999999999,39,52,16.173129838035315,Stable or Increased
CUST02694,72092.78,93410.45,40,34,29.569771064453334,Stable or Increased
CUST02695,68316.97,105987.65,34,34,55.14102864925068,Stable or Increased
CUST02696,87827.31,69475.24,32,32,-20.89563029996022,Low Decline
CUST02697,156303.26,150414.87,43,51,-3.7672854680062424,Low Decline
CUST02698,134860.85,86860.71000000002,48,40,-35.59234574007207,Moderate Decline
CUST02699,116799.20000000001,111642.56999999999,42,51,-4.414953184610869,Low Decline
CUST02700,105058.62000000001,106727.05,51,55,1.5880943419968707,Stable or Increased
CUST02701,86408.69,96382.07,34,40,11.542102999131227,Stable or Increased
CUST02702,94464.27,124088.65,39,54,31.360407485285165,Stable or Increased
CUST02703,128827.66999999998,153607.75999999998,52,60,19.235068056419866,Stable or Increased
CUST02704,136835.2,160028.22000000003,65,61,16.9496006875424,Stable or Increased
CUST02705,123802.88999999998,172040.11000000002,54,49,38.962919201643864,Stable or Increased
CUST02706,54663.66000000001,67304.23000000001,37,31,23.124265737054557,Stable or Increased
CUST02707,176391.09000000003,239693.4,64,90,35.887475949040265,Stable or Increased
CUST02708,147299.53,164532.66,63,83,11.699378809966335,Stable or Increased
CUST02709,87984.06,102822.81,33,42,16.865270822919516,Stable or Increased
CUST02710,170924.28,199433.86000000002,64,82,16.679654874076416,Stable or Increased
CUST02711,90945.54000000001,179669.40000000002,39,61,97.55713144371897,Stable or Increased
CUST02712,75261.67,82915.49,34,43,10.16961223422229,Stable or Increased
CUST02713,74219.91,97350.23000000001,36,46,31.1645756509271,Stable or Increased
CUST02714,100670.01,99819.47,43,37,-0.8448792247065374,Low Decline
CUST02715,101698.79,97007.87000000001,41,44,-4.612562253690515,Low Decline
CUST02716,97525.01,109143.77,44,48,11.913620926570538,Stable or Increased
CUST02717,94176.29999999999,78641.26,37,37,-16.495700085902712,Low Decline
CUST02718,121846.54999999999,143655.52,50,59,17.8987176904065,Stable or Increased
CUST02719,194871.96,204449.46,77,80,4.914765572224963,Stable or Increased
CUST02720,105509.09999999999,157936.69999999998,44,56,49.690121515584906,Stable or Increased
CUST02721,171202.73,139863.51,63,60,-18.30532725733988,Low Decline
CUST02722,52213.92999999999,73511.29000000001,29,37,40.78865544118211,Stable or Increased
CUST02723,123762.67000000001,123351.26000000001,49,67,-0.33241849097147264,Low Decline
CUST02724,122301.97,149658.58000000002,47,49,22.368086139577322,Stable or Increased
CUST02725,96446.3,109831.81999999999,35,41,13.878728370087801,Stable or Increased
CUST02726,337835.26,366238.75,98,107,8.407497192566575,Stable or Increased
CUST02727,126155.91,149873.08,52,67,18.799888170122177,Stable or Increased
CUST02728,142488.36000000002,137803.83,58,57,-3.2876580234343544,Low Decline
CUST02729,86899.06,93847.63,33,41,7.996139428896017,Stable or Increased
CUST02730,328716.22000000003,318477.64,89,109,-3.114717004229367,Low Decline
CUST02731,85008.23999999999,103107.50000000001,36,39,21.291183066488642,Stable or Increased
CUST02732,108660.54000000001,181450.2,43,56,66.98812650848228,Stable or Increased
CUST02733,107708.88,144859.96000000002,44,61,34.492123583496564,Stable or Increased
CUST02734,240129.58,167420.25,72,65,-30.279205918737706,Moderate Decline
CUST02735,157531.37999999998,317028.08999999997,59,96,101.24758000596454,Stable or Increased
CUST02736,96461.98999999999,108016.38,38,29,11.978179177103868,Stable or Increased
CUST02737,57448.89000000001,106463.45000000001,27,42,85.31855010601598,Stable or Increased
CUST02738,164102.87,262866.31999999995,65,91,60.18386515726383,Stable or Increased
CUST02739,127050.54999999999,109272.01000000001,41,44,-13.993280627277867,Low Decline
CUST02740,184248.46,266722.56,69,86,44.76243654899477,Stable or Increased
CUST02741,124516.99000000002,217790.11000000002,55,77,74.9079462971278,Stable or Increased
CUST02742,69518.74,114488.95000000001,31,34,64.68789566669362,Stable or Increased
CUST02743,121429.19,108919.65,39,48,-10.301921638446249,Low Decline
CUST02744,314340.07999999996,400417.18,97,112,27.383431346075895,Stable or Increased
CUST02745,75618.01000000001,91649.06999999999,40,41,21.20005538363147,Stable or Increased
CUST02746,82886.03,175855.34,44,60,112.16523459984752,Stable or Increased
CUST02747,181357.96,195380.81,68,77,7.732139245501,Stable or Increased
CUST02748,106018.52999999998,127323.31,44,54,20.09533616434789,Stable or Increased
CUST02749,81906.86,110384.68000000001,31,49,34.768540754706024,Stable or Increased
CUST02750,65778.31,83439.16,30,36,26.849047961250456,Stable or Increased
CUST02751,78858.86,169137.63,35,47,114.48145458861566,Stable or Increased
CUST02752,296256.27,343044.19000000006,104,109,15.793056464256447,Stable or Increased
CUST02753,108937.34,102609.55,38,57,-5.808651101633282,Low Decline
CUST02754,76143.03,99266.20999999999,32,43,30.368084905473278,Stable or Increased
CUST02755,117612.47,99957.59000000001,38,44,-15.011061327085462,Low Decline
CUST02756,94279.09999999999,169440.78999999998,45,61,79.72253659612788,Stable or Increased
CUST02757,114745.44000000002,172064.64,42,61,49.953357623623205,Stable or Increased
CUST02758,103828.71,119180.67,47,42,14.785852583548413,Stable or Increased
CUST02759,81357.07,124087.63,31,43,52.52224545451305,Stable or Increased
CUST02760,143561.9,244692.45,63,83,70.44386428432615,Stable or Increased
CUST02761,218957.76,376787.75,82,111,72.08239159918332,Stable or Increased
CUST02762,120446.81999999999,172613.06999999995,51,54,43.31060795129332,Stable or Increased
CUST02763,75690.11,100110.3,32,40,32.26338289110691,Stable or Increased
CUST02764,197009.85000000003,236135.24999999994,78,83,19.859616156247974,Stable or Increased
CUST02765,117641.47999999998,156880.22000000003,54,62,33.35451067089606,Stable or Increased
CUST02766,120977.57999999999,262505.44,61,76,116.98684996013314,Stable or Increased
CUST02767,115127.62999999998,120267.7,41,50,4.464671078523915,Stable or Increased
CUST02768,124288.68999999999,242977.02999999997,52,93,95.4940791475073,Stable or Increased
CUST02769,107363.75999999998,113710.22999999998,39,52,5.911184556129556,Stable or Increased
CUST02770,90317.09,153135.83000000002,43,65,69.55354739617941,Stable or Increased
CUST02771,126907.44,148318.17,47,59,16.871138524266197,Stable or Increased
CUST02772,54110.70999999999,113490.78000000001,23,42,109.7381091469693,Stable or Increased
CUST02773,93304.71999999999,80259.10999999999,37,41,-13.98172568333092,Low Decline
CUST02774,177948.15999999997,277402.18999999994,70,79,55.88932754348232,Stable or Increased
CUST02775,102763.45000000001,162591.37000000002,43,60,58.21906524158152,Stable or Increased
CUST02776,133841.31,122791.73,43,50,-8.255732105431427,Low Decline
CUST02777,115846.5,93601.57,41,46,-19.202073433379507,Low Decline
CUST02778,76207.45,132460.41999999998,35,41,73.81557839817498,Stable or Increased
CUST02779,98572.38999999998,105807.58,36,46,7.339976234724569,Stable or Increased
CUST02780,46009.83,115039.94999999998,26,43,150.03341677202454,Stable or Increased
CUST02781,99484.45,159969.27000000002,49,56,60.79826545756651,Stable or Increased
CUST02782,54824.83,84770.65,32,39,54.62090808124711,Stable or Increased
CUST02783,274480.73,264059.06,83,84,-3.796867634387297,Low Decline
CUST02784,123134.98999999999,182304.15000000002,44,62,48.052271738520496,Stable or Increased
CUST02785,107521.05000000002,140510.65,49,66,30.681992037838146,Stable or Increased
CUST02786,95021.31,101121.73,30,42,6.420054617222177,Stable or Increased
CUST02787,234070.36,208209.52,62,71,-11.048318975542225,Low Decline
CUST02788,321315.37,362397.06999999995,97,120,12.785476150736255,Stable or Increased
CUST02789,215086.13999999998,206930.96999999997,74,79,-3.791583223354147,Low Decline
CUST02790,186748.84,208505.07,57,75,11.6499947201814,Stable or Increased
CUST02791,64372.2,117470.04,33,44,82.48566927959585,Stable or Increased
CUST02792,89380.03,164290.36,38,57,83.811036984436,Stable or Increased
CUST02793,72316.75,60938.56,31,31,-15.733823768352424,Low Decline
CUST02794,69909.55,118923.32,33,52,70.11026390528905,Stable or Increased
CUST02795,150388.82,107244.46999999999,54,51,-28.68853549086961,Moderate Decline
CUST02796,72406.31999999999,156781.55,44,57,116.5302006786148,Stable or Increased
CUST02797,132177.93,171862.94,51,64,30.023930621397998,Stable or Increased
CUST02798,278765.14,303858.96,89,98,9.001778342873147,Stable or Increased
CUST02799,108701.43000000002,165842.21000000002,48,55,52.56672336325289,Stable or Increased
CUST02800,66686.03,103427.2,32,37,55.09575243870418,Stable or Increased
CUST02801,128571.83999999997,137396.78,42,45,6.863820257997423,Stable or Increased
CUST02802,164721.74000000002,111552.95,61,52,-32.27794339714965,Moderate Decline
CUST02803,117339.41,107354.67,50,45,-8.509280897185358,Low Decline
CUST02804,155597.28,151184.68,57,54,-2.835910756280576,Low Decline
CUST02805,274443.17,340316.29,78,100,24.00246287783369,Stable or Increased
CUST02806,307127.61000000004,379028.4799999999,95,110,23.410747734467723,Stable or Increased
CUST02807,117810.99,105718.75,41,51,-10.264101846525527,Low Decline
CUST02808,106722.33,114724.84999999999,40,47,7.498449481003638,Stable or Increased
CUST02809,83461.41,108020.02999999998,30,48,29.42511994465464,Stable or Increased
CUST02810,92944.9,106815.79999999999,34,43,14.923788179878612,Stable or Increased
CUST02811,190425.62999999998,177060.35,72,82,-7.018635044032661,Low Decline
CUST02812,126778.01999999999,179247.40999999997,52,75,41.38681926094128,Stable or Increased
CUST02813,93240.55,144361.22,52,70,54.82664999294835,Stable or Increased
CUST02814,167587.61000000002,236302.0,56,78,41.002070499125786,Stable or Increased
CUST02815,100914.32999999999,105759.20999999999,36,41,4.800983170576473,Stable or Increased
CUST02816,82926.06,132279.45,40,59,59.51493414735973,Stable or Increased
CUST02817,100034.84,100334.5,45,43,0.29955563481683334,Stable or Increased
CUST02818,165715.88,154003.57,58,59,-7.067705279662998,Low Decline
CUST02819,49514.0,124943.67,30,44,152.34008563234642,Stable or Increased
CUST02820,97132.15000000001,143400.43,45,50,47.634362052111456,Stable or Increased
CUST02821,169329.71000000002,235596.94999999998,74,87,39.13503424768161,Stable or Increased
CUST02822,75985.51,78121.65,38,38,2.8112465126574784,Stable or Increased
CUST02823,169059.05,164608.84,64,77,-2.6323405934198685,Low Decline
CUST02824,100263.49,67252.46,46,23,-32.9242778203711,Moderate Decline
CUST02825,165794.59,159363.72999999998,55,60,-3.8788117272101674,Low Decline
CUST02826,131195.78999999998,221074.3,55,67,68.50716017640507,Stable or Increased
CUST02827,85147.66,110197.84999999999,35,43,29.419704546196556,Stable or Increased
CUST02828,129782.05,110880.04,55,54,-14.564425511848524,Low Decline
CUST02829,76680.03,97058.71,38,40,26.576254599796073,Stable or Increased
CUST02830,172419.90999999997,172465.11000000002,50,65,0.02621506994177224,Stable or Increased
CUST02831,144653.97,99440.65,47,42,-31.256190203421315,Moderate Decline
CUST02832,55044.28999999999,80702.49,33,43,46.61373595699029,Stable or Increased
CUST02833,61472.97000000001,66156.48999999999,29,37,7.618828242721935,Stable or Increased
CUST02834,118166.81000000001,168822.98,50,68,42.8683570285091,Stable or Increased
CUST02835,90724.8,128163.5,43,43,41.26622489109923,Stable or Increased
CUST02836,88342.9,80712.17,40,42,-8.637626792871862,Low Decline
CUST02837,54623.27999999999,107028.17000000001,28,43,95.93874626349796,Stable or Increased
CUST02838,121988.82999999999,72326.32999999999,49,42,-40.71069457752813,Moderate Decline
CUST02839,94824.23999999999,101207.23999999999,49,35,6.731401169152529,Stable or Increased
CUST02840,139138.57,158298.71000000002,51,63,13.77054543538863,Stable or Increased
CUST02841,146348.62,172354.53,51,66,17.76983616244554,Stable or Increased
CUST02842,82181.03,86706.83,43,39,5.5071103392108895,Stable or Increased
CUST02843,96645.04999999999,107369.84,37,42,11.097091884167902,Stable or Increased
CUST02844,173205.65000000002,249474.8,71,70,44.033869564878486,Stable or Increased
CUST02845,260228.18999999997,307026.27999999997,82,103,17.983482112372226,Stable or Increased
CUST02846,328883.35,294247.07999999996,103,105,-10.531475673669714,Low Decline
CUST02847,90076.87999999999,166584.38999999998,51,57,84.93579040481863,Stable or Increased
CUST02848,54852.24,104803.54000000001,34,36,91.06519624358096,Stable or Increased
CUST02849,48978.399999999994,103501.11999999998,27,42,111.31992878493377,Stable or Increased
CUST02850,120662.54999999999,81169.53,43,35,-32.73013872158345,Moderate Decline
CUST02851,105935.52000000002,121940.91,34,49,15.108615127390683,Stable or Increased
CUST02852,88309.8,84084.06999999999,34,42,-4.785120111244743,Low Decline
CUST02853,78789.37,119760.4,37,36,52.00070770968216,Stable or Increased
CUST02854,109973.20999999998,105587.19,35,35,-3.988262232229082,Low Decline
CUST02855,277794.33,383390.76,97,113,38.012449714146435,Stable or Increased
CUST02856,60591.63999999999,128830.91999999998,25,50,112.62160918568966,Stable or Increased
CUST02857,65831.16,96576.25,39,42,46.70294431998463,Stable or Increased
CUST02858,77716.23999999999,88548.47,35,35,13.938180745748907,Stable or Increased
CUST02859,144775.73,141042.54,52,54,-2.5786020902812936,Low Decline
CUST02860,43617.48,89709.52000000002,34,40,105.67332179667422,Stable or Increased
CUST02861,127351.91,129463.31,51,59,1.6579256644050286,Stable or Increased
CUST02862,121344.86999999998,153132.94999999998,49,59,26.196476208676977,Stable or Increased
CUST02863,270635.94,377413.9100000001,103,106,39.454467872966205,Stable or Increased
CUST02864,50239.49,59430.55,33,36,18.294493037250188,Stable or Increased
CUST02865,55047.11,101484.70999999999,30,37,84.35974204640351,Stable or Increased
CUST02866,102081.70999999999,127361.28000000001,42,54,24.76405420716407,Stable or Increased
CUST02867,121288.73,143438.94,52,56,18.262381014295396,Stable or Increased
CUST02868,95594.59,153011.30000000002,55,61,60.06271903043888,Stable or Increased
CUST02869,118589.30000000002,151787.28000000003,41,51,27.994077037304383,Stable or Increased
CUST02870,151966.85,235234.59,61,86,54.79335789351427,Stable or Increased
CUST02871,71838.43,131695.34000000003,39,51,83.32157314685196,Stable or Increased
CUST02872,307156.86,309192.72000000003,95,99,0.6628079216593256,Stable or Increased
CUST02873,57262.94,147604.83000000002,32,56,157.76676852428466,Stable or Increased
CUST02874,47690.89,110391.79,28,40,131.47353718917805,Stable or Increased
CUST02875,81628.87,118324.75,31,50,44.95453630559875,Stable or Increased
CUST02876,195765.16999999998,201304.46,75,68,2.82955849602869,Stable or Increased
CUST02877,95225.52999999998,168932.47,44,62,77.40249909871862,Stable or Increased
CUST02878,58698.36,116243.14000000001,31,41,98.0347321458385,Stable or Increased
CUST02879,223868.75000000003,209613.45999999996,69,64,-6.367699824115721,Low Decline
CUST02880,293823.88000000006,312971.57,85,98,6.516723555621122,Stable or Increased
CUST02881,108351.84999999999,101158.25,51,46,-6.639111376501639,Low Decline
CUST02882,118804.56,88759.81,43,40,-25.289222905248756,Moderate Decline
CUST02883,143237.18,114262.18999999997,58,56,-20.22867945319785,Low Decline
CUST02884,97230.16,136654.96,52,56,40.54791229388082,Stable or Increased
CUST02885,51093.899999999994,132407.63,28,47,159.1456710096509,Stable or Increased
CUST02886,67852.79,114825.16999999998,34,48,69.22689546000981,Stable or Increased
CUST02887,157818.49,109413.6,54,55,-30.67124137355514,Moderate Decline
CUST02888,147233.9,212473.81999999998,68,68,44.3103931906986,Stable or Increased
CUST02889,82458.29,111792.31999999998,34,40,35.57438554692316,Stable or Increased
CUST02890,99768.15999999997,114227.22999999998,35,46,14.492669805677494,Stable or Increased
CUST02891,267301.83999999997,281762.47,89,93,5.40985052702967,Stable or Increased
CUST02892,91524.73999999999,129069.51,43,56,41.02144403797269,Stable or Increased
CUST02893,107626.19000000002,139153.75,45,74,29.293576219691488,Stable or Increased
CUST02894,59842.799999999996,56612.219999999994,29,33,-5.398443923078469,Low Decline
CUST02895,218111.82,282789.73,92,101,29.653555685336066,Stable or Increased
CUST02896,126290.17,168453.55,51,63,33.38611389944284,Stable or Increased
CUST02897,97470.57,159435.74,43,52,63.57320984169886,Stable or Increased
CUST02898,72889.32999999999,110849.27,41,36,52.07887080317521,Stable or Increased
CUST02899,131057.51999999999,142806.37999999998,59,58,8.964659181708907,Stable or Increased
CUST02900,96804.81999999999,119882.22,36,45,23.839102226521376,Stable or Increased
CUST02901,73527.77,102012.90999999999,36,41,38.74065540135378,Stable or Increased
CUST02902,189936.18,235577.52000000002,66,76,24.029829387955484,Stable or Increased
CUST02903,183934.61,167841.87999999998,70,72,-8.749158192685982,Low Decline
CUST02904,131278.35,108795.1,51,48,-17.126395936572937,Low Decline
CUST02905,76590.07,104953.71,35,39,37.03305141253951,Stable or Increased
CUST02906,80051.26999999999,99764.85999999999,37,42,24.62620518075478,Stable or Increased
CUST02907,137039.12,171412.91,51,61,25.08319522191912,Stable or Increased
CUST02908,63792.979999999996,86398.01999999999,24,39,35.434996139073604,Stable or Increased
CUST02909,128334.57,214890.68,48,66,67.44566954952198,Stable or Increased
CUST02910,319294.36,361352.31999999995,97,100,13.172158756578089,Stable or Increased
CUST02911,113638.39,92051.05,38,32,-18.99652045404726,Low Decline
CUST02912,175254.46999999997,236690.49000000002,65,83,35.055322697332656,Stable or Increased
CUST02913,94345.97,101160.28000000001,37,48,7.222682643466395,Stable or Increased
CUST02914,54400.400000000016,116982.93999999997,30,46,115.04058793685329,Stable or Increased
CUST02915,129845.19,154196.87,49,60,18.754395137779067,Stable or Increased
CUST02916,107926.80000000002,156894.1,56,64,45.37084394237574,Stable or Increased
CUST02917,90704.07999999999,186567.23,37,66,105.6878036798345,Stable or Increased
CUST02918,146373.41,195051.78000000003,56,62,33.25629292915976,Stable or Increased
CUST02919,228337.22999999998,258528.19,79,85,13.2220926039963,Stable or Increased
CUST02920,118052.33999999997,85875.95,42,35,-27.256037449151776,Moderate Decline
CUST02921,116874.06,244797.39,63,84,109.45399689203919,Stable or Increased
CUST02922,93025.87,198893.37,39,65,113.8043643128519,Stable or Increased
CUST02923,267585.34,369681.19000000006,101,104,38.15450054177109,Stable or Increased
CUST02924,229664.53,236556.01,75,82,3.0006723284609995,Stable or Increased
CUST02925,145947.26,214830.90000000002,61,71,47.197624676201535,Stable or Increased
CUST02926,99713.62,121657.31000000003,45,44,22.006712824185936,Stable or Increased
CUST02927,119807.87000000001,136438.02000000002,56,58,13.880682462679628,Stable or Increased
CUST02928,51527.76,141434.4,29,51,174.48194914741097,Stable or Increased
CUST02929,126495.61,217847.28000000003,54,80,72.21726508927861,Stable or Increased
CUST02930,100145.02,150749.44,53,52,50.531139741147385,Stable or Increased
CUST02931,114638.15,157398.26,54,62,37.30006982841229,Stable or Increased
CUST02932,98297.40999999999,76126.27,34,37,-22.555161931530026,Low Decline
CUST02933,72462.98,134128.81000000003,35,47,85.09977094510884,Stable or Increased
CUST02934,76253.12999999999,94978.55000000002,37,48,24.556919827422206,Stable or Increased
CUST02935,150199.28,75172.85,45,44,-49.951258088587366,Moderate Decline
CUST02936,120090.53,87964.07999999999,39,43,-26.7518596179066,Moderate Decline
CUST02937,55597.62999999999,77758.12,29,37,39.85869541561395,Stable or Increased
CUST02938,60494.899999999994,82341.76000000001,34,30,36.11355667998462,Stable or Increased
CUST02939,310106.82999999996,262169.99,90,101,-15.458169689458297,Low Decline
CUST02940,140509.01,99501.47,42,40,-29.18498963162576,Moderate Decline
CUST02941,307803.39999999997,266067.49,97,92,-13.559275173698529,Low Decline
CUST02942,109227.54000000001,115042.45,44,43,5.323666540507996,Stable or Increased
CUST02943,99175.62,155649.74000000002,46,57,56.94355124777645,Stable or Increased
CUST02944,110272.7,138372.15,51,62,25.48178288914663,Stable or Increased
CUST02945,98563.34999999999,119165.83000000002,42,42,20.902779785792617,Stable or Increased
CUST02946,123258.40999999999,115819.55999999998,46,46,-6.035166281959995,Low Decline
CUST02947,210755.22000000003,202781.04,70,77,-3.783621587166392,Low Decline
CUST02948,247591.13,326083.28,87,106,31.702327139102284,Stable or Increased
CUST02949,136158.83,255491.01,58,88,87.64189586529204,Stable or Increased
CUST02950,58514.86000000001,175101.36000000002,33,64,199.24255137925647,Stable or Increased
CUST02951,67874.51,72956.01,32,31,7.486610216412613,Stable or Increased
CUST02952,131693.74,69040.46999999999,36,38,-47.574979645957356,Moderate Decline
CUST02953,231637.17999999993,332972.26,90,105,43.747329336335426,Stable or Increased
CUST02954,151067.3,198330.14999999997,68,72,31.28595665640412,Stable or Increased
CUST02955,122198.93000000001,162476.84999999998,48,59,32.96094327503519,Stable or Increased
CUST02956,97126.15999999999,134189.66,50,48,38.1601619996096,Stable or Increased
CUST02957,223111.98999999996,201767.08000000002,69,86,-9.566904046707641,Low Decline
CUST02958,110730.0,137380.27,36,43,24.067795538697723,Stable or Increased
CUST02959,72488.85999999999,101231.28,29,42,39.65080979339449,Stable or Increased
CUST02960,94997.47,89869.3,53,41,-5.3982174472646465,Low Decline
CUST02961,278318.67000000004,301384.76,88,107,8.28765457955083,Stable or Increased
CUST02962,92994.87999999999,140222.83,50,54,50.78553787047201,Stable or Increased
CUST02963,75446.78,119365.45,32,44,58.21145713574523,Stable or Increased
CUST02964,281187.44,356177.65,105,120,26.669117937842465,Stable or Increased
CUST02965,150905.16999999998,262219.49999999994,62,83,73.76442437326698,Stable or Increased
CUST02966,121353.22,151212.26,43,64,24.605066103725974,Stable or Increased
CUST02967,282395.72000000003,414386.04,94,105,46.739490244398866,Stable or Increased
CUST02968,50948.74,112700.52999999998,25,43,121.20376284084747,Stable or Increased
CUST02969,162180.69999999998,226240.55,71,78,39.499058765932084,Stable or Increased
CUST02970,183183.31,273922.01,80,85,49.53437078956594,Stable or Increased
CUST02971,146822.34999999998,205400.88,53,58,39.89755646875291,Stable or Increased
CUST02972,101997.11000000002,76718.74,40,31,-24.783417883114538,Low Decline
CUST02973,115687.0,96235.48,48,48,-16.813920319482747,Low Decline
CUST02974,130759.76999999997,128370.62999999999,46,51,-1.827121598638469,Low Decline
CUST02975,83005.2,112892.47,42,38,36.006503207028,Stable or Increased
CUST02976,64291.2,107167.59000000001,39,53,66.69091570852623,Stable or Increased
CUST02977,202709.87000000002,236090.63999999998,70,77,16.467264272824977,Stable or Increased
CUST02978,199355.04,197882.35,73,77,-0.7387272476281525,Low Decline
CUST02979,98522.64,111963.03,33,45,13.64193042330169,Stable or Increased
CUST02980,98291.06,100070.72,40,42,1.8106021035890787,Stable or Increased
CUST02981,56312.19,107797.13,34,44,91.42769975737048,Stable or Increased
CUST02982,92958.70000000001,174581.58,47,49,87.80553084326692,Stable or Increased
CUST02983,100996.67,201101.83,51,48,99.11728772839737,Stable or Increased
CUST02984,106555.84999999998,201121.95000000004,40,66,88.7479195182621,Stable or Increased
CUST02985,169595.8,247450.23999999996,74,73,45.905877386114504,Stable or Increased
CUST02986,83777.15,149489.01,34,47,78.4364949153797,Stable or Increased
CUST02987,190380.61,315604.86,86,104,65.77573735056318,Stable or Increased
CUST02988,105278.53,157021.88,55,62,49.149005025051174,Stable or Increased
CUST02989,162566.06,238221.58000000002,64,85,46.53832417418496,Stable or Increased
CUST02990,130941.62999999999,146176.18,56,62,11.634611544090298,Stable or Increased
CUST02991,265873.72000000003,378662.38999999996,96,105,42.42189487550703,Stable or Increased
CUST02992,92960.75,69182.76000000001,32,33,-25.578526421097067,Moderate Decline
CUST02993,123982.32999999999,137226.65,46,52,10.682425471436138,Stable or Increased
CUST02994,104489.59000000001,117403.02,33,41,12.358580409780526,Stable or Increased
CUST02995,96550.12,121123.17,38,50,25.451081780115867,Stable or Increased
CUST02996,169683.54,273524.71,71,83,61.196961119505175,Stable or Increased
CUST02997,147857.84999999998,167982.90999999997,46,67,13.611086594320154,Stable or Increased
CUST02998,70584.06999999999,98744.49,39,42,39.89628254647262,Stable or Increased
CUST02999,254849.66999999998,362361.47000000003,91,111,42.18636029624839,Stable or Increased
CUST03000,89574.21,113921.82,31,38,27.18149565594829,Stable or Increased
CUST03001,198413.24000000002,247984.76,62,84,24.98397788373396,Stable or Increased
CUST03002,118954.75,153426.46000000002,51,51,28.9788427952646,Stable or Increased
CUST03003,138088.82,269972.26999999996,61,77,95.50624735586845,Stable or Increased
CUST03004,157089.19,144560.19000000003,63,45,-7.975723854709527,Low Decline
CUST03005,128760.85,120343.07999999999,42,42,-6.5375228572970885,Low Decline
CUST03006,114307.12,123855.34999999999,44,43,8.353136707494683,Stable or Increased
CUST03007,151172.17,149925.79,45,59,-0.8244771507877439,Low Decline
CUST03008,89938.74,101179.40999999999,33,52,12.498140400899526,Stable or Increased
CUST03009,89505.56,121454.94,39,51,35.695413782115885,Stable or Increased
CUST03010,91186.48000000001,93952.73,35,36,3.033618580298291,Stable or Increased
CUST03011,120545.4,142610.72999999998,54,58,18.304580680805728,Stable or Increased
CUST03012,135508.06,146276.72,54,52,7.946877846232914,Stable or Increased
CUST03013,180152.41,222731.97000000003,70,77,23.63529857857579,Stable or Increased
CUST03014,163720.78999999998,154852.22999999998,53,60,-5.416880776106686,Low Decline
CUST03015,131455.3,117411.70999999999,48,59,-10.683167586244142,Low Decline
CUST03016,108073.56999999999,159182.74,40,59,47.29109068942574,Stable or Increased
CUST03017,80026.17999999998,78839.52,42,40,-1.482839740694826,Low Decline
CUST03018,310122.5999999999,381309.98999999993,103,107,22.95459602105749,Stable or Increased
CUST03019,108899.78999999998,73513.07999999999,40,29,-32.49474585763664,Moderate Decline
CUST03020,76939.76,105338.25,32,47,36.9100319522702,Stable or Increased
CUST03021,125224.27,151749.86000000002,40,50,21.182467264532672,Stable or Increased
CUST03022,179541.87,120575.66,52,52,-32.84259543470277,Moderate Decline
CUST03023,92963.35,98773.06999999999,38,38,6.249473582868933,Stable or Increased
CUST03024,98125.58000000002,147570.07,33,41,50.38899133131237,Stable or Increased
CUST03025,150268.62,147320.09000000003,57,54,-1.9621728076027916,Low Decline
CUST03026,239324.55000000005,346700.66,84,105,44.86631647275631,Stable or Increased
CUST03027,108098.23,95833.22999999998,37,39,-11.346161727162428,Low Decline
CUST03028,110408.28000000001,91922.47999999998,37,44,-16.74312832334679,Low Decline
CUST03029,75163.59,110301.94999999998,34,37,46.74917736100682,Stable or Increased
CUST03030,135636.13999999998,148076.6,49,60,9.171936034157284,Stable or Increased
CUST03031,117238.18000000001,123711.66,44,49,5.521648323097471,Stable or Increased
CUST03032,227437.14,188725.62000000002,73,69,-17.02075571298513,Low Decline
CUST03033,105808.0,136536.90999999997,49,53,29.042142371087227,Stable or Increased
CUST03034,49671.23,104518.14,28,48,110.41987484505617,Stable or Increased
CUST03035,83474.10999999999,104967.74,29,46,25.748857939306,Stable or Increased
CUST03036,96823.05,106229.87,44,45,9.715475808704635,Stable or Increased
CUST03037,115759.02000000002,161264.13999999998,37,58,39.31021530762783,Stable or Increased
CUST03038,86578.09,135732.78000000003,35,55,56.77497620933891,Stable or Increased
CUST03039,124098.53,160888.49,53,53,29.645766150493476,Stable or Increased
CUST03040,58820.979999999996,109085.78,30,44,85.45386357044715,Stable or Increased
CUST03041,88857.32999999999,161366.02000000002,29,43,81.60124775299914,Stable or Increased
CUST03042,120612.96999999999,156359.03,52,54,29.636995092650498,Stable or Increased
CUST03043,84676.40000000001,189305.75000000003,36,56,123.56376747240083,Stable or Increased
CUST03044,124408.85999999999,157608.28999999998,43,59,26.685744086072322,Stable or Increased
CUST03045,68061.76999999999,140928.15999999997,39,57,107.05920518963876,Stable or Increased
CUST03046,67863.1,145113.58,34,48,113.83281930828385,Stable or Increased
CUST03047,116266.03,209373.09000000005,51,63,80.08105204933896,Stable or Increased
CUST03048,76608.18,120212.27000000002,26,43,56.91832125498874,Stable or Increased
CUST03049,110213.24999999999,70064.45999999999,34,31,-36.42827881402644,Moderate Decline
CUST03050,114447.52999999997,148172.12,47,58,29.467293876940847,Stable or Increased
CUST03051,106361.36,163855.24,49,64,54.055232088043994,Stable or Increased
CUST03052,114229.26,127547.84999999999,44,57,11.659525764239387,Stable or Increased
CUST03053,134729.4,128534.83,57,60,-4.5977863777319525,Low Decline
CUST03054,164750.16,250751.0,67,83,52.200762657832925,Stable or Increased
CUST03055,126740.72000000003,137145.67,44,50,8.20963459888817,Stable or Increased
CUST03056,91448.47,181409.58000000002,57,62,98.37355398072818,Stable or Increased
CUST03057,94323.65000000001,87519.37000000001,36,42,-7.213758161394304,Low Decline
CUST03058,115314.13,163093.64999999997,38,60,41.434228398549216,Stable or Increased
CUST03059,62758.11000000001,110074.78,27,38,75.39530747500201,Stable or Increased
CUST03060,174108.96000000002,242921.66999999998,63,82,39.52278504219424,Stable or Increased
CUST03061,92847.57,130599.04,35,58,40.659620924920254,Stable or Increased
CUST03062,182538.23999999996,211253.09000000005,65,77,15.730868227939581,Stable or Increased
CUST03063,110398.61000000002,162063.33000000002,52,61,46.79834284145425,Stable or Increased
CUST03064,150674.12,293945.73000000004,62,83,95.08707268374957,Stable or Increased
CUST03065,115437.88999999998,94248.16999999998,44,40,-18.35594881368674,Low Decline
CUST03066,76203.59000000001,182858.57,41,63,139.96057141139937,Stable or Increased
CUST03067,191899.52999999997,205671.72000000003,72,73,7.176771094749457,Stable or Increased
CUST03068,108689.10999999999,153971.00999999998,38,45,41.66185554376146,Stable or Increased
CUST03069,90985.70999999999,136841.18,36,43,50.39854060599187,Stable or Increased
CUST03070,230705.32999999996,247290.62,75,74,7.188949644119639,Stable or Increased
CUST03071,178761.44999999995,218957.29,69,73,22.485742871295834,Stable or Increased
CUST03072,75638.38,84067.33,37,39,11.143747393849521,Stable or Increased
CUST03073,96183.37999999999,66442.95,39,31,-30.920549891259792,Moderate Decline
CUST03074,135804.99000000002,130455.88,55,54,-3.938816975723804,Low Decline
CUST03075,81277.93000000001,126110.83999999998,38,41,55.16000469008004,Stable or Increased
CUST03076,111151.38000000002,120007.76999999999,38,48,7.967863286987502,Stable or Increased
CUST03077,82234.40999999999,108458.54000000001,34,38,31.8894851923909,Stable or Increased
CUST03078,263873.09,455837.8,94,119,72.74887712119487,Stable or Increased
CUST03079,321089.12999999995,371879.3599999999,97,107,15.818109445187382,Stable or Increased
CUST03080,101838.67000000001,182866.88,51,63,79.56526729973986,Stable or Increased
CUST03081,94264.65,114806.12,42,54,21.79127594490618,Stable or Increased
CUST03082,288877.12,400695.39,100,113,38.7079011311107,Stable or Increased
CUST03083,87072.46999999999,139460.32,42,44,60.16580211862605,Stable or Increased
CUST03084,103275.95999999999,90178.38,41,48,-12.682118859025843,Low Decline
CUST03085,77881.49,92510.56000000001,41,40,18.78375721882055,Stable or Increased
CUST03086,123438.46999999999,124831.34000000003,50,55,1.1283921454956782,Stable or Increased
CUST03087,314003.01999999996,316935.13,109,102,0.9337840126505932,Stable or Increased
CUST03088,71903.85,78371.19,34,34,8.994427975692533,Stable or Increased
CUST03089,116357.44,118334.33999999998,38,42,1.6989889086593686,Stable or Increased
CUST03090,195971.18000000002,259926.00000000003,73,83,32.63480885301604,Stable or Increased
CUST03091,50420.590000000004,85637.87999999999,32,38,69.84704066334801,Stable or Increased
CUST03092,117144.26,111056.34,42,39,-5.19694264149178,Low Decline
CUST03093,113997.62000000001,162265.80000000002,49,65,42.34139274135724,Stable or Increased
CUST03094,106086.35000000002,178110.53,46,68,67.89203323518998,Stable or Increased
CUST03095,105053.49,202614.37,46,71,92.86781429155755,Stable or Increased
CUST03096,43522.35000000001,142021.6,30,48,226.31877644474613,Stable or Increased
CUST03097,62490.33,76998.47,34,37,23.2166160748391,Stable or Increased
CUST03098,85111.76,117047.59999999999,42,41,37.52224134479183,Stable or Increased
CUST03099,109131.92000000001,130375.42000000001,47,56,19.465890456247813,Stable or Increased
CUST03100,176623.65999999997,234053.94000000003,70,82,32.51562106684918,Stable or Increased
CUST03101,113172.56000000001,149884.38999999998,45,56,32.43880848855939,Stable or Increased
CUST03102,131650.8,134110.37,53,54,1.8682529844102786,Stable or Increased
CUST03103,70614.03,128201.87999999999,37,45,81.55298600009091,Stable or Increased
CUST03104,59595.79,174183.81,31,49,192.27536039038995,Stable or Increased
CUST03105,124167.79999999999,173456.06,54,57,39.69488063733111,Stable or Increased
CUST03106,76388.45,94720.94,35,38,23.99903388535833,Stable or Increased
CUST03107,53339.98,116267.11,32,51,117.97366628183961,Stable or Increased
CUST03108,58230.51000000001,95644.42000000001,34,39,64.25138642955385,Stable or Increased
CUST03109,135936.63000000003,181386.95,65,76,33.434932144485245,Stable or Increased
CUST03110,89577.54,67341.29,32,34,-24.823465792876206,Low Decline
CUST03111,78240.97,118872.74,43,45,51.93157753540122,Stable or Increased
CUST03112,93004.06,122634.40000000001,54,56,31.859189803111832,Stable or Increased
CUST03113,127574.40000000001,181615.57,48,54,42.36051276745177,Stable or Increased
CUST03114,116375.39000000001,117638.73999999998,44,38,1.0855817540117048,Stable or Increased
CUST03115,111263.16999999998,172140.84,45,49,54.71502384841275,Stable or Increased
CUST03116,129324.38,148253.47,48,57,14.636907596232044,Stable or Increased
CUST03117,122399.45000000001,74380.75,41,34,-39.23114033600642,Moderate Decline
CUST03118,204021.29,239776.68999999997,70,90,17.525327871419673,Stable or Increased
CUST03119,67359.94,77923.56,33,40,15.682347698053167,Stable or Increased
CUST03120,111893.08,227449.32,65,82,103.273803884923,Stable or Increased
CUST03121,66526.95,111794.29999999999,38,43,68.043627432191,Stable or Increased
CUST03122,67930.47,111740.55,31,45,64.49253184910984,Stable or Increased
CUST03123,157149.52,111856.93999999999,55,46,-28.821328884746197,Moderate Decline
CUST03124,114138.83,180291.64,54,67,57.9581988005309,Stable or Increased
CUST03125,75877.43000000001,129527.80000000002,31,52,70.70662514531661,Stable or Increased
CUST03126,307368.53,358333.1,101,112,16.580932992717223,Stable or Increased
CUST03127,77964.72999999998,94819.40000000001,32,50,21.618326645907747,Stable or Increased
CUST03128,122377.75,109523.87,47,51,-10.503445274978503,Low Decline
CUST03129,50032.159999999996,119085.87999999999,37,42,138.01866639377553,Stable or Increased
CUST03130,87661.26000000001,75192.13,46,38,-14.224219455663771,Low Decline
CUST03131,218965.93,213780.11,77,83,-2.368322779712811,Low Decline
CUST03132,98884.09,112021.79000000001,46,43,13.285959348971115,Stable or Increased
CUST03133,84911.97999999998,153278.02,42,60,80.51400991944838,Stable or Increased
CUST03134,166678.72999999998,280504.13,76,70,68.29029714829242,Stable or Increased
CUST03135,112275.22000000002,94796.96,32,42,-15.56733533900001,Low Decline
CUST03136,114237.24,157829.03000000003,52,51,38.15900139043977,Stable or Increased
CUST03137,49392.7,95435.28,37,42,93.21737827654694,Stable or Increased
CUST03138,187616.96000000002,216119.91999999998,74,77,15.192102035977962,Stable or Increased
CUST03139,66925.53,107608.20999999999,37,40,60.787983300244306,Stable or Increased
CUST03140,298788.22000000003,296870.41,92,107,-0.6418626544246141,Low Decline
CUST03141,122166.23000000001,76962.56,44,31,-37.00177209364651,Moderate Decline
CUST03142,55901.549999999996,92526.63,35,38,65.51710999068901,Stable or Increased
CUST03143,120226.08999999998,157060.06999999998,56,62,30.637260182045345,Stable or Increased
CUST03144,151926.96,90850.5,38,49,-40.201199313143626,Moderate Decline
CUST03145,103813.93,137149.87,39,50,32.111239792193594,Stable or Increased
CUST03146,120602.73999999998,132454.12,51,45,9.826791663274003,Stable or Increased
CUST03147,84983.93999999997,117930.07,36,46,38.76747771402461,Stable or Increased
CUST03148,107598.18000000002,199118.13999999998,46,60,85.05716360629887,Stable or Increased
CUST03149,117580.02,171263.75,45,64,45.657187335059135,Stable or Increased
CUST03150,281969.54000000004,349045.11,81,99,23.7882325871085,Stable or Increased
CUST03151,76560.98999999999,124697.86,30,50,62.87388655763205,Stable or Increased
CUST03152,116204.37999999999,152321.87,50,54,31.08100572456908,Stable or Increased
CUST03153,165640.07,247486.53999999998,59,84,49.41224064925834,Stable or Increased
CUST03154,162775.5,137236.65000000002,54,51,-15.689615451956822,Low Decline
CUST03155,83022.41,94788.95000000001,37,39,14.172727580420768,Stable or Increased
CUST03156,92678.6,94880.45,31,49,2.3757911750932696,Stable or Increased
CUST03157,51793.14,129920.06999999999,28,46,150.8441658489908,Stable or Increased
CUST03158,83055.45,117910.94000000002,31,53,41.966529589569404,Stable or Increased
CUST03159,126249.02,138356.8,54,55,9.590395236335286,Stable or Increased
CUST03160,124857.85999999999,147898.22,52,57,18.45327158418382,Stable or Increased
CUST03161,146610.08,107337.55,45,40,-26.787059934760276,Moderate Decline
CUST03162,249883.20999999996,418963.02999999997,85,106,67.66353769827113,Stable or Increased
CUST03163,149654.66999999998,96989.66000000002,51,49,-35.191023440832126,Moderate Decline
CUST03164,250635.82000000004,303929.23999999993,96,106,21.263289501077654,Stable or Increased
CUST03165,119233.27000000002,87377.94,48,40,-26.716813184776374,Moderate Decline
CUST03166,113828.45,200865.90999999997,36,68,76.46371359708402,Stable or Increased
CUST03167,88433.23,131938.59,39,44,49.19571523057566,Stable or Increased
CUST03168,285494.63,346529.5800000001,91,108,21.378668313305955,Stable or Increased
CUST03169,96550.31999999999,131212.47,33,47,35.90060602595622,Stable or Increased
CUST03170,119259.84000000001,147877.72999999998,34,56,23.996250539997344,Stable or Increased
CUST03171,120486.63000000002,121588.96,51,45,0.9148981924384365,Stable or Increased
CUST03172,67787.81999999999,67414.97,29,31,-0.5500250634995952,Low Decline
CUST03173,171589.93,246681.26000000004,74,79,43.76208440670152,Stable or Increased
CUST03174,109960.27,74260.51,37,46,-32.46605342093104,Moderate Decline
CUST03175,96783.22000000002,110107.29,39,44,13.766921580001135,Stable or Increased
CUST03176,75494.04,101677.34999999999,34,43,34.68261865439974,Stable or Increased
CUST03177,91957.01999999999,73050.8,33,43,-20.55984415327942,Low Decline
CUST03178,177777.75,232683.03999999998,67,73,30.884230450660997,Stable or Increased
CUST03179,255687.13999999998,330730.25,86,101,29.34958324458556,Stable or Increased
CUST03180,234456.41,293451.82999999996,91,108,25.16263897412741,Stable or Increased
CUST03181,266811.50999999995,331999.06000000006,92,101,24.432060670845914,Stable or Increased
CUST03182,77111.97,124316.04999999999,37,45,61.2149838734505,Stable or Increased
CUST03183,125118.79999999999,186413.23,43,62,48.98898486878073,Stable or Increased
CUST03184,84295.59,69568.27,34,36,-17.47104445202886,Low Decline
CUST03185,166953.28,221010.31999999998,68,81,32.378543266715084,Stable or Increased
CUST03186,187032.34999999998,385264.66,80,110,105.98824748766725,Stable or Increased
CUST03187,61428.94,113263.93,30,39,84.3820355682517,Stable or Increased
CUST03188,118347.41,114448.32999999999,52,50,-3.294605264280829,Low Decline
CUST03189,137416.27,138282.75,49,62,0.6305512440411972,Stable or Increased
CUST03190,248476.78999999998,410752.92,90,109,65.30836542117274,Stable or Increased
CUST03191,132510.85,213744.36000000002,54,75,61.30328950421796,Stable or Increased
CUST03192,188055.12000000002,188485.87000000002,68,76,0.22905518339516623,Stable or Increased
CUST03193,186226.0,232283.81,70,78,24.732212473016656,Stable or Increased
CUST03194,330927.23000000004,385299.01999999996,103,104,16.430134806374173,Stable or Increased
CUST03195,354706.27999999997,350611.67,97,109,-1.1543663675760085,Low Decline
CUST03196,74757.59999999999,109530.53999999998,38,42,46.514254069151484,Stable or Increased
CUST03197,221598.45,329624.47,82,104,48.74854494695245,Stable or Increased
CUST03198,130340.02999999998,185591.72999999995,51,59,42.39043062979192,Stable or Increased
CUST03199,87824.45999999999,124344.23999999999,28,45,41.582698031960575,Stable or Increased
CUST03200,97442.88,173874.03,47,58,78.43687501847235,Stable or Increased
CUST03201,205950.84,153805.4,51,53,-25.319362620710844,Moderate Decline
CUST03202,127108.01,140378.46,44,61,10.440294045984984,Stable or Increased
CUST03203,78617.03,92511.71999999999,31,40,17.673893302761485,Stable or Increased
CUST03204,130232.45,118196.37000000001,49,52,-9.241997674158773,Low Decline
CUST03205,119244.95999999998,148043.77999999997,51,62,24.15097459884258,Stable or Increased
CUST03206,94974.87999999999,102927.18,37,39,8.373056117575514,Stable or Increased
CUST03207,176070.41,212190.50000000003,76,79,20.514571414924305,Stable or Increased
CUST03208,113184.73999999999,142560.44999999998,48,59,25.953772566867222,Stable or Increased
CUST03209,157058.44999999995,173913.42,61,76,10.731654361799741,Stable or Increased
CUST03210,114906.35,152731.75,55,55,32.91845924964112,Stable or Increased
CUST03211,290946.75,342351.29999999993,96,102,17.668026881207616,Stable or Increased
CUST03212,200471.52000000002,172940.9,70,68,-13.732933236601399,Low Decline
CUST03213,130400.67,224602.52,50,75,72.2403113419586,Stable or Increased
CUST03214,73696.22000000002,89612.95999999999,34,44,21.59776987205039,Stable or Increased
CUST03215,78893.31,105801.21999999999,45,48,34.10670689314467,Stable or Increased
CUST03216,162060.56,141692.81,54,60,-12.5679869303179,Low Decline
CUST03217,151612.28000000003,138343.71,61,49,-8.751645974851137,Low Decline
CUST03218,191510.22000000003,236370.57,76,85,23.424520111772612,Stable or Increased
CUST03219,271090.1599999999,309635.94,99,112,14.218804548272832,Stable or Increased
CUST03220,108814.85999999999,163282.58000000002,48,62,50.05540603553599,Stable or Increased
CUST03221,35972.13,81540.07999999999,32,36,126.67570699872371,Stable or Increased
CUST03222,206112.01999999996,187519.53,70,82,-9.020575316277025,Low Decline
CUST03223,96927.63,125278.32999999999,48,49,29.24934819926989,Stable or Increased
CUST03224,178153.53,188844.78,57,56,6.0011440693877915,Stable or Increased
CUST03225,89535.11,114470.73,36,46,27.850102602208224,Stable or Increased
CUST03226,100381.99,82345.62,46,35,-17.967735048886766,Low Decline
CUST03227,114323.69,161889.33999999997,46,60,41.60611855688,Stable or Increased
CUST03228,179816.82999999996,192143.75999999998,68,71,6.855270443817759,Stable or Increased
CUST03229,223230.14,192582.27000000002,72,73,-13.729270608350644,Low Decline
CUST03230,160374.33999999997,167393.77999999997,56,62,4.376909672706995,Stable or Increased
CUST03231,180590.59999999998,214806.82,77,69,18.946844409398956,Stable or Increased
CUST03232,109577.53,96444.92,40,52,-11.98476548978609,Low Decline
CUST03233,78288.93000000001,112365.04000000001,41,53,43.526089831601986,Stable or Increased
CUST03234,105217.51000000001,72843.39000000001,34,28,-30.76875702532781,Moderate Decline
CUST03235,92335.6,183827.54,44,68,99.08631123856887,Stable or Increased
CUST03236,187313.94,318452.78,65,91,70.01018717560477,Stable or Increased
CUST03237,151260.79,141168.34999999998,57,54,-6.672211615449074,Low Decline
CUST03238,219021.46,217316.88,69,78,-0.7782707685356436,Low Decline
CUST03239,286632.52,282818.48000000004,94,105,-1.3306375703636066,Low Decline
CUST03240,313926.71,264242.67999999993,102,94,-15.826633547683814,Low Decline
CUST03241,278192.23,309331.43000000005,98,102,11.193411117197655,Stable or Increased
CUST03242,153740.97999999998,178139.93000000002,71,74,15.870166822144652,Stable or Increased
CUST03243,245387.11000000002,324966.49000000005,91,107,32.43013864909205,Stable or Increased
CUST03244,145007.43999999997,136873.62999999998,51,59,-5.609236326080923,Low Decline
CUST03245,71567.70999999999,90577.87,33,40,26.562481879048537,Stable or Increased
CUST03246,192140.78000000003,217057.25,71,72,12.967819741337559,Stable or Increased
CUST03247,64620.14,83721.75,29,41,29.55984001272668,Stable or Increased
CUST03248,115049.84000000001,132180.61,45,55,14.88986859955648,Stable or Increased
CUST03249,293211.71,408465.92000000004,106,113,39.30750582914987,Stable or Increased
CUST03250,187436.29,284861.6,67,84,51.97782670581026,Stable or Increased
CUST03251,61884.0,89625.73,30,30,44.828598668476495,Stable or Increased
CUST03252,65444.58,100145.61,33,44,53.023535333254486,Stable or Increased
CUST03253,155692.44,138136.84,56,54,-11.275820457306729,Low Decline
CUST03254,175034.77,175910.06999999998,69,71,0.5000720713947225,Stable or Increased
CUST03255,143114.98,212560.32000000004,62,88,48.52415868695228,Stable or Increased
CUST03256,224360.73,245343.49,77,79,9.35224270307909,Stable or Increased
CUST03257,85103.19,95511.64,37,43,12.230387603566914,Stable or Increased
CUST03258,192102.06999999998,287882.27,72,88,49.85901505382011,Stable or Increased
CUST03259,111724.17,159537.63,50,69,42.79598586411518,Stable or Increased
CUST03260,126137.87,135961.97999999998,42,53,7.788390591976848,Stable or Increased
CUST03261,312274.94,345009.19000000006,97,105,10.482509419423812,Stable or Increased
CUST03262,94472.48,103433.31999999999,40,57,9.485132601578785,Stable or Increased
CUST03263,59064.850000000006,115672.65,29,52,95.84008086027474,Stable or Increased
CUST03264,108712.79999999999,99793.37000000001,43,45,-8.204581245262728,Low Decline
CUST03265,154188.78999999998,149090.80000000002,54,57,-3.306329857053786,Low Decline
CUST03266,172874.96,197255.36,62,68,14.10290998765813,Stable or Increased
CUST03267,196359.04,384815.3600000001,91,105,95.97537246057024,Stable or Increased
CUST03268,142005.18999999997,138278.39,55,51,-2.6244111218751653,Low Decline
CUST03269,136266.63,171016.87,53,68,25.50165069760659,Stable or Increased
CUST03270,167421.08000000002,216352.93000000002,61,65,29.226815404607354,Stable or Increased
CUST03271,197538.80000000002,193949.38999999998,74,71,-1.8170658118810241,Low Decline
CUST03272,302567.06,310038.26,98,90,2.4692707791786757,Stable or Increased
CUST03273,107095.70999999999,190286.66,39,69,77.67906856399759,Stable or Increased
CUST03274,262495.79000000004,363954.4799999999,101,110,38.65154942104019,Stable or Increased
CUST03275,90858.88,177046.43999999997,41,72,94.85870836180234,Stable or Increased
CUST03276,84567.63,145560.83000000002,45,43,72.12357730729832,Stable or Increased
CUST03277,74299.29,118095.29,33,49,58.94538157767053,Stable or Increased
CUST03278,155280.99,204517.01000000004,52,56,31.70769325981245,Stable or Increased
CUST03279,119419.24000000002,243268.61999999997,61,92,103.70973722492282,Stable or Increased
CUST03280,78408.66,72357.65,35,39,-7.717272556373249,Low Decline
CUST03281,147954.27,138381.88,52,56,-6.469830171173826,Low Decline
CUST03282,92585.49,105846.43000000001,30,42,14.322913882078069,Stable or Increased
CUST03283,58483.59,89386.15999999999,40,40,52.839728204099636,Stable or Increased
CUST03284,83807.07,89356.43,37,36,6.621589324146502,Stable or Increased
CUST03285,251969.64000000004,309526.06,73,109,22.842601195921837,Stable or Increased
CUST03286,326414.16,324195.31999999995,90,105,-0.6797621769839965,Low Decline
CUST03287,199953.11,283211.2,67,80,41.63880721835236,Stable or Increased
CUST03288,65907.48000000001,93551.29,34,37,41.94335756730492,Stable or Increased
CUST03289,250591.86000000002,325331.56,83,98,29.82527046169815,Stable or Increased
CUST03290,81019.48,97197.62,41,37,19.968210114407054,Stable or Increased
CUST03291,58936.1,119792.0,34,38,103.2574262633598,Stable or Increased
CUST03292,114854.54000000001,69864.2,42,38,-39.17158172415301,Moderate Decline
CUST03293,74724.73999999999,145763.5,31,51,95.06725617245375,Stable or Increased
CUST03294,103192.81000000001,137661.97999999998,37,47,33.402685710370676,Stable or Increased
CUST03295,109542.31999999999,60607.69000000002,40,40,-44.67189484392879,Moderate Decline
CUST03296,68672.51000000001,118563.69,22,46,72.65087587449473,Stable or Increased
CUST03297,162619.54,243381.42000000004,70,84,49.663084768288016,Stable or Increased
CUST03298,276975.04,353545.13000000006,90,113,27.64512282406389,Stable or Increased
CUST03299,245889.93999999997,299472.87999999995,95,102,21.79143237824206,Stable or Increased
CUST03300,307126.75,259873.59000000003,90,79,-15.385556614655016,Low Decline
CUST03301,121181.63999999998,187254.62,44,58,54.523919630069386,Stable or Increased
CUST03302,127909.6,155775.24,49,59,21.785417200898124,Stable or Increased
CUST03303,297315.35,266365.70999999996,106,101,-10.409701349089449,Low Decline
CUST03304,94802.01999999999,94159.59,31,42,-0.6776543369012529,Low Decline
CUST03305,170757.8,222252.58000000002,75,79,30.15661949263813,Stable or Increased
CUST03306,87710.62000000001,111294.79,31,48,26.88861394435472,Stable or Increased
CUST03307,80640.01999999999,80252.01,39,47,-0.4811630751083579,Low Decline
CUST03308,134517.63999999998,100888.70000000001,50,55,-24.999650603445,Low Decline
CUST03309,173770.78000000003,218440.25999999998,73,79,25.705978876310475,Stable or Increased
CUST03310,276253.47,364825.20000000007,91,95,32.06176197533377,Stable or Increased
CUST03311,93978.20000000001,97915.59999999999,31,43,4.189695056938715,Stable or Increased
CUST03312,76347.99999999999,78013.18000000001,33,36,2.181039450935221,Stable or Increased
CUST03313,171047.82,310965.87999999995,72,87,81.80055144812717,Stable or Increased
CUST03314,179529.80000000002,149370.90999999997,49,54,-16.79882114278523,Low Decline
CUST03315,93104.68000000001,106872.62,42,37,14.787591773045122,Stable or Increased
CUST03316,128374.36000000002,169196.41,50,55,31.799223770229496,Stable or Increased
CUST03317,162122.32,239226.32,64,71,47.559151633161925,Stable or Increased
CUST03318,187706.48,252379.38999999998,75,80,34.45427669838568,Stable or Increased
CUST03319,188050.96,213344.05,72,74,13.45012543408446,Stable or Increased
CUST03320,62556.45,148365.96000000002,39,38,137.1713228611918,Stable or Increased
CUST03321,76702.46,98386.12,37,46,28.269836456353538,Stable or Increased
CUST03322,114938.13,101173.51000000001,41,47,-11.97567769720979,Low Decline
CUST03323,83871.05,92055.87999999999,39,36,9.75882619807429,Stable or Increased
CUST03324,142455.91999999998,155000.1,59,74,8.805657216632362,Stable or Increased
CUST03325,124112.08999999998,105434.54000000001,50,44,-15.048936811877052,Low Decline
CUST03326,92071.89,127240.81,43,47,38.197239135636295,Stable or Increased
CUST03327,129440.34000000001,144977.78,50,53,12.003553142706506,Stable or Increased
CUST03328,58156.0,69563.53,28,44,19.61539651970562,Stable or Increased
CUST03329,221711.26,301847.39999999997,81,105,36.14437083619477,Stable or Increased
CUST03330,153450.3,157313.71,60,57,2.5176946542300693,Stable or Increased
CUST03331,146669.76,160119.07,52,58,9.169790691687227,Stable or Increased
CUST03332,97133.59,112762.86000000002,36,48,16.09048939712824,Stable or Increased
CUST03333,85308.63,92391.0,31,35,8.302055724022289,Stable or Increased
CUST03334,195529.31,185312.7,65,77,-5.225104103318314,Low Decline
CUST03335,155395.93,186641.31,52,64,20.10694874698456,Stable or Increased
CUST03336,107428.39000000001,72556.06,36,37,-32.461000299827646,Moderate Decline
CUST03337,85787.11000000002,86955.3,24,45,1.361731383654243,Stable or Increased
CUST03338,245018.44999999998,332705.9000000001,88,88,35.788100855262165,Stable or Increased
CUST03339,139463.82,98103.22,45,36,-29.656867279269996,Moderate Decline
CUST03340,114227.21,122762.87,39,46,7.472527780377362,Stable or Increased
CUST03341,173907.52,183948.71,67,70,5.773867628035868,Stable or Increased
CUST03342,254300.98,384094.29,81,98,51.03924884599342,Stable or Increased
CUST03343,169797.18,227906.76,70,90,34.22293585794536,Stable or Increased
CUST03344,67566.33,113776.51,35,39,68.39231907371614,Stable or Increased
CUST03345,160050.33000000002,186786.41999999998,66,66,16.704801545863706,Stable or Increased
CUST03346,95316.25,113693.05,41,47,19.279818498944305,Stable or Increased
CUST03347,148884.74000000002,133068.41,52,67,-10.623204231676137,Low Decline
CUST03348,76639.79000000001,60148.15,33,32,-21.518378377602556,Low Decline
CUST03349,81002.29000000001,68002.87999999999,38,37,-16.048200612599985,Low Decline
CUST03350,128572.55999999998,178278.93999999997,42,64,38.660177568215175,Stable or Increased
CUST03351,81880.5,179070.23,25,54,118.69704019882636,Stable or Increased
CUST03352,174749.80000000002,256470.81000000003,63,76,46.76457998807438,Stable or Increased
CUST03353,110508.77,133366.83,53,45,20.68438550171175,Stable or Increased
CUST03354,172360.95,232976.8,58,71,35.16797163162536,Stable or Increased
CUST03355,152699.15999999997,152377.30000000002,49,55,-0.21078046532800637,Low Decline
CUST03356,166722.9,226393.78999999998,65,79,35.79045829936978,Stable or Increased
CUST03357,77241.92,176020.75,42,61,127.88241151954794,Stable or Increased
CUST03358,145272.81,174884.32,62,72,20.383380757899577,Stable or Increased
CUST03359,101957.17,88101.22,29,39,-13.589971161420033,Low Decline
CUST03360,130670.17,144969.55000000002,50,57,10.943109663054711,Stable or Increased
CUST03361,130168.01000000001,112259.15,57,52,-13.758265183588511,Low Decline
CUST03362,95947.97,160954.52000000002,45,44,67.75187635548727,Stable or Increased
CUST03363,76674.59,123691.21000000002,34,44,61.31968883041961,Stable or Increased
CUST03364,85020.82,156790.86,49,57,84.4146645492245,Stable or Increased
CUST03365,137790.21999999997,176276.26000000004,45,72,27.93089378912384,Stable or Increased
CUST03366,197036.33000000002,246672.21000000002,63,84,25.191232500118122,Stable or Increased
CUST03367,143695.05000000002,247237.55,64,87,72.05710983085356,Stable or Increased
CUST03368,142784.41,149399.93,56,59,4.633222912781577,Stable or Increased
CUST03369,159938.98,137162.96,66,57,-14.240443449120418,Low Decline
CUST03370,84885.30999999998,131635.46000000002,37,43,55.074488153486215,Stable or Increased
CUST03371,344316.22000000003,368588.9600000001,102,108,7.049548813006847,Stable or Increased
CUST03372,161795.35999999996,186602.61,50,69,15.332485430979006,Stable or Increased
CUST03373,67909.54000000001,145914.74000000002,28,42,114.86633542209239,Stable or Increased
CUST03374,222836.90000000002,241601.93999999997,74,86,8.420975161654082,Stable or Increased
CUST03375,88404.87,133341.57,39,52,50.83057075928058,Stable or Increased
CUST03376,146139.80000000002,163211.56,46,55,11.681800577255464,Stable or Increased
CUST03377,280685.97000000003,370031.66,98,111,31.831191990109065,Stable or Increased
CUST03378,158919.54,190614.91999999998,46,57,19.944293823150996,Stable or Increased
CUST03379,218169.85,297545.38000000006,84,93,36.38244697881034,Stable or Increased
CUST03380,100320.18,140179.50999999998,48,60,39.732115711913586,Stable or Increased
CUST03381,202802.71999999997,184809.01,70,77,-8.872519066805399,Low Decline
CUST03382,112686.34,111453.56000000001,47,52,-1.0939924040482496,Low Decline
CUST03383,172941.93999999997,159461.67999999996,64,58,-7.794673750045831,Low Decline
CUST03384,153122.44999999998,143223.46000000002,50,57,-6.464754188559524,Low Decline
CUST03385,107554.45,140084.09000000003,41,64,30.24481088416149,Stable or Increased
CUST03386,110377.93,172346.3,41,53,56.14199324085893,Stable or Increased
CUST03387,116780.95999999999,132523.16999999998,52,50,13.48011696427225,Stable or Increased
CUST03388,95337.28,97743.01000000001,40,49,2.5233885422365843,Stable or Increased
CUST03389,163539.63,275483.23000000004,69,88,68.45044225671786,Stable or Increased
CUST03390,81620.65,103919.31,28,52,27.31987554620063,Stable or Increased
CUST03391,109334.68,108934.73000000001,44,40,-0.3658034212017473,Low Decline
CUST03392,145746.51000000004,111070.01000000001,54,54,-23.792336433990783,Low Decline
CUST03393,98199.48000000001,149737.94,48,74,52.48343473916561,Stable or Increased
CUST03394,48032.649999999994,121804.76000000001,30,46,153.5874243873699,Stable or Increased
CUST03395,73849.04999999999,122325.99999999999,28,55,65.64329534367742,Stable or Increased
CUST03396,139726.58,158541.87999999998,51,53,13.465798704870606,Stable or Increased
CUST03397,98422.84999999999,141040.52000000002,46,60,43.300585179153046,Stable or Increased
CUST03398,77626.0,137256.47,43,50,76.81765130239869,Stable or Increased
CUST03399,276789.01,319719.42999999993,84,90,15.510160609339195,Stable or Increased
CUST03400,109456.07999999999,135101.47,43,41,23.429845103168336,Stable or Increased
CUST03401,215437.02999999997,246509.9,70,79,14.423179710563234,Stable or Increased
CUST03402,71421.8,135429.61000000002,37,51,89.61942992195661,Stable or Increased
CUST03403,62834.40999999999,75180.92,31,32,19.649281341226903,Stable or Increased
CUST03404,125462.09,143968.81,41,58,14.75084625164462,Stable or Increased
CUST03405,223925.7,226583.01,77,73,1.1866927288828382,Stable or Increased
CUST03406,85699.18,71781.06,34,41,-16.240668813867295,Low Decline
CUST03407,88667.29000000001,147201.73999999996,40,57,66.01583289621229,Stable or Increased
CUST03408,96752.31999999999,148601.90000000002,43,51,53.59001210513612,Stable or Increased
CUST03409,89018.05,205472.69999999998,45,68,130.8213895945822,Stable or Increased
CUST03410,116482.6,111121.71,51,44,-4.602309701191422,Low Decline
CUST03411,167812.68,230756.41,63,85,37.508327737808614,Stable or Increased
CUST03412,84553.20999999999,132791.83000000002,37,49,57.051198884111,Stable or Increased
CUST03413,216201.52999999994,237294.52000000002,74,77,9.756170550689482,Stable or Increased
CUST03414,282864.87,393382.55999999994,98,100,39.07084326166058,Stable or Increased
CUST03415,75902.03,93831.03,37,42,23.621239115739066,Stable or Increased
CUST03416,173197.08000000002,261342.44999999998,63,76,50.8931039714988,Stable or Increased
CUST03417,120764.18000000001,143354.76,49,56,18.7063581270539,Stable or Increased
CUST03418,93096.12999999999,88629.71999999999,41,43,-4.797632296852731,Low Decline
CUST03419,155542.63,103048.97000000002,59,45,-33.7487285639956,Moderate Decline
CUST03420,196685.53999999998,217285.25,74,75,10.473423719913535,Stable or Increased
CUST03421,137434.58,124304.95999999999,50,52,-9.55335986037866,Low Decline
CUST03422,115085.16,133579.23,47,43,16.06989988978597,Stable or Increased
CUST03423,249519.16000000003,356688.6500000001,98,114,42.950405091136105,Stable or Increased
CUST03424,98448.67,112576.4,36,51,14.350351304898274,Stable or Increased
CUST03425,70153.09,83419.25,36,47,18.910300316065914,Stable or Increased
CUST03426,68264.18,66124.84000000001,26,37,-3.133912983353762,Low Decline
CUST03427,203877.11,355038.64999999997,78,103,74.14345828229564,Stable or Increased
CUST03428,81862.94,72759.76,37,29,-11.120025740585431,Low Decline
CUST03429,193909.83,178015.65,59,75,-8.19668605763823,Low Decline
CUST03430,240499.15999999997,211691.32,71,78,-11.978353687389166,Low Decline
CUST03431,73187.15,94395.56999999999,30,50,28.97833841049966,Stable or Increased
CUST03432,155809.74,245486.01,70,81,57.55498340476021,Stable or Increased
CUST03433,113756.18,181828.94,58,61,59.84093347719659,Stable or Increased
CUST03434,110254.33,109663.32999999999,43,50,-0.536033369392399,Low Decline
CUST03435,112101.61,129532.13,52,55,15.548857862077096,Stable or Increased
CUST03436,55347.68,88804.39,32,39,60.44826088464774,Stable or Increased
CUST03437,85938.16,113203.4,37,40,31.72658106713012,Stable or Increased
CUST03438,95498.39,137685.77000000002,33,49,44.17601176313027,Stable or Increased
CUST03439,94361.16,96402.81,37,47,2.1636550462075648,Stable or Increased
CUST03440,156075.84000000003,153703.36000000002,59,53,-1.5200815193434232,Low Decline
CUST03441,91455.39000000001,100035.91,38,43,9.382191689303372,Stable or Increased
CUST03442,61440.46000000001,119455.47000000002,40,40,94.4247650489596,Stable or Increased
CUST03443,131253.76,154919.2,55,51,18.030294903551713,Stable or Increased
CUST03444,152055.56,165691.58999999997,67,61,8.967794403571938,Stable or Increased
CUST03445,163547.51,173953.32,56,75,6.36256094635742,Stable or Increased
CUST03446,82142.11000000002,112570.12999999999,34,44,37.043143888073935,Stable or Increased
CUST03447,212240.43999999997,224089.95,79,83,5.583059477260808,Stable or Increased
CUST03448,73673.01999999999,89972.6,31,33,22.12421860811464,Stable or Increased
CUST03449,167513.29,211827.18000000002,68,82,26.453954787706703,Stable or Increased
CUST03450,300746.79,302513.85,98,109,0.5875573933806568,Stable or Increased
CUST03451,89968.97,117360.58000000002,42,44,30.44561919515141,Stable or Increased
CUST03452,118733.56999999999,92532.68,55,50,-22.066960506619992,Low Decline
CUST03453,80581.74,111139.37,32,47,37.921283407382354,Stable or Increased
CUST03454,105425.43,142343.49,47,67,35.01817350899115,Stable or Increased
CUST03455,133002.24,161622.77000000002,56,56,21.518833066270183,Stable or Increased
CUST03456,180483.96,222494.38,66,79,23.276539366711596,Stable or Increased
CUST03457,173020.40999999997,231041.52,68,88,33.53425760579346,Stable or Increased
CUST03458,171116.24000000005,111907.94,58,51,-34.60121610900288,Moderate Decline
CUST03459,78863.3,74375.84,40,34,-5.69017527798102,Low Decline
CUST03460,94414.92000000001,90594.74000000002,41,43,-4.0461613482275816,Low Decline
CUST03461,150253.34000000003,109085.51,48,51,-27.398945008477032,Moderate Decline
CUST03462,288491.96,358210.8,98,101,24.166649219617753,Stable or Increased
CUST03463,85449.90999999999,135968.43999999997,44,47,59.12063570341969,Stable or Increased
CUST03464,94696.06000000001,108882.45,42,47,14.980971753207033,Stable or Increased
CUST03465,290872.57,379064.42000000004,97,98,30.319754798467258,Stable or Increased
CUST03466,231468.51,274875.18,74,83,18.752732283108394,Stable or Increased
CUST03467,110863.32,160470.98,42,60,44.74668447598358,Stable or Increased
CUST03468,133630.36,157055.71,52,60,17.529961005867236,Stable or Increased
CUST03469,74641.67000000001,82385.03,37,38,10.374044417816462,Stable or Increased
CUST03470,261862.21999999997,337753.41000000003,90,94,28.98134370051551,Stable or Increased
CUST03471,94279.61,166082.61,38,55,76.1596277286255,Stable or Increased
CUST03472,179960.52,235262.20000000004,68,71,30.72989564600061,Stable or Increased
CUST03473,94140.16,172203.18000000002,47,56,82.92212377799233,Stable or Increased
CUST03474,198377.47,201518.32999999996,76,83,1.583274552296668,Stable or Increased
CUST03475,114888.55,118392.85999999999,40,43,3.0501821112721705,Stable or Increased
CUST03476,158677.42,167132.25000000003,52,63,5.328313253391702,Stable or Increased
CUST03477,101490.97000000002,104561.60999999999,44,54,3.0255302516075764,Stable or Increased
CUST03478,115544.87,190808.31,46,68,65.13784644874325,Stable or Increased
CUST03479,121781.39999999997,136686.06999999998,58,60,12.23887227441959,Stable or Increased
CUST03480,250041.52,268982.57,86,97,7.575161917108814,Stable or Increased
CUST03481,128929.97,134869.97,56,52,4.60715223931255,Stable or Increased
CUST03482,73671.01999999999,103177.01,28,44,40.05101327496214,Stable or Increased
CUST03483,150710.56,158095.23,51,60,4.899902170093465,Stable or Increased
CUST03484,228016.21000000002,402353.95999999996,95,108,76.45848950826782,Stable or Increased
CUST03485,65782.12,93748.68000000001,36,46,42.51392323628368,Stable or Increased
CUST03486,91542.60999999999,80735.87,34,34,-11.805147351599427,Low Decline
CUST03487,126311.42,82000.59,46,40,-35.08062058046691,Moderate Decline
CUST03488,106018.6,123419.71999999999,37,48,16.4132708788835,Stable or Increased
CUST03489,133630.74,240504.28,45,70,79.97676283166584,Stable or Increased
CUST03490,114777.17,118039.81000000001,46,43,2.8425862042076955,Stable or Increased
CUST03491,84199.47,88374.04000000001,36,44,4.957952823218491,Stable or Increased
CUST03492,69670.21,99153.29000000001,28,40,42.318058177232416,Stable or Increased
CUST03493,127720.82999999997,182169.10000000003,49,59,42.63068913661153,Stable or Increased
CUST03494,165199.26,161340.84,61,65,-2.3356157890779974,Low Decline
CUST03495,151663.79,171772.08999999997,60,54,13.25847125408112,Stable or Increased
CUST03496,181949.09999999998,199849.4,67,70,9.838081089711364,Stable or Increased
CUST03497,235091.49999999994,233688.58,69,76,-0.5967548805464914,Low Decline
CUST03498,52495.57,72389.77,27,32,37.89691206324649,Stable or Increased
CUST03499,109437.81,161434.37,57,61,47.51242737770429,Stable or Increased
CUST03500,92806.23000000001,108268.14,33,37,16.660422473792963,Stable or Increased
CUST03501,140774.33,120452.81999999998,57,54,-14.435522442195257,Low Decline
CUST03502,326033.55,332592.5,98,113,2.0117408162442216,Stable or Increased
CUST03503,168479.41,240396.94,59,80,42.68624278776855,Stable or Increased
CUST03504,148186.78,130528.13999999998,57,52,-11.916474600500809,Low Decline
CUST03505,80242.23000000001,104865.26999999999,36,45,30.68588696999071,Stable or Increased
CUST03506,104210.89,150098.91,47,58,44.0338049123273,Stable or Increased
CUST03507,114591.23000000001,161896.59,47,58,41.2818328243793,Stable or Increased
CUST03508,102328.75999999998,52639.360000000015,43,31,-48.55858704825503,Moderate Decline
CUST03509,126661.71,199479.27000000002,48,59,57.489797034952396,Stable or Increased
CUST03510,63966.130000000005,89714.1,38,29,40.25250550564807,Stable or Increased
CUST03511,79530.19,102522.33000000002,48,43,28.90995230867676,Stable or Increased
CUST03512,192954.79,239649.94999999998,72,86,24.200052250581585,Stable or Increased
CUST03513,138198.48,164725.58999999997,45,63,19.19493615269861,Stable or Increased
CUST03514,95097.37000000001,119829.90000000001,40,48,26.007585698742243,Stable or Increased
CUST03515,198604.06,189557.02999999997,62,74,-4.555309695078755,Low Decline
CUST03516,127479.69000000002,133563.55,47,53,4.772415119616286,Stable or Increased
CUST03517,187050.66999999998,194834.26,66,84,4.161220058714586,Stable or Increased
CUST03518,172174.66999999998,278030.95,71,89,61.48191252522804,Stable or Increased
CUST03519,193551.36,231360.86000000004,69,76,19.534608281750156,Stable or Increased
CUST03520,261137.58000000002,368121.84,104,102,40.968542329296305,Stable or Increased
CUST03521,112093.42999999998,68689.06,31,38,-38.72160036498124,Moderate Decline
CUST03522,102907.87,94430.36000000002,42,41,-8.237960809022654,Low Decline
CUST03523,148213.68,303500.83,57,96,104.77248119067013,Stable or Increased
CUST03524,142633.06999999998,220809.75000000003,67,84,54.80964547702722,Stable or Increased
CUST03525,84573.41,188660.84000000003,36,54,123.07346954556995,Stable or Increased
CUST03526,121848.14,159088.26,55,63,30.56273161001884,Stable or Increased
CUST03527,83610.77,63340.520000000004,32,29,-24.243587279485645,Low Decline
CUST03528,83977.80999999998,128023.51999999999,40,48,52.44922438439394,Stable or Increased
CUST03529,75652.06999999999,89537.54000000001,30,38,18.35438210745591,Stable or Increased
CUST03530,66291.2,87660.41,26,46,32.235364573276705,Stable or Increased
CUST03531,141831.39,135406.64999999997,54,56,-4.529843499383351,Low Decline
CUST03532,82911.78,189776.51,48,58,128.88968250349953,Stable or Increased
CUST03533,210198.87999999998,180174.23,68,70,-14.28392482395718,Low Decline
CUST03534,89881.45999999999,61288.62,36,36,-31.811721794461274,Moderate Decline
CUST03535,159803.75000000003,228184.56,57,75,42.79049146218406,Stable or Increased
CUST03536,71310.43000000001,89079.99,31,43,24.91859886414932,Stable or Increased
CUST03537,87051.53,60810.060000000005,41,33,-30.144754491965845,Moderate Decline
CUST03538,89057.43999999999,150777.65999999997,37,63,69.30383357078308,Stable or Increased
CUST03539,101455.10999999999,158337.00000000003,48,62,56.06606705172372,Stable or Increased
CUST03540,182413.56,268325.85000000003,75,87,47.09753485431677,Stable or Increased
CUST03541,91063.67,170037.99999999997,44,52,86.72429960268455,Stable or Increased
CUST03542,306063.56,354116.07,92,101,15.7001735195134,Stable or Increased
CUST03543,123230.23,215171.21,54,64,74.60911174149395,Stable or Increased
CUST03544,72964.38,117962.93,37,40,61.67194184340357,Stable or Increased
CUST03545,107241.9,116600.97,44,53,8.727064701390042,Stable or Increased
CUST03546,151280.18000000002,251910.89999999997,64,85,66.51943433700299,Stable or Increased
CUST03547,139774.38,208247.25999999998,50,65,48.988147899493434,Stable or Increased
CUST03548,60261.740000000005,107677.06999999999,25,39,78.68231152967037,Stable or Increased
CUST03549,126811.04,178525.59,49,59,40.78079479515348,Stable or Increased
CUST03550,108534.88999999998,144301.63999999998,37,54,32.95414958268259,Stable or Increased
CUST03551,112988.64000000003,190423.00000000003,39,52,68.53287197721822,Stable or Increased
CUST03552,162940.77000000002,141253.61000000002,54,56,-13.309842588813101,Low Decline
CUST03553,98645.73999999999,116241.07999999999,37,49,17.83689797450959,Stable or Increased
CUST03554,212732.52000000002,204974.11999999997,67,78,-3.6470211512560713,Low Decline
CUST03555,89793.26,96513.75,34,37,7.484403617821655,Stable or Increased
CUST03556,139832.44,73604.22,38,26,-47.36255764399162,Moderate Decline
CUST03557,108395.97,159275.68,51,68,46.938746892527455,Stable or Increased
CUST03558,90410.54000000001,150801.05,52,60,66.79587357845665,Stable or Increased
CUST03559,76061.26,90782.43,38,34,19.35435989359103,Stable or Increased
CUST03560,67686.69,71428.53,35,44,5.528176957685472,Stable or Increased
CUST03561,140105.54,183206.51,47,65,30.76321607268349,Stable or Increased
CUST03562,207618.9,365727.72000000003,98,106,76.15338487970028,Stable or Increased
CUST03563,135716.18,235429.22000000003,51,68,73.47174080496522,Stable or Increased
CUST03564,184076.87,286052.55000000005,70,94,55.39842132257033,Stable or Increased
CUST03565,66590.99,147482.38999999998,45,55,121.47499233755194,Stable or Increased
CUST03566,157647.75,183502.75999999998,67,64,16.400494139624563,Stable or Increased
CUST03567,306652.08,339745.35,93,97,10.791797009822977,Stable or Increased
CUST03568,122367.84,91599.55,42,39,-25.144098318643195,Moderate Decline
CUST03569,125893.91,168432.95,49,48,33.789593158239356,Stable or Increased
CUST03570,132332.42,232642.09999999998,61,86,75.80128890562112,Stable or Increased
CUST03571,165654.0,252564.37000000002,64,90,52.46499933596534,Stable or Increased
CUST03572,195542.31,173559.65,76,78,-11.241894401267944,Low Decline
CUST03573,306376.12,330834.48,101,99,7.983115655358514,Stable or Increased
CUST03574,69510.5,106803.8,30,34,53.65131886549515,Stable or Increased
CUST03575,139823.21999999997,149844.16999999998,57,57,7.166871139142708,Stable or Increased
CUST03576,63185.67999999999,88448.67000000001,30,46,39.98214468848008,Stable or Increased
CUST03577,151025.74,203374.71,61,60,34.66228339619458,Stable or Increased
CUST03578,58037.53,91340.59,39,42,57.38193889367793,Stable or Increased
CUST03579,110694.37000000001,136232.57,39,63,23.070911375167494,Stable or Increased
CUST03580,109843.05,185317.33000000002,46,57,68.71101995073882,Stable or Increased
CUST03581,95770.35,177482.94000000003,53,60,85.32138600307927,Stable or Increased
CUST03582,85682.58,130116.57000000002,34,47,51.85883758402235,Stable or Increased
CUST03583,151375.72999999998,218392.82,65,70,44.27201771380395,Stable or Increased
CUST03584,110429.21,90962.83,38,39,-17.627926524150634,Low Decline
CUST03585,110376.75000000003,168302.48000000004,48,65,52.48001050945964,Stable or Increased
CUST03586,245537.91000000003,374213.93,91,114,52.405764959064754,Stable or Increased
CUST03587,212390.85,212757.82,74,72,0.17278051290816018,Stable or Increased
CUST03588,125785.11,142093.02,48,53,12.964897037495128,Stable or Increased
CUST03589,96784.57,96650.90000000001,35,45,-0.13811085796010483,Low Decline
CUST03590,91106.26,160536.98,42,42,76.20850641876862,Stable or Increased
CUST03591,144408.85,246359.42999999996,63,83,70.59856788555547,Stable or Increased
CUST03592,70051.69,72524.59,31,35,3.5301075534366038,Stable or Increased
CUST03593,77519.43,98113.13,30,44,26.565855811891307,Stable or Increased
CUST03594,146114.15,132200.21,55,54,-9.522650612551901,Low Decline
CUST03595,60259.60999999999,79319.26999999999,29,38,31.62924552614927,Stable or Increased
CUST03596,178739.02000000002,234242.95,65,75,31.053057133243758,Stable or Increased
CUST03597,169545.94,140881.63999999998,48,57,-16.906509232836846,Low Decline
CUST03598,130586.84,342809.18,64,86,162.5143391171729,Stable or Increased
CUST03599,68838.69,141056.74,41,46,104.90909981000509,Stable or Increased
CUST03600,280828.56,352892.52999999997,93,102,25.661196995063456,Stable or Increased
CUST03601,257190.15000000002,369872.86,90,106,43.8129959487173,Stable or Increased
CUST03602,144027.34,176745.85000000003,59,56,22.71687444897617,Stable or Increased
CUST03603,78006.23999999999,80265.73,31,37,2.896550327255878,Stable or Increased
CUST03604,62228.32000000001,107266.05000000002,32,46,72.37497332404283,Stable or Increased
CUST03605,237339.93000000002,328564.56999999995,102,109,38.43627998036399,Stable or Increased
CUST03606,95584.62,121482.32,42,52,27.09400319842252,Stable or Increased
CUST03607,90398.26,94795.92000000001,36,36,4.86476177749441,Stable or Increased
CUST03608,85518.01,112766.78,32,34,31.86319466507699,Stable or Increased
CUST03609,230162.25,342505.29000000004,85,100,48.81036746903545,Stable or Increased
CUST03610,291106.73000000004,420131.14,82,104,44.32202924336375,Stable or Increased
CUST03611,83814.49999999999,114943.15999999997,37,44,37.13994595207273,Stable or Increased
CUST03612,146705.38999999998,130077.01,44,54,-11.334539242218703,Low Decline
CUST03613,187553.92000000004,227863.33,75,75,21.492171424622814,Stable or Increased
CUST03614,180533.28000000003,199500.37999999998,71,67,10.506151552777386,Stable or Increased
CUST03615,153348.31,133559.03,49,52,-12.904791712409482,Low Decline
CUST03616,181119.2,158159.80000000002,64,77,-12.676403164324928,Low Decline
CUST03617,153457.36000000002,269108.89,64,86,75.36395126307399,Stable or Increased
CUST03618,114974.51999999999,115622.25,46,59,0.5633683010809791,Stable or Increased
CUST03619,112740.08,138784.61000000002,51,49,23.101393931953936,Stable or Increased
CUST03620,217441.65,215893.43,76,82,-0.7120163041441239,Low Decline
CUST03621,173531.79,238210.66999999998,68,84,37.2720640984571,Stable or Increased
CUST03622,110625.60999999999,85116.56999999999,33,46,-23.058892059442655,Low Decline
CUST03623,90787.33000000002,131155.89,36,47,44.464971048272915,Stable or Increased
CUST03624,103811.48999999999,120336.69,48,48,15.918469140554686,Stable or Increased
CUST03625,208004.79000000004,419339.53,91,109,101.6009006331056,Stable or Increased
CUST03626,120503.14000000001,176969.71,49,64,46.85900301021199,Stable or Increased
CUST03627,85008.45999999998,104069.07,27,47,22.42201540881935,Stable or Increased
CUST03628,89988.46,135049.84,31,48,50.0746206791404,Stable or Increased
CUST03629,246204.43,367846.8300000001,88,112,49.40707200110091,Stable or Increased
CUST03630,119444.76999999999,125047.48999999999,55,55,4.690636517613958,Stable or Increased
CUST03631,66886.46,142968.12,25,39,113.74747594655179,Stable or Increased
CUST03632,158732.16,181972.71,54,73,14.641361901709137,Stable or Increased
CUST03633,78193.59999999999,108806.09999999999,33,43,39.14962349859835,Stable or Increased
CUST03634,73709.66,111921.12,38,45,51.840505030141216,Stable or Increased
CUST03635,94519.68,77264.79,37,36,-18.255341109914887,Low Decline
CUST03636,128866.34,225619.09000000003,56,93,75.079923896341,Stable or Increased
CUST03637,180067.02,234301.51999999996,65,73,30.119063446487853,Stable or Increased
CUST03638,107016.70000000001,83523.71999999999,46,37,-21.95262982319584,Low Decline
CUST03639,122821.06,115947.8,52,52,-5.59615753194118,Low Decline
CUST03640,190384.48,225587.84,71,78,18.490666886292402,Stable or Increased
CUST03641,97323.97,148329.40999999997,33,51,52.40789088237972,Stable or Increased
CUST03642,87370.52999999998,46361.09,33,35,-46.93738266209441,Moderate Decline
CUST03643,150620.3,249482.63,62,90,65.63678999444299,Stable or Increased
CUST03644,99724.61999999998,132583.02000000002,46,55,32.949135328868685,Stable or Increased
CUST03645,82218.81,82379.63,34,41,0.19560000929228602,Stable or Increased
CUST03646,126093.08000000002,180434.12000000002,50,54,43.095973228665684,Stable or Increased
CUST03647,185433.69000000003,308723.15,68,87,66.4870876484203,Stable or Increased
CUST03648,88642.34000000001,102470.45999999998,41,51,15.599904063904411,Stable or Increased
CUST03649,107077.51,181926.27,53,66,69.90147604291508,Stable or Increased
CUST03650,72021.64,97656.84999999999,30,37,35.5937604308927,Stable or Increased
CUST03651,64734.31,84318.02999999998,34,43,30.252458085982514,Stable or Increased
CUST03652,148736.09,233920.72999999995,66,79,57.27234055971215,Stable or Increased
CUST03653,128206.01999999999,183962.69000000003,45,68,43.48990008425505,Stable or Increased
CUST03654,160198.26,277795.78,63,92,73.40748894526071,Stable or Increased
CUST03655,65116.2,105398.87999999998,31,47,61.86276226192557,Stable or Increased
CUST03656,116971.18999999997,154006.87,43,55,31.66222383477507,Stable or Increased
CUST03657,68303.51000000001,121545.48,42,43,77.94909807709733,Stable or Increased
CUST03658,185348.91999999998,189816.88999999998,64,67,2.410572448978932,Stable or Increased
CUST03659,158045.53000000003,120453.99,59,59,-23.785259855182247,Low Decline
CUST03660,289621.16000000003,401016.33,106,116,38.46237270785048,Stable or Increased
CUST03661,167527.15000000002,188577.55,61,76,12.565366270482103,Stable or Increased
CUST03662,72817.81999999999,58793.520000000004,27,30,-19.259434023155308,Low Decline
CUST03663,107946.29999999999,166243.02000000002,44,54,54.00529707826951,Stable or Increased
CUST03664,283631.98,344395.49,86,108,21.42336347262393,Stable or Increased
CUST03665,95128.64999999998,127287.87,40,36,33.806030044576495,Stable or Increased
CUST03666,57394.32,90393.34999999999,24,50,57.49528873240417,Stable or Increased
CUST03667,144633.76,164833.55,53,69,13.966165299166653,Stable or Increased
CUST03668,146216.31,157916.81,57,65,8.002185255529975,Stable or Increased
CUST03669,100931.91999999998,62979.01,38,35,-37.60248492251013,Moderate Decline
CUST03670,111841.8,123407.28,30,56,10.34092798935639,Stable or Increased
CUST03671,78045.65,134339.25999999998,37,45,72.1290808648528,Stable or Increased
CUST03672,135748.60000000003,170696.52,48,55,25.74458963112691,Stable or Increased
CUST03673,285228.17000000004,325776.41000000003,86,105,14.216071294781292,Stable or Increased
CUST03674,138419.33,162470.77,52,56,17.3757812582968,Stable or Increased
CUST03675,129515.37,149339.07,49,52,15.306059813595878,Stable or Increased
CUST03676,73412.91,119486.70999999999,32,42,62.75980614308844,Stable or Increased
CUST03677,197906.89,218334.25999999998,67,85,10.321707344297092,Stable or Increased
CUST03678,231460.75000000003,347758.41,95,123,50.245089070177094,Stable or Increased
CUST03679,219728.39,232110.33999999997,79,70,5.635116154084574,Stable or Increased
CUST03680,92219.19,170243.35,51,65,84.60729269038255,Stable or Increased
CUST03681,223564.2,306530.2199999999,91,101,37.11060178686923,Stable or Increased
CUST03682,148606.48,190847.39,49,69,28.424675693819,Stable or Increased
CUST03683,82826.68,93952.42000000001,32,47,13.432555789994263,Stable or Increased
CUST03684,82785.89,101031.76000000001,38,42,22.039830700618197,Stable or Increased
CUST03685,68985.5,91819.66,33,37,33.09994129201065,Stable or Increased
CUST03686,122608.64000000001,148774.89,55,60,21.341277417317407,Stable or Increased
CUST03687,83388.15,89044.25999999998,30,36,6.782870227964029,Stable or Increased
CUST03688,83546.80999999998,113704.17000000001,41,37,36.096363224400825,Stable or Increased
CUST03689,182803.63,149620.44999999998,62,45,-18.152363823409864,Low Decline
CUST03690,215011.84,204174.04000000004,63,74,-5.040559626855878,Low Decline
CUST03691,94469.95999999999,186173.03,49,58,97.07114303848547,Stable or Increased
CUST03692,163993.37999999998,201632.47999999995,61,74,22.951597192520808,Stable or Increased
CUST03693,204754.36,226162.91000000003,79,76,10.455723629035322,Stable or Increased
CUST03694,125660.39,108127.15,43,43,-13.952877275010849,Low Decline
CUST03695,283749.95,392994.76999999996,93,120,38.5003838767196,Stable or Increased
CUST03696,63575.42,95470.07,29,44,50.16820966342025,Stable or Increased
CUST03697,154650.32,176166.53000000003,71,65,13.912813112834177,Stable or Increased
CUST03698,163005.77,168046.2,58,64,3.092178884219879,Stable or Increased
CUST03699,144981.54,157742.22,55,62,8.801589498911373,Stable or Increased
CUST03700,274582.02,323967.45000000007,93,94,17.985675099920982,Stable or Increased
CUST03701,175708.00999999995,202845.84,72,78,15.44484511548452,Stable or Increased
CUST03702,113130.79,127784.16,39,45,12.95259230488889,Stable or Increased
CUST03703,92200.47999999998,184195.69,42,62,99.77736558421392,Stable or Increased
CUST03704,122817.81,156980.68,47,55,27.81589249963014,Stable or Increased
CUST03705,135862.51,165666.61000000002,54,53,21.936956707188763,Stable or Increased
CUST03706,66510.84,98278.09999999999,33,47,47.762530137944424,Stable or Increased
CUST03707,258521.86000000002,184434.21000000002,76,71,-28.65817614030782,Moderate Decline
CUST03708,121776.76000000001,142090.93999999997,47,46,16.681491608086766,Stable or Increased
CUST03709,258547.34999999998,213342.49999999997,95,82,-17.484166826695386,Low Decline
CUST03710,166888.07,198803.44000000003,76,75,19.123817538305776,Stable or Increased
CUST03711,129581.74000000002,200194.56000000003,65,83,54.492878394749134,Stable or Increased
CUST03712,133097.96999999997,145304.11,53,48,9.17079351398073,Stable or Increased
CUST03713,242612.59999999998,241589.97000000003,91,85,-0.42150737430782514,Low Decline
CUST03714,84830.39000000001,83262.6,38,34,-1.848146637071936,Low Decline
CUST03715,142420.40999999997,123371.15999999999,50,49,-13.37536523030652,Low Decline
CUST03716,136909.08000000002,204227.49000000002,51,63,49.170157304395,Stable or Increased
CUST03717,107181.57,111942.15000000001,58,50,4.44160315994625,Stable or Increased
CUST03718,128240.51,114058.54000000001,54,54,-11.058884591148294,Low Decline
CUST03719,174579.67999999996,297322.57,70,89,70.30766123525949,Stable or Increased
CUST03720,65911.44,91325.24,32,39,38.55749472322256,Stable or Increased
CUST03721,319406.85,399929.7299999999,92,106,25.21012933817792,Stable or Increased
CUST03722,147784.5,138691.21,61,53,-6.153074239856012,Low Decline
CUST03723,155697.66,214438.52000000002,59,64,37.72751626453475,Stable or Increased
CUST03724,215169.21999999997,362164.91,93,115,68.31631866305042,Stable or Increased
CUST03725,282328.18000000005,394939.19000000006,98,98,39.88656392712905,Stable or Increased
CUST03726,146764.39,181204.39,47,54,23.466182770902396,Stable or Increased
CUST03727,234820.89999999997,340245.61000000004,85,110,44.89579505061095,Stable or Increased
CUST03728,92801.20999999999,108583.23999999999,44,49,17.006276103512015,Stable or Increased
CUST03729,141754.41,70342.26000000001,40,33,-50.377374502846145,High Decline
CUST03730,141131.42,145868.19,54,56,3.356283101239957,Stable or Increased
CUST03731,78538.89,69668.4,35,37,-11.294391861153123,Low Decline
CUST03732,164319.84,221446.77,61,82,34.76569232297207,Stable or Increased
CUST03733,88359.87,97219.29999999999,33,32,10.026531274887564,Stable or Increased
CUST03734,106571.93000000001,186138.59,51,66,74.6600535431797,Stable or Increased
CUST03735,88546.87,81446.84000000001,41,33,-8.018386194791509,Low Decline
CUST03736,102566.40999999999,85839.73,44,41,-16.30814610748294,Low Decline
CUST03737,162619.02000000002,273152.6099999999,62,88,67.97088680032624,Stable or Increased
CUST03738,84769.65,74168.51,43,40,-12.505820184464605,Low Decline
CUST03739,270301.74,294862.74,91,103,9.086511984717523,Stable or Increased
CUST03740,96665.26000000001,83158.19,42,36,-13.973034366224232,Low Decline
CUST03741,160722.61,119621.07000000002,60,49,-25.57296698952311,Moderate Decline
CUST03742,95910.74,167849.87,43,53,75.00633401431371,Stable or Increased
CUST03743,146109.34999999998,177005.92999999996,46,51,21.14620316906481,Stable or Increased
CUST03744,71592.02,122875.03999999998,35,47,71.63231321032703,Stable or Increased
CUST03745,160563.27000000002,214189.42999999996,63,79,33.39877171161246,Stable or Increased
CUST03746,79288.93000000001,124564.46999999996,29,50,57.10196871114284,Stable or Increased
CUST03747,104401.09,119284.62000000001,35,43,14.256105946786585,Stable or Increased
CUST03748,140058.2,160792.56000000003,45,62,14.804102865808652,Stable or Increased
CUST03749,70015.31999999999,133838.81,30,45,91.15646404244102,Stable or Increased
CUST03750,158201.38,164710.93000000002,62,64,4.114723904431186,Stable or Increased
CUST03751,54993.66,125314.72,34,47,127.87121279071077,Stable or Increased
CUST03752,196818.98,258268.27,64,84,31.22122165250525,Stable or Increased
CUST03753,54087.46,109775.65,29,51,102.95952148612635,Stable or Increased
CUST03754,97238.84000000001,194600.97999999998,46,62,100.12680118355993,Stable or Increased
CUST03755,125008.53,121936.17,41,50,-2.4577202851677407,Low Decline
CUST03756,160416.34,226111.36,74,91,40.95282313509957,Stable or Increased
CUST03757,79452.14,106065.49999999999,30,46,33.49608959557286,Stable or Increased
CUST03758,134887.23,130499.28999999998,51,57,-3.2530433014304103,Low Decline
CUST03759,124648.17000000001,134175.49,49,58,7.643369333059584,Stable or Increased
CUST03760,99320.06999999999,105841.99,40,38,6.566568066252887,Stable or Increased
CUST03761,133338.86000000002,116546.32999999999,53,59,-12.593875483861213,Low Decline
CUST03762,126481.03,152667.25,43,57,20.70367390271885,Stable or Increased
CUST03763,100517.2,124303.86,31,37,23.664268403815473,Stable or Increased
CUST03764,100553.70999999999,183831.28999999998,41,53,82.81900289904767,Stable or Increased
CUST03765,154932.91,100873.61,48,58,-34.89207038065702,Moderate Decline
CUST03766,73837.97,108687.65,35,40,47.197505565226116,Stable or Increased
CUST03767,131304.34,187102.49,57,61,42.495282334155895,Stable or Increased
CUST03768,144082.53000000003,245661.27000000002,46,69,70.50038613286425,Stable or Increased
CUST03769,278838.67,370283.42000000004,92,102,32.79485947913898,Stable or Increased
CUST03770,109911.92,136490.74,49,56,24.18192676463116,Stable or Increased
CUST03771,63030.33000000001,109219.12,30,44,73.28026047142698,Stable or Increased
CUST03772,186901.32,227943.23000000004,66,77,21.959133300931224,Stable or Increased
CUST03773,115407.68999999999,173457.92999999996,48,63,50.300148976207716,Stable or Increased
CUST03774,195791.06999999998,168494.58,75,78,-13.941641975806146,Low Decline
CUST03775,96188.70999999999,154587.90999999997,48,59,60.713154381631675,Stable or Increased
CUST03776,114201.06,51246.23999999999,39,39,-55.126300929255834,High Decline
CUST03777,122961.0,150050.93,46,59,22.031318873463935,Stable or Increased
CUST03778,84998.70000000001,133160.72000000003,30,49,56.66206659631266,Stable or Increased
CUST03779,106873.97,113689.58000000002,43,48,6.37724040755669,Stable or Increased
CUST03780,124077.07,131819.66,42,49,6.240145741674909,Stable or Increased
CUST03781,91417.83,139588.66999999998,38,58,52.69304685967713,Stable or Increased
CUST03782,76185.18,77348.83,34,34,1.5273967981699443,Stable or Increased
CUST03783,52517.83,75314.32999999999,32,40,43.407162862593495,Stable or Increased
CUST03784,87145.62,89800.04999999999,28,45,3.045970640865247,Stable or Increased
CUST03785,149076.71,141970.04999999996,55,51,-4.767116204804918,Low Decline
CUST03786,86555.02999999998,164614.15999999997,40,62,90.18439482950905,Stable or Increased
CUST03787,226889.2,213247.44,71,90,-6.012520648845343,Low Decline
CUST03788,130931.60999999999,118946.41999999998,44,34,-9.153778831559471,Low Decline
CUST03789,152970.98,128362.67999999998,53,49,-16.086907464409283,Low Decline
CUST03790,93061.01999999999,78788.09999999999,33,38,-15.337162648765293,Low Decline
CUST03791,167382.27,207423.83000000002,68,78,23.92222306460537,Stable or Increased
CUST03792,114971.45999999999,148618.77999999997,50,61,29.265802139069972,Stable or Increased
CUST03793,90049.4,91346.79,41,37,1.4407536307848798,Stable or Increased
CUST03794,135996.14,119312.78999999998,60,53,-12.267517298652766,Low Decline
CUST03795,189701.59999999998,248270.41999999998,75,89,30.87418345443582,Stable or Increased
CUST03796,118211.29,82381.31000000001,47,35,-30.310116740964407,Moderate Decline
CUST03797,54217.439999999995,76496.54000000001,37,39,41.092128289347514,Stable or Increased
CUST03798,102445.56000000001,169121.03999999998,40,62,65.08381622395343,Stable or Increased
CUST03799,98308.80000000002,108389.68000000001,31,40,10.254300734013627,Stable or Increased
CUST03800,67287.29,77252.89,30,41,14.810523651643582,Stable or Increased
CUST03801,46589.719999999994,126845.96,30,44,172.26169206425803,Stable or Increased
CUST03802,85114.55,134633.1,37,42,58.178713275227324,Stable or Increased
CUST03803,192424.01,223405.73,67,86,16.10075582563735,Stable or Increased
CUST03804,246420.35000000006,277087.51,97,105,12.445059833735296,Stable or Increased
CUST03805,84591.96,146751.44,38,45,73.48154600035275,Stable or Increased
CUST03806,190924.93999999997,205353.92,71,75,7.55740973389859,Stable or Increased
CUST03807,126448.22,120837.12999999999,55,51,-4.437460645946627,Low Decline
CUST03808,100081.64,92390.67000000001,38,47,-7.684696214010867,Low Decline
CUST03809,118634.75000000001,145755.22,45,57,22.86047722105031,Stable or Increased
CUST03810,100142.11,102269.59,41,49,2.1244609285743987,Stable or Increased
CUST03811,97176.76000000001,99614.51000000001,41,41,2.508573037421704,Stable or Increased
CUST03812,95370.75999999998,83038.07999999999,37,34,-12.931300956393757,Low Decline
CUST03813,158309.75999999998,162993.03,54,62,2.958295180284538,Stable or Increased
CUST03814,133596.62,110411.83,54,51,-17.354323784538856,Low Decline
CUST03815,86991.67,130479.09,38,40,49.99032666001239,Stable or Increased
CUST03816,79957.06,90970.64,33,45,13.774368392234535,Stable or Increased
CUST03817,115079.79999999999,176982.4,47,57,53.791021534622075,Stable or Increased
CUST03818,187715.23,243065.93,71,83,29.486525946775856,Stable or Increased
CUST03819,67299.02999999998,128158.99999999999,34,37,90.43216521842888,Stable or Increased
CUST03820,96542.65999999999,150831.5,48,57,56.23300621714796,Stable or Increased
CUST03821,105587.62000000001,122164.06,47,51,15.699226860118626,Stable or Increased
CUST03822,121242.87999999999,155381.7,46,63,28.157381282925666,Stable or Increased
CUST03823,160044.27,226644.32999999996,61,86,41.61352355820048,Stable or Increased
CUST03824,93835.48,100176.72,42,42,6.75782763619902,Stable or Increased
CUST03825,120131.74999999999,105201.09,42,40,-12.428571131278776,Low Decline
CUST03826,47751.78999999999,106027.20000000001,31,46,122.03816862153236,Stable or Increased
CUST03827,353161.33999999997,394553.63,95,107,11.720504288493197,Stable or Increased
CUST03828,51080.840000000004,86233.23,26,37,68.81717293607542,Stable or Increased
CUST03829,161998.19,252805.43,69,85,56.054478139539704,Stable or Increased
CUST03830,122290.70000000001,121046.46999999999,38,52,-1.0174363218135352,Low Decline
CUST03831,145883.29,163572.38,54,59,12.125508000265139,Stable or Increased
CUST03832,88105.75,103663.9,52,58,17.658495614644895,Stable or Increased
CUST03833,226947.48,215880.22,74,80,-4.876573205395367,Low Decline
CUST03834,104489.70000000001,89863.92000000001,40,32,-13.997341364746955,Low Decline
CUST03835,101684.66,135125.08,42,53,32.88639604046469,Stable or Increased
CUST03836,142659.63,216831.82,59,78,51.99241719609114,Stable or Increased
CUST03837,235338.78999999998,338344.48,87,103,43.76910835651021,Stable or Increased
CUST03838,273718.47,357959.06000000006,85,114,30.776363027310538,Stable or Increased
CUST03839,312297.74,315026.5999999999,94,105,0.8738007518081712,Stable or Increased
CUST03840,73899.79000000001,102006.79000000001,29,42,38.03393757952492,Stable or Increased
CUST03841,77874.09,85948.34,37,30,10.368339456679365,Stable or Increased
CUST03842,137869.82,140655.28999999998,53,57,2.020362396933551,Stable or Increased
CUST03843,95102.38,137314.07,37,50,44.38552431600555,Stable or Increased
CUST03844,323101.43999999994,344062.70999999996,98,110,6.487519832780697,Stable or Increased
CUST03845,100024.59000000001,138410.62,50,56,38.37659319573315,Stable or Increased
CUST03846,83063.73,90276.02,27,34,8.682839068267231,Stable or Increased
CUST03847,230477.90000000002,326714.45999999996,77,104,41.75522251808088,Stable or Increased
CUST03848,40698.6,95472.06,27,44,134.5831551945276,Stable or Increased
CUST03849,134726.29,151676.07,51,64,12.580900134635934,Stable or Increased
CUST03850,139629.46999999997,118972.15999999999,46,57,-14.794376860414916,Low Decline
CUST03851,158423.44,265486.31,65,80,67.58019520343707,Stable or Increased
CUST03852,95206.53,144580.91999999998,44,61,51.86029781780723,Stable or Increased
CUST03853,98159.18,110953.65000000001,36,46,13.034410026652644,Stable or Increased
CUST03854,78188.29000000001,102529.32,33,45,31.131298561459776,Stable or Increased
CUST03855,95709.87,180803.74,39,58,88.9081450011373,Stable or Increased
CUST03856,116949.94,161940.44,44,66,38.469878650643174,Stable or Increased
CUST03857,63039.53,91954.2,32,42,45.86752153767644,Stable or Increased
CUST03858,116958.56999999999,122244.08,51,55,4.519130150103588,Stable or Increased
CUST03859,137117.49,151601.58,51,57,10.56326949975528,Stable or Increased
CUST03860,116831.35,97150.82,39,34,-16.845247444286144,Low Decline
CUST03861,114269.09000000001,129358.37,40,48,13.205040838252918,Stable or Increased
CUST03862,99607.36,115822.43000000001,38,38,16.27898781776769,Stable or Increased
CUST03863,105747.79999999999,139083.66999999998,48,54,31.52393714100908,Stable or Increased
CUST03864,171418.96000000002,230515.58000000005,73,69,34.47496122949295,Stable or Increased
CUST03865,82602.31,98217.58,34,43,18.90415655445956,Stable or Increased
CUST03866,154885.03000000003,186667.46,53,58,20.520014103364254,Stable or Increased
CUST03867,169621.02000000002,244622.44999999995,72,76,44.21706106943581,Stable or Increased
CUST03868,118817.64000000001,186073.58000000002,46,66,56.60433922101129,Stable or Increased
CUST03869,275305.06,310072.47,94,109,12.628685429900916,Stable or Increased
CUST03870,73219.59999999999,100546.36,35,49,37.3216461166136,Stable or Increased
CUST03871,104575.53000000001,148733.49,51,57,42.225901221825005,Stable or Increased
CUST03872,94972.07999999999,143602.8,50,53,51.205280541397016,Stable or Increased
CUST03873,138739.48,86471.69000000002,42,37,-37.673335664801385,Moderate Decline
CUST03874,109668.65,151366.6,44,59,38.021759180950994,Stable or Increased
CUST03875,114683.62999999998,151985.90999999997,49,54,32.52624633524419,Stable or Increased
CUST03876,69087.4,77047.85,33,30,11.52228915837043,Stable or Increased
CUST03877,93533.56000000001,140373.2,49,53,50.07789717401967,Stable or Increased
CUST03878,138551.76,182223.53999999998,51,63,31.520191443255552,Stable or Increased
CUST03879,115849.95999999999,157848.01,46,43,36.25210574090835,Stable or Increased
CUST03880,113643.01000000001,113423.04000000001,32,41,-0.19356227892943098,Low Decline
CUST03881,178557.31999999998,229623.65,65,75,28.599404381741408,Stable or Increased
CUST03882,259419.47999999998,381433.58999999997,95,105,47.03351883983423,Stable or Increased
CUST03883,72126.51000000001,111794.44,36,39,54.99771165969348,Stable or Increased
CUST03884,66219.11,109561.54999999999,43,56,65.4530693632095,Stable or Increased
CUST03885,119634.31000000001,138068.05999999997,48,54,15.40841419154752,Stable or Increased
CUST03886,145814.26,104320.72,54,42,-28.456434919328196,Moderate Decline
CUST03887,91099.01,116809.65,38,52,28.222743584150916,Stable or Increased
CUST03888,68601.31,84789.01,37,43,23.596779711641073,Stable or Increased
CUST03889,51191.77999999999,117409.54000000001,38,34,129.35232961229326,Stable or Increased
CUST03890,68274.09,66187.58,35,36,-3.0560788140859803,Low Decline
CUST03891,69577.54000000001,84992.23000000001,31,36,22.154692448166465,Stable or Increased
CUST03892,72667.10999999999,95529.81999999999,30,38,31.462253005520665,Stable or Increased
CUST03893,91543.25,108290.00000000001,36,47,18.293811941350143,Stable or Increased
CUST03894,103545.65,91254.58000000002,36,43,-11.870194450466995,Low Decline
CUST03895,104505.15000000001,142161.58000000002,38,44,36.03308545081272,Stable or Increased
CUST03896,227700.26,331799.30000000005,88,111,45.717576255732,Stable or Increased
CUST03897,93005.37000000001,129107.88,39,47,38.81766181888206,Stable or Increased
CUST03898,171610.44,171257.71999999997,58,67,-0.20553528095378712,Low Decline
CUST03899,226380.39,279009.73,66,82,23.24818859089339,Stable or Increased
CUST03900,163163.86,215278.43,59,88,31.94002029616118,Stable or Increased
CUST03901,88780.04000000001,151583.78000000003,41,49,70.74083318727949,Stable or Increased
CUST03902,226416.87,308905.88999999996,84,116,36.4323647791792,Stable or Increased
CUST03903,42128.83000000001,103715.65000000001,28,35,146.18687487879438,Stable or Increased
CUST03904,95596.95999999999,82100.14000000001,39,40,-14.11846150756256,Low Decline
CUST03905,73464.23,97526.84999999998,31,54,32.7541988801897,Stable or Increased
CUST03906,73575.74,143534.0,33,44,95.08332501990463,Stable or Increased
CUST03907,93883.67,83302.24,43,40,-11.270788625966574,Low Decline
CUST03908,134740.86,222929.27999999997,65,79,65.45039121763064,Stable or Increased
CUST03909,112161.93,151633.66,44,66,35.19173573421928,Stable or Increased
CUST03910,288696.12,343098.14999999997,95,114,18.844046120190313,Stable or Increased
CUST03911,147505.4,154376.90000000002,56,55,4.658473520291481,Stable or Increased
CUST03912,100752.32999999999,76599.5,35,37,-23.972477857335893,Low Decline
CUST03913,127922.84999999999,174298.24,52,61,36.25262414025329,Stable or Increased
CUST03914,68870.16,78858.26999999999,34,39,14.502812248439652,Stable or Increased
CUST03915,247748.83000000002,268729.62,86,95,8.468572788012755,Stable or Increased
CUST03916,96296.87999999999,130643.48999999999,35,58,35.667417262116906,Stable or Increased
CUST03917,111285.49000000002,89357.76999999999,40,32,-19.70402430721204,Low Decline
CUST03918,130331.93999999999,106591.04000000001,45,50,-18.215719032495016,Low Decline
CUST03919,191187.52,203086.72,77,78,6.223837204436782,Stable or Increased
CUST03920,263337.72000000003,330977.69000000006,93,107,25.685636679773797,Stable or Increased
CUST03921,102951.53,152986.63,56,55,48.60063760101478,Stable or Increased
CUST03922,99345.19,111762.65,40,52,12.499306710269506,Stable or Increased
CUST03923,87916.6,148157.61000000002,43,54,68.52063205355985,Stable or Increased
CUST03924,91324.69,75634.48,37,40,-17.180687938825752,Low Decline
CUST03925,80581.82999999999,116148.87,29,44,44.13779136065787,Stable or Increased
CUST03926,114562.65999999999,143120.89,49,56,24.928043744794355,Stable or Increased
CUST03927,169514.06,221614.71000000002,61,89,30.73529711930681,Stable or Increased
CUST03928,141917.66,124652.15999999999,64,62,-12.165857300634757,Low Decline
CUST03929,227064.97,407052.37,83,119,79.26691642484528,Stable or Increased
CUST03930,125955.56999999999,177656.80000000002,50,55,41.047196245469756,Stable or Increased
CUST03931,129813.54,154315.87,47,67,18.875018738415115,Stable or Increased
CUST03932,53678.49999999999,76380.39,33,35,42.29233305699676,Stable or Increased
CUST03933,156239.52,166198.99,57,68,6.374488349682591,Stable or Increased
CUST03934,101735.49999999999,153189.76,35,51,50.57650475989211,Stable or Increased
CUST03935,88633.93,126185.59,36,60,42.367138634155125,Stable or Increased
CUST03936,110488.14999999998,207589.40000000002,54,70,87.88385903827701,Stable or Increased
CUST03937,142295.83000000002,162819.75,43,53,14.423416343261767,Stable or Increased
CUST03938,176184.34,255642.03,68,81,45.099178508146636,Stable or Increased
CUST03939,168617.13,167940.59,62,61,-0.4012285110059744,Low Decline
CUST03940,143321.52999999997,110595.72,53,46,-22.833840805355603,Low Decline
CUST03941,84417.82,157877.37000000002,44,52,87.019008545826,Stable or Increased
CUST03942,43665.229999999996,96722.93,30,42,121.51018098381711,Stable or Increased
CUST03943,51198.86,151767.97999999998,28,38,196.42843610189755,Stable or Increased
CUST03944,64475.8,86893.6,36,33,34.76932430462283,Stable or Increased
CUST03945,241986.02,246936.51999999996,80,79,2.0457793388229497,Stable or Increased
CUST03946,78860.26,112435.61000000002,33,44,42.575753617855206,Stable or Increased
CUST03947,277600.94,472406.94999999995,88,116,70.17483802468391,Stable or Increased
CUST03948,96343.65000000001,94033.88,38,46,-2.397428372290238,Low Decline
CUST03949,153784.85,256111.46,59,80,66.53881055253491,Stable or Increased
CUST03950,192494.65,164453.27000000002,78,73,-14.567355508321908,Low Decline
CUST03951,65053.16999999999,102980.41,33,47,58.30190903840661,Stable or Increased
CUST03952,128035.76000000001,173570.13,45,50,35.563790928409375,Stable or Increased
CUST03953,96161.00999999998,174773.19999999998,54,71,81.75058685427703,Stable or Increased
CUST03954,86293.45999999999,72282.79,41,33,-16.236073973624418,Low Decline
CUST03955,97254.47000000002,92310.68,34,35,-5.0833550375628205,Low Decline
CUST03956,180904.6,299222.93000000005,65,87,65.4037155495217,Stable or Increased
CUST03957,117688.70999999999,209033.56,49,61,77.61564384553115,Stable or Increased
CUST03958,244419.92999999996,352149.69,92,105,44.07568564478357,Stable or Increased
CUST03959,90520.91,96776.04999999999,40,50,6.9101603154453315,Stable or Increased
CUST03960,68831.31,98220.3,33,41,42.6971243174073,Stable or Increased
CUST03961,85019.33,117046.45,37,51,37.67039801419276,Stable or Increased
CUST03962,119632.28000000001,157513.63,51,54,31.664823240015142,Stable or Increased
CUST03963,113721.04,136672.28999999998,45,43,20.18206129666066,Stable or Increased
CUST03964,125341.33000000002,80287.22,44,37,-35.94513477717207,Moderate Decline
CUST03965,78182.86,88180.31999999999,29,39,12.787278439289624,Stable or Increased
CUST03966,86390.08,113191.29999999997,42,36,31.023492512103207,Stable or Increased
CUST03967,63173.18000000001,89386.11,33,46,41.493763650967054,Stable or Increased
CUST03968,91128.49000000002,124708.70000000001,30,44,36.84929926963564,Stable or Increased
CUST03969,85084.47,79701.1,40,39,-6.327088833014997,Low Decline
CUST03970,141221.18,164649.18,51,63,16.589579551735795,Stable or Increased
CUST03971,86188.68,125301.71,33,52,45.3807042873844,Stable or Increased
CUST03972,142217.41999999998,103932.28000000001,49,53,-26.920148038123582,Moderate Decline
CUST03973,172000.96000000002,183079.25,74,74,6.440830330249306,Stable or Increased
CUST03974,67046.18000000001,136479.16,35,50,103.55993436165937,Stable or Increased
CUST03975,109987.35999999999,34115.219999999994,40,30,-68.98259945506464,High Decline
CUST03976,77953.37,100067.34,35,43,28.36820268321947,Stable or Increased
CUST03977,83734.77,142764.75999999998,38,44,70.49638997037906,Stable or Increased
CUST03978,119131.15,95418.35,37,35,-19.904785608130194,Low Decline
CUST03979,225591.54,330575.11,86,104,46.53701552815322,Stable or Increased
CUST03980,88398.56999999998,89419.62,38,35,1.1550526213263606,Stable or Increased
CUST03981,69052.74,107626.65000000001,38,45,55.861519760113794,Stable or Increased
CUST03982,68042.41,93349.81999999999,30,36,37.19358264940937,Stable or Increased
CUST03983,102704.16999999998,132660.77,38,50,29.16785170456079,Stable or Increased
CUST03984,74592.70999999999,92747.69000000002,30,37,24.33881273384494,Stable or Increased
CUST03985,160393.51,220367.52000000002,75,77,37.3917934709453,Stable or Increased
CUST03986,111514.61,102899.09999999999,35,33,-7.7259024624665855,Low Decline
CUST03987,127928.74999999999,153302.43000000002,46,57,19.83422803709099,Stable or Increased
CUST03988,74683.97000000002,106575.76000000002,36,48,42.702322867946094,Stable or Increased
CUST03989,172583.03,234379.65,64,78,35.80689248531562,Stable or Increased
CUST03990,259692.03999999998,402464.12000000005,93,107,54.977457145009176,Stable or Increased
CUST03991,102042.5,77137.61,48,39,-24.40638949457334,Low Decline
CUST03992,118284.29000000001,133336.37,49,52,12.72534163243486,Stable or Increased
CUST03993,105890.93,185033.32,40,58,74.73953623790067,Stable or Increased
CUST03994,54099.479999999996,99822.82,24,41,84.51715247540274,Stable or Increased
CUST03995,71600.48000000001,68273.73,31,40,-4.646267734518,Low Decline
CUST03996,109400.39,119487.63,39,49,9.2204790129176,Stable or Increased
CUST03997,74406.19,121935.01999999999,38,44,63.8775214804037,Stable or Increased
CUST03998,96302.62000000001,69977.22,39,41,-27.336120242626844,Moderate Decline
CUST03999,88625.65999999999,111741.45999999999,42,48,26.082513800179324,Stable or Increased
CUST04000,90064.26000000001,94176.75,39,41,4.566173085750097,Stable or Increased
CUST04001,125483.01,158429.88,55,59,26.25604055879757,Stable or Increased
CUST04002,80811.4,89617.15,39,37,10.896668044360078,Stable or Increased
CUST04003,122668.65999999999,141308.62,47,50,15.19537264041199,Stable or Increased
CUST04004,92854.61,153729.62,32,45,65.55949133812526,Stable or Increased
CUST04005,128999.18999999999,150137.71999999997,53,54,16.386560256696175,Stable or Increased
CUST04006,78634.63,73355.12999999999,34,31,-6.713963046561055,Low Decline
CUST04007,143873.88999999998,146726.46999999997,56,71,1.9826947057593198,Stable or Increased
CUST04008,88868.12999999999,120738.65000000001,45,51,35.86271028770384,Stable or Increased
CUST04009,65353.520000000004,114909.06,40,45,75.82688736582205,Stable or Increased
CUST04010,83859.84000000001,115870.96999999999,43,53,38.17218110599779,Stable or Increased
CUST04011,234806.23999999996,344983.5,92,102,46.922628632015936,Stable or Increased
CUST04012,100282.06000000001,94351.88999999998,35,43,-5.913490408952535,Low Decline
CUST04013,88479.59000000001,156147.48,46,59,76.47853024635398,Stable or Increased
CUST04014,165030.53999999998,152626.84000000003,54,52,-7.516002795603744,Low Decline
CUST04015,139273.9,207331.87,56,70,48.86627717038153,Stable or Increased
CUST04016,106044.16,151202.71,48,60,42.58466472835467,Stable or Increased
CUST04017,118993.52,127242.20999999998,50,34,6.9320497452298016,Stable or Increased
CUST04018,64031.48999999999,180985.26,38,57,182.65039592238136,Stable or Increased
CUST04019,218376.01,196335.78,73,83,-10.092789038502906,Low Decline
CUST04020,173249.81,194884.75,66,73,12.487713550739247,Stable or Increased
CUST04021,71465.36000000002,75835.77999999998,33,36,6.115438304655526,Stable or Increased
CUST04022,239709.79,231687.41999999995,81,81,-3.346701025435821,Low Decline
CUST04023,116560.62999999999,148217.33,38,58,27.158998711657613,Stable or Increased
CUST04024,151707.04,218315.18000000002,51,70,43.90576732628889,Stable or Increased
CUST04025,113894.01000000001,133413.81,53,50,17.138565935118088,Stable or Increased
CUST04026,191093.06000000003,173243.91000000003,49,61,-9.340553759513817,Low Decline
CUST04027,155562.06,192073.45,50,67,23.470626449662607,Stable or Increased
CUST04028,121546.91999999998,168750.44,48,57,38.835636476843696,Stable or Increased
CUST04029,156557.94,307380.31000000006,65,77,96.33645537236889,Stable or Increased
CUST04030,176204.18,236930.15999999997,61,71,34.46341624812759,Stable or Increased
CUST04031,228392.20999999996,396921.98,79,110,73.78963144145767,Stable or Increased
CUST04032,126152.11,237741.93,64,66,88.45656247842386,Stable or Increased
CUST04033,92270.6,137024.13,39,54,48.50248074684677,Stable or Increased
CUST04034,76022.53,69759.44,25,38,-8.238465623282988,Low Decline
CUST04035,82858.07000000002,145724.45999999996,34,55,75.8723803245718,Stable or Increased
CUST04036,111986.79000000001,168969.84000000003,44,62,50.88372476789451,Stable or Increased
CUST04037,129423.57,143845.16999999998,48,62,11.142947146335073,Stable or Increased
CUST04038,307970.68,411532.19000000006,82,109,33.62706800530495,Stable or Increased
CUST04039,153171.72,142677.08,51,54,-6.851551970559588,Low Decline
CUST04040,96058.12000000002,200504.01000000004,42,62,108.73197393411405,Stable or Increased
CUST04041,176959.77000000002,253553.80000000002,68,80,43.28330105763586,Stable or Increased
CUST04042,151552.5,222325.80000000002,58,89,46.69886672935123,Stable or Increased
CUST04043,120068.52000000002,76463.92,42,31,-36.316429985145156,Moderate Decline
CUST04044,107990.32,120101.18000000001,42,53,11.214764434441902,Stable or Increased
CUST04045,306783.77999999997,334706.28,96,110,9.10168718828618,Stable or Increased
CUST04046,163054.05,257076.37000000002,69,78,57.663284045995816,Stable or Increased
CUST04047,85944.73,112506.08,33,47,30.90515264868481,Stable or Increased
CUST04048,92001.14,105268.35,36,55,14.420701743478404,Stable or Increased
CUST04049,187593.61,247834.83,69,83,32.112618334920896,Stable or Increased
CUST04050,191879.62,198809.28000000003,65,70,3.611462228244997,Stable or Increased
CUST04051,209555.36000000002,174256.54,83,74,-16.844627596259055,Low Decline
CUST04052,89174.95,98653.88,36,43,10.62958824198949,Stable or Increased
CUST04053,169639.14,212319.2,69,79,25.159323491029248,Stable or Increased
CUST04054,296679.03,337506.02,86,100,13.761333249606482,Stable or Increased
CUST04055,109935.17999999998,163583.97,42,55,48.80038400810371,Stable or Increased
CUST04056,134201.84999999998,228530.63,52,69,70.28873297946343,Stable or Increased
CUST04057,76146.34999999999,92528.41,28,37,21.513913667562548,Stable or Increased
CUST04058,56924.83000000001,110268.12999999999,29,42,93.70831673981279,Stable or Increased
CUST04059,65888.02,86935.36,27,40,31.944107593459318,Stable or Increased
CUST04060,92932.02999999998,105065.1,33,40,13.055853832096451,Stable or Increased
CUST04061,102388.58,123299.15,45,45,20.422756131592013,Stable or Increased
CUST04062,76914.87,205942.95,42,65,167.75440171711924,Stable or Increased
CUST04063,95456.29,115008.69,34,44,20.48309231377001,Stable or Increased
CUST04064,238112.26,357293.35000000003,90,110,50.0524794481393,Stable or Increased
CUST04065,310555.94999999995,306346.70999999996,90,103,-1.3553886183793906,Low Decline
CUST04066,95040.53,126750.18000000001,43,44,33.364344664323745,Stable or Increased
CUST04067,231702.97999999998,421420.89,97,115,81.87978851199931,Stable or Increased
CUST04068,96497.02,199983.92000000004,40,63,107.2436226528032,Stable or Increased
CUST04069,194771.94,220861.34,66,72,13.394845273913683,Stable or Increased
CUST04070,107360.36,186079.43,45,64,73.32228580455579,Stable or Increased
CUST04071,87810.28,118610.26000000001,39,41,35.07559707132241,Stable or Increased
CUST04072,215996.24000000005,187653.97999999998,71,72,-13.121645080488465,Low Decline
CUST04073,116620.32,170155.42000000004,44,57,45.90546484523455,Stable or Increased
CUST04074,213842.34,236950.83999999997,70,84,10.806325819292836,Stable or Increased
CUST04075,161860.68,182958.02999999997,62,75,13.034265023475731,Stable or Increased
CUST04076,173166.63,213641.87,62,72,23.37357954012271,Stable or Increased
CUST04077,138471.50999999998,201447.92,49,63,45.4796874822843,Stable or Increased
CUST04078,142124.04,239692.41999999998,60,79,68.65015939597549,Stable or Increased
CUST04079,159194.09,202219.66,63,76,27.0271151397643,Stable or Increased
CUST04080,210148.38000000003,203316.26000000004,72,77,-3.2510933465202037,Low Decline
CUST04081,58091.33,155930.79,33,53,168.42351517859893,Stable or Increased
CUST04082,254051.31999999998,343136.04,92,109,35.065639493626726,Stable or Increased
CUST04083,201304.93999999997,222127.26999999996,74,83,10.343675619684241,Stable or Increased
CUST04084,88938.16999999998,123220.28999999998,38,49,38.54601460767633,Stable or Increased
CUST04085,298374.31999999995,337760.58999999997,91,97,13.200288148122139,Stable or Increased
CUST04086,67487.71,115514.77,46,49,71.16415714801998,Stable or Increased
CUST04087,143552.02000000002,156695.68999999997,52,61,9.156032774739048,Stable or Increased
CUST04088,251044.87,206957.63999999998,79,83,-17.561494086694545,Low Decline
CUST04089,71336.97,142462.55,31,45,99.70367398559259,Stable or Increased
CUST04090,156251.83000000002,200289.11000000004,68,72,28.183529114507024,Stable or Increased
CUST04091,174660.46999999997,171820.35,72,63,-1.6260805893857762,Low Decline
CUST04092,199742.77000000002,232686.70000000007,69,86,16.493177700499523,Stable or Increased
CUST04093,133862.36,128663.95000000001,53,47,-3.8833993364527375,Low Decline
CUST04094,66738.6,89660.58000000002,26,43,34.3459107622875,Stable or Increased
CUST04095,186189.99,237666.86999999997,73,86,27.647501350636507,Stable or Increased
CUST04096,76781.93,138798.32,34,48,80.76951178486921,Stable or Increased
CUST04097,121915.51999999999,167690.86000000002,54,57,37.54677009128947,Stable or Increased
CUST04098,131605.03,265446.28,62,86,101.6991903728908,Stable or Increased
CUST04099,151224.06,267817.24999999994,61,88,77.09962951662582,Stable or Increased
CUST04100,127625.4,107113.48,50,51,-16.071973133874604,Low Decline
CUST04101,230004.63,233774.02999999997,72,83,1.6388365747245892,Stable or Increased
CUST04102,100899.47,126439.44,44,44,25.312293513533817,Stable or Increased
CUST04103,113533.45,154979.46,54,53,36.505549686017645,Stable or Increased
CUST04104,92620.28000000001,166082.63,48,58,79.31562072582805,Stable or Increased
CUST04105,85604.89000000001,80328.37999999999,33,36,-6.1637950822669385,Low Decline
CUST04106,134518.12,168523.44999999998,71,85,25.2793675677299,Stable or Increased
CUST04107,101153.63,120579.47,40,53,19.20429350879449,Stable or Increased
CUST04108,336394.36000000004,381757.55999999994,95,99,13.48512501814831,Stable or Increased
CUST04109,102284.24,99644.92,46,40,-2.580377974162986,Low Decline
CUST04110,310067.35,298293.37,89,98,-3.7972330850055585,Low Decline
CUST04111,72050.05,106304.05,38,54,47.541951740491506,Stable or Increased
CUST04112,95438.55,206599.83999999994,44,65,116.47420251041109,Stable or Increased
CUST04113,104004.15,118419.37,38,53,13.86023538483801,Stable or Increased
CUST04114,122367.19999999998,149383.68,49,61,22.078203963153534,Stable or Increased
CUST04115,112685.05999999998,261353.48000000004,50,87,131.93268033934584,Stable or Increased
CUST04116,122661.81999999999,138558.58,46,49,12.959827271436211,Stable or Increased
CUST04117,117546.48999999999,74647.53,42,41,-36.495313471291226,Moderate Decline
CUST04118,229980.63999999998,210741.03,73,89,-8.365752004168693,Low Decline
CUST04119,121949.57,156892.76,51,55,28.6538033713444,Stable or Increased
CUST04120,129562.32999999999,180287.46,44,64,39.15114061317051,Stable or Increased
CUST04121,125404.62,185363.00999999998,65,77,47.81194664120029,Stable or Increased
CUST04122,139440.40999999997,186657.46999999997,44,72,33.86181953997411,Stable or Increased
CUST04123,69539.31,118781.10999999999,39,38,70.81145901505205,Stable or Increased
CUST04124,195677.94,183788.85,73,74,-6.07584585160698,Low Decline
CUST04125,102846.21,138973.96,51,57,35.127935195667376,Stable or Increased
CUST04126,95862.68999999999,111116.94999999998,41,43,15.912614177632609,Stable or Increased
CUST04127,84554.78000000001,131396.05,36,47,55.3975422796913,Stable or Increased
CUST04128,45904.64000000001,117382.75,25,48,155.70998922984685,Stable or Increased
CUST04129,183764.11,216171.78,54,84,17.635472998508803,Stable or Increased
CUST04130,100555.47,153813.36000000002,48,51,52.96369257684343,Stable or Increased
CUST04131,77511.37,193759.5,37,60,149.97558422719146,Stable or Increased
CUST04132,140054.16999999998,232670.93000000005,63,78,66.12924127857106,Stable or Increased
CUST04133,86198.45999999999,201120.77999999997,53,76,133.3229387160745,Stable or Increased
CUST04134,122121.7,145616.61000000002,42,53,19.23893132833888,Stable or Increased
CUST04135,189144.01,264842.68999999994,71,93,40.021716786061546,Stable or Increased
CUST04136,151618.43,201872.89999999997,60,69,33.14535706510084,Stable or Increased
CUST04137,145534.36,210954.03999999998,46,70,44.951364062754664,Stable or Increased
CUST04138,159449.22000000003,270385.45,66,84,69.57464577123673,Stable or Increased
CUST04139,82513.09,76354.0,29,34,-7.464379288183241,Low Decline
CUST04140,125428.52,181751.88,49,68,44.90474734135426,Stable or Increased
CUST04141,91471.23000000001,55962.28,41,37,-38.81980159226022,Moderate Decline
CUST04142,65306.38999999999,69007.86,28,29,5.667852717015913,Stable or Increased
CUST04143,89453.33,160113.27000000002,43,64,78.99084360526324,Stable or Increased
CUST04144,96642.17000000001,100512.30999999998,36,43,4.004607926332748,Stable or Increased
CUST04145,78130.83,77740.62,36,38,-0.49943153042148203,Low Decline
CUST04146,299882.67000000004,316624.34,98,95,5.582740076310506,Stable or Increased
CUST04147,71421.25,114002.04999999999,30,52,59.61923097117453,Stable or Increased
CUST04148,163880.88999999998,269114.83999999997,64,87,64.21367982563433,Stable or Increased
CUST04149,187087.77,245353.63,84,84,31.14359639863152,Stable or Increased
CUST04150,55074.23000000001,112403.52,27,46,104.09458289294281,Stable or Increased
CUST04151,125102.51,128599.86999999998,35,40,2.795595388134088,Stable or Increased
CUST04152,134903.74999999997,143597.64,57,60,6.444513217757138,Stable or Increased
CUST04153,78279.67,91031.54000000001,36,38,16.290142766314688,Stable or Increased
CUST04154,265037.68,238238.93,73,80,-10.111298136929058,Low Decline
CUST04155,80469.06,116419.36,25,46,44.675928860110965,Stable or Increased
CUST04156,86868.89,94678.62999999998,37,37,8.990261070447634,Stable or Increased
CUST04157,90532.63,124399.11,47,43,37.408037301026155,Stable or Increased
CUST04158,103752.03,124746.27,37,43,20.235016124503787,Stable or Increased
CUST04159,74120.23999999998,82205.04000000001,31,47,10.907681896334976,Stable or Increased
CUST04160,175782.88,118669.31999999998,51,56,-32.490968403749,Moderate Decline
CUST04161,108284.03999999998,190870.63999999998,35,60,76.26848795076359,Stable or Increased
CUST04162,156589.88999999998,233707.34000000005,69,82,49.24803893789061,Stable or Increased
CUST04163,105779.09,186817.63,54,60,76.61111472976371,Stable or Increased
CUST04164,203788.75999999998,210436.46,74,79,3.2620542958306493,Stable or Increased
CUST04165,205877.38000000003,199481.00999999998,71,83,-3.1068833302619514,Low Decline
CUST04166,283730.37999999995,313026.23,91,105,10.325242577125524,Stable or Increased
CUST04167,59068.17,118246.48000000001,28,48,100.18646252287824,Stable or Increased
CUST04168,139341.27000000002,149638.72,45,49,7.390093401617468,Stable or Increased
CUST04169,169838.35,221109.72,72,84,30.188334966749263,Stable or Increased
CUST04170,179935.03,185064.88,75,71,2.8509456996783817,Stable or Increased
CUST04171,164759.69999999998,205107.66999999998,67,80,24.48898001149553,Stable or Increased
CUST04172,138751.23,176885.72999999998,54,67,27.484080681663123,Stable or Increased
CUST04173,107011.62000000002,107259.66,46,46,0.23178791237809407,Stable or Increased
CUST04174,75416.59,89585.10999999999,40,43,18.787006943697655,Stable or Increased
CUST04175,99858.52,133610.74,45,57,33.800040297012195,Stable or Increased
CUST04176,113043.20000000001,150412.98,50,54,33.057963681141366,Stable or Increased
CUST04177,75642.34999999999,129614.64000000001,37,41,71.35194768539056,Stable or Increased
CUST04178,71574.77999999998,66388.77,33,33,-7.245582871508625,Low Decline
CUST04179,73449.87,112550.25,31,45,53.23410374994538,Stable or Increased
CUST04180,175882.88,259744.58000000002,72,73,47.6804223355906,Stable or Increased
CUST04181,151272.66,221961.33000000002,67,74,46.72930984356328,Stable or Increased
CUST04182,177433.69,153608.02,58,58,-13.427929047747366,Low Decline
CUST04183,163829.61,181055.09999999998,63,77,10.514271504400208,Stable or Increased
CUST04184,329698.64999999997,356609.74,91,117,8.162329448422076,Stable or Increased
CUST04185,68801.73999999999,108471.55,40,39,57.658149343316055,Stable or Increased
CUST04186,187151.93999999997,160674.54,71,70,-14.147542365844547,Low Decline
CUST04187,84362.03000000001,106569.36,41,38,26.323844980970684,Stable or Increased
CUST04188,64843.89,144343.43999999997,31,58,122.60145096168655,Stable or Increased
CUST04189,114209.53,185126.3,50,66,62.09356609733005,Stable or Increased
CUST04190,128008.54999999999,150783.28,47,51,17.791569391263327,Stable or Increased
CUST04191,96467.74999999999,173637.98000000004,48,56,79.99588463502059,Stable or Increased
CUST04192,97598.2,89194.55,38,32,-8.610455930539697,Low Decline
CUST04193,106856.36000000002,162445.25,47,64,52.02206962692719,Stable or Increased
CUST04194,141122.2,164500.57,65,73,16.56604701457318,Stable or Increased
CUST04195,194376.34000000003,248330.47,61,81,27.757560410901842,Stable or Increased
CUST04196,103022.26000000001,128031.35,32,53,24.27542358321395,Stable or Increased
CUST04197,274164.27999999997,311459.35,89,93,13.60318346357885,Stable or Increased
CUST04198,54285.60999999999,91098.09,24,48,67.81259342945582,Stable or Increased
CUST04199,141572.64,189654.81,57,63,33.96289706824707,Stable or Increased
CUST04200,46686.61000000001,112408.67,26,47,140.77282544181296,Stable or Increased
CUST04201,281973.98,391654.25,91,115,38.89730180068389,Stable or Increased
CUST04202,99041.64000000001,155218.18,38,54,56.72012297050006,Stable or Increased
CUST04203,122851.49000000002,151079.05,47,62,22.97697813840106,Stable or Increased
CUST04204,187149.75000000003,239925.13,66,84,28.19954608542088,Stable or Increased
CUST04205,108649.62,108335.48,49,52,-0.2891312459261242,Low Decline
CUST04206,106158.51999999999,136130.05,48,58,28.232806938152493,Stable or Increased
CUST04207,96791.44,179865.64,40,72,85.82804429813216,Stable or Increased
CUST04208,169542.2,152206.63,46,54,-10.224929250652643,Low Decline
CUST04209,62094.66,48525.329999999994,32,30,-21.85265206380067,Low Decline
CUST04210,110297.66,133321.38999999998,45,51,20.874178110396883,Stable or Increased
CUST04211,81369.07,186080.91999999998,46,63,128.6875344648771,Stable or Increased
CUST04212,103275.94,79759.30999999998,35,34,-22.770676306601537,Low Decline
CUST04213,57424.61999999999,77076.99,33,33,34.22289951592195,Stable or Increased
CUST04214,79916.06,80008.86,38,41,0.11612184084150659,Stable or Increased
CUST04215,153606.45,150912.85,49,57,-1.7535721970008458,Low Decline
CUST04216,138346.38,95721.28,37,41,-30.810419470317914,Moderate Decline
CUST04217,87223.96,72875.65,41,34,-16.449963977787768,Low Decline
CUST04218,68583.54,148894.21,37,59,117.09904446460479,Stable or Increased
CUST04219,175301.33,262862.56,75,91,49.94898213265126,Stable or Increased
CUST04220,91928.87000000001,181147.83999999997,38,45,97.05217740629244,Stable or Increased
CUST04221,100579.54999999999,96283.03000000001,30,43,-4.271762997547688,Low Decline
CUST04222,83491.34,117188.23000000001,39,45,40.359742699063176,Stable or Increased
CUST04223,84256.73000000001,131723.7,36,44,56.336117008101304,Stable or Increased
CUST04224,296362.00999999995,301629.09,96,101,1.7772453358647673,Stable or Increased
CUST04225,153927.38999999998,197712.87000000002,62,87,28.445541758357653,Stable or Increased
CUST04226,57813.98,59120.36000000001,34,36,2.2596264778864983,Stable or Increased
CUST04227,58119.16999999999,112124.94000000002,29,39,92.92247291212183,Stable or Increased
CUST04228,93282.17000000001,133870.72,38,47,43.511584260957896,Stable or Increased
CUST04229,152162.15,214543.29000000004,65,80,40.99648960007469,Stable or Increased
CUST04230,103287.65000000001,104006.27,46,58,0.6957462968709185,Stable or Increased
CUST04231,95304.81,101112.52,36,39,6.093826743896774,Stable or Increased
CUST04232,181303.94999999998,145467.93,59,60,-19.76571387440814,Low Decline
CUST04233,115071.47,189330.61,45,62,64.53305932391407,Stable or Increased
CUST04234,154779.42,115250.76,41,42,-25.538705339508326,Moderate Decline
CUST04235,128369.16999999998,145834.40000000002,44,59,13.605470846309936,Stable or Increased
CUST04236,146025.29,170788.2,50,60,16.957959816412625,Stable or Increased
CUST04237,91901.10999999999,131529.2,39,60,43.120360570182484,Stable or Increased
CUST04238,134221.7,154027.85,54,63,14.756294995518603,Stable or Increased
CUST04239,282828.60000000003,281392.61,87,101,-0.50772446633758,Low Decline
CUST04240,79742.90999999999,119181.23,35,45,49.4568357237026,Stable or Increased
CUST04241,113097.72,129820.09000000001,45,45,14.785771101309566,Stable or Increased
CUST04242,115697.97,133705.57,50,55,15.564318025631742,Stable or Increased
CUST04243,111603.26000000001,188987.47999999998,44,56,69.33867344018442,Stable or Increased
CUST04244,211295.16999999998,272698.62000000005,70,88,29.060508103427107,Stable or Increased
CUST04245,72596.51,129136.15000000001,43,51,77.88203592707146,Stable or Increased
CUST04246,170026.24000000005,161349.45999999996,70,74,-5.103200541281207,Low Decline
CUST04247,84955.20999999999,113643.59999999999,36,51,33.76884125176078,Stable or Increased
CUST04248,70110.56,105538.97,36,36,50.53220228165344,Stable or Increased
CUST04249,125527.38,201604.08999999997,59,77,60.605670252975855,Stable or Increased
CUST04250,87210.77000000002,76836.03000000001,31,38,-11.896168328751141,Low Decline
CUST04251,170537.32,280292.75,57,80,64.35859904447894,Stable or Increased
CUST04252,180010.4,247982.12999999998,66,76,37.7598905396577,Stable or Increased
CUST04253,81701.0,107326.89,37,48,31.36545452320045,Stable or Increased
CUST04254,56863.56,76649.6,29,36,34.7956406528188,Stable or Increased
CUST04255,122557.96,126635.66999999998,46,50,3.3271686310705375,Stable or Increased
CUST04256,217978.61,251312.62000000002,75,71,15.29233074749859,Stable or Increased
CUST04257,43257.94,98223.56999999998,32,36,127.06483480258184,Stable or Increased
CUST04258,147667.36,173719.44,57,62,17.642409263631464,Stable or Increased
CUST04259,71747.59999999999,63184.33,39,35,-11.935270308693239,Low Decline
CUST04260,118938.08,133154.72,42,45,11.952975867779267,Stable or Increased
CUST04261,126148.93999999999,167423.13,45,59,32.71861816674799,Stable or Increased
CUST04262,51758.36,101428.15999999999,24,43,95.96478713776864,Stable or Increased
CUST04263,171653.59,207602.97,65,70,20.942981734317357,Stable or Increased
CUST04264,132553.99,197031.36000000002,52,64,48.64234565855018,Stable or Increased
CUST04265,118268.18000000001,264630.26,62,74,123.75440291716674,Stable or Increased
CUST04266,193927.73,152041.89,49,57,-21.598685242177584,Low Decline
CUST04267,267640.94,444410.19000000006,98,106,66.04716378592904,Stable or Increased
CUST04268,57068.65,108384.20999999999,38,41,89.9190010627551,Stable or Increased
CUST04269,127024.43,150594.0,52,64,18.555147226403623,Stable or Increased
CUST04270,72810.73999999999,89840.98999999999,35,38,23.38974991876199,Stable or Increased
CUST04271,197153.77,195865.86000000004,63,79,-0.6532515203741452,Low Decline
CUST04272,153968.58000000002,183664.06000000003,64,69,19.286714211431974,Stable or Increased
CUST04273,181222.79,198176.29,60,77,9.355059592670436,Stable or Increased
CUST04274,65630.37999999999,102073.28000000001,36,43,55.527485899060814,Stable or Increased
CUST04275,68006.38999999998,105994.28000000001,32,45,55.85929498683879,Stable or Increased
CUST04276,170527.12,185324.93,72,64,8.677687162018568,Stable or Increased
CUST04277,115629.88999999998,156988.99000000002,48,62,35.768519714063586,Stable or Increased
CUST04278,134506.65999999997,127474.71,55,48,-5.227956742067619,Low Decline
CUST04279,100931.15999999999,151871.37,48,60,50.47025120884375,Stable or Increased
CUST04280,51290.159999999996,88639.89,24,44,72.82045912900254,Stable or Increased
CUST04281,87244.86,145995.96,39,55,67.34047140427526,Stable or Increased
CUST04282,109902.41999999998,156436.43000000002,50,56,42.34120595342672,Stable or Increased
CUST04283,277504.66000000003,318839.91,94,101,14.895335451303751,Stable or Increased
CUST04284,96749.79,146059.34,47,51,50.966053776447474,Stable or Increased
CUST04285,256870.38000000003,327451.10000000003,86,99,27.47717350673129,Stable or Increased
CUST04286,45201.200000000004,93742.83,25,38,107.3901356601152,Stable or Increased
CUST04287,124554.24,124071.67999999998,50,47,-0.3874296049656975,Low Decline
CUST04288,176450.8,239824.27999999997,60,81,35.91566601001525,Stable or Increased
CUST04289,124595.03,141619.73,56,60,13.664028171910237,Stable or Increased
CUST04290,191258.67999999996,197017.87,57,54,3.0112045110841676,Stable or Increased
CUST04291,66028.79000000001,106315.46,35,40,61.01379413434654,Stable or Increased
CUST04292,97635.23,103166.74,38,45,5.6654857063377735,Stable or Increased
CUST04293,157907.80000000002,108418.80000000002,53,58,-31.34044043422807,Moderate Decline
CUST04294,159557.73,178401.00000000003,51,56,11.809687941787601,Stable or Increased
CUST04295,253210.05000000002,279744.59,80,80,10.47926020313965,Stable or Increased
CUST04296,182701.03,247148.84,64,85,35.27501185953905,Stable or Increased
CUST04297,154063.00999999998,89122.02,55,47,-42.152227195872634,Moderate Decline
CUST04298,173018.85,106478.6,61,53,-38.458381846833454,Moderate Decline
CUST04299,180092.07,148550.06,49,61,-17.51438028337395,Low Decline
CUST04300,123509.56,154605.0,53,54,25.17654503829501,Stable or Increased
CUST04301,138843.08,159006.04000000004,53,62,14.522120944018278,Stable or Increased
CUST04302,112051.64,135422.64,49,50,20.85734755867921,Stable or Increased
CUST04303,64235.57000000001,103955.73,35,42,61.83514834537934,Stable or Increased
CUST04304,214352.74999999997,290557.92,85,99,35.551291037787024,Stable or Increased
CUST04305,101608.16000000002,138540.08000000002,43,47,36.34739572097359,Stable or Increased
CUST04306,68366.20000000001,118846.02,36,47,73.83739333179258,Stable or Increased
CUST04307,348001.4,317335.64999999997,100,105,-8.811961676016262,Low Decline
CUST04308,134346.41999999998,121977.11,54,53,-9.207026134377072,Low Decline
CUST04309,167242.67,238159.40000000002,75,81,42.40349068811207,Stable or Increased
CUST04310,93726.73999999999,130926.32,41,46,39.68939920453867,Stable or Increased
CUST04311,129524.95999999999,112968.63,58,55,-12.78234712444612,Low Decline
CUST04312,151834.55,173993.42999999996,68,79,14.594096007792679,Stable or Increased
CUST04313,110151.39999999998,141015.1,51,51,28.019344284321427,Stable or Increased
CUST04314,253752.42,367742.51999999996,98,101,44.921778479984525,Stable or Increased
CUST04315,164828.54,110012.51,46,48,-33.25639479667781,Moderate Decline
CUST04316,101721.80999999997,131558.67,49,52,29.33182175975836,Stable or Increased
CUST04317,161244.08000000002,204734.86,66,69,26.97201658504298,Stable or Increased
CUST04318,168134.53,135775.41999999998,63,59,-19.24596333662099,Low Decline
CUST04319,82623.90999999999,64868.17999999999,32,38,-21.48982056162677,Low Decline
CUST04320,84946.51999999999,90705.12,39,40,6.779088772559495,Stable or Increased
CUST04321,78162.90000000001,133468.33000000002,29,44,70.75662494610614,Stable or Increased
CUST04322,126915.90000000002,160477.49,46,70,26.44396013423059,Stable or Increased
CUST04323,265681.70999999996,360528.87,91,105,35.69954439091801,Stable or Increased
CUST04324,186851.11,242473.42,67,72,29.76825238019728,Stable or Increased
CUST04325,108687.07,134998.25999999998,40,59,24.208206183127366,Stable or Increased
CUST04326,92182.82,99734.61,36,43,8.192188088843444,Stable or Increased
CUST04327,145626.8,216117.76,64,78,48.40521112872083,Stable or Increased
CUST04328,78545.20000000001,101565.03,39,45,29.30774891400109,Stable or Increased
CUST04329,195252.40000000002,210373.11000000002,70,80,7.74418649911601,Stable or Increased
CUST04330,126504.66,109835.45999999999,45,48,-13.176747797274828,Low Decline
CUST04331,170216.66999999998,187197.95000000004,44,55,9.97627318170427,Stable or Increased
CUST04332,115753.48999999999,190480.73,44,66,64.55722414935396,Stable or Increased
CUST04333,65372.06,124785.50999999998,30,51,90.88508148588248,Stable or Increased
CUST04334,106126.66999999998,127545.13,39,50,20.181976877254343,Stable or Increased
CUST04335,78322.31,97843.21999999999,41,38,24.923818002814254,Stable or Increased
CUST04336,99346.31,137283.74,32,41,38.187054959565174,Stable or Increased
CUST04337,87895.20999999999,87671.04000000001,35,42,-0.2550423396223568,Low Decline
CUST04338,123024.78,127996.59,54,61,4.04130777555546,Stable or Increased
CUST04339,88527.6,140681.11,37,47,58.91214717218131,Stable or Increased
CUST04340,66472.11000000002,90296.97,25,44,35.841889177280486,Stable or Increased
CUST04341,105005.16,110138.37,38,58,4.8885311921814045,Stable or Increased
CUST04342,148586.66999999998,143151.10000000003,51,62,-3.6581814505971155,Low Decline
CUST04343,119900.82,147930.08,50,59,23.377037788398763,Stable or Increased
CUST04344,150387.53000000003,233592.86999999997,63,82,55.32728677703525,Stable or Increased
CUST04345,61544.07999999999,153753.33,38,49,149.82635210405294,Stable or Increased
CUST04346,103287.87,88108.3,40,39,-14.696372381384178,Low Decline
CUST04347,97538.66,97196.78,44,54,-0.35050717325828,Low Decline
CUST04348,96745.22,99188.7,37,43,2.5256855067361426,Stable or Increased
CUST04349,120530.26000000001,101325.76000000001,48,50,-15.933343211903798,Low Decline
CUST04350,190797.52000000002,189650.27000000002,68,75,-0.6012918826198579,Low Decline
CUST04351,102962.93,128968.82999999999,49,49,25.257536863024388,Stable or Increased
CUST04352,59714.98,74041.34999999999,23,38,23.99124976680891,Stable or Increased
CUST04353,217324.97999999998,197987.16,83,84,-8.898111942768834,Low Decline
CUST04354,131953.31,194397.88000000003,48,61,47.32323122474157,Stable or Increased
CUST04355,265619.87,350505.59,85,110,31.95759413631218,Stable or Increased
CUST04356,134879.91,136139.74,36,48,0.9340382863541258,Stable or Increased
CUST04357,170538.17,238091.18,66,83,39.61166582237863,Stable or Increased
CUST04358,153788.31,298622.06999999995,61,86,94.17735327217,Stable or Increased
CUST04359,265311.23000000004,343724.58999999997,89,101,29.555235939315466,Stable or Increased
CUST04360,105396.29999999999,111157.74,39,49,5.466453755966781,Stable or Increased
CUST04361,176722.76999999996,154310.47999999998,57,65,-12.682174458899658,Low Decline
CUST04362,92258.76,121226.23999999999,47,57,31.39808078929307,Stable or Increased
CUST04363,136792.7,124674.53,45,65,-8.858784131024546,Low Decline
CUST04364,96125.03000000003,78455.7,41,32,-18.381611948521655,Low Decline
CUST04365,102313.77,147149.81000000003,49,55,43.822097455699286,Stable or Increased
CUST04366,115465.31000000001,97845.87999999999,33,42,-15.259500883858555,Low Decline
CUST04367,110671.51000000001,143523.50999999998,43,42,29.684243035989994,Stable or Increased
CUST04368,184105.77999999997,294858.96,65,89,60.157361708035495,Stable or Increased
CUST04369,158206.06000000003,95874.64,52,49,-39.398882697666586,Moderate Decline
CUST04370,203204.37,223761.45000000004,68,79,10.116455664806837,Stable or Increased
CUST04371,124276.37999999999,71388.5,43,32,-42.556662818791466,Moderate Decline
CUST04372,146417.44,205357.28999999998,60,73,40.254665018047014,Stable or Increased
CUST04373,75795.56,109613.46999999999,29,47,44.61727045753074,Stable or Increased
CUST04374,79200.9,126034.55999999998,32,41,59.13273712798718,Stable or Increased
CUST04375,142084.99,168751.96000000002,66,72,18.76832310013889,Stable or Increased
CUST04376,77380.49,88982.76,37,40,14.993792362906968,Stable or Increased
CUST04377,86389.04,113135.68000000001,32,46,30.9606866796992,Stable or Increased
CUST04378,253502.93000000002,376881.62,94,116,48.66953214308015,Stable or Increased
CUST04379,109098.38000000002,100334.74000000002,38,39,-8.032786554667446,Low Decline
CUST04380,260336.55,386797.8,94,114,48.5760643290387,Stable or Increased
CUST04381,59160.98,113192.01,28,46,91.32882856233955,Stable or Increased
CUST04382,95367.38000000002,47942.75,43,31,-49.72835575434704,Moderate Decline
CUST04383,140030.09999999998,160681.19,46,57,14.747607835743906,Stable or Increased
CUST04384,80249.27999999998,132070.31,30,53,64.5750715769662,Stable or Increased
CUST04385,153356.96,189313.49,64,79,23.44629810084916,Stable or Increased
CUST04386,259130.89999999997,345066.02,94,107,33.162822341912936,Stable or Increased
CUST04387,50277.91,109207.05000000002,28,50,117.20682104725518,Stable or Increased
CUST04388,123911.90999999999,111955.23999999999,49,45,-9.649330722123482,Low Decline
CUST04389,64860.28,148734.97,31,45,129.31595423269835,Stable or Increased
CUST04390,86844.31999999999,125375.25,45,58,44.36781818315811,Stable or Increased
CUST04391,164523.49,181348.68,56,63,10.226618703505501,Stable or Increased
CUST04392,155353.82,185933.74999999997,52,62,19.684054115952836,Stable or Increased
CUST04393,99746.9,89537.29,47,38,-10.235516091226895,Low Decline
CUST04394,120201.43,184095.91999999998,51,61,53.1561812534177,Stable or Increased
CUST04395,104243.01000000001,152484.08000000002,40,55,46.27751059759307,Stable or Increased
CUST04396,97003.81000000001,108285.63,30,35,11.630285449612744,Stable or Increased
CUST04397,115285.23999999999,124480.32999999999,55,50,7.975947311208267,Stable or Increased
CUST04398,67668.98000000001,132072.77,33,54,95.17476102048526,Stable or Increased
CUST04399,84055.81000000001,90438.58,43,44,7.593490562996167,Stable or Increased
CUST04400,95796.09,109579.32,47,38,14.388092457635807,Stable or Increased
CUST04401,75836.87,131959.08000000002,37,45,74.00385854532237,Stable or Increased
CUST04402,48461.34999999999,114346.06999999998,27,49,135.9531255319961,Stable or Increased
CUST04403,86469.85,86985.00999999998,32,41,0.5957683516277342,Stable or Increased
CUST04404,182857.26,199937.83999999997,75,81,9.340936203462721,Stable or Increased
CUST04405,89741.65,151493.77,36,48,68.8109924433081,Stable or Increased
CUST04406,97786.55999999998,83468.31,35,41,-14.642349623506531,Low Decline
CUST04407,118043.83,116387.86,47,46,-1.402843333700712,Low Decline
CUST04408,230870.63000000003,228476.70999999996,61,77,-1.0369097186593508,Low Decline
CUST04409,115650.55000000002,99544.86000000002,38,40,-13.926168098638527,Low Decline
CUST04410,234904.86,212197.03,77,84,-9.666820005341732,Low Decline
CUST04411,64685.35,75633.96999999999,32,41,16.92596546204046,Stable or Increased
CUST04412,167231.74000000002,182717.3,50,54,9.259940726563011,Stable or Increased
CUST04413,204024.41,305845.73000000004,71,85,49.906440116650764,Stable or Increased
CUST04414,129195.57,107955.63,53,49,-16.440145741839288,Low Decline
CUST04415,271284.12,331472.89,97,107,22.1866174842818,Stable or Increased
CUST04416,210571.56999999998,226375.27000000002,73,81,7.505144212962863,Stable or Increased
CUST04417,88589.97999999998,131790.35,35,44,48.76439750861219,Stable or Increased
CUST04418,91846.53,72441.82,41,35,-21.12731967119497,Low Decline
CUST04419,166411.37,273582.5200000001,63,86,64.40133868256723,Stable or Increased
CUST04420,142389.08,173491.28000000003,69,64,21.843107631568408,Stable or Increased
CUST04421,118016.17,156600.45,49,55,32.69406217808967,Stable or Increased
CUST04422,63808.97000000001,121876.06999999998,32,42,91.0014689157339,Stable or Increased
CUST04423,142568.38,136878.8,44,61,-3.9907727085066242,Low Decline
CUST04424,73897.76999999999,103603.95000000001,24,30,40.1990208906169,Stable or Increased
CUST04425,107678.44999999998,159255.25,47,47,47.898906419994,Stable or Increased
CUST04426,290372.66,340458.64999999997,91,103,17.248865647337457,Stable or Increased
CUST04427,95796.95000000001,93957.03,34,48,-1.920645699054106,Low Decline
CUST04428,104110.21,115511.70000000001,40,50,10.951365865077022,Stable or Increased
CUST04429,75572.58,93034.06999999999,32,36,23.105589355292608,Stable or Increased
CUST04430,171486.19,235381.99000000002,64,82,37.26002659456136,Stable or Increased
CUST04431,117438.46999999997,204731.88000000006,57,68,74.33118806810079,Stable or Increased
CUST04432,71929.0,126677.7,38,50,76.11491887833836,Stable or Increased
CUST04433,119045.2,102611.07,38,51,-13.804949716578234,Low Decline
CUST04434,191587.46,204449.50999999998,71,77,6.713409113519219,Stable or Increased
CUST04435,171421.68999999997,200899.31,68,82,17.195968608173228,Stable or Increased
CUST04436,86469.24,107037.2,42,45,23.78644706487531,Stable or Increased
CUST04437,164503.86000000002,227173.59,52,64,38.096206374731864,Stable or Increased
CUST04438,118686.07999999999,156175.83,35,43,31.587318411729502,Stable or Increased
CUST04439,117327.18,128863.08,53,48,9.832248588945895,Stable or Increased
CUST04440,119956.31,164683.77000000002,43,50,37.28645871150923,Stable or Increased
CUST04441,106413.20999999998,128691.51000000001,39,52,20.93565263184903,Stable or Increased
CUST04442,75508.38,106227.99999999999,37,43,40.68372278679529,Stable or Increased
CUST04443,63218.47,124342.71,37,44,96.6873130589842,Stable or Increased
CUST04444,123069.47,171416.46,53,62,39.2843082853936,Stable or Increased
CUST04445,149081.41999999998,264412.79,70,79,77.36133047297243,Stable or Increased
CUST04446,327719.77,393169.93,91,102,19.97137981635956,Stable or Increased
CUST04447,252086.31,391730.88,89,99,55.39553893267746,Stable or Increased
CUST04448,211253.62,235539.81999999998,73,79,11.496229035033805,Stable or Increased
CUST04449,177899.02,169646.38999999998,64,56,-4.638940675446107,Low Decline
CUST04450,144253.31999999998,199414.53,68,76,38.23912683604095,Stable or Increased
CUST04451,85164.94,175769.54000000004,34,53,106.38720581497508,Stable or Increased
CUST04452,126285.79999999999,150512.43000000002,47,69,19.18397001088011,Stable or Increased
CUST04453,336042.07999999996,276543.9,92,89,-17.705574254271948,Low Decline
CUST04454,131366.44,135764.47,50,53,3.347909861909936,Stable or Increased
CUST04455,141754.52,161304.75000000003,56,54,13.791609607933518,Stable or Increased
CUST04456,136378.89999999997,192427.69999999998,35,64,41.097853113641506,Stable or Increased
CUST04457,192361.56999999998,132149.57,63,66,-31.30147045483148,Moderate Decline
CUST04458,107737.28999999998,140257.76,36,52,30.184971238834795,Stable or Increased
CUST04459,70075.69,72546.98,35,32,3.5266010224087605,Stable or Increased
CUST04460,404287.8,321240.10000000003,100,105,-20.541727947269237,Low Decline
CUST04461,280916.11,396276.27,94,110,41.06569751375243,Stable or Increased
CUST04462,117344.50000000001,186516.08000000002,53,67,58.9474410816016,Stable or Increased
CUST04463,77324.45,125823.47000000002,38,45,62.7214548567756,Stable or Increased
CUST04464,198343.19999999998,225567.87,71,79,13.72604152801811,Stable or Increased
CUST04465,161033.07,229532.56,61,91,42.537529713617204,Stable or Increased
CUST04466,98753.17000000001,90830.84,41,46,-8.022355130473295,Low Decline
CUST04467,163101.57,206154.03,76,80,26.396103973738565,Stable or Increased
CUST04468,312509.23000000004,275593.87000000005,99,107,-11.812566304041638,Low Decline
CUST04469,116346.03,132894.01,44,46,14.22307233001419,Stable or Increased
CUST04470,100140.75,78796.3,39,39,-21.314449911749207,Low Decline
CUST04471,131477.41000000003,246948.96999999994,64,87,87.82615964217722,Stable or Increased
CUST04472,112795.01,147698.3,48,60,30.944001866749243,Stable or Increased
CUST04473,186249.89999999997,240327.84,62,76,29.035151159812724,Stable or Increased
CUST04474,78840.22999999998,150908.09,34,60,91.41000730210965,Stable or Increased
CUST04475,161036.39,159240.11,60,46,-1.1154497439988738,Low Decline
CUST04476,253157.06000000003,297613.55,93,103,17.560833578964758,Stable or Increased
CUST04477,101719.49000000002,128310.67,45,58,26.141676486974102,Stable or Increased
CUST04478,117848.69,141774.04,43,52,20.301753036032903,Stable or Increased
CUST04479,102068.09,140052.12000000002,60,68,37.21440266002825,Stable or Increased
CUST04480,205325.44999999995,247976.77000000005,75,88,20.772544270571476,Stable or Increased
CUST04481,105834.43,115968.93,48,50,9.575806285345895,Stable or Increased
CUST04482,84259.45,133931.16999999998,34,47,58.9509188583595,Stable or Increased
CUST04483,91983.41999999998,94414.54,35,45,2.6429980533448423,Stable or Increased
CUST04484,149242.53999999998,133251.02000000002,52,56,-10.715121841265876,Low Decline
CUST04485,93251.48,102708.56,33,49,10.141479792063357,Stable or Increased
CUST04486,151180.82,198862.0,63,70,31.53917276014245,Stable or Increased
CUST04487,244275.34999999998,240714.84000000005,69,77,-1.4575805540755227,Low Decline
CUST04488,227746.46000000002,253393.2,74,85,11.26109270809302,Stable or Increased
CUST04489,95662.1,167643.65,40,60,75.24563019210323,Stable or Increased
CUST04490,88146.94,90323.19,34,39,2.4688888803173428,Stable or Increased
CUST04491,210318.77000000002,179350.68,71,78,-14.724358648540987,Low Decline
CUST04492,89760.34,124242.2,40,47,38.415473916431246,Stable or Increased
CUST04493,165824.49999999997,150572.21999999997,50,53,-9.197844709316175,Low Decline
CUST04494,107231.20000000001,84858.32999999999,38,41,-20.86414215265708,Low Decline
CUST04495,299272.12,376719.25,97,117,25.878498137414205,Stable or Increased
CUST04496,188706.86999999997,274229.10000000003,67,86,45.32014653202615,Stable or Increased
CUST04497,311635.27999999997,359639.22,96,98,15.403884951665294,Stable or Increased
CUST04498,254859.16000000003,361461.22000000003,76,97,41.8278314972081,Stable or Increased
CUST04499,75148.14,81900.82,39,36,8.985824532716322,Stable or Increased
CUST04500,160842.21999999997,192906.12999999998,61,72,19.93500835788017,Stable or Increased
CUST04501,95139.81999999999,165724.39,47,59,74.19035478519932,Stable or Increased
CUST04502,130985.27,170603.94,54,70,30.24666055961865,Stable or Increased
CUST04503,147517.59,157904.02,61,57,7.040807811461666,Stable or Increased
CUST04504,93053.62000000001,112667.06,41,46,21.077567965652477,Stable or Increased
CUST04505,106394.41999999998,120874.75,40,53,13.610046466722615,Stable or Increased
CUST04506,124682.63,112577.85,51,46,-9.708473425688886,Low Decline
CUST04507,84565.25,138829.45999999996,38,46,64.16844980651031,Stable or Increased
CUST04508,101037.62999999999,206926.15,42,53,104.80107263006863,Stable or Increased
CUST04509,80665.34,126288.5,38,45,56.5585665417142,Stable or Increased
CUST04510,158272.54,185777.59999999998,69,80,17.378289373507222,Stable or Increased
CUST04511,68855.19,95786.92000000001,39,45,39.11358025444416,Stable or Increased
CUST04512,136213.52000000002,139636.42,52,58,2.51289299329464,Stable or Increased
CUST04513,69268.61,96256.25,30,44,38.96085109835465,Stable or Increased
CUST04514,210985.5,184763.97999999998,75,75,-12.428114728263326,Low Decline
CUST04515,188603.55,211647.74,69,66,12.218322507715259,Stable or Increased
CUST04516,94836.78,115823.13999999998,39,44,22.128925085815847,Stable or Increased
CUST04517,104467.8,82065.73,43,38,-21.443995183204784,Low Decline
CUST04518,130138.91999999998,137933.71000000002,52,56,5.989591737813744,Stable or Increased
CUST04519,299765.35000000003,386974.29999999993,91,116,29.092405109529796,Stable or Increased
CUST04520,129595.43000000001,136914.44,40,66,5.64758340629758,Stable or Increased
CUST04521,241227.74,196841.88000000003,77,75,-18.399981693647653,Low Decline
CUST04522,145100.47999999998,254096.19000000006,53,83,75.11740140349646,Stable or Increased
CUST04523,194148.03999999998,251346.36000000002,66,76,29.46118848276812,Stable or Increased
CUST04524,74299.58,126278.96000000002,33,59,69.95918415689566,Stable or Increased
CUST04525,101499.70000000001,86843.96,39,41,-14.439195386784398,Low Decline
CUST04526,125733.49,149770.65000000002,50,60,19.117547759153123,Stable or Increased
CUST04527,100817.20999999999,142204.63999999998,45,53,41.05194936459757,Stable or Increased
CUST04528,83053.94,170695.33999999997,49,59,105.52347065051936,Stable or Increased
CUST04529,67599.20000000001,87574.72,33,38,29.54993550219527,Stable or Increased
CUST04530,99229.64999999998,103894.28,48,43,4.700842943616167,Stable or Increased
CUST04531,142571.09999999998,221398.72,61,74,55.29004124959409,Stable or Increased
CUST04532,80317.91999999998,67539.22,32,38,-15.910148071563587,Low Decline
CUST04533,90979.08,105690.10999999999,29,41,16.16968428346383,Stable or Increased
CUST04534,48861.35,106958.59999999999,26,43,118.90226119417493,Stable or Increased
CUST04535,174502.32,141575.89,59,59,-18.86876346400437,Low Decline
CUST04536,89819.86,158577.5,40,63,76.55059805259104,Stable or Increased
CUST04537,154141.21000000002,157369.9,52,52,2.094631279980203,Stable or Increased
CUST04538,92127.1,177120.95,36,64,92.25716428716414,Stable or Increased
CUST04539,133172.35,217863.63999999998,55,61,63.5952508159539,Stable or Increased
CUST04540,88926.87999999998,96579.19,41,36,8.605170899957391,Stable or Increased
CUST04541,148475.79,129859.81999999999,52,63,-12.538050816230724,Low Decline
CUST04542,129447.09000000001,213436.63,65,82,64.88329710617674,Stable or Increased
CUST04543,100024.93000000001,148808.8,35,49,48.77171121239473,Stable or Increased
CUST04544,90842.37,109559.39000000001,36,41,20.60384377906479,Stable or Increased
CUST04545,88183.09,72210.37,35,35,-18.1131325745106,Low Decline
CUST04546,56692.93999999999,88160.29000000001,25,43,55.50488297131887,Stable or Increased
CUST04547,69954.28,59953.62000000001,35,38,-14.295994469530655,Low Decline
CUST04548,291893.41,310521.63,96,105,6.381856993619702,Stable or Increased
CUST04549,155540.28999999995,92720.88,34,36,-40.387869921034586,Moderate Decline
CUST04550,245625.22999999998,284957.27,77,92,16.013029280420437,Stable or Increased
CUST04551,92790.91,100237.01000000001,34,42,8.024600685562849,Stable or Increased
CUST04552,91327.26000000001,96161.24,30,44,5.293030799347309,Stable or Increased
CUST04553,105655.13,172415.04000000004,45,61,63.18662425572713,Stable or Increased
CUST04554,63434.719999999994,82113.63,37,39,29.445877588803125,Stable or Increased
CUST04555,319921.4600000001,376835.4,93,103,17.789972576394195,Stable or Increased
CUST04556,132451.78999999998,126431.43,49,49,-4.545321735553734,Low Decline
CUST04557,214687.82,203119.49999999997,75,72,-5.3884379654141705,Low Decline
CUST04558,118023.39000000001,111741.65,48,42,-5.322453456048008,Low Decline
CUST04559,102742.11000000002,96145.35999999999,47,33,-6.420687681029744,Low Decline
CUST04560,239770.51000000004,181774.17,76,76,-24.18827069267193,Low Decline
CUST04561,74385.37,99050.81999999998,40,41,33.159006939133306,Stable or Increased
CUST04562,98442.09,88172.8,44,40,-10.431808182861612,Low Decline
CUST04563,211856.56,218080.23,70,85,2.9376810423052335,Stable or Increased
CUST04564,65061.62,111262.65,34,48,71.01118908505504,Stable or Increased
CUST04565,146652.13,129704.56999999999,41,50,-11.556299932363759,Low Decline
CUST04566,265756.11,310340.5,86,100,16.77643084104445,Stable or Increased
CUST04567,119735.24,148231.36000000002,48,60,23.79927580217821,Stable or Increased
CUST04568,52844.1,83960.48999999999,33,34,58.88337581678937,Stable or Increased
CUST04569,285947.35000000003,382000.52,97,117,33.591208311600006,Stable or Increased
CUST04570,309096.06000000006,342190.52999999997,98,103,10.706855985158759,Stable or Increased
CUST04571,124423.26000000001,160691.38,49,58,29.14898709453521,Stable or Increased
CUST04572,183929.81999999998,255656.63999999998,63,80,38.99684129522881,Stable or Increased
CUST04573,173829.22000000003,155099.00999999998,73,72,-10.77506416930367,Low Decline
CUST04574,131463.6,149213.37,50,57,13.501661296358833,Stable or Increased
CUST04575,77365.74,97278.65,46,39,25.738666753526804,Stable or Increased
CUST04576,64703.380000000005,89387.05,31,45,38.14896532453173,Stable or Increased
CUST04577,80138.55,131076.44,35,47,63.5622805753286,Stable or Increased
CUST04578,57326.73,104487.68,31,33,82.26694597790592,Stable or Increased
CUST04579,76765.69000000002,104758.46,27,42,36.465209913439175,Stable or Increased
CUST04580,68748.77000000002,83557.91,30,48,21.540952659953017,Stable or Increased
CUST04581,101249.65,111143.11,37,43,9.771352296032635,Stable or Increased
CUST04582,110896.96000000002,147141.05,48,66,32.682672275236364,Stable or Increased
CUST04583,60012.57,105605.10999999999,34,43,75.97165060586472,Stable or Increased
CUST04584,279976.49,325480.49,102,100,16.252793225602623,Stable or Increased
CUST04585,123218.47000000003,146775.18,44,61,19.117840044597177,Stable or Increased
CUST04586,308737.48,339021.12999999995,85,103,9.808867391157033,Stable or Increased
CUST04587,65004.840000000004,117610.90000000002,42,48,80.9263740976826,Stable or Increased
CUST04588,88196.39,123377.75999999998,33,49,39.889807281227704,Stable or Increased
CUST04589,202255.73,272870.42000000004,75,77,34.91356709646744,Stable or Increased
CUST04590,113717.49,153322.96,52,56,34.82794950891018,Stable or Increased
CUST04591,108988.86000000002,120290.77,34,44,10.369784581653562,Stable or Increased
CUST04592,166636.83999999997,232404.65999999997,71,76,39.46775514946156,Stable or Increased
CUST04593,145798.06000000003,126579.81,55,54,-13.181416817205951,Low Decline
CUST04594,297329.04,365029.6100000001,95,112,22.769578780464943,Stable or Increased
CUST04595,108270.45999999999,119717.98,46,52,10.573077827507158,Stable or Increased
CUST04596,136280.00999999998,112443.34,44,58,-17.490951167379563,Low Decline
CUST04597,103829.36,145855.41999999998,35,50,40.476084991759535,Stable or Increased
CUST04598,73348.84999999999,113220.13999999998,34,50,54.35843915753281,Stable or Increased
CUST04599,70538.39,60232.82,38,31,-14.609874140875629,Low Decline
CUST04600,99138.06,133207.84999999998,42,49,34.36600433778912,Stable or Increased
CUST04601,166605.19,222796.03999999998,67,86,33.726950522969894,Stable or Increased
CUST04602,89445.90000000001,114911.11999999998,40,49,28.469968998019997,Stable or Increased
CUST04603,124977.25,197737.58,63,75,58.21885983248951,Stable or Increased
CUST04604,307123.01,337386.74,101,100,9.853944189984325,Stable or Increased
CUST04605,121966.31999999998,142561.71,55,50,16.886128891976096,Stable or Increased
CUST04606,133465.75,108375.36999999998,53,55,-18.799115128787736,Low Decline
CUST04607,131126.27000000002,215447.50999999995,60,76,64.30537526919656,Stable or Increased
CUST04608,105759.79000000001,128431.55000000002,45,46,21.437031975952305,Stable or Increased
CUST04609,178689.74,189838.87,73,51,6.239378936921619,Stable or Increased
CUST04610,175272.09,303279.20999999996,81,83,73.03337342528407,Stable or Increased
CUST04611,93110.38,150117.94,41,49,61.225783849233565,Stable or Increased
CUST04612,122591.64000000001,118786.48000000003,51,59,-3.103931067403934,Low Decline
CUST04613,86648.29999999997,119121.13,40,47,37.47659215472207,Stable or Increased
CUST04614,113377.97,132291.27,44,57,16.68163577104087,Stable or Increased
CUST04615,63596.53,103466.53999999998,31,49,62.69211543459994,Stable or Increased
CUST04616,106483.83000000002,142522.88999999998,36,50,33.84463162153349,Stable or Increased
CUST04617,171436.59999999998,230181.14,79,79,34.26604354029422,Stable or Increased
CUST04618,55523.560000000005,89365.55,29,34,60.950684718342984,Stable or Increased
CUST04619,86337.99,134703.37,43,42,56.018654128964535,Stable or Increased
CUST04620,137094.32,140558.47,53,68,2.5268369980608925,Stable or Increased
CUST04621,126098.45999999999,115808.25000000001,39,42,-8.160456519453113,Low Decline
CUST04622,39574.31,117825.35,27,44,197.7319124452202,Stable or Increased
CUST04623,99949.02999999998,108999.79999999999,32,41,9.05538553000465,Stable or Increased
CUST04624,107659.91,80358.95999999999,38,49,-25.358510888593543,Moderate Decline
CUST04625,53801.23000000001,127967.81,33,44,137.85294499772584,Stable or Increased
CUST04626,144053.55,196721.70999999996,52,61,36.56151479779567,Stable or Increased
CUST04627,162490.95,203721.18000000002,63,72,25.373862359719116,Stable or Increased
CUST04628,101118.64,148825.47999999998,49,60,47.179075984408,Stable or Increased
CUST04629,109244.29000000001,131147.88999999998,41,45,20.05010971282799,Stable or Increased
CUST04630,117589.38,99365.82,35,43,-15.497624020128345,Low Decline
CUST04631,81519.1,132350.43,29,37,62.35511677631376,Stable or Increased
CUST04632,93270.61,153201.53000000003,37,61,64.25488157523579,Stable or Increased
CUST04633,88950.82,110200.61,43,59,23.889369429084514,Stable or Increased
CUST04634,94710.26999999999,108647.48,38,38,14.715626932538582,Stable or Increased
CUST04635,123215.15999999999,133046.57,46,51,7.9790587456933215,Stable or Increased
CUST04636,102042.78000000001,89134.22,38,44,-12.650145360602691,Low Decline
CUST04637,169597.38,210690.78,71,84,24.22997336397531,Stable or Increased
CUST04638,95522.39000000001,104268.98999999999,45,45,9.156596689006603,Stable or Increased
CUST04639,223795.01,366814.81000000006,84,112,63.90660810533713,Stable or Increased
CUST04640,77604.65,108178.19999999998,34,39,39.396543892666216,Stable or Increased
CUST04641,58260.58,130407.81,34,48,123.83541324168074,Stable or Increased
CUST04642,90608.57999999999,88225.31,31,31,-2.6302917449980896,Low Decline
CUST04643,69388.51000000001,93605.08000000002,38,40,34.89997119119578,Stable or Increased
CUST04644,95888.26999999999,166211.81,45,53,73.33904345130016,Stable or Increased
CUST04645,133432.21,185623.37,48,51,39.11436376569046,Stable or Increased
CUST04646,132944.12,147694.56,48,53,11.095218051012713,Stable or Increased
CUST04647,84929.31,108350.06999999999,38,55,27.57676943330871,Stable or Increased
CUST04648,75777.71,70164.67000000001,41,40,-7.407244161904592,Low Decline
CUST04649,111433.23,173572.10999999996,50,56,55.76333020231036,Stable or Increased
CUST04650,322264.5800000001,346621.4700000001,106,109,7.558041283966115,Stable or Increased
CUST04651,165991.8,138926.55,54,59,-16.30517290613151,Low Decline
CUST04652,317508.00000000006,365636.45,91,103,15.158184990614393,Stable or Increased
CUST04653,274364.92,310348.13,101,101,13.115091389963418,Stable or Increased
CUST04654,86048.35,122052.53,36,55,41.841801731235975,Stable or Increased
CUST04655,298726.95,440583.73,93,114,47.48710486281869,Stable or Increased
CUST04656,129502.18000000001,216392.5,54,75,67.09564271427709,Stable or Increased
CUST04657,69868.82999999999,93907.57999999999,36,41,34.4055425001392,Stable or Increased
CUST04658,192329.56,207715.65999999997,72,81,7.999862319655895,Stable or Increased
CUST04659,121637.77999999998,109353.13,49,52,-10.099370442308286,Low Decline
CUST04660,97351.45000000001,161481.05,41,49,65.87431414734961,Stable or Increased
CUST04661,40018.520000000004,105477.40000000001,28,41,163.57146641105166,Stable or Increased
CUST04662,259501.40000000002,228967.47999999998,84,78,-11.766379680417923,Low Decline
CUST04663,56614.450000000004,96380.24,29,40,70.23964729852537,Stable or Increased
CUST04664,302981.81,268743.11,104,98,-11.300579397819298,Low Decline
CUST04665,249185.05,198598.58,79,72,-20.300764431895093,Low Decline
CUST04666,127095.6,153711.65,55,57,20.941755654798428,Stable or Increased
CUST04667,88178.88,135432.17,44,57,53.58799068439065,Stable or Increased
CUST04668,264411.66000000003,338031.01999999996,87,95,27.84270557508694,Stable or Increased
CUST04669,75870.5,78382.64,32,41,3.3110892903038724,Stable or Increased
CUST04670,266012.07999999996,235887.84,69,83,-11.324387975162619,Low Decline
CUST04671,118525.48999999999,153968.01,46,62,29.902867307277127,Stable or Increased
CUST04672,171197.91,239618.36999999997,65,75,39.965709861761724,Stable or Increased
CUST04673,100126.56999999999,98035.43,46,35,-2.088496589866206,Low Decline
CUST04674,190224.63,161832.36000000002,74,79,-14.925653949228336,Low Decline
CUST04675,212760.90000000002,239271.61000000004,74,90,12.460329882041304,Stable or Increased
CUST04676,118031.28,180125.82,44,70,52.608545802434755,Stable or Increased
CUST04677,80676.67,103859.68,31,48,28.735705130120017,Stable or Increased
CUST04678,68458.7,83068.13,34,36,21.340501645517673,Stable or Increased
CUST04679,177300.91,171953.44999999998,63,80,-3.01603640951421,Low Decline
CUST04680,70163.77,85584.01999999999,38,41,21.97751061552135,Stable or Increased
CUST04681,163109.99,192886.48999999996,67,72,18.2554728867312,Stable or Increased
CUST04682,159114.47,167164.6,54,67,5.059332441606351,Stable or Increased
CUST04683,59658.7,129002.47,30,45,116.23412846743224,Stable or Increased
CUST04684,86839.25,119189.37000000001,40,47,37.25287816281234,Stable or Increased
CUST04685,124210.68000000001,123858.85999999999,33,43,-0.28324456479911514,Low Decline
CUST04686,265799.56000000006,336570.76,94,105,26.625777710090993,Stable or Increased
CUST04687,112041.98,136236.06,56,62,21.593763337634698,Stable or Increased
CUST04688,188122.43,249807.91000000003,78,81,32.79007186968616,Stable or Increased
CUST04689,334561.36999999994,281358.2,92,90,-15.902364938307114,Low Decline
CUST04690,122372.95,88242.95,39,35,-27.890150560234105,Moderate Decline
CUST04691,85304.87999999999,87212.08,34,39,2.235745481383963,Stable or Increased
CUST04692,191864.81000000003,174287.97,62,60,-9.161054598808413,Low Decline
CUST04693,126416.86,135972.94,53,55,7.559181583848865,Stable or Increased
CUST04694,64445.16,136701.79,40,45,112.12111196558438,Stable or Increased
CUST04695,135683.50000000003,204135.77999999997,52,66,50.44996628182493,Stable or Increased
CUST04696,83832.87,132127.36000000002,37,57,57.6080599411663,Stable or Increased
CUST04697,57718.62999999999,65641.85,34,36,13.727318198647504,Stable or Increased
CUST04698,191375.90000000002,134760.81,62,46,-29.583186806698244,Moderate Decline
CUST04699,56593.39,89840.14,27,41,58.7467016907805,Stable or Increased
CUST04700,124624.04,142153.5,54,53,14.065873646850164,Stable or Increased
CUST04701,172804.38000000003,136891.71999999997,57,52,-20.782262579224007,Low Decline
CUST04702,90307.54999999999,91912.12,37,44,1.7767838901620154,Stable or Increased
CUST04703,189487.26,195001.90000000002,76,76,2.910295921741659,Stable or Increased
CUST04704,157619.44999999998,119907.23999999999,49,56,-23.92611444843894,Low Decline
CUST04705,92026.11,130068.55,38,45,41.33874614497994,Stable or Increased
CUST04706,76003.06,106385.00999999998,33,34,39.974640494737955,Stable or Increased
CUST04707,86155.67,75744.63,35,40,-12.083987043452849,Low Decline
CUST04708,159185.57000000004,218955.23999999996,68,84,37.54716586434305,Stable or Increased
CUST04709,56451.38,125880.76,31,38,122.98969484891246,Stable or Increased
CUST04710,128996.81999999998,121780.70000000001,50,48,-5.594029372196902,Low Decline
CUST04711,108319.05999999998,125461.85,46,54,15.826199008743268,Stable or Increased
CUST04712,160331.94999999995,170203.47,52,70,6.156926301962928,Stable or Increased
CUST04713,145006.48000000004,98919.02,48,38,-31.783034799548286,Moderate Decline
CUST04714,59995.68000000001,106888.51999999999,33,43,78.1603608793166,Stable or Increased
CUST04715,41094.40000000001,85683.26,22,42,108.5034943933966,Stable or Increased
CUST04716,87253.14999999998,111472.67000000001,30,36,27.757760035024567,Stable or Increased
CUST04717,84621.27,168258.56,41,58,98.83719542379828,Stable or Increased
CUST04718,163063.09,280890.52,64,76,72.25879872630895,Stable or Increased
CUST04719,99100.48000000001,164201.16999999998,48,57,65.69159907197216,Stable or Increased
CUST04720,106231.5,73922.11,40,42,-30.414133284383635,Moderate Decline
CUST04721,151360.7,235981.08,64,74,55.906440707528425,Stable or Increased
CUST04722,63558.08,105332.26000000001,31,42,65.72599424022879,Stable or Increased
CUST04723,113242.60999999999,128925.03000000001,46,54,13.84851514814082,Stable or Increased
CUST04724,135368.06999999998,198944.23,54,57,46.96540328897357,Stable or Increased
CUST04725,150376.13999999998,150441.19,47,61,0.0432581924233575,Stable or Increased
CUST04726,164676.77000000002,240592.84,68,80,46.10004799098256,Stable or Increased
CUST04727,264689.38,316017.61999999994,94,101,19.391877377173174,Stable or Increased
CUST04728,124188.27,102117.41,41,33,-17.772097155391567,Low Decline
CUST04729,81770.58,102874.73999999999,28,40,25.808989003135345,Stable or Increased
CUST04730,101025.71999999999,184708.94,44,58,82.83357940928313,Stable or Increased
CUST04731,58861.78,135178.12,31,43,129.65346953490024,Stable or Increased
CUST04732,125379.41,139738.02000000002,58,57,11.45212758618023,Stable or Increased
CUST04733,165434.99,256253.80000000008,71,87,54.89697796095016,Stable or Increased
CUST04734,98642.66,126766.57999999999,36,41,28.510909985598502,Stable or Increased
CUST04735,174444.08,141010.11,67,54,-19.166010104785443,Low Decline
CUST04736,92190.42000000001,72803.60999999999,42,39,-21.029093912360988,Low Decline
CUST04737,188108.81999999998,208068.96,68,86,10.61095380854551,Stable or Increased
CUST04738,130515.72000000002,152994.92,42,57,17.22336589033106,Stable or Increased
CUST04739,98431.01999999999,111031.63999999998,40,40,12.801472543919585,Stable or Increased
CUST04740,166958.12,140548.47,60,57,-15.818128522290499,Low Decline
CUST04741,74523.65,106103.18,31,44,42.37517888616567,Stable or Increased
CUST04742,106285.38000000002,199034.40999999997,44,58,87.26414677164436,Stable or Increased
CUST04743,89106.4,76017.71,30,38,-14.688832676440738,Low Decline
CUST04744,80479.84000000001,111751.48,42,39,38.85648878029576,Stable or Increased
CUST04745,62856.55,103429.63999999998,32,50,64.54870653893664,Stable or Increased
CUST04746,120169.03,79389.59999999999,42,39,-33.935057976252295,Moderate Decline
CUST04747,69748.54,69491.85,34,37,-0.36802204031795904,Low Decline
CUST04748,192749.34999999998,215208.61,77,74,11.652054857772548,Stable or Increased
CUST04749,111113.88,151987.92,40,57,36.785719299875055,Stable or Increased
CUST04750,123422.68,125715.34,40,52,1.8575678311312018,Stable or Increased
CUST04751,100084.69999999998,166781.24999999997,42,64,66.64010583036169,Stable or Increased
CUST04752,83421.63,129565.4,36,55,55.313915587599986,Stable or Increased
CUST04753,140283.16999999998,123737.29000000002,55,57,-11.794629391394537,Low Decline
CUST04754,94331.25,92895.23999999999,43,39,-1.522305704631296,Low Decline
CUST04755,176532.88000000003,151212.53999999998,58,55,-14.343129733112637,Low Decline
CUST04756,49673.130000000005,111638.31999999998,26,46,124.74589380616838,Stable or Increased
CUST04757,70193.8,131714.18,30,46,87.64360954956135,Stable or Increased
CUST04758,167440.63999999996,295553.55000000005,67,91,76.51243449618929,Stable or Increased
CUST04759,115363.06999999999,73830.37,41,36,-36.00172914954499,Moderate Decline
CUST04760,187398.71000000002,198016.11000000002,75,67,5.665674005973678,Stable or Increased
CUST04761,116643.96999999997,123232.72,41,50,5.648598894567829,Stable or Increased
CUST04762,91989.12,72247.37000000001,40,32,-21.460961905060064,Low Decline
CUST04763,109780.81999999999,130433.91000000002,45,54,18.813022165438394,Stable or Increased
CUST04764,85228.06000000001,120939.07,32,36,41.900531350825055,Stable or Increased
CUST04765,167733.91999999998,192098.18999999997,72,77,14.525547366924945,Stable or Increased
CUST04766,69200.55,97415.9,30,49,40.77330310235972,Stable or Increased
CUST04767,95980.23000000001,122321.57999999999,44,50,27.44455811368651,Stable or Increased
CUST04768,205272.90000000002,269439.23000000004,59,82,31.25903614164364,Stable or Increased
CUST04769,88000.38999999998,120754.32,28,46,37.22021004679642,Stable or Increased
CUST04770,140848.27000000002,221774.1,58,91,57.45603407127399,Stable or Increased
CUST04771,118421.69000000002,188886.12,49,53,59.5029761862037,Stable or Increased
CUST04772,227335.78999999998,302000.89999999997,77,102,32.84353510725258,Stable or Increased
CUST04773,82725.92,111090.98,33,47,34.28799583008566,Stable or Increased
CUST04774,61677.81,123985.09999999999,30,42,101.02059395429247,Stable or Increased
CUST04775,168938.76,243374.40999999997,65,76,44.060729461965956,Stable or Increased
CUST04776,95298.37999999999,151091.23,42,61,58.54543382584261,Stable or Increased
CUST04777,148882.35,253604.32000000004,52,86,70.33874062304902,Stable or Increased
CUST04778,110136.65999999999,133628.34999999998,55,52,21.329582720231382,Stable or Increased
CUST04779,106991.45,149144.61,42,57,39.39862484338701,Stable or Increased
CUST04780,242048.41000000003,370964.82999999996,97,105,53.26059361431042,Stable or Increased
CUST04781,81092.31,163701.98,46,58,101.87115153089117,Stable or Increased
CUST04782,165287.19,201500.75999999998,61,76,21.909483729501346,Stable or Increased
CUST04783,223437.19999999998,384615.38,93,114,72.13578580469144,Stable or Increased
CUST04784,179630.26,298561.59,62,98,66.20896167494274,Stable or Increased
CUST04785,221227.13999999998,188170.56000000003,68,71,-14.942370994806497,Low Decline
CUST04786,88656.79000000001,148934.8,30,47,67.9902915501452,Stable or Increased
CUST04787,94098.88,134409.26,42,54,42.838320711149805,Stable or Increased
CUST04788,174445.05,232016.49000000002,65,82,33.00262174249142,Stable or Increased
CUST04789,287244.05,291448.08,94,94,1.463574267247669,Stable or Increased
CUST04790,117760.56999999999,181238.94,56,61,53.9046049114742,Stable or Increased
CUST04791,206966.8,240119.45000000007,74,74,16.01834207225511,Stable or Increased
CUST04792,95087.32,94401.04999999999,37,45,-0.7217260934476002,Low Decline
CUST04793,86834.70000000001,126543.26,40,51,45.72890791354145,Stable or Increased
CUST04794,71898.87999999999,89918.81,36,40,25.062879978102593,Stable or Increased
CUST04795,68193.73000000001,97916.34999999999,35,47,43.585561311868375,Stable or Increased
CUST04796,85241.20999999999,98715.63000000002,35,47,15.807401138486924,Stable or Increased
CUST04797,85200.43,180876.9,30,57,112.29575954018074,Stable or Increased
CUST04798,108326.95,158728.66,44,56,46.52739692200326,Stable or Increased
CUST04799,107354.66,122780.19999999998,40,49,14.368766106659905,Stable or Increased
CUST04800,114990.76999999999,141620.76,51,53,23.15837175453301,Stable or Increased
CUST04801,104411.22,103423.06999999998,47,43,-0.9464021203851687,Low Decline
CUST04802,105292.18,128677.18,42,54,22.20962658385457,Stable or Increased
CUST04803,63408.56,122342.50999999998,33,43,92.94320829869025,Stable or Increased
CUST04804,101846.91,163940.12999999998,52,62,60.96721049268944,Stable or Increased
CUST04805,99955.90000000001,68042.79000000001,45,29,-31.927189890741815,Moderate Decline
CUST04806,200672.38999999998,232302.55999999997,69,89,15.762093629322889,Stable or Increased
CUST04807,78977.21,121552.45999999999,41,42,53.908273032182294,Stable or Increased
CUST04808,84811.95999999999,93389.42000000001,39,40,10.113502859738205,Stable or Increased
CUST04809,56506.030000000006,132508.13,26,49,134.50263626731518,Stable or Increased
CUST04810,94380.74,105450.71,38,55,11.729056161246458,Stable or Increased
CUST04811,113053.29999999999,126130.62000000001,49,37,11.567393433009052,Stable or Increased
CUST04812,294375.08,383140.00000000006,99,117,30.15368012808694,Stable or Increased
CUST04813,83331.92000000001,95800.35,29,43,14.96236976179115,Stable or Increased
CUST04814,144668.24,133012.06,48,54,-8.057179654636009,Low Decline
CUST04815,75889.09,71996.30000000002,32,34,-5.12957791429569,Low Decline
CUST04816,170416.56,203923.65,71,72,19.661874409388382,Stable or Increased
CUST04817,109699.67000000001,169724.11,50,58,54.71706523820898,Stable or Increased
CUST04818,118765.53,101548.3,44,38,-14.49682412060132,Low Decline
CUST04819,92673.62999999999,127912.71,37,45,38.02492683193701,Stable or Increased
CUST04820,99414.52,157085.84,46,62,58.01096258373524,Stable or Increased
CUST04821,125984.63999999998,141108.96,52,52,12.00489202493257,Stable or Increased
CUST04822,148160.74000000002,172753.02000000002,47,58,16.598378220843117,Stable or Increased
CUST04823,89876.29999999999,123375.65,46,61,37.27272929570978,Stable or Increased
CUST04824,186348.35000000003,236479.44000000003,63,82,26.90181587333614,Stable or Increased
CUST04825,86607.46,53995.46000000001,34,37,-37.654954896495056,Moderate Decline
CUST04826,68839.36000000002,91965.61000000002,33,41,33.5945162767347,Stable or Increased
CUST04827,135218.97,258230.09999999995,62,80,90.97179929709563,Stable or Increased
CUST04828,100153.01999999999,91896.5,38,45,-8.243905176299217,Low Decline
CUST04829,242568.44999999995,287055.11000000004,89,99,18.339837682930366,Stable or Increased
CUST04830,153484.14999999997,181834.88999999998,64,71,18.471444771333083,Stable or Increased
CUST04831,196918.03,252783.76,71,85,28.37004310880015,Stable or Increased
CUST04832,181536.91,356512.43999999994,81,111,96.3856496180308,Stable or Increased
CUST04833,191729.26,159560.77000000002,72,67,-16.77808071652704,Low Decline
CUST04834,51131.89,100244.76,35,42,96.05134877666364,Stable or Increased
CUST04835,144369.38,153782.31,50,59,6.520032156403244,Stable or Increased
CUST04836,78350.14,72211.04,33,34,-7.835467811544441,Low Decline
CUST04837,103641.0,146301.59,43,52,41.161885740199345,Stable or Increased
CUST04838,69166.64,104526.93,31,45,51.12333055357322,Stable or Increased
CUST04839,51435.630000000005,107077.66,34,47,108.17798868216447,Stable or Increased
CUST04840,168170.53,108918.41999999998,49,53,-35.23334914862908,Moderate Decline
CUST04841,220472.95,192938.25,70,75,-12.488924378251394,Low Decline
CUST04842,99566.20999999999,109650.89,35,39,10.128616927369244,Stable or Increased
CUST04843,94029.12999999999,123500.5,33,44,31.34280834035156,Stable or Increased
CUST04844,108276.05999999998,178759.47,49,71,65.09602399644024,Stable or Increased
CUST04845,117625.94,207243.5,53,65,76.1886026160556,Stable or Increased
CUST04846,87547.72000000002,91729.51999999999,38,36,4.776594981571162,Stable or Increased
CUST04847,105727.43000000001,118527.91999999998,34,50,12.10706625518087,Stable or Increased
CUST04848,98015.65,206019.48,42,67,110.190393064781,Stable or Increased
CUST04849,152465.91,197350.59,61,77,29.43915790749551,Stable or Increased
CUST04850,113728.12,83696.03,38,42,-26.406916776607225,Moderate Decline
CUST04851,315342.19,386539.33999999997,93,95,22.57774324456869,Stable or Increased
CUST04852,320027.0200000001,448023.36,96,114,39.995479131730775,Stable or Increased
CUST04853,134408.54,177115.44999999998,52,50,31.77395573227711,Stable or Increased
CUST04854,267092.16,376593.62,99,105,40.99763167889317,Stable or Increased
CUST04855,82827.89,96899.77,42,43,16.989301550480164,Stable or Increased
CUST04856,135152.06999999998,141045.94,53,58,4.360917298565997,Stable or Increased
CUST04857,180542.08,232374.94000000003,61,84,28.709572859690134,Stable or Increased
CUST04858,78858.20000000001,127207.90000000001,36,44,61.3122034233599,Stable or Increased
CUST04859,230450.39999999997,285783.57,78,86,24.010880432405433,Stable or Increased
CUST04860,374145.7500000001,283243.27,96,98,-24.296007638734388,Low Decline
CUST04861,199776.14,127079.00999999998,68,50,-36.389295538496256,Moderate Decline
CUST04862,71579.57,88126.53,31,35,23.116875387767752,Stable or Increased
CUST04863,104525.75999999998,107691.58999999998,36,46,3.0287557823066797,Stable or Increased
CUST04864,71713.69,95915.97999999998,37,42,33.74849348848174,Stable or Increased
CUST04865,64006.35,121223.79000000001,28,41,89.39338050052848,Stable or Increased
CUST04866,176135.59,188431.65,66,80,6.981019565665291,Stable or Increased
CUST04867,75569.87999999999,109579.18000000001,31,36,45.00377663693528,Stable or Increased
CUST04868,343224.35,353757.32,92,110,3.0688294697040086,Stable or Increased
CUST04869,173027.71,246005.69,68,78,42.17704782661691,Stable or Increased
CUST04870,179891.36,171696.51,62,72,-4.55544390792308,Low Decline
CUST04871,115001.63,147674.63,37,62,28.410901654176552,Stable or Increased
CUST04872,117456.74999999999,104459.29,37,41,-11.065741219640413,Low Decline
CUST04873,171098.11,253354.71999999997,65,76,48.07569762167448,Stable or Increased
CUST04874,79205.14,100160.78,32,45,26.45742435402551,Stable or Increased
CUST04875,123985.9,99568.85000000002,39,39,-19.69340868598766,Low Decline
CUST04876,134779.71,255809.05999999997,59,81,89.79790058904265,Stable or Increased
CUST04877,63775.63999999999,126497.06,30,41,98.3469864042133,Stable or Increased
CUST04878,142096.96,170191.81,49,57,19.771605247571802,Stable or Increased
CUST04879,67452.13,127681.11,34,48,89.29144268683582,Stable or Increased
CUST04880,71883.04,72115.19,41,40,0.3229551783007629,Stable or Increased
CUST04881,123631.41,179867.81,52,63,45.48714602543156,Stable or Increased
CUST04882,114226.65,81784.66999999998,32,36,-28.401410704069505,Moderate Decline
CUST04883,178810.48,149331.56999999998,46,60,-16.48611982921808,Low Decline
CUST04884,107289.5,113323.8,32,45,5.6243155201580795,Stable or Increased
CUST04885,166451.28,129793.20000000001,46,54,-22.023309162897387,Low Decline
CUST04886,125480.22,94666.4,46,48,-24.556714994602345,Low Decline
CUST04887,94955.17,116992.02,36,39,23.207635771701536,Stable or Increased
CUST04888,191205.11,240379.03999999998,59,83,25.717895301019933,Stable or Increased
CUST04889,145554.06,142685.27999999997,61,59,-1.9709378082617743,Low Decline
CUST04890,91173.04999999999,122556.35,40,44,34.421684916759965,Stable or Increased
CUST04891,93941.29000000001,103655.32,38,37,10.340532900921414,Stable or Increased
CUST04892,61220.96000000001,105838.73,32,45,72.87989276875108,Stable or Increased
CUST04893,109207.71,153653.21,48,63,40.698133858863976,Stable or Increased
CUST04894,104769.31000000001,146760.49,49,65,40.07965691479688,Stable or Increased
CUST04895,110745.13999999998,120498.91,39,45,8.80740229322932,Stable or Increased
CUST04896,79592.67000000001,99227.09000000001,35,44,24.668628405103128,Stable or Increased
CUST04897,188649.54,308456.99000000005,72,91,63.507947064169905,Stable or Increased
CUST04898,128957.62,117962.2,45,40,-8.526382543350287,Low Decline
CUST04899,113527.07,143628.05999999997,55,57,26.51437229904723,Stable or Increased
CUST04900,328876.04,339545.48000000004,99,101,3.2442132300060718,Stable or Increased
CUST04901,186218.24000000002,180028.38,71,78,-3.323981582040521,Low Decline
CUST04902,80926.61999999998,89164.09999999999,31,37,10.178949769556683,Stable or Increased
CUST04903,77425.93,89014.06999999999,34,45,14.966743053651408,Stable or Increased
CUST04904,85117.60999999999,66186.68999999999,40,28,-22.240897036465192,Low Decline
CUST04905,105535.19,129906.31999999999,38,50,23.092894417492392,Stable or Increased
CUST04906,91473.06999999999,161208.52,39,59,76.23604411659082,Stable or Increased
CUST04907,108420.91,133436.34,47,51,23.07251433325914,Stable or Increased
CUST04908,127426.81,158864.68,42,69,24.671315243628868,Stable or Increased
CUST04909,178111.81,236573.57999999996,69,88,32.8230733268052,Stable or Increased
CUST04910,62260.01000000001,95822.73999999999,32,42,53.90736365124255,Stable or Increased
CUST04911,108511.28,122017.11000000002,39,42,12.446475610646209,Stable or Increased
CUST04912,121533.93000000001,161231.18,44,55,32.663512156646284,Stable or Increased
CUST04913,151543.19,234190.49,61,77,54.53712568674316,Stable or Increased
CUST04914,124777.85999999999,145662.13999999998,56,47,16.737167955917823,Stable or Increased
CUST04915,65972.53,109887.18,31,41,66.56505366703382,Stable or Increased
CUST04916,213590.22,201915.98,79,84,-5.465718421002605,Low Decline
CUST04917,63169.18999999999,85625.71000000002,36,37,35.549798881385115,Stable or Increased
CUST04918,139871.18,149313.22999999998,60,52,6.750532883185792,Stable or Increased
CUST04919,62903.259999999995,89682.95999999998,35,42,42.572833268100865,Stable or Increased
CUST04920,114065.16999999998,167618.11,39,52,46.949423737324906,Stable or Increased
CUST04921,361505.67999999993,339819.61,110,110,-5.998818607774006,Low Decline
CUST04922,108502.12,120775.98000000001,51,48,11.312092335154386,Stable or Increased
CUST04923,184787.62,119410.31000000001,58,54,-35.379702384824256,Moderate Decline
CUST04924,130632.93999999999,164915.33,50,58,26.24329667540209,Stable or Increased
CUST04925,208622.41,228549.52000000002,83,80,9.551759084750298,Stable or Increased
CUST04926,94840.45,184926.12,50,60,94.98654846112603,Stable or Increased
CUST04927,107437.29,90589.31999999999,34,40,-15.681678121255665,Low Decline
CUST04928,186410.57,184981.29,71,78,-0.7667376372487884,Low Decline
CUST04929,89845.95000000001,158729.04,42,54,76.6679967210542,Stable or Increased
CUST04930,316559.87000000005,316580.49,92,114,0.006513775735356832,Stable or Increased
CUST04931,210351.97000000003,264122.88,64,86,25.56235151969338,Stable or Increased
CUST04932,190060.59999999998,227501.91,58,73,19.699669473841517,Stable or Increased
CUST04933,148982.69,131686.41,53,48,-11.609590349053303,Low Decline
CUST04934,371749.04000000004,365692.11,95,110,-1.6293061577240524,Low Decline
CUST04935,183422.15,227570.62,67,77,24.069323143360823,Stable or Increased
CUST04936,122441.81,181130.13,49,64,47.93160114179953,Stable or Increased
CUST04937,77319.47,111924.47,43,39,44.755868088593985,Stable or Increased
CUST04938,72928.06,71679.02,34,38,-1.7127015307962308,Low Decline
CUST04939,77442.65000000001,126833.22,32,33,63.77696269432927,Stable or Increased
CUST04940,65677.82,98317.62999999999,28,38,49.696853519194114,Stable or Increased
CUST04941,89946.18000000001,58141.73,38,35,-35.35942271255989,Moderate Decline
CUST04942,96089.74999999999,115784.96,43,42,20.496681487879847,Stable or Increased
CUST04943,84485.59000000001,84931.32,40,30,0.5275810940066772,Stable or Increased
CUST04944,217454.77,215445.67999999993,66,80,-0.9239116713788595,Low Decline
CUST04945,45076.71000000001,105735.91999999998,29,36,134.56884941247924,Stable or Increased
CUST04946,104777.25000000001,175973.58999999997,46,58,67.95018956882333,Stable or Increased
CUST04947,252732.84000000003,353323.78,93,111,39.801293729774095,Stable or Increased
CUST04948,134966.32,122534.31999999998,58,51,-9.21118690944528,Low Decline
CUST04949,131045.41,74851.56999999999,46,34,-42.881196678311746,Moderate Decline
CUST04950,98918.26000000001,147977.19999999998,46,59,49.59543364389948,Stable or Increased
CUST04951,142710.68,151144.16,55,57,5.909494650295277,Stable or Increased
CUST04952,88176.90000000001,85626.18,37,43,-2.8927304089846837,Low Decline
CUST04953,79373.11,87560.25,40,43,10.314752691434164,Stable or Increased
CUST04954,338610.56,319053.85,101,105,-5.775575930059601,Low Decline
CUST04955,132333.17,148500.71999999997,48,58,12.217307270731864,Stable or Increased
CUST04956,384011.72,372114.86,93,107,-3.0980460700522334,Low Decline
CUST04957,121770.06,217249.79999999996,41,60,78.40986528215554,Stable or Increased
CUST04958,70365.65,62606.18,37,34,-11.0273549665213,Low Decline
CUST04959,247570.83999999997,206230.57,80,80,-16.69835995224638,Low Decline
CUST04960,150810.89999999997,232142.77999999997,65,86,53.92970932472389,Stable or Increased
CUST04961,97782.93,92409.75,43,40,-5.495008177807715,Low Decline
CUST04962,87235.62,108485.66,39,44,24.359361462668588,Stable or Increased
CUST04963,146002.88999999998,118325.29999999999,47,54,-18.956878182342827,Low Decline
CUST04964,306794.66,290553.7799999999,92,106,-5.293729688776221,Low Decline
CUST04965,163525.55,268445.78,69,91,64.16136805532838,Stable or Increased
CUST04966,109386.58999999998,108832.73,46,45,-0.5063326318152765,Low Decline
CUST04967,175265.43,248949.22999999998,63,80,42.04126278639204,Stable or Increased
CUST04968,107373.79,67961.64,36,32,-36.70555914995643,Moderate Decline
CUST04969,108778.49999999999,180803.00999999998,43,61,66.21208235083219,Stable or Increased
CUST04970,141704.5,142092.04,57,66,0.27348461058047424,Stable or Increased
CUST04971,131150.27,146781.87,44,44,11.918846983692832,Stable or Increased
CUST04972,87674.91,93093.56999999999,32,42,6.180399843010946,Stable or Increased
CUST04973,118383.51,174456.82,49,62,47.36581133639306,Stable or Increased
CUST04974,182791.55,373891.92000000004,85,99,104.54551646397223,Stable or Increased
CUST04975,294600.08999999997,443654.61000000004,91,110,50.59554462457907,Stable or Increased
CUST04976,116383.59000000001,142203.4,52,69,22.185094994921517,Stable or Increased
CUST04977,145380.98,166606.02,50,50,14.599598929653645,Stable or Increased
CUST04978,129205.12000000001,135943.8,53,55,5.21548991247404,Stable or Increased
CUST04979,100480.95,125232.62000000001,39,45,24.633196640756296,Stable or Increased
CUST04980,115277.07,150335.07,51,58,30.411945758163352,Stable or Increased
CUST04981,122894.65,159901.47,44,59,30.112637124561573,Stable or Increased
CUST04982,121709.38,117234.40000000001,35,52,-3.6767749535820458,Low Decline
CUST04983,172865.67,194986.06,65,73,12.796288586391956,Stable or Increased
CUST04984,171077.62999999998,174118.67,54,52,1.7775789856336202,Stable or Increased
CUST04985,192535.6,210186.77000000002,65,79,9.167743523795087,Stable or Increased
CUST04986,102082.69,139904.62,48,54,37.05028736997427,Stable or Increased
CUST04987,88002.73000000001,158771.40000000002,31,52,80.41644844426986,Stable or Increased
CUST04988,104013.54,81321.07999999999,37,40,-21.816832693128227,Low Decline
CUST04989,324679.6,306523.22,105,105,-5.592091403340403,Low Decline
CUST04990,81279.29,143745.96999999997,44,56,76.85436228589101,Stable or Increased
CUST04991,130213.69,126821.98000000001,54,50,-2.6047261236510475,Low Decline
CUST04992,208963.43000000002,241998.11999999997,67,93,15.80883793877232,Stable or Increased
CUST04993,176373.71,182619.22999999998,61,74,3.541071965884252,Stable or Increased
CUST04994,250796.72000000003,307247.26,88,95,22.508484161993817,Stable or Increased
CUST04995,119773.25,163473.06,42,58,36.48545063275815,Stable or Increased
CUST04996,95919.78,92427.2,38,50,-3.6411467999613865,Low Decline
CUST04997,101397.79000000002,57872.63000000001,41,30,-42.925156455579554,Moderate Decline
CUST04998,131877.09,134383.90000000002,44,54,1.9008684525871984,Stable or Increased
CUST04999,80413.05999999998,119962.62000000001,39,37,49.18300584507048,Stable or Increased
CUST05000,241857.97,376784.02,81,103,55.78730773271603,Stable or Increased
CUST05001,223133.36000000002,423286.42000000004,79,115,89.70109175965442,Stable or Increased
CUST05002,100008.35999999999,140312.36,44,55,40.3006308672595,Stable or Increased
CUST05003,64188.34,112525.40000000001,30,46,75.30504761456677,Stable or Increased
CUST05004,91316.52999999998,79987.44,35,37,-12.406395643811678,Low Decline
CUST05005,76562.19,97688.27000000002,34,45,27.59335907188655,Stable or Increased
CUST05006,93613.77999999998,87932.44000000002,41,47,-6.068914213270705,Low Decline
CUST05007,224924.55999999994,205472.46999999997,63,60,-8.648273003179366,Low Decline
CUST05008,282422.62,364340.17,95,96,29.00530771933211,Stable or Increased
CUST05009,95230.06999999999,118662.57999999999,38,39,24.60620894219651,Stable or Increased
CUST05010,188820.49000000002,292365.81,89,89,54.83796806162296,Stable or Increased
CUST05011,287457.66,297745.06999999995,104,106,3.578756607146936,Stable or Increased
CUST05012,153013.86999999997,265645.5,69,77,73.60877154469726,Stable or Increased
CUST05013,92688.65000000001,133564.01,43,56,44.09963895255783,Stable or Increased
CUST05014,93728.2,78124.99999999999,29,37,-16.64728438186161,Low Decline
CUST05015,71937.16999999998,147957.94,37,57,105.67662030630345,Stable or Increased
CUST05016,105296.02,106030.59000000001,34,51,0.6976237088543393,Stable or Increased
CUST05017,85620.1,106097.93,33,38,23.917082554213305,Stable or Increased
CUST05018,97583.41999999998,162737.28,44,62,66.76734633813821,Stable or Increased
CUST05019,330058.82,322758.26,103,103,-2.2118966552688994,Low Decline
CUST05020,53361.490000000005,85313.9,27,38,59.879156297921945,Stable or Increased
CUST05021,81381.17,77709.79,43,42,-4.511338433694188,Low Decline
CUST05022,106328.12,96501.92,43,36,-9.241393527883309,Low Decline
CUST05023,147556.41,122132.29000000001,50,55,-17.230102033520602,Low Decline
CUST05024,109953.62999999999,146144.59,41,59,32.91474778959095,Stable or Increased
CUST05025,69248.84999999999,126586.81,37,45,82.7998732108909,Stable or Increased
CUST05026,125877.32,165946.85000000003,49,59,31.83220774004406,Stable or Increased
CUST05027,76367.93000000001,108173.37,38,41,41.64763926428277,Stable or Increased
CUST05028,88797.38,177302.01,38,61,99.67031684943856,Stable or Increased
CUST05029,163068.64,253999.1,66,88,55.7620766322697,Stable or Increased
CUST05030,80068.22000000002,105070.2,41,38,31.225847158835276,Stable or Increased
CUST05031,161690.87000000002,302022.55000000005,56,86,86.79010756760725,Stable or Increased
CUST05032,118179.47,180705.93,46,58,52.908055857756,Stable or Increased
CUST05033,85724.58,191524.96,36,63,123.41895405028521,Stable or Increased
CUST05034,151879.57,172658.1,59,55,13.680924959163368,Stable or Increased
CUST05035,148208.15000000002,227216.65,70,75,53.30914662925079,Stable or Increased
CUST05036,182275.80000000002,240412.9,72,79,31.89512815195433,Stable or Increased
CUST05037,85079.88999999998,126553.2,43,63,48.74631361183003,Stable or Increased
CUST05038,81670.81999999999,132488.27,36,51,62.2222845319785,Stable or Increased
CUST05039,91833.43,105937.69,34,35,15.358524667977674,Stable or Increased
CUST05040,206485.13999999998,224892.42999999996,60,81,8.914583393264998,Stable or Increased
CUST05041,88053.34,59053.280000000006,42,30,-32.93465074692225,Moderate Decline
CUST05042,230186.26,327979.63,82,104,42.48445150462065,Stable or Increased
CUST05043,87931.07,73187.06,37,42,-16.767690874226833,Low Decline
CUST05044,145771.87999999998,201526.58,46,61,38.24791173716084,Stable or Increased
CUST05045,138647.47999999998,143222.16999999998,49,56,3.299511826684483,Stable or Increased
CUST05046,88972.01,96818.92,43,37,8.819526500525281,Stable or Increased
CUST05047,100969.1,196739.03999999998,46,56,94.85074146446782,Stable or Increased
CUST05048,92481.54,90634.87000000001,42,47,-1.9967984962187955,Low Decline
CUST05049,88855.85,135927.30000000002,36,46,52.97507142185912,Stable or Increased
CUST05050,149748.65999999997,150856.69999999998,49,60,0.7399331653451913,Stable or Increased
CUST05051,62782.23000000001,105666.31000000001,28,35,68.30607960246076,Stable or Increased
CUST05052,115665.64,132865.04,47,58,14.869930257594225,Stable or Increased
CUST05053,202996.45,193936.41,63,74,-4.463151941819676,Low Decline
CUST05054,177758.73,300794.52,71,73,69.21504783478144,Stable or Increased
CUST05055,78514.81999999999,91317.31999999999,35,44,16.30583882125693,Stable or Increased
CUST05056,104889.73999999999,120215.88,40,50,14.611667451935732,Stable or Increased
CUST05057,280752.65,380006.18,93,124,35.35266007284346,Stable or Increased
CUST05058,292192.64,355532.57,99,109,21.677455667603397,Stable or Increased
CUST05059,259024.56,364511.5,91,106,40.724686493049155,Stable or Increased
CUST05060,138544.4,139112.81,51,62,0.41027280785077097,Stable or Increased
CUST05061,63368.469999999994,97091.63,41,53,53.21757018908617,Stable or Increased
CUST05062,79744.07,159162.58,41,65,99.59174393782506,Stable or Increased
CUST05063,191918.21000000002,240576.18000000002,66,83,25.35349303226619,Stable or Increased
CUST05064,46931.91,67443.53,29,37,43.70506122593347,Stable or Increased
CUST05065,69764.95,76695.01000000001,34,40,9.933440789393545,Stable or Increased
CUST05066,70129.90999999999,94049.23,33,38,34.10715912796696,Stable or Increased
CUST05067,116716.64000000001,159380.78000000003,51,55,36.553605381374936,Stable or Increased
CUST05068,82680.89,106249.49,37,39,28.505498670853694,Stable or Increased
CUST05069,122191.52,112815.98999999999,44,42,-7.672815593095178,Low Decline
CUST05070,45108.740000000005,84655.01999999999,29,37,87.66877549672188,Stable or Increased
CUST05071,216195.52,222072.69,78,73,2.7184513351618076,Stable or Increased
CUST05072,171229.58000000002,157074.88999999998,59,56,-8.266498113234892,Low Decline
CUST05073,144056.13999999998,172256.33,65,68,19.575833421609104,Stable or Increased
CUST05074,80191.51,94601.89,36,49,17.96995716878259,Stable or Increased
CUST05075,132110.52,153507.72,50,61,16.19643916320972,Stable or Increased
CUST05076,111993.50000000001,137274.48,46,56,22.57361364722059,Stable or Increased
CUST05077,84021.02999999998,102636.72,37,43,22.155988804231537,Stable or Increased
CUST05078,100814.59000000001,140641.55,33,51,39.50515495822576,Stable or Increased
CUST05079,176664.05,276361.45,71,84,56.43332641813659,Stable or Increased
CUST05080,242933.41999999998,194664.34,74,76,-19.86926294455493,Low Decline
CUST05081,111758.69,110357.77,45,47,-1.2535222093243918,Low Decline
CUST05082,103246.66,179038.8,47,55,73.40880566983957,Stable or Increased
CUST05083,194102.02000000002,256844.57,71,74,32.32452191893726,Stable or Increased
CUST05084,143682.18,140912.05,57,57,-1.927956549657031,Low Decline
CUST05085,65279.23,77305.6,29,36,18.422965466963998,Stable or Increased
CUST05086,220798.05000000002,398745.25,95,109,80.59274074204912,Stable or Increased
CUST05087,119895.09,149737.62000000002,56,55,24.890535550705227,Stable or Increased
CUST05088,149853.66999999998,202963.53999999998,49,71,35.441154027125265,Stable or Increased
CUST05089,194377.09000000003,164312.82,58,62,-15.466982245695732,Low Decline
CUST05090,77839.77,121202.62000000001,38,55,55.707834182963296,Stable or Increased
CUST05091,169724.0,166328.91999999998,61,58,-2.0003535151186727,Low Decline
CUST05092,94810.37000000001,139230.38,38,44,46.851425640465266,Stable or Increased
CUST05093,57240.77,149511.14999999997,31,52,161.1969580423184,Stable or Increased
CUST05094,87871.20000000001,88430.57,35,39,0.6365794481013065,Stable or Increased
CUST05095,224041.46,340367.18999999994,79,102,51.92151934735649,Stable or Increased
CUST05096,180088.5,284076.12999999995,75,69,57.74251548544185,Stable or Increased
CUST05097,60166.549999999996,93671.68,38,39,55.68730465682343,Stable or Increased
CUST05098,97999.81999999999,166407.80000000002,38,53,69.80418943626634,Stable or Increased
CUST05099,117611.62000000001,125692.82999999999,36,52,6.871098280935145,Stable or Increased
CUST05100,118205.48,151010.74,44,65,27.752740397484107,Stable or Increased
CUST05101,57238.82000000001,96549.48000000001,24,51,68.67832006320187,Stable or Increased
CUST05102,295977.78,357116.14999999997,85,104,20.65640535583446,Stable or Increased
CUST05103,89564.98,188937.61,50,65,110.95031785860945,Stable or Increased
CUST05104,166004.69,228183.35,73,83,37.45596585253104,Stable or Increased
CUST05105,165444.02000000002,241946.34999999998,62,84,46.24061359244048,Stable or Increased
CUST05106,306635.07,320073.2099999999,101,105,4.382453709551193,Stable or Increased
CUST05107,83392.87000000001,103977.9,37,37,24.684400476923244,Stable or Increased
CUST05108,91927.69,127855.61,44,49,39.08280519177627,Stable or Increased
CUST05109,128219.93000000001,139551.1,45,51,8.83729229925488,Stable or Increased
CUST05110,112660.43,192057.40999999997,56,60,70.4745934308967,Stable or Increased
CUST05111,353525.59,358257.75,98,112,1.3385622240245676,Stable or Increased
CUST05112,137281.0,151666.24,47,64,10.478682410530219,Stable or Increased
CUST05113,152737.39,203546.69999999998,68,68,33.26579693420188,Stable or Increased
CUST05114,71132.02,177882.55000000002,49,52,150.07380642360502,Stable or Increased
CUST05115,112228.15000000001,75720.53,40,28,-32.52982429096444,Moderate Decline
CUST05116,79733.94,84281.82999999999,45,39,5.703832019338296,Stable or Increased
CUST05117,66006.06,75135.13,27,36,13.830654336889685,Stable or Increased
CUST05118,104685.81000000001,152896.55000000002,47,56,46.05279359256045,Stable or Increased
CUST05119,97767.09999999999,101050.15000000001,38,34,3.3580314850292354,Stable or Increased
CUST05120,101587.41,84595.29,40,40,-16.726600274581276,Low Decline
CUST05121,114747.21999999999,168498.80000000002,56,54,46.84347036904252,Stable or Increased
CUST05122,109561.57,107108.78,45,49,-2.238732066362328,Low Decline
CUST05123,127767.51,164182.31999999998,52,52,28.50083718466454,Stable or Increased
CUST05124,126620.00999999998,159591.59,51,61,26.039786286543514,Stable or Increased
CUST05125,68776.3,85889.47000000002,32,36,24.882365000734286,Stable or Increased
CUST05126,75847.27,113298.56,34,43,49.3772419231437,Stable or Increased
CUST05127,136249.44,136578.23,51,56,0.24131475329367089,Stable or Increased
CUST05128,97192.33,112220.17000000001,46,53,15.461960835798475,Stable or Increased
CUST05129,156522.83,247736.14,71,88,58.274764135046645,Stable or Increased
CUST05130,93763.07999999999,157773.00999999998,47,60,68.26773395242563,Stable or Increased
CUST05131,120603.5,131324.29,48,53,8.88928596599602,Stable or Increased
CUST05132,95983.23,146933.46000000002,37,62,53.082429086831134,Stable or Increased
CUST05133,87155.18,125174.31000000001,39,43,43.62234120794658,Stable or Increased
CUST05134,135335.38999999998,151259.71,41,42,11.766560099320664,Stable or Increased
CUST05135,88559.12999999999,98926.37,36,42,11.70657390152772,Stable or Increased
CUST05136,165662.28,161468.96000000002,55,61,-2.53124609899126,Low Decline
CUST05137,154566.69,141066.34,51,42,-8.734320441228316,Low Decline
CUST05138,92011.81999999999,70792.5,38,46,-23.06151535748341,Low Decline
CUST05139,102487.26999999997,150113.74999999997,45,61,46.47062996214068,Stable or Increased
CUST05140,255506.62000000005,363470.81000000006,95,108,42.254948227955886,Stable or Increased
CUST05141,92702.35,116552.5,30,35,25.727664940532783,Stable or Increased
CUST05142,151890.96000000002,266106.6,59,87,75.19581152163364,Stable or Increased
CUST05143,114164.7,117562.73000000003,52,50,2.9764279151086352,Stable or Increased
CUST05144,191276.56,245647.91,62,81,28.42551643546915,Stable or Increased
CUST05145,85745.48000000001,97221.01,38,38,13.383247723378517,Stable or Increased
CUST05146,272178.46,271617.57,96,97,-0.20607435283453876,Low Decline
CUST05147,85369.6,82727.48000000001,37,32,-3.09491903441037,Low Decline
CUST05148,115074.27,130279.35,55,53,13.21327521782237,Stable or Increased
CUST05149,119736.93,134679.08000000002,44,59,12.479149081240035,Stable or Increased
CUST05150,120194.31,219450.40999999997,51,64,82.57969948827026,Stable or Increased
CUST05151,112388.95999999999,209236.58000000002,50,67,86.17182684135526,Stable or Increased
CUST05152,114612.89,145417.16999999998,56,60,26.876802425974937,Stable or Increased
CUST05153,124689.79999999999,116346.67,57,58,-6.691108655238834,Low Decline
CUST05154,202024.23,244717.36999999997,67,81,21.132682946001058,Stable or Increased
CUST05155,176110.59999999998,256513.47,56,83,45.65475899803875,Stable or Increased
CUST05156,174111.46,140901.03999999998,63,50,-19.074229806584825,Low Decline
CUST05157,285735.77,421698.05,88,117,47.5832199797736,Stable or Increased
CUST05158,187426.1,272863.88000000006,70,92,45.58478248226904,Stable or Increased
CUST05159,64813.719999999994,170052.5,31,50,162.371146109188,Stable or Increased
CUST05160,244970.37999999998,329427.17,99,97,34.47632730128435,Stable or Increased
CUST05161,157066.16999999998,200252.03999999998,66,79,27.495335246285055,Stable or Increased
CUST05162,80489.90000000001,173402.28,45,71,115.43358856204316,Stable or Increased
CUST05163,88073.95,136493.62,44,56,54.97615356186478,Stable or Increased
CUST05164,118421.73000000001,105826.97999999998,49,36,-10.635505831573333,Low Decline
CUST05165,117835.05999999998,131856.76,44,49,11.899429592516885,Stable or Increased
CUST05166,54141.39,89602.6,33,38,65.49741334679439,Stable or Increased
CUST05167,305288.74000000005,362081.7,108,111,18.603031346652337,Stable or Increased
CUST05168,179524.81000000003,126238.3,57,54,-29.681975432810663,Moderate Decline
CUST05169,77394.41,82206.62000000001,31,33,6.217774642897344,Stable or Increased
CUST05170,206866.58000000002,267021.99,75,83,29.079327361626014,Stable or Increased
CUST05171,107225.81,176832.73,51,63,64.91619881444589,Stable or Increased
CUST05172,90703.40999999999,121563.87999999999,45,64,34.02349481678804,Stable or Increased
CUST05173,85587.81,150383.29999999996,36,51,75.70644698117637,Stable or Increased
CUST05174,119318.28,153589.59999999998,42,51,28.72260646063619,Stable or Increased
CUST05175,193605.03,215527.97999999998,64,80,11.32354360834529,Stable or Increased
CUST05176,83706.00999999998,130737.41999999998,37,47,56.18641958922664,Stable or Increased
CUST05177,93902.95999999998,150686.93,39,59,60.470905283496954,Stable or Increased
CUST05178,47188.450000000004,97302.05,26,41,106.19886857906965,Stable or Increased
CUST05179,107881.47000000002,144131.18,43,57,33.601423858981505,Stable or Increased
CUST05180,98272.53,119231.38,49,55,21.327272229584405,Stable or Increased
CUST05181,171646.13999999998,254831.11999999997,67,78,48.46306476801633,Stable or Increased
CUST05182,124286.3,169922.38,49,57,36.71851201620774,Stable or Increased
CUST05183,246086.18000000002,382602.35,83,112,55.474943777826105,Stable or Increased
CUST05184,286836.18,298518.57000000007,92,101,4.072843948765485,Stable or Increased
CUST05185,212428.63999999996,299569.42000000004,84,87,41.021201284346645,Stable or Increased
CUST05186,130869.99,147701.40000000002,50,57,12.861168553615705,Stable or Increased
CUST05187,104088.31,84453.73999999999,50,44,-18.86337668466325,Low Decline
CUST05188,114680.55999999998,140828.48,53,60,22.800656013538852,Stable or Increased
CUST05189,207864.34,225858.86000000004,66,87,8.656857640901777,Stable or Increased
CUST05190,80321.75,161662.62000000002,45,66,101.26879705683707,Stable or Increased
CUST05191,275939.55000000005,261369.71000000002,94,98,-5.280083989410008,Low Decline
CUST05192,79470.05,123979.39999999998,38,42,56.00770353107866,Stable or Increased
CUST05193,192477.9,255622.57999999996,73,80,32.80619749072489,Stable or Increased
CUST05194,252323.75,353603.68,92,103,40.13888110017388,Stable or Increased
CUST05195,111157.37,152104.09,47,66,36.83671177178805,Stable or Increased
CUST05196,181730.16999999998,224642.0,69,89,23.61293669620186,Stable or Increased
CUST05197,52490.030000000006,94659.71,27,36,80.33845665548294,Stable or Increased
CUST05198,75011.84000000001,55459.11,31,28,-26.066191683872848,Moderate Decline
CUST05199,106734.97,98841.94999999998,38,42,-7.394970926585747,Low Decline
CUST05200,84075.55,112222.23000000001,30,43,33.47784225021425,Stable or Increased
CUST05201,67022.0,89517.35000000003,32,38,33.564128196711586,Stable or Increased
CUST05202,86417.76,160440.64,33,50,85.65702235281269,Stable or Increased
CUST05203,88081.84,107671.26999999999,39,43,22.240032678699713,Stable or Increased
CUST05204,138352.25999999998,247664.88000000003,57,80,79.01036094386899,Stable or Increased
CUST05205,76173.78,91160.79,26,39,19.67476210318038,Stable or Increased
CUST05206,107414.93000000001,127783.05,47,53,18.96209400313345,Stable or Increased
CUST05207,115034.84,125047.42000000001,52,61,8.703954384602106,Stable or Increased
CUST05208,114506.73000000001,146633.05999999997,49,70,28.05628105876393,Stable or Increased
CUST05209,312868.98,294117.45999999996,84,114,-5.993409765327333,Low Decline
CUST05210,183785.01,253298.68999999994,76,89,37.82336764026616,Stable or Increased
CUST05211,102200.14000000001,162794.99,45,51,59.29037866288635,Stable or Increased
CUST05212,113377.33,98362.70000000001,43,45,-13.24306190664394,Low Decline
CUST05213,147528.28999999998,127599.38,43,53,-13.50853453259709,Low Decline
CUST05214,195677.88000000003,219105.13000000003,72,81,11.972354769992396,Stable or Increased
CUST05215,177458.87,217145.94999999998,73,80,22.364100481424224,Stable or Increased
CUST05216,102097.56,110801.53,49,56,8.52514986646106,Stable or Increased
CUST05217,232775.22999999998,354757.20000000007,100,100,52.40332916865772,Stable or Increased
CUST05218,215648.34000000003,241514.94999999998,72,78,11.994810625484043,Stable or Increased
CUST05219,286137.71,443088.69,90,122,54.851553820012036,Stable or Increased
CUST05220,177279.62,247129.24,66,79,39.40081775897308,Stable or Increased
CUST05221,297578.02,367113.46,99,104,23.367129064169454,Stable or Increased
CUST05222,164562.91999999998,110843.96999999999,55,46,-32.64341079995421,Moderate Decline
CUST05223,125418.47000000002,131745.09,44,59,5.0444085308965905,Stable or Increased
CUST05224,68611.21,78853.25,30,33,14.927648120474762,Stable or Increased
CUST05225,201986.59000000003,339603.77999999997,84,110,68.13184479227058,Stable or Increased
CUST05226,101594.91,88796.19,37,43,-12.597796484095511,Low Decline
CUST05227,81731.57999999999,100449.81,30,41,22.90207775256518,Stable or Increased
CUST05228,163286.78,183602.47,68,68,12.441723696186552,Stable or Increased
CUST05229,73330.08000000002,95691.38999999998,30,41,30.494048281414614,Stable or Increased
CUST05230,96688.55999999998,181070.98000000004,42,59,87.27239292838787,Stable or Increased
CUST05231,356270.41000000003,312241.14999999997,94,95,-12.358382499405455,Low Decline
CUST05232,95947.86,103446.62,41,49,7.815453101298972,Stable or Increased
CUST05233,59658.27000000001,68472.95,28,33,14.775285974601651,Stable or Increased
CUST05234,126461.1,118374.26999999999,41,50,-6.394717426939996,Low Decline
CUST05235,81881.19,193691.72999999998,41,68,136.55216784221136,Stable or Increased
CUST05236,72781.99,90223.29000000001,32,39,23.963758067071264,Stable or Increased
CUST05237,71465.95000000001,87168.59,22,44,21.972197948813363,Stable or Increased
CUST05238,85216.67000000001,115654.76000000001,34,42,35.718469168062995,Stable or Increased
CUST05239,100849.41,110605.90999999999,33,44,9.67432531335581,Stable or Increased
CUST05240,219771.82999999996,319539.04,81,92,45.395813467085404,Stable or Increased
CUST05241,93177.26,123974.95999999999,38,39,33.05280709048538,Stable or Increased
CUST05242,98435.41,178569.31,41,64,81.4075950920507,Stable or Increased
CUST05243,224256.48,214790.45999999996,71,77,-4.221068662096207,Low Decline
CUST05244,87940.65000000001,117200.06000000003,46,50,33.2717690851728,Stable or Increased
CUST05245,96796.95,102192.54,33,43,5.574132242803102,Stable or Increased
CUST05246,69014.88999999998,128574.43999999999,27,44,86.29956520976852,Stable or Increased
CUST05247,251004.43,278606.62000000005,93,102,10.99669436113142,Stable or Increased
CUST05248,95717.45000000001,101666.84,40,35,6.215575111957103,Stable or Increased
CUST05249,108581.37,133421.93,49,57,22.87736837359853,Stable or Increased
CUST05250,142984.49,194410.62000000002,48,64,35.966229623926374,Stable or Increased
CUST05251,111450.09,147945.34999999998,40,55,32.74583268618265,Stable or Increased
CUST05252,207108.84999999998,209937.31999999998,59,75,1.365692484893814,Stable or Increased
CUST05253,92345.20000000001,117826.85999999999,37,42,27.593919337442518,Stable or Increased
CUST05254,88384.26999999999,86690.78,31,38,-1.9160536145175957,Low Decline
CUST05255,139214.86000000002,96587.75,49,35,-30.619655114403745,Moderate Decline
CUST05256,56740.33,57166.22,27,36,0.7505948590711393,Stable or Increased
CUST05257,142738.39,227444.33000000002,67,83,59.343488461653514,Stable or Increased
CUST05258,121371.35,138896.39,50,48,14.439190138364621,Stable or Increased
CUST05259,96703.93,96299.19,31,44,-0.41853521361540397,Low Decline
CUST05260,87795.44,79524.91000000002,40,40,-9.4202272919869,Low Decline
CUST05261,149445.84,190706.41999999995,57,59,27.609052215839505,Stable or Increased
CUST05262,247970.29,365713.62,96,109,47.48283756090295,Stable or Increased
CUST05263,68800.78,129814.56,35,41,88.68181436315112,Stable or Increased
CUST05264,85979.66,138235.67,35,40,60.777176834614146,Stable or Increased
CUST05265,102849.79999999999,167655.65000000002,52,64,63.010185727147785,Stable or Increased
CUST05266,127891.77999999998,159787.42,44,53,24.93955436385359,Stable or Increased
CUST05267,157705.61,214912.46000000002,64,77,36.27445466270987,Stable or Increased
CUST05268,114351.75,179579.28000000003,59,55,57.04112967226127,Stable or Increased
CUST05269,112770.46,97464.65,46,41,-13.572534864183414,Low Decline
CUST05270,121544.64,169344.67,52,59,39.32713939504038,Stable or Increased
CUST05271,199356.32999999996,227063.40000000002,76,82,13.898264479487594,Stable or Increased
CUST05272,77811.5,86657.28,38,39,11.36821678029597,Stable or Increased
CUST05273,128136.37,141818.59000000003,49,58,10.677858284888226,Stable or Increased
CUST05274,79861.9,126835.02999999998,36,42,58.817946980975904,Stable or Increased
CUST05275,100694.07,127473.48999999999,39,40,26.594833240924693,Stable or Increased
CUST05276,93590.13,72790.44,33,38,-22.224234542680943,Low Decline
CUST05277,172071.31999999995,210761.33999999997,74,85,22.484874295146938,Stable or Increased
CUST05278,286881.25,323379.43000000005,100,99,12.722399947713575,Stable or Increased
CUST05279,165806.55,212886.88,77,80,28.394734707404517,Stable or Increased
CUST05280,98445.84,155429.85,39,49,57.88361397495314,Stable or Increased
CUST05281,105754.29000000001,128577.65,47,60,21.581498017716335,Stable or Increased
CUST05282,93537.45,80835.86,42,41,-13.579149313991344,Low Decline
CUST05283,130382.3,125744.98000000001,45,46,-3.5567097681203603,Low Decline
CUST05284,91403.23999999999,95811.76999999999,36,45,4.823166005931518,Stable or Increased
CUST05285,122041.95999999999,116588.98,50,44,-4.468118997761095,Low Decline
CUST05286,117132.28,200255.30999999997,49,68,70.96509177487194,Stable or Increased
CUST05287,106579.20999999999,108503.23000000001,30,43,1.8052488848435064,Stable or Increased
CUST05288,116221.66999999998,158599.34,49,53,36.46279562150502,Stable or Increased
CUST05289,300473.51999999996,415090.80999999994,96,113,38.145554390283706,Stable or Increased
CUST05290,119871.75,125180.42,47,56,4.42862475937825,Stable or Increased
CUST05291,169843.40000000002,156362.49,54,51,-7.937258674755705,Low Decline
CUST05292,78557.74,80166.88,28,37,2.0483532240107714,Stable or Increased
CUST05293,94164.21,156158.32,32,52,65.83617066399219,Stable or Increased
CUST05294,78604.90999999999,105456.92000000001,38,45,34.160728636417275,Stable or Increased
CUST05295,69560.64,107130.81,28,38,54.01067327730165,Stable or Increased
CUST05296,108658.22,151854.5,50,57,39.75426801580221,Stable or Increased
CUST05297,197463.96999999997,333081.05,88,106,68.67940515933111,Stable or Increased
CUST05298,79158.59999999999,110914.95999999998,31,42,40.11738459245109,Stable or Increased
CUST05299,77880.4,85422.61,32,43,9.684349335648003,Stable or Increased
CUST05300,74960.26,98359.38,33,43,31.215366648941735,Stable or Increased
CUST05301,109140.64000000001,151712.16,39,41,39.0061117471915,Stable or Increased
CUST05302,130250.89000000001,178764.76,44,62,37.246478699684886,Stable or Increased
CUST05303,223233.09999999998,246753.03,82,82,10.536040578211756,Stable or Increased
CUST05304,234644.06000000003,204009.82,73,79,-13.055621352613834,Low Decline
CUST05305,67172.20999999999,142604.13,39,46,112.2963201597804,Stable or Increased
CUST05306,208627.79,240975.54,78,97,15.505005349479088,Stable or Increased
CUST05307,81228.53,80102.75000000001,32,39,-1.3859416143564143,Low Decline
CUST05308,70485.12,83192.48,27,46,18.028429262800433,Stable or Increased
CUST05309,302675.34,392384.16000000003,83,110,29.638628637536176,Stable or Increased
CUST05310,151771.62,282262.81,68,83,85.97865002692862,Stable or Increased
CUST05311,104647.48000000001,114636.84000000001,36,42,9.545724369091353,Stable or Increased
CUST05312,113523.97,180544.80999999997,51,63,59.036730304621976,Stable or Increased
CUST05313,165512.96999999997,190562.89,56,68,15.134717236963391,Stable or Increased
CUST05314,261216.98,245002.74999999997,88,91,-6.207188368841887,Low Decline
CUST05315,106282.84,95358.06000000001,38,42,-10.278968834479755,Low Decline
CUST05316,47525.24999999999,74412.91,29,37,56.57552564163264,Stable or Increased
CUST05317,98869.34000000001,114370.48999999999,47,64,15.678419619267183,Stable or Increased
CUST05318,76439.66,90574.12,41,41,18.491003230521944,Stable or Increased
CUST05319,148354.66,241158.46999999997,66,92,62.55537237589973,Stable or Increased
CUST05320,66634.95,87977.06999999999,31,50,32.028417519634964,Stable or Increased
CUST05321,149886.37000000002,256158.84000000003,60,94,70.9020239798989,Stable or Increased
CUST05322,88878.52,101211.17000000001,30,43,13.8758498678871,Stable or Increased
CUST05323,165754.8,237265.79999999996,54,72,43.14264202303642,Stable or Increased
CUST05324,56885.90000000001,89902.21,31,41,58.039531764461834,Stable or Increased
CUST05325,156207.01,80583.18000000001,42,35,-48.412571241201015,Moderate Decline
CUST05326,115447.51,94215.30999999998,42,42,-18.391215193814062,Low Decline
CUST05327,128585.11000000002,162977.25,51,57,26.746596087214126,Stable or Increased
CUST05328,93509.86,81540.48000000001,33,29,-12.800126104348772,Low Decline
CUST05329,63941.38,93656.94,37,42,46.47312898157657,Stable or Increased
CUST05330,202718.6,211446.24999999994,74,81,4.305303016102092,Stable or Increased
CUST05331,89827.67000000001,72826.19,33,39,-18.92677389940094,Low Decline
CUST05332,111388.28,117392.12,41,37,5.390010510980146,Stable or Increased
CUST05333,102427.95,149625.36000000002,50,54,46.07864357336061,Stable or Increased
CUST05334,92347.92,166935.89,34,50,80.76843528257055,Stable or Increased
CUST05335,214907.28999999998,162349.0,71,72,-24.456262046764436,Low Decline
CUST05336,117117.02,134470.46,50,49,14.817180286861797,Stable or Increased
CUST05337,299791.08,321961.29,90,111,7.395220031229735,Stable or Increased
CUST05338,82433.59,72441.89,36,41,-12.120908479176993,Low Decline
CUST05339,112142.24,139000.13,48,57,23.949842628433316,Stable or Increased
CUST05340,175201.91000000003,281706.4,67,80,60.789571300906466,Stable or Increased
CUST05341,101288.56000000001,141352.30999999997,44,54,39.554072049202745,Stable or Increased
CUST05342,102137.34,117041.73,35,46,14.592498688530561,Stable or Increased
CUST05343,103565.47,160926.91,38,47,55.38664576137201,Stable or Increased
CUST05344,146317.66,111791.20000000001,55,41,-23.596919196220053,Low Decline
CUST05345,140288.74,145830.51,59,60,3.950260013740247,Stable or Increased
CUST05346,94073.35,103683.99,42,40,10.216113277564792,Stable or Increased
CUST05347,219064.04,212043.9,71,81,-3.2046062877321235,Low Decline
CUST05348,87262.33,107479.73999999999,37,40,23.16854248562924,Stable or Increased
CUST05349,289017.18000000005,303550.74,83,108,5.028614561944012,Stable or Increased
CUST05350,174877.39000000004,220924.3,69,65,26.330968228654335,Stable or Increased
CUST05351,137281.55,157997.90999999997,62,54,15.090418195307372,Stable or Increased
CUST05352,135009.34999999998,145531.35,50,60,7.79353429966149,Stable or Increased
CUST05353,67172.15,120632.84,33,47,79.58758205595623,Stable or Increased
CUST05354,52016.99,94107.84999999999,33,45,80.91752329383148,Stable or Increased
CUST05355,171065.58,246688.65999999997,59,89,44.20706959284269,Stable or Increased
CUST05356,288489.04000000004,364273.26,89,92,26.269358447724727,Stable or Increased
CUST05357,79766.57,82998.98999999999,37,31,4.052349248563632,Stable or Increased
CUST05358,124384.81,163041.25999999998,61,66,31.07811154754345,Stable or Increased
CUST05359,67333.6,107926.31,37,42,60.285964214003094,Stable or Increased
CUST05360,113527.85,129664.54,48,53,14.213860299477165,Stable or Increased
CUST05361,164601.74,224969.27999999997,67,84,36.674909997913744,Stable or Increased
CUST05362,68399.63,106199.73,31,42,55.26360303410996,Stable or Increased
CUST05363,35256.13,81017.07999999999,25,34,129.79572630348252,Stable or Increased
CUST05364,148036.41,98682.7,63,50,-33.33889953154093,Moderate Decline
CUST05365,160787.42,157210.66,52,58,-2.224527267120779,Low Decline
CUST05366,147356.03,116312.12999999999,52,60,-21.06727495305079,Low Decline
CUST05367,100563.46999999997,158994.39999999997,41,52,58.10353401687512,Stable or Increased
CUST05368,261387.59000000003,340560.33999999997,92,106,30.289406624086453,Stable or Increased
CUST05369,101535.33,130362.07999999999,47,49,28.390856660435325,Stable or Increased
CUST05370,266404.70999999996,346196.85000000003,95,104,29.951474957030634,Stable or Increased
CUST05371,77582.68,79739.03,30,40,2.7794219018987305,Stable or Increased
CUST05372,329570.84,454481.62,95,118,37.90104124503247,Stable or Increased
CUST05373,180586.21000000002,312117.45999999996,59,78,72.83571098812025,Stable or Increased
CUST05374,199824.93999999997,267131.99,71,87,33.683007736671925,Stable or Increased
CUST05375,171892.09999999998,224667.63999999998,69,79,30.70271408633673,Stable or Increased
CUST05376,116930.59,92935.54999999999,45,38,-20.52075509069099,Low Decline
CUST05377,97562.38,120398.84000000001,40,42,23.407034555737575,Stable or Increased
CUST05378,126019.94,114292.39,38,45,-9.306106636775102,Low Decline
CUST05379,60955.05,120929.05000000002,31,47,98.39053532069946,Stable or Increased
CUST05380,147574.99,180476.40000000002,58,69,22.29470589833686,Stable or Increased
CUST05381,89192.85999999999,171986.21,47,57,92.82508712020224,Stable or Increased
CUST05382,227103.2,164555.80000000002,80,80,-27.541399680849935,Moderate Decline
CUST05383,129494.15,138347.99000000002,48,63,6.837250949174172,Stable or Increased
CUST05384,50195.47,84465.62999999999,25,33,68.27341192342654,Stable or Increased
CUST05385,93941.75,171084.68,36,52,82.11783365755906,Stable or Increased
CUST05386,154467.15000000002,184234.82,66,70,19.271197791892956,Stable or Increased
CUST05387,138235.63999999998,235725.19,60,81,70.52417885865037,Stable or Increased
CUST05388,132354.13,111595.57000000002,53,47,-15.684104455221748,Low Decline
CUST05389,99644.83,97176.68,40,40,-2.4769473739882026,Low Decline
CUST05390,243486.91000000003,233649.11000000002,63,81,-4.0403814726631575,Low Decline
CUST05391,93870.37,77911.27,39,39,-17.001211351356122,Low Decline
CUST05392,251703.74,403627.41000000003,100,111,60.35812976001073,Stable or Increased
CUST05393,146426.6,137226.51,57,59,-6.283072884298342,Low Decline
CUST05394,168793.34000000003,160546.46000000002,46,56,-4.8857851856003345,Low Decline
CUST05395,73805.84,69853.45,42,43,-5.355118239965834,Low Decline
CUST05396,64883.27999999999,127973.5,31,49,97.23648372893605,Stable or Increased
CUST05397,76933.79,150722.81999999998,34,42,95.91238128265874,Stable or Increased
CUST05398,145707.69,114310.18000000001,45,55,-21.548286161149075,Low Decline
CUST05399,96197.27999999998,153585.91,47,65,59.65722731453533,Stable or Increased
CUST05400,98391.04999999999,153189.66999999998,47,53,55.69472020066866,Stable or Increased
CUST05401,187719.70999999996,185475.32,56,87,-1.195607003654521,Low Decline
CUST05402,65736.62000000001,62455.240000000005,30,36,-4.991707818260209,Low Decline
CUST05403,255423.4,392071.30000000005,94,102,53.49858313686219,Stable or Increased
CUST05404,131475.58,147535.82,52,57,12.21537870378668,Stable or Increased
CUST05405,112536.51999999997,98988.91,43,44,-12.03841206392376,Low Decline
CUST05406,126065.15,169153.96,45,62,34.179795129740455,Stable or Increased
CUST05407,153409.34,140891.62,49,52,-8.159685714051049,Low Decline
CUST05408,204241.47,210125.08999999997,69,74,2.880717613323076,Stable or Increased
CUST05409,81631.26,104521.99,42,35,28.04162278029276,Stable or Increased
CUST05410,108315.57999999999,168677.23999999996,43,65,55.72758785024276,Stable or Increased
CUST05411,162001.74,226951.11,62,81,40.09177308836313,Stable or Increased
CUST05412,283215.15,341999.74000000005,88,94,20.75616011360975,Stable or Increased
CUST05413,79332.0,93655.02,35,42,18.054530328240816,Stable or Increased
CUST05414,138127.71000000002,172412.62999999998,54,62,24.821174549263105,Stable or Increased
CUST05415,77308.25,109586.55,41,51,41.75272367438146,Stable or Increased
CUST05416,94370.56,78869.79999999999,39,46,-16.42541911375752,Low Decline
CUST05417,155122.7,163963.16,57,58,5.69901116986746,Stable or Increased
CUST05418,68421.67000000001,87142.63,35,42,27.361156195106005,Stable or Increased
CUST05419,140799.3,113993.83,61,52,-19.038070501770953,Low Decline
CUST05420,128733.51999999999,186691.32,45,53,45.02152974609878,Stable or Increased
CUST05421,164656.08000000002,213300.45,52,75,29.543014749288332,Stable or Increased
CUST05422,149123.05000000002,253657.95000000004,70,87,70.09975989627358,Stable or Increased
CUST05423,79021.58,147843.19999999998,38,60,87.09218418563636,Stable or Increased
CUST05424,43453.509999999995,145120.66999999998,26,59,233.9676587691075,Stable or Increased
CUST05425,65318.17,122498.94999999998,38,50,87.54191980577531,Stable or Increased
CUST05426,162834.1,155627.13999999998,57,52,-4.42595254925106,Low Decline
CUST05427,143054.18,152569.61,50,49,6.65162667738894,Stable or Increased
CUST05428,114152.62000000002,101479.19,43,41,-11.102180571939584,Low Decline
CUST05429,130866.12999999998,186172.66,51,62,42.26191299459993,Stable or Increased
CUST05430,98768.18,128968.84000000001,39,34,30.577317512583527,Stable or Increased
CUST05431,89870.63000000002,108725.03,40,44,20.979490184946933,Stable or Increased
CUST05432,91361.22,69665.32,33,31,-23.747384284053993,Low Decline
CUST05433,168138.39000000004,185646.74,60,73,10.413059147289292,Stable or Increased
CUST05434,180476.67,309032.66000000003,70,80,71.2313619261703,Stable or Increased
CUST05435,60634.32,112820.04000000001,23,38,86.06630700237095,Stable or Increased
CUST05436,142666.86000000002,84024.83,44,36,-41.10417093360014,Moderate Decline
CUST05437,63805.20999999999,113882.24999999999,34,44,78.484249170248,Stable or Increased
CUST05438,98709.28,96749.01999999999,46,59,-1.9858923092134897,Low Decline
CUST05439,76844.72,114156.18000000001,33,43,48.554357410632775,Stable or Increased
CUST05440,182731.16,190242.83,69,79,4.110776727953779,Stable or Increased
CUST05441,116952.35,177892.97,46,61,52.10722144531512,Stable or Increased
CUST05442,149902.12,283093.22,58,86,88.85204558814777,Stable or Increased
CUST05443,80064.92,89425.70999999999,38,38,11.691499847873443,Stable or Increased
CUST05444,125486.53,134199.05999999997,50,68,6.9430001769910845,Stable or Increased
CUST05445,111333.6,96721.55999999998,41,35,-13.12455539028651,Low Decline
CUST05446,111018.52999999998,97665.41,48,45,-12.027829948748181,Low Decline
CUST05447,102697.19,110299.08000000002,45,48,7.40223758800023,Stable or Increased
CUST05448,53530.94,96566.50999999998,29,40,80.3938245807004,Stable or Increased
CUST05449,106490.43999999999,122257.96,35,44,14.806512208983285,Stable or Increased
CUST05450,140000.56,139908.79,57,66,-0.06554973780104131,Low Decline
CUST05451,241708.18,237060.71,75,79,-1.9227607439682022,Low Decline
CUST05452,290089.44,369019.72000000003,104,111,27.20894631669461,Stable or Increased
CUST05453,113366.85999999997,138855.44,53,57,22.483272448403387,Stable or Increased
CUST05454,189280.87,283310.32000000007,73,73,49.67720721063892,Stable or Increased
CUST05455,78863.08,147569.75,31,43,87.1214641883122,Stable or Increased
CUST05456,199871.23,222602.13,72,91,11.372772359483651,Stable or Increased
CUST05457,78127.01,101787.74999999999,27,50,30.284968028342558,Stable or Increased
CUST05458,166522.95,197743.81999999998,56,61,18.748688994519952,Stable or Increased
CUST05459,53393.71,73710.47,33,35,38.050849060685245,Stable or Increased
CUST05460,89493.69000000002,145154.01,50,57,62.19468657510935,Stable or Increased
CUST05461,116938.75,103493.93,41,53,-11.497318040427153,Low Decline
CUST05462,169825.48,209953.82,66,77,23.62916330341006,Stable or Increased
CUST05463,69486.13,94086.55,31,46,35.4033531583929,Stable or Increased
CUST05464,153307.58999999997,190954.26,62,80,24.556298876004803,Stable or Increased
CUST05465,95911.48000000001,125605.45,37,41,30.959766234448665,Stable or Increased
CUST05466,110637.22,82539.57,37,33,-25.39620030221294,Moderate Decline
CUST05467,113728.57999999999,89921.34999999999,37,39,-20.93337488254931,Low Decline
CUST05468,96216.90000000001,84195.88,37,39,-12.493667952303602,Low Decline
CUST05469,118182.75999999998,108884.75,43,51,-7.867484225279543,Low Decline
CUST05470,95491.71999999999,73153.83,46,44,-23.39248889851391,Low Decline
CUST05471,157651.06,188365.79,64,73,19.482729770418295,Stable or Increased
CUST05472,260213.85000000003,375009.32000000007,92,99,44.11581858536739,Stable or Increased
CUST05473,111286.61,109178.41999999998,48,58,-1.894378847554092,Low Decline
CUST05474,106087.06,118490.82,51,53,11.692057447911187,Stable or Increased
CUST05475,115391.29999999999,136014.09,46,50,17.872049279278432,Stable or Increased
CUST05476,95921.38,103989.51,37,41,8.41119049788482,Stable or Increased
CUST05477,103874.01,158900.56,45,65,52.97431956270871,Stable or Increased
CUST05478,99705.3,143379.94,50,57,43.80372959110498,Stable or Increased
CUST05479,89344.69000000002,130919.87999999999,36,55,46.53347613607475,Stable or Increased
CUST05480,108293.39,124489.04999999999,54,53,14.9553541541178,Stable or Increased
CUST05481,143578.28,136575.98,56,54,-4.876991143785807,Low Decline
CUST05482,255347.21999999997,357012.46,82,106,39.81450826055599,Stable or Increased
CUST05483,191798.13999999998,229986.38999999998,63,83,19.910646683017887,Stable or Increased
CUST05484,177257.13,162839.53000000003,70,78,-8.133720770498753,Low Decline
CUST05485,240856.4,387369.22,85,96,60.82994680647887,Stable or Increased
CUST05486,101937.67000000003,100372.04999999999,43,47,-1.535860099607965,Low Decline
CUST05487,352451.48,361015.62,96,113,2.4298777238784797,Stable or Increased
CUST05488,129581.27,125951.12,55,57,-2.801446536216236,Low Decline
CUST05489,88084.70999999999,105614.17,33,42,19.900684239069424,Stable or Increased
CUST05490,161163.35,205121.84,67,76,27.275736077712452,Stable or Increased
CUST05491,242294.00999999998,227983.72,69,76,-5.906167469843758,Low Decline
CUST05492,141273.55,189220.97999999998,47,74,33.939424612745974,Stable or Increased
CUST05493,176419.17,132527.71999999997,60,58,-24.879070681491154,Low Decline
CUST05494,204439.09,197549.06,67,77,-3.3702116361406222,Low Decline
CUST05495,79453.84999999999,98025.21,35,40,23.373769804735726,Stable or Increased
CUST05496,241876.65,246412.22999999998,74,78,1.8751624019929114,Stable or Increased
CUST05497,67726.02,116856.51999999999,23,43,72.54301965477963,Stable or Increased
CUST05498,242575.52000000002,307188.63,98,109,26.6362862996233,Stable or Increased
CUST05499,126509.73999999999,101542.62,52,49,-19.735334212211644,Low Decline
CUST05500,81688.52,119083.90000000001,40,58,45.77801140233659,Stable or Increased
CUST05501,139384.06000000003,270216.38,63,89,93.86462124865638,Stable or Increased
CUST05502,86156.26,161686.69999999998,26,47,87.66680447828166,Stable or Increased
CUST05503,210430.90999999997,196050.93,68,60,-6.833587328021336,Low Decline
CUST05504,151394.38,143444.34,46,42,-5.251212099154545,Low Decline
CUST05505,75141.66000000002,91288.35,31,33,21.488332836937573,Stable or Increased
CUST05506,91537.78,136752.3,35,56,49.39438120522476,Stable or Increased
CUST05507,85196.27,157148.99,38,50,84.45524669096427,Stable or Increased
CUST05508,225239.95,327698.92000000004,88,106,45.488808712663996,Stable or Increased
CUST05509,98094.68000000001,136602.02,47,62,39.25527867566312,Stable or Increased
CUST05510,186758.16999999995,189817.10000000003,67,83,1.6379096025625444,Stable or Increased
CUST05511,140433.36,117663.98000000001,50,57,-16.213654647300313,Low Decline
CUST05512,334138.56000000006,291153.93000000005,95,107,-12.864312936525492,Low Decline
CUST05513,111792.01000000001,126202.34000000001,43,57,12.890304056613708,Stable or Increased
CUST05514,72423.69,110940.65,39,43,53.18281904719297,Stable or Increased
CUST05515,125081.93,127739.24999999999,46,46,2.124463541616277,Stable or Increased
CUST05516,92497.42000000001,99470.73,32,44,7.538923788360781,Stable or Increased
CUST05517,282236.68,352115.06999999995,94,106,24.75879109689072,Stable or Increased
CUST05518,246623.47000000003,311205.56,88,109,26.186514203210244,Stable or Increased
CUST05519,76535.76000000001,93729.15999999999,26,40,22.46453161241226,Stable or Increased
CUST05520,74448.68000000001,103725.39,26,41,39.32468648201686,Stable or Increased
CUST05521,101677.56,117040.29999999999,41,39,15.10927288184334,Stable or Increased
CUST05522,114186.09,153147.59000000003,49,54,34.12105625124744,Stable or Increased
CUST05523,100673.75,145594.35,44,59,44.61997293236818,Stable or Increased
CUST05524,324843.33,342931.48,94,108,5.568268863639578,Stable or Increased
CUST05525,108489.80000000002,121434.59,40,41,11.931803727170644,Stable or Increased
CUST05526,85813.34999999999,208502.55,45,74,142.97215992616535,Stable or Increased
CUST05527,186485.94999999998,204362.96999999997,72,82,9.58625569379355,Stable or Increased
CUST05528,111932.26,101282.65000000001,39,47,-9.514334830727073,Low Decline
CUST05529,193709.93000000002,191395.74000000005,67,61,-1.1946677178603973,Low Decline
CUST05530,121374.02000000002,180846.83999999997,46,53,48.99962940998406,Stable or Increased
CUST05531,199540.86,281166.50999999995,87,103,40.906734590599626,Stable or Increased
CUST05532,256941.90999999997,320475.64,86,105,24.726884765509855,Stable or Increased
CUST05533,98375.53,131234.02000000002,46,56,33.40108053293336,Stable or Increased
CUST05534,198317.7,248099.21000000002,74,81,25.10189962872704,Stable or Increased
CUST05535,396534.64,350904.54,95,119,-11.507216620469787,Low Decline
CUST05536,165458.25000000003,260705.38000000003,64,83,57.56565780189261,Stable or Increased
CUST05537,122112.92,126860.59000000003,45,53,3.8879342169526594,Stable or Increased
CUST05538,66067.88,85818.26999999999,32,34,29.89408771705704,Stable or Increased
CUST05539,78072.15999999999,125172.11,32,52,60.3287394635937,Stable or Increased
CUST05540,201867.86,160087.71,64,74,-20.69678154808794,Low Decline
CUST05541,80143.19,86848.21,33,34,8.366300368128602,Stable or Increased
CUST05542,200339.08999999997,192815.39,71,73,-3.7554827667431026,Low Decline
CUST05543,127665.12000000001,200518.85,49,64,57.066276207628206,Stable or Increased
CUST05544,210592.72,186306.6,72,75,-11.53226949155697,Low Decline
CUST05545,94119.77,177900.09,51,59,89.01458216483103,Stable or Increased
CUST05546,87647.45,118056.31999999999,34,52,34.69452904790727,Stable or Increased
CUST05547,244275.40000000002,345701.77,83,109,41.521319789057756,Stable or Increased
CUST05548,94819.85999999999,150607.36,47,61,58.835248227533775,Stable or Increased
CUST05549,110326.66000000002,205726.64,46,57,86.47046869723056,Stable or Increased
CUST05550,275775.05,429965.37,88,111,55.9116279735966,Stable or Increased
CUST05551,115656.57999999999,90974.29,52,49,-21.34101665465121,Low Decline
CUST05552,96327.0,111071.14000000001,32,41,15.306341939435478,Stable or Increased
CUST05553,55602.670000000006,134644.57,30,49,142.1548641459124,Stable or Increased
CUST05554,135185.41,148247.37,56,52,9.662255712358302,Stable or Increased
CUST05555,221711.13000000003,209116.75999999998,77,73,-5.680531239004578,Low Decline
CUST05556,147315.15999999997,114107.26,49,54,-22.542079172299704,Low Decline
CUST05557,90181.19,113495.27,43,50,25.852486532945505,Stable or Increased
CUST05558,123889.9,217063.80000000002,52,63,75.20701848980427,Stable or Increased
CUST05559,125801.68,68329.01999999999,36,35,-45.685129165206696,Moderate Decline
CUST05560,102192.84999999999,140816.16999999998,44,56,37.79454237747552,Stable or Increased
CUST05561,193927.59000000003,259272.03999999992,78,78,33.69528286305207,Stable or Increased
CUST05562,103680.98000000001,78722.97,39,45,-24.071927175071075,Low Decline
CUST05563,121129.53,145096.37,43,56,19.786124820264718,Stable or Increased
CUST05564,122119.65,168828.24000000002,47,63,38.248218038620344,Stable or Increased
CUST05565,196262.03,219073.78,59,78,11.623109166862282,Stable or Increased
CUST05566,182928.29,249079.96000000002,74,87,36.16262416272519,Stable or Increased
CUST05567,166823.49999999997,229623.51,67,84,37.64458244791654,Stable or Increased
CUST05568,167742.62,255147.74999999997,62,88,52.10669178769235,Stable or Increased
CUST05569,125810.18000000001,141283.31,50,62,12.298790129701738,Stable or Increased
CUST05570,78147.33,71579.00999999998,27,43,-8.405047235778907,Low Decline
CUST05571,164400.72,230038.40999999997,82,75,39.92542733389487,Stable or Increased
CUST05572,223496.98000000004,162337.56,65,74,-27.364763497028026,Moderate Decline
CUST05573,57709.850000000006,120755.53999999998,36,47,109.2459779396411,Stable or Increased
CUST05574,218103.06,188379.94999999998,79,78,-13.628011454768226,Low Decline
CUST05575,138214.28,148554.8,55,67,7.481513487607785,Stable or Increased
CUST05576,115538.95,171279.47999999998,57,64,48.243929860882396,Stable or Increased
CUST05577,206088.13,202101.78999999998,71,75,-1.934288985978972,Low Decline
CUST05578,222858.55000000002,292056.16,93,93,31.050013562414343,Stable or Increased
CUST05579,83444.61,105085.20999999999,36,41,25.934089691353332,Stable or Increased
CUST05580,80528.01999999999,113972.75000000001,36,47,41.53179228795148,Stable or Increased
CUST05581,69310.73999999999,92982.73000000001,28,45,34.15342268745078,Stable or Increased
CUST05582,297188.30000000005,298011.3,101,110,0.2769288023788089,Stable or Increased
CUST05583,75215.93,64494.32000000001,31,33,-14.254440515459939,Low Decline
CUST05584,91332.48,183342.81,43,59,100.7421784670689,Stable or Increased
CUST05585,77068.48,105560.19999999998,38,50,36.96935504631723,Stable or Increased
CUST05586,145638.76,184616.73,55,57,26.76345912310706,Stable or Increased
CUST05587,98211.03000000001,124456.76000000001,55,59,26.723810960948065,Stable or Increased
CUST05588,81887.43,107049.04999999999,25,43,30.72708473083109,Stable or Increased
CUST05589,144097.51,132057.84,46,49,-8.35522418118121,Low Decline
CUST05590,131455.4,171328.06,50,67,30.331701854773563,Stable or Increased
CUST05591,101744.97,165128.71,41,59,62.29668159516877,Stable or Increased
CUST05592,250464.44,271007.56999999995,88,95,8.202014625309664,Stable or Increased
CUST05593,79217.54,134111.84999999998,41,45,69.29565093791095,Stable or Increased
CUST05594,313338.65,322070.22,100,115,2.7866239929226566,Stable or Increased
CUST05595,227909.71,234534.96000000002,85,78,2.9069625861925887,Stable or Increased
CUST05596,116672.55000000002,127870.37999999999,39,44,9.597656003918635,Stable or Increased
CUST05597,112788.27999999997,82718.54999999999,45,35,-26.66033208414916,Moderate Decline
CUST05598,99255.08,92486.22,36,43,-6.819661018861704,Low Decline
CUST05599,210379.93999999997,203195.81999999998,63,72,-3.4148312809671855,Low Decline
CUST05600,87957.08,82540.40000000001,36,36,-6.158321763296363,Low Decline
CUST05601,72865.95000000001,117403.11,35,39,61.122046717293856,Stable or Increased
CUST05602,164173.18,204255.34999999998,63,72,24.414566374361502,Stable or Increased
CUST05603,147874.08,153109.26000000004,62,73,3.5402959058139545,Stable or Increased
CUST05604,157633.06000000003,239024.39,66,87,51.63341370141516,Stable or Increased
CUST05605,121737.57,161810.97,52,54,32.91785765068252,Stable or Increased
CUST05606,177890.62000000002,242330.02000000002,75,77,36.22416966110972,Stable or Increased
CUST05607,117435.79,128482.79000000001,44,61,9.406842666958697,Stable or Increased
CUST05608,177456.09,230724.68,70,78,30.01789907576573,Stable or Increased
CUST05609,181064.95,202957.81,68,80,12.091163971823361,Stable or Increased
CUST05610,120880.14000000001,133375.51,42,57,10.336991667944787,Stable or Increased
CUST05611,97126.20999999998,186905.31,45,66,92.43550221922594,Stable or Increased
CUST05612,71309.90000000001,120156.73999999998,29,36,68.49938087137964,Stable or Increased
CUST05613,96397.70999999999,178682.77,41,57,85.3599738002075,Stable or Increased
CUST05614,328918.88,305195.69,105,104,-7.212474394902475,Low Decline
CUST05615,293751.2,311920.03,87,102,6.185108350195681,Stable or Increased
CUST05616,90241.0,112030.81,45,38,24.14624173047728,Stable or Increased
CUST05617,71560.52,107481.61000000002,36,43,50.19679845814425,Stable or Increased
CUST05618,73253.86000000002,93992.39,36,42,28.310494491348276,Stable or Increased
CUST05619,170606.66999999998,251224.59000000003,74,83,47.253674196911554,Stable or Increased
CUST05620,130361.58999999997,127126.80999999998,44,56,-2.48139041568915,Low Decline
CUST05621,170202.66,208136.03999999998,64,82,22.28718399583178,Stable or Increased
CUST05622,83290.43000000001,80980.22,30,38,-2.7736800014119343,Low Decline
CUST05623,126713.24999999999,148919.88,51,58,17.525104912075115,Stable or Increased
CUST05624,135467.24000000002,149650.62,49,64,10.46997045189669,Stable or Increased
CUST05625,122977.16,176790.31999999995,47,58,43.75866217759456,Stable or Increased
CUST05626,155116.68,217391.19999999998,57,85,40.146888136079234,Stable or Increased
CUST05627,218759.78999999998,217224.92,71,82,-0.7016234564862064,Low Decline
CUST05628,66537.87,101843.42,32,41,53.060835881882014,Stable or Increased
CUST05629,183245.03,248489.96999999997,69,81,35.605298544795446,Stable or Increased
CUST05630,230754.78999999998,314201.70999999996,88,94,36.16259493464902,Stable or Increased
CUST05631,194482.19999999998,224190.73,73,85,15.275706465681708,Stable or Increased
CUST05632,73948.91,90052.0,38,35,21.775966677534523,Stable or Increased
CUST05633,58411.66,105891.80000000002,36,41,81.28538035043006,Stable or Increased
CUST05634,81332.23000000001,92016.18000000001,37,37,13.13618229821068,Stable or Increased
CUST05635,332231.56999999995,350834.0900000001,101,114,5.599263188624771,Stable or Increased
CUST05636,141247.75,150606.48,54,51,6.625755100523732,Stable or Increased
CUST05637,230235.07,328579.63,89,114,42.714847916088544,Stable or Increased
CUST05638,183329.12,164424.26,70,74,-10.311978806203829,Low Decline
CUST05639,78544.48,62775.34,33,35,-20.076700488691248,Low Decline
CUST05640,102621.64,65807.27,33,40,-35.873885858772084,Moderate Decline
CUST05641,119414.56999999999,178523.08000000002,48,59,49.49857458767388,Stable or Increased
CUST05642,81161.20999999999,105026.45999999999,30,50,29.40474889420698,Stable or Increased
CUST05643,98892.65,164194.53,41,56,66.0330975052241,Stable or Increased
CUST05644,122370.69,148177.88999999998,36,44,21.089363801086666,Stable or Increased
CUST05645,181477.34,156229.37,57,55,-13.912464222806,Low Decline
CUST05646,142662.73,229974.87999999998,62,73,61.20179390931322,Stable or Increased
CUST05647,73534.36,64038.74999999999,40,40,-12.913160595944547,Low Decline
CUST05648,75322.78,122227.77000000002,35,37,62.27198465059311,Stable or Increased
CUST05649,241856.92,248390.84,93,106,2.701564214081608,Stable or Increased
CUST05650,126974.83,142841.38999999998,43,58,12.4958308666371,Stable or Increased
CUST05651,44352.270000000004,105167.11000000002,34,45,137.11776195446143,Stable or Increased
CUST05652,116852.43000000002,182412.99,50,58,56.105431440321745,Stable or Increased
CUST05653,81553.26000000001,93799.14,39,46,15.015806848187294,Stable or Increased
CUST05654,68567.42,84184.77000000002,40,38,22.776633567370656,Stable or Increased
CUST05655,200877.91999999995,280050.48000000004,75,87,39.41327150340869,Stable or Increased
CUST05656,84633.84999999999,137107.57,38,59,62.00086608372421,Stable or Increased
CUST05657,90992.12999999999,97143.81,42,41,6.7606725988280605,Stable or Increased
CUST05658,74674.5,83472.04,27,41,11.781183670463134,Stable or Increased
CUST05659,215990.30999999997,191306.55,80,79,-11.428179347490165,Low Decline
CUST05660,77253.12,67561.51,31,34,-12.545266780163702,Low Decline
CUST05661,149644.35,136908.54,48,54,-8.510718914546388,Low Decline
CUST05662,112163.96000000002,128825.70000000001,40,44,14.854807194753098,Stable or Increased
CUST05663,329209.61,419591.4800000001,91,102,27.45420159514788,Stable or Increased
CUST05664,166983.35,168504.20999999996,75,88,0.9107854166298358,Stable or Increased
CUST05665,186767.25999999998,245263.72,61,75,31.320510886115706,Stable or Increased
CUST05666,154417.27,233098.31,59,84,50.95352352751737,Stable or Increased
CUST05667,201897.58,305419.94,83,107,51.27469086058388,Stable or Increased
CUST05668,138847.15,135260.76,44,55,-2.5829770362589257,Low Decline
CUST05669,155758.36,276991.91000000003,66,81,77.83437755764766,Stable or Increased
CUST05670,210936.18000000002,221016.43,69,85,4.778815089948045,Stable or Increased
CUST05671,125673.56999999999,157578.76,43,59,25.38735073731097,Stable or Increased
CUST05672,110074.52000000002,101602.58,39,33,-7.696549573870515,Low Decline
CUST05673,117173.87999999999,198938.37,47,59,69.78047496592245,Stable or Increased
CUST05674,192733.65999999997,216449.25,71,76,12.304851160923334,Stable or Increased
CUST05675,104777.04999999999,158576.54,49,55,51.346635546620206,Stable or Increased
CUST05676,153408.12999999998,224953.67,70,80,46.637384863501076,Stable or Increased
CUST05677,90463.65000000001,108839.22,32,43,20.31265596734157,Stable or Increased
CUST05678,75368.25,121756.57999999999,38,44,61.54890156000702,Stable or Increased
CUST05679,77226.92000000001,96331.59,34,39,24.738355485366995,Stable or Increased
CUST05680,75306.95,182029.61,39,65,141.71688004891976,Stable or Increased
CUST05681,116864.29,90634.66,44,39,-22.44452090540232,Low Decline
CUST05682,59591.67,125373.55000000002,28,47,110.38771022862763,Stable or Increased
CUST05683,307047.00000000006,307658.42000000004,101,110,0.19912912355436907,Stable or Increased
CUST05684,183680.38999999998,238396.73,73,86,29.78888492124828,Stable or Increased
CUST05685,39777.23,97306.56999999998,22,38,144.6288240784991,Stable or Increased
CUST05686,104501.4,112488.02999999998,39,46,7.642605744994795,Stable or Increased
CUST05687,97134.15,112509.23999999999,36,41,15.828717294586916,Stable or Increased
CUST05688,102701.70000000001,91679.21999999999,42,36,-10.732519520124812,Low Decline
CUST05689,79702.71999999999,117694.45,37,40,47.66679230018752,Stable or Increased
CUST05690,104447.84000000003,133645.11,40,48,27.95392417880538,Stable or Increased
CUST05691,172124.04,243922.76000000004,58,82,41.71335973754743,Stable or Increased
CUST05692,115046.29,67439.40000000001,43,34,-41.38063904537903,Moderate Decline
CUST05693,136409.55999999997,219525.50999999998,60,94,60.93117667119521,Stable or Increased
CUST05694,297938.51,356018.73,93,108,19.494029153868016,Stable or Increased
CUST05695,152063.16999999998,208987.91999999995,48,66,37.43493575729085,Stable or Increased
CUST05696,51152.21,119053.3,30,48,132.74321871919122,Stable or Increased
CUST05697,121057.95,197718.18,52,66,63.32523390657119,Stable or Increased
CUST05698,314302.28,378322.53,96,113,20.36900591367011,Stable or Increased
CUST05699,159443.46,249272.53,57,77,56.339137397043444,Stable or Increased
CUST05700,95090.13999999998,128882.97,36,47,35.537680352558134,Stable or Increased
CUST05701,206581.21,269676.51999999996,76,85,30.542618082254418,Stable or Increased
CUST05702,108733.72,174529.61,50,64,60.511026386294866,Stable or Increased
CUST05703,103914.41,144308.29,47,58,38.87226035349669,Stable or Increased
CUST05704,81693.37999999999,75082.29000000001,31,39,-8.092565150321828,Low Decline
CUST05705,127032.07,187781.41,49,62,47.82204997525428,Stable or Increased
CUST05706,153610.83,207704.27999999997,64,84,35.214606938846686,Stable or Increased
CUST05707,81372.45999999999,119385.06999999999,37,50,46.71434291159442,Stable or Increased
CUST05708,285447.20999999996,374573.66,93,108,31.22344408270798,Stable or Increased
CUST05709,76889.01,90151.06,34,41,17.24830375628455,Stable or Increased
CUST05710,65882.0,81400.40000000001,37,35,23.554840472359686,Stable or Increased
CUST05711,164900.93,212168.83999999997,55,61,28.664428999884944,Stable or Increased
CUST05712,94993.02000000002,133665.16,39,46,40.71050694040465,Stable or Increased
CUST05713,164742.4,116175.51,52,53,-29.480504108232005,Moderate Decline
CUST05714,127318.6,135483.91999999998,50,54,6.413297035939743,Stable or Increased
CUST05715,120402.0,136531.18999999997,49,61,13.396114682480334,Stable or Increased
CUST05716,114327.79000000001,140434.58000000002,49,51,22.835034246704154,Stable or Increased
CUST05717,54978.04000000001,67238.45,38,37,22.3005585502866,Stable or Increased
CUST05718,86876.4,112310.12999999999,39,42,29.275764189123855,Stable or Increased
CUST05719,187239.0,142997.59,58,56,-23.628309273174928,Low Decline
CUST05720,238578.28000000003,194695.55,70,82,-18.3934304497459,Low Decline
CUST05721,199199.30000000002,243988.48,71,84,22.484607124623423,Stable or Increased
CUST05722,127999.06,119637.2,43,49,-6.5327510998908895,Low Decline
CUST05723,115693.73,113984.6,41,46,-1.4772883543472841,Low Decline
CUST05724,125628.94999999998,100896.79000000001,43,39,-19.686672538455486,Low Decline
CUST05725,143806.03999999998,208462.62,51,52,44.96096269669899,Stable or Increased
CUST05726,123993.39,146789.84999999998,60,60,18.385221986430064,Stable or Increased
CUST05727,82023.91,181576.32,55,63,121.36998833632778,Stable or Increased
CUST05728,82847.92,124121.18,42,47,49.81810044235268,Stable or Increased
CUST05729,125812.36999999998,104353.32,37,38,-17.056391195873644,Low Decline
CUST05730,85654.04,140939.92,36,45,64.5455602561187,Stable or Increased
CUST05731,245470.04999999996,263361.81,75,80,7.288775147925395,Stable or Increased
CUST05732,188644.85,264333.05,63,90,40.12206005093697,Stable or Increased
CUST05733,173738.43000000002,182056.85,72,66,4.787898681943876,Stable or Increased
CUST05734,88960.22,87690.53,39,41,-1.4272559128113693,Low Decline
CUST05735,147976.74000000002,231293.15,60,74,56.3037204360631,Stable or Increased
CUST05736,278272.22,307048.66,98,99,10.341111304606692,Stable or Increased
CUST05737,176180.59,220789.88,66,84,25.320206953558284,Stable or Increased
CUST05738,91181.73999999999,71308.23,36,41,-21.79549326433121,Low Decline
CUST05739,76214.38,112106.94,35,40,47.09420978035903,Stable or Increased
CUST05740,376863.1000000001,353958.13,114,111,-6.077795889276526,Low Decline
CUST05741,111979.22,160841.25999999998,50,66,43.63491726411381,Stable or Increased
CUST05742,157628.93999999997,240907.37,73,85,52.83194190102403,Stable or Increased
CUST05743,78772.23,92964.22,34,33,18.016488805763153,Stable or Increased
CUST05744,117377.08,123881.84999999998,51,62,5.541771868920214,Stable or Increased
CUST05745,89163.34,81950.56,37,36,-8.08940086811463,Low Decline
CUST05746,164178.29,216067.40999999997,65,77,31.60534806398578,Stable or Increased
CUST05747,84273.37,116920.59999999999,35,44,38.739675415852005,Stable or Increased
CUST05748,121971.90000000002,129673.15999999999,57,52,6.313962478242909,Stable or Increased
CUST05749,201132.83000000002,212443.74000000005,74,76,5.623602074310808,Stable or Increased
CUST05750,158117.92,235625.58000000002,62,86,49.01889678285674,Stable or Increased
CUST05751,177564.38000000003,200372.94999999995,73,69,12.845239568881954,Stable or Increased
CUST05752,80546.34000000001,83148.57999999999,41,38,3.230736492806471,Stable or Increased
CUST05753,145152.02000000002,158217.47,50,54,9.001218171128434,Stable or Increased
CUST05754,69619.49,85075.04,35,44,22.200033352729225,Stable or Increased
CUST05755,337983.44,378027.39,105,114,11.847902962346323,Stable or Increased
CUST05756,113332.36999999998,129708.30999999998,45,48,14.449481644123392,Stable or Increased
CUST05757,268778.92000000004,307724.26,86,96,14.48973007258157,Stable or Increased
CUST05758,89713.05,76502.47,30,40,-14.72537161538929,Low Decline
CUST05759,216694.03999999998,284040.23,71,75,31.078930458816497,Stable or Increased
CUST05760,78286.46999999999,132212.27,42,55,68.88265622399376,Stable or Increased
CUST05761,99365.73,193699.61,44,62,94.93603076231612,Stable or Increased
CUST05762,212685.78,213608.86,68,86,0.43401115015775255,Stable or Increased
CUST05763,87821.75,90681.32,36,40,3.256106830027877,Stable or Increased
CUST05764,53997.409999999996,110131.33,30,47,103.95668977456513,Stable or Increased
CUST05765,72885.54000000001,104247.63,29,36,43.02923460538262,Stable or Increased
CUST05766,116555.85999999999,154335.72,55,63,32.413522580503475,Stable or Increased
CUST05767,120028.63,154646.56000000003,44,51,28.841393924099627,Stable or Increased
CUST05768,227576.23,326314.98999999993,96,107,43.38711472634902,Stable or Increased
CUST05769,170705.89999999997,262070.16000000006,70,82,53.52144243403427,Stable or Increased
CUST05770,134789.37,142841.08,44,61,5.973549694608701,Stable or Increased
CUST05771,133207.42,177542.74,52,58,33.28292072618776,Stable or Increased
CUST05772,140975.38,166141.07,47,60,17.851124075707403,Stable or Increased
CUST05773,132590.2,134835.34000000003,48,54,1.6932925661172649,Stable or Increased
CUST05774,205689.80000000002,222442.53999999995,68,67,8.144662496633247,Stable or Increased
CUST05775,91419.31000000001,96565.67000000001,39,41,5.629401490779136,Stable or Increased
CUST05776,69357.57,137573.09,32,50,98.35338810168808,Stable or Increased
CUST05777,132378.59,202561.84000000003,65,74,53.0170702075011,Stable or Increased
CUST05778,208198.58999999997,222671.51,73,87,6.95149760620379,Stable or Increased
CUST05779,184400.17,274296.74000000005,76,77,48.75080646617627,Stable or Increased
CUST05780,59648.98,119783.73,33,52,100.81438106737112,Stable or Increased
CUST05781,75704.73000000001,108014.7,34,39,42.678931686302796,Stable or Increased
CUST05782,138527.59000000003,214677.67,70,84,54.97105666820593,Stable or Increased
CUST05783,231385.34999999998,230623.70000000004,69,83,-0.3291695001433479,Low Decline
CUST05784,170621.11,172689.91,56,55,1.212511159961401,Stable or Increased
CUST05785,53730.0,141281.88,29,47,162.94785036292575,Stable or Increased
CUST05786,64889.28,111033.55,36,39,71.11231624083362,Stable or Increased
CUST05787,174363.18,201741.46999999997,61,62,15.701875820342336,Stable or Increased
CUST05788,202550.56000000003,173183.86000000002,63,57,-14.498454114370261,Low Decline
CUST05789,125533.72,175523.06,46,54,39.82144399130369,Stable or Increased
CUST05790,73256.75,72438.24,31,40,-1.117316834284888,Low Decline
CUST05791,114505.79999999997,140887.82,34,62,23.03989841562614,Stable or Increased
CUST05792,165610.4,225928.05999999997,72,72,36.42142039388829,Stable or Increased
CUST05793,143792.29,135975.0,55,55,-5.436515407049994,Low Decline
CUST05794,144250.41,139554.96000000002,62,57,-3.255068737759555,Low Decline
CUST05795,293423.4,318488.02,102,98,8.542133994766605,Stable or Increased
CUST05796,99889.46,174793.24,52,60,74.98667026531125,Stable or Increased
CUST05797,154995.93,233966.06000000006,59,76,50.949808811108824,Stable or Increased
CUST05798,104675.2,87565.63,32,43,-16.345390312127414,Low Decline
CUST05799,84894.06999999999,88614.25000000001,35,36,4.382143534878257,Stable or Increased
CUST05800,267647.92,319858.81999999995,101,98,19.507306464402923,Stable or Increased
CUST05801,265563.63,340236.94,90,96,28.118801509077127,Stable or Increased
CUST05802,96441.00000000001,163173.02999999997,46,51,69.19466824275976,Stable or Increased
CUST05803,279358.44,345820.69,91,101,23.791029904090244,Stable or Increased
CUST05804,199250.18999999997,249021.48,76,73,24.97929362074889,Stable or Increased
CUST05805,100531.76,100712.97,35,42,0.1802514946520447,Stable or Increased
CUST05806,119214.28,125630.76,38,46,5.382308226833224,Stable or Increased
CUST05807,96619.82,124342.69,53,57,28.692736128053223,Stable or Increased
CUST05808,78161.15000000001,79735.10999999999,39,39,2.0137370036136586,Stable or Increased
CUST05809,157913.72,232047.49,65,77,46.94574353640709,Stable or Increased
CUST05810,189889.87,299416.48000000004,71,97,57.67901679010051,Stable or Increased
CUST05811,115442.29000000002,170063.12,49,55,47.314402720181626,Stable or Increased
CUST05812,152585.18,173124.37999999998,70,73,13.460809234553436,Stable or Increased
CUST05813,105710.2,141344.31,47,57,33.70924470864685,Stable or Increased
CUST05814,119772.72000000002,174981.68,58,68,46.094770161352244,Stable or Increased
CUST05815,115324.29999999999,123018.38999999998,46,66,6.6716988527136065,Stable or Increased
CUST05816,83421.92,115638.56999999998,36,53,38.61892653633479,Stable or Increased
CUST05817,309840.68,263482.7,93,92,-14.961876536031351,Low Decline
CUST05818,70503.20000000001,144904.96,32,47,105.52962135052022,Stable or Increased
CUST05819,71403.67,55997.14,35,26,-21.57666405662342,Low Decline
CUST05820,103368.83000000002,170922.60000000003,43,65,65.35216660573599,Stable or Increased
CUST05821,289135.53,347057.13,81,104,20.032681559405713,Stable or Increased
CUST05822,141791.72999999998,155870.33,55,63,9.929069911200044,Stable or Increased
CUST05823,109272.93999999999,104442.2,45,43,-4.4208017099201244,Low Decline
CUST05824,238421.21000000005,453156.22000000003,93,116,90.06539728575319,Stable or Increased
CUST05825,75571.35,65939.51,38,39,-12.745359187046429,Low Decline
CUST05826,73314.16999999998,111221.43999999999,29,50,51.705243338361484,Stable or Increased
CUST05827,116053.26000000001,196157.12000000005,48,64,69.02336048121357,Stable or Increased
CUST05828,122408.76999999999,140683.72,48,62,14.929445006268761,Stable or Increased
CUST05829,67252.25,122658.15000000001,28,46,82.38519900821163,Stable or Increased
CUST05830,126815.12,197220.27999999997,46,61,55.51795401053121,Stable or Increased
CUST05831,123257.66,156523.69,48,54,26.989016341864676,Stable or Increased
CUST05832,78563.25,118935.73000000001,35,48,51.38850543988443,Stable or Increased
CUST05833,156020.46000000002,134915.67,58,63,-13.5269374285911,Low Decline
CUST05834,102371.18,127680.03,35,51,24.722631896985074,Stable or Increased
CUST05835,115893.5,79853.98999999999,41,41,-31.097093452178086,Moderate Decline
CUST05836,199257.81,406680.02,94,119,104.09740526607214,Stable or Increased
CUST05837,71014.51,142711.74,38,44,100.96138099101157,Stable or Increased
CUST05838,155449.42,136252.63,52,62,-12.34921944385512,Low Decline
CUST05839,101155.98000000001,171734.66,53,61,69.7721281529772,Stable or Increased
CUST05840,58273.55,73546.4,31,38,26.208888938463488,Stable or Increased
CUST05841,155936.80000000002,126874.51000000001,49,56,-18.637223541845163,Low Decline
CUST05842,74978.65,119087.88,27,42,58.82905333718333,Stable or Increased
CUST05843,92346.09,137649.87,43,58,49.05868781233726,Stable or Increased
CUST05844,103104.48999999999,67940.42,30,38,-34.1052751436916,Moderate Decline
CUST05845,175742.89,230204.91000000003,61,70,30.98960077417642,Stable or Increased
CUST05846,132402.9,211951.67999999996,58,77,60.08084415069457,Stable or Increased
CUST05847,299779.23,432388.0900000001,95,117,44.23550624237714,Stable or Increased
CUST05848,155492.71,264517.85000000003,74,94,70.11591733142991,Stable or Increased
CUST05849,116787.20999999999,125176.1,47,57,7.183055404782779,Stable or Increased
CUST05850,75939.22,83036.1,37,37,9.345473919800604,Stable or Increased
CUST05851,96895.41999999998,105189.96999999999,39,42,8.560311725776103,Stable or Increased
CUST05852,89261.98,82891.97999999998,33,37,-7.1362969990134815,Low Decline
CUST05853,252507.55,265825.51,79,92,5.274281897709602,Stable or Increased
CUST05854,175786.03999999998,234376.53,61,77,33.3305705049161,Stable or Increased
CUST05855,124253.74,121339.49,40,39,-2.3454022389990032,Low Decline
CUST05856,83881.68,99016.73,37,43,18.043331988582015,Stable or Increased
CUST05857,98093.0,100028.54999999999,43,36,1.9731785142670613,Stable or Increased
CUST05858,242546.17,344005.45,89,104,41.830914089470056,Stable or Increased
CUST05859,80578.42,107044.39000000001,37,36,32.84498504686492,Stable or Increased
CUST05860,155628.62999999998,238498.78,67,76,53.248653541446735,Stable or Increased
CUST05861,219948.9,258652.9,63,77,17.596814532830127,Stable or Increased
CUST05862,239757.17000000004,247968.01,66,86,3.4246483640092875,Stable or Increased
CUST05863,72547.49,141901.37,42,64,95.59790421419126,Stable or Increased
CUST05864,83418.76000000001,113624.70999999999,42,52,36.21002038390402,Stable or Increased
CUST05865,67607.14,75008.44,31,40,10.947512348547805,Stable or Increased
CUST05866,284616.37000000005,333267.58999999997,89,109,17.093612711032716,Stable or Increased
CUST05867,124981.55,158872.02000000002,45,50,27.116378377448523,Stable or Increased
CUST05868,142737.88999999998,135506.37,54,65,-5.066293189565847,Low Decline
CUST05869,138479.83000000002,198370.58999999997,49,67,43.248724381016316,Stable or Increased
CUST05870,114771.45999999999,108558.66999999998,37,45,-5.413183730519773,Low Decline
CUST05871,187052.22,307747.77999999997,73,83,64.52506150421522,Stable or Increased
CUST05872,200681.14999999997,227836.33000000002,81,74,13.531505076585447,Stable or Increased
CUST05873,79540.34999999999,107291.89,38,42,34.889889219748234,Stable or Increased
CUST05874,89593.49999999999,127439.54,32,41,42.241948355628494,Stable or Increased
CUST05875,104079.06,123199.24,50,45,18.370823103129492,Stable or Increased
CUST05876,283425.93000000005,343384.11999999994,92,108,21.154800479970156,Stable or Increased
CUST05877,115058.23,151142.48999999996,54,59,31.361737443727378,Stable or Increased
CUST05878,207436.68,235241.51000000004,78,77,13.404008394272434,Stable or Increased
CUST05879,63830.84999999999,125602.10999999999,31,39,96.77336272351066,Stable or Increased
CUST05880,113780.4,111268.86,46,46,-2.2073573304365195,Low Decline
CUST05881,56015.2,109743.89,28,51,95.91805438523829,Stable or Increased
CUST05882,104120.25,132686.94,49,52,27.436247992105283,Stable or Increased
CUST05883,110152.83,114806.54999999999,37,43,4.224784783105424,Stable or Increased
CUST05884,259379.28000000006,323934.05,91,116,24.888175339217504,Stable or Increased
CUST05885,235053.99,266375.05,74,79,13.32504927910392,Stable or Increased
CUST05886,57383.62999999999,106235.05,31,38,85.13128221410882,Stable or Increased
CUST05887,64260.05999999999,158294.06,31,50,146.33350793634494,Stable or Increased
CUST05888,31637.949999999993,129795.58,23,41,310.25281347242793,Stable or Increased
CUST05889,76710.71,121131.35000000002,29,39,57.90669907761252,Stable or Increased
CUST05890,359157.64,339904.07,101,115,-5.3607574657189545,Low Decline
CUST05891,269253.97,378371.63,102,110,40.52592427885095,Stable or Increased
CUST05892,82403.26999999999,95197.83,45,44,15.526762469499102,Stable or Increased
CUST05893,81047.68,114807.33,37,43,41.65406091821507,Stable or Increased
CUST05894,70286.77,121216.99,39,45,72.46060674007356,Stable or Increased
CUST05895,97903.59,159452.28999999998,45,54,62.86664258174801,Stable or Increased
CUST05896,124321.15,158846.66999999998,45,61,27.771236028624248,Stable or Increased
CUST05897,154766.26,161590.65999999997,49,54,4.409488217910005,Stable or Increased
CUST05898,73212.96,97646.88999999998,33,39,33.37377699248873,Stable or Increased
CUST05899,86757.70999999998,111116.10999999997,36,43,28.07635194612675,Stable or Increased
CUST05900,97545.97,177879.27000000002,37,68,82.35429920887559,Stable or Increased
CUST05901,59099.91,140590.56000000003,29,45,137.8862505881989,Stable or Increased
CUST05902,109286.96,184886.38999999998,42,57,69.17516051320302,Stable or Increased
CUST05903,82997.54000000001,104159.92000000001,27,40,25.497599085466874,Stable or Increased
CUST05904,84578.57999999999,82808.05,38,35,-2.0933550787917987,Low Decline
CUST05905,160260.70999999996,228296.66,66,85,42.4532937611471,Stable or Increased
CUST05906,139463.83999999997,163348.84,48,55,17.126303133486093,Stable or Increased
CUST05907,234970.34,305372.33999999997,100,98,29.962079469264065,Stable or Increased
CUST05908,116800.47,151498.55,42,49,29.707140733252174,Stable or Increased
CUST05909,87791.36999999998,97248.10999999999,40,46,10.771833267894108,Stable or Increased
CUST05910,82740.22,133655.53999999998,42,57,61.536360430271976,Stable or Increased
CUST05911,87482.68,83370.08,40,34,-4.701044823958287,Low Decline
CUST05912,69415.21999999999,113331.93999999999,35,45,63.26670145250567,Stable or Increased
CUST05913,90625.3,125291.19,33,42,38.251889924778176,Stable or Increased
CUST05914,153565.03999999998,112271.64999999998,58,49,-26.889837687015227,Moderate Decline
CUST05915,63873.55,73350.18000000001,27,25,14.836548148646825,Stable or Increased
CUST05916,81926.45,70664.73,39,42,-13.746134490143294,Low Decline
CUST05917,107520.08,117718.62000000001,38,40,9.485242198480515,Stable or Increased
CUST05918,145594.41,230781.16999999998,66,79,58.50963646200426,Stable or Increased
CUST05919,49340.7,92237.84999999998,25,43,86.940700071138,Stable or Increased
CUST05920,135639.75999999998,116202.6,49,56,-14.329987018555604,Low Decline
CUST05921,284301.08999999997,388738.18,99,105,36.73467801336957,Stable or Increased
CUST05922,112486.93,107548.99000000002,45,46,-4.389789996046629,Low Decline
CUST05923,123760.37000000001,172467.99,52,56,39.356394942904565,Stable or Increased
CUST05924,131447.38999999998,141084.97999999998,55,59,7.331899096665212,Stable or Increased
CUST05925,85843.41999999998,91866.18,40,47,7.015983286779593,Stable or Increased
CUST05926,164174.19999999998,180662.16,59,63,10.042966556255504,Stable or Increased
CUST05927,136802.25,140491.90000000002,48,52,2.697068213424869,Stable or Increased
CUST05928,244451.53999999998,209312.89,72,67,-14.374485020630251,Low Decline
CUST05929,80162.51,107128.18,33,37,33.638754574925365,Stable or Increased
CUST05930,138227.58000000002,183045.96000000002,50,61,32.42361618426655,Stable or Increased
CUST05931,91062.78,88331.89,42,49,-2.9989091042465423,Low Decline
CUST05932,104251.15,83181.37,40,36,-20.210597197249143,Low Decline
CUST05933,123358.68,159026.85000000003,45,58,28.91419557991383,Stable or Increased
CUST05934,79395.74,78145.75,31,32,-1.5743791795378508,Low Decline
CUST05935,60195.14,115489.47,31,42,91.85846232768958,Stable or Increased
CUST05936,256852.59,365921.54,94,109,42.46363643831662,Stable or Increased
CUST05937,144417.41999999998,230509.45,65,77,59.613327810453924,Stable or Increased
CUST05938,59332.17,68960.57,35,36,16.227958626829274,Stable or Increased
CUST05939,71914.6,91471.95000000001,33,45,27.19524269063584,Stable or Increased
CUST05940,71352.04000000002,127375.15,29,43,78.5164796970065,Stable or Increased
CUST05941,78934.53,126246.79000000001,39,42,59.93860988340592,Stable or Increased
CUST05942,67246.57,100397.27,32,31,49.29723553186429,Stable or Increased
CUST05943,168426.26,208164.59000000003,71,83,23.593903943482456,Stable or Increased
CUST05944,70329.76000000001,74228.03,40,35,5.542845589121859,Stable or Increased
CUST05945,134281.22999999998,169300.03999999998,66,68,26.07870809643314,Stable or Increased
CUST05946,224502.91999999998,352731.07,82,106,57.116473139859394,Stable or Increased
CUST05947,94544.01000000001,116943.58999999998,26,43,23.692225451406145,Stable or Increased
CUST05948,116943.5,201158.22999999998,42,64,72.01317730356966,Stable or Increased
CUST05949,57216.88,110743.40999999999,33,56,93.55024251584496,Stable or Increased
CUST05950,103244.68,150941.72000000003,45,50,46.19806076206545,Stable or Increased
CUST05951,98299.32,99502.95999999999,38,41,1.2244642180637515,Stable or Increased
CUST05952,183019.68000000002,135366.71000000002,58,52,-26.037074264363262,Moderate Decline
CUST05953,101368.44,102627.83,46,45,1.2423886566667095,Stable or Increased
CUST05954,317743.19000000006,396304.5,101,111,24.72478167037976,Stable or Increased
CUST05955,85336.19000000002,103571.84999999998,38,40,21.369198695184256,Stable or Increased
CUST05956,148673.18,140282.2,46,43,-5.643909681625147,Low Decline
CUST05957,80384.54000000001,130937.77,34,49,62.889244623406434,Stable or Increased
CUST05958,90856.61,88266.37,38,40,-2.8509098017194403,Low Decline
CUST05959,130816.16,137716.72000000003,48,46,5.275005779102541,Stable or Increased
CUST05960,311442.95,437522.65,108,108,40.48243827641628,Stable or Increased
CUST05961,121933.51000000001,173976.44999999998,49,57,42.6814089088389,Stable or Increased
CUST05962,123840.5,116330.48,53,45,-6.064268151372132,Low Decline
CUST05963,127950.81,154882.28,57,63,21.048299733311577,Stable or Increased
CUST05964,81791.26999999999,83827.05,32,35,2.488994241072444,Stable or Increased
CUST05965,245074.41,335906.68,98,97,37.06313931348441,Stable or Increased
CUST05966,282622.05000000005,320516.74000000005,94,110,13.408256715992257,Stable or Increased
CUST05967,85528.56000000001,60320.869999999995,32,34,-29.472833402082316,Moderate Decline
CUST05968,72404.6,75372.32000000002,36,32,4.098800352463815,Stable or Increased
CUST05969,121996.68000000001,181797.03,55,62,49.01801426071594,Stable or Increased
CUST05970,284848.25,303659.38,86,98,6.603912785140862,Stable or Increased
CUST05971,135276.16,155726.53999999998,53,56,15.11750481385632,Stable or Increased
CUST05972,135725.86000000002,100563.85999999999,40,48,-25.90663267854779,Moderate Decline
CUST05973,68141.98000000001,99902.19,32,37,46.608874588029266,Stable or Increased
CUST05974,143700.53,160270.17,54,61,11.5306742431639,Stable or Increased
CUST05975,282899.0200000001,342436.39999999997,93,106,21.045452896938233,Stable or Increased
CUST05976,211713.22000000003,235808.38,67,88,11.381037046245845,Stable or Increased
CUST05977,155326.54,242977.00999999995,64,83,56.42980909765964,Stable or Increased
CUST05978,119557.89000000001,111220.37000000002,41,39,-6.973625914609223,Low Decline
CUST05979,99084.24,152996.59,32,51,54.41062070012344,Stable or Increased
CUST05980,189894.31,210643.27999999997,61,80,10.926588584987076,Stable or Increased
CUST05981,73927.70000000001,118685.75,36,40,60.54300350207024,Stable or Increased
CUST05982,76947.34999999999,107185.37,36,44,39.29702582350141,Stable or Increased
CUST05983,240691.87,254849.13,79,82,5.881902035162222,Stable or Increased
CUST05984,114598.56,157813.42,59,55,37.70977575983505,Stable or Increased
CUST05985,116520.37000000001,111095.75000000001,56,59,-4.655512164954501,Low Decline
CUST05986,68394.82,107409.29000000001,32,46,57.04301875492909,Stable or Increased
CUST05987,87061.43,110620.06000000001,36,51,27.059778365689628,Stable or Increased
CUST05988,166972.28999999998,195587.85,67,84,17.13790952977888,Stable or Increased
CUST05989,85228.46999999999,115110.08999999998,37,43,35.060608268575045,Stable or Increased
CUST05990,85444.27,167695.64,42,56,96.26317832664496,Stable or Increased
CUST05991,99554.68,133222.14,47,54,33.818058578461624,Stable or Increased
CUST05992,142964.18,130508.73999999999,51,63,-8.712280236909695,Low Decline
CUST05993,204421.52,227554.00999999998,65,87,11.316073767575935,Stable or Increased
CUST05994,113751.76,168249.03999999998,32,55,47.90895543066761,Stable or Increased
CUST05995,75986.73000000001,95608.54999999999,33,41,25.822692988631008,Stable or Increased
CUST05996,203271.57,227276.33,67,72,11.809206767085028,Stable or Increased
CUST05997,93597.16,142082.09999999998,29,43,51.80172133427977,Stable or Increased
CUST05998,308780.39,310126.05000000005,92,108,0.4357984002805465,Stable or Increased
CUST05999,101285.84000000001,107694.59999999999,41,45,6.32739976288885,Stable or Increased
CUST06000,101107.23000000003,149663.32,48,67,48.02434998961001,Stable or Increased
CUST06001,87108.49000000002,131574.65999999997,32,49,51.046884178568526,Stable or Increased
CUST06002,132397.66000000003,179664.17,51,62,35.70041192570924,Stable or Increased
CUST06003,79663.06999999999,136610.99,36,47,71.48597210727631,Stable or Increased
CUST06004,119072.69000000002,80724.66,44,39,-32.205562837288724,Moderate Decline
CUST06005,279505.68000000005,315757.87000000005,95,104,12.970108514431619,Stable or Increased
CUST06006,126257.02,227656.95,60,77,80.31231055508835,Stable or Increased
CUST06007,193562.74,118885.94999999998,69,52,-38.58014719155144,Moderate Decline
CUST06008,248824.49,334141.12,86,106,34.28787495957492,Stable or Increased
CUST06009,96403.18999999999,116197.79000000001,36,44,20.533137959438918,Stable or Increased
CUST06010,97859.25,159199.53,45,43,62.682148085132475,Stable or Increased
CUST06011,208091.03,215021.62,66,69,3.3305568240976062,Stable or Increased
CUST06012,95342.06,91487.90000000002,36,42,-4.042455134701279,Low Decline
CUST06013,158475.53,156781.89,69,68,-1.0687075790186567,Low Decline
CUST06014,105988.81,133843.56,54,56,26.28084040192545,Stable or Increased
CUST06015,70072.9,72392.49,35,38,3.310252608355029,Stable or Increased
CUST06016,82870.59,141664.63,52,58,70.94680995996289,Stable or Increased
CUST06017,91741.12000000002,173461.7,40,61,89.07737337412054,Stable or Increased
CUST06018,55747.97000000001,63930.74000000001,32,30,14.678148818692417,Stable or Increased
CUST06019,202389.09999999998,233070.87000000002,74,79,15.159793684541336,Stable or Increased
CUST06020,101033.31000000001,87891.47,36,39,-13.007432895151124,Low Decline
CUST06021,69998.54999999999,94593.29000000001,38,33,35.13607067574974,Stable or Increased
CUST06022,119810.71999999999,180737.44,55,57,50.85247797525967,Stable or Increased
CUST06023,102619.94,112004.82999999999,52,47,9.145288917533946,Stable or Increased
CUST06024,87296.55000000002,107100.18000000002,40,48,22.6854669514431,Stable or Increased
CUST06025,130222.68999999999,130753.57,56,52,0.40767089053376127,Stable or Increased
CUST06026,97459.14000000001,196020.87,42,61,101.13133565512682,Stable or Increased
CUST06027,128325.48999999998,89458.46000000002,38,46,-30.2878485014941,Moderate Decline
CUST06028,223467.00000000003,222326.90999999997,80,81,-0.5101827115413258,Low Decline
CUST06029,77929.04000000001,130318.69,35,44,67.22737762456715,Stable or Increased
CUST06030,73099.23,162071.32,29,53,121.71412749491346,Stable or Increased
CUST06031,89963.57,121566.3,38,45,35.1283636254097,Stable or Increased
CUST06032,188298.07,213278.44,60,80,13.266397260471122,Stable or Increased
CUST06033,93680.18000000001,94541.95999999999,42,41,0.9199171051976888,Stable or Increased
CUST06034,116956.28,240658.74,59,65,105.76812121589367,Stable or Increased
CUST06035,58539.05,111209.34000000001,41,45,89.97462377677807,Stable or Increased
CUST06036,205873.00999999998,169369.22,87,63,-17.731216928338487,Low Decline
CUST06037,313850.00999999995,365458.6,98,108,16.44371144037881,Stable or Increased
CUST06038,112441.22,125704.55,39,48,11.795789835791538,Stable or Increased
CUST06039,79282.62,77668.76000000001,35,34,-2.035578541677843,Low Decline
CUST06040,100589.5,61274.1,37,31,-39.08499396060225,Moderate Decline
CUST06041,342879.3300000001,351256.51999999996,96,110,2.4431889784665306,Stable or Increased
CUST06042,113550.26000000001,106533.29000000001,55,46,-6.179615969175236,Low Decline
CUST06043,288732.05999999994,339253.09,94,112,17.497547726428472,Stable or Increased
CUST06044,118890.66,135306.40000000002,45,65,13.807426083764712,Stable or Increased
CUST06045,214255.99,257861.59999999998,69,84,20.352107775376542,Stable or Increased
CUST06046,255274.44,370094.67000000004,89,107,44.979133045987695,Stable or Increased
CUST06047,123562.12,141320.84,26,48,14.372301155078919,Stable or Increased
CUST06048,105763.05,110040.03,39,45,4.0439264941773105,Stable or Increased
CUST06049,95995.6,69885.78,42,37,-27.198975786390218,Moderate Decline
CUST06050,122300.15999999999,185767.81000000003,48,61,51.89498525594737,Stable or Increased
CUST06051,108456.51000000001,170908.77,54,61,57.58276750745527,Stable or Increased
CUST06052,295214.35000000003,305286.3300000001,84,110,3.411751495142441,Stable or Increased
CUST06053,205671.56,164774.89,63,69,-19.884455585400325,Low Decline
CUST06054,117758.23999999999,69386.13,43,39,-41.07747364430717,Moderate Decline
CUST06055,297301.5,294668.44,99,98,-0.8856531164491258,Low Decline
CUST06056,160759.91999999998,219966.49000000002,54,77,36.82918603094605,Stable or Increased
CUST06057,97348.29999999999,101579.71999999999,39,41,4.346680938444738,Stable or Increased
CUST06058,184241.35,246047.37000000002,69,85,33.54622618646684,Stable or Increased
CUST06059,91045.46,131148.66,39,43,44.047446187871415,Stable or Increased
CUST06060,100104.62000000001,117801.53,48,49,17.678414842391877,Stable or Increased
CUST06061,254340.51,255539.07,84,76,0.47124227280978465,Stable or Increased
CUST06062,93978.92000000001,79852.01000000001,36,32,-15.031998665232589,Low Decline
CUST06063,234471.94,299018.55,79,84,27.5285008517437,Stable or Increased
CUST06064,136456.59999999998,163094.28000000003,42,62,19.52099055670452,Stable or Increased
CUST06065,99533.43999999999,133378.92,54,57,34.00412966737614,Stable or Increased
CUST06066,194058.00999999998,124248.37999999999,59,55,-35.97358851613494,Moderate Decline
CUST06067,71746.63,97843.96,39,45,36.37429381700576,Stable or Increased
CUST06068,95855.53,97341.58000000002,36,38,1.550301792708274,Stable or Increased
CUST06069,96526.8,116848.14,35,37,21.052536704832228,Stable or Increased
CUST06070,100263.58000000002,108116.51999999999,37,52,7.8322956351648045,Stable or Increased
CUST06071,136032.3,126414.55,57,57,-7.070195828490724,Low Decline
CUST06072,134423.6,140814.66,51,53,4.75441812300816,Stable or Increased
CUST06073,70663.45999999999,137790.43999999997,35,46,94.99532007065602,Stable or Increased
CUST06074,197533.85000000003,206807.73999999996,69,70,4.69483584712186,Stable or Increased
CUST06075,195910.04,204111.24999999997,78,75,4.186212202294462,Stable or Increased
CUST06076,53625.57,107297.81999999999,22,48,100.0870480257832,Stable or Increased
CUST06077,120747.28000000001,99955.23999999999,43,34,-17.219468629024206,Low Decline
CUST06078,101747.01,141570.99000000002,32,49,39.140196847062164,Stable or Increased
CUST06079,180310.3,100479.62999999999,50,51,-44.27404868163383,Moderate Decline
CUST06080,100702.16,129625.84,37,50,28.722005565719734,Stable or Increased
CUST06081,66247.56999999999,65652.78,34,28,-0.8978291581109974,Low Decline
CUST06082,277564.72,358179.9,86,118,29.04374158214346,Stable or Increased
CUST06083,80352.35,150023.65000000002,46,61,86.70723382701317,Stable or Increased
CUST06084,68355.86,67397.06,35,27,-1.402659552524104,Low Decline
CUST06085,92992.40999999999,172578.01,44,56,85.58289864731974,Stable or Increased
CUST06086,65602.14,147509.52999999997,27,51,124.85475321384328,Stable or Increased
CUST06087,180029.58,291684.1,72,88,62.02009691962842,Stable or Increased
CUST06088,279898.07,282863.99,103,94,1.0596428907137458,Stable or Increased
CUST06089,74181.91,66592.29999999999,35,36,-10.231079248296538,Low Decline
CUST06090,290301.20999999996,352395.75000000006,98,112,21.3896938286961,Stable or Increased
CUST06091,203663.27000000002,220170.63,69,71,8.10522191851284,Stable or Increased
CUST06092,86941.86,79796.52,27,34,-8.218526725791232,Low Decline
CUST06093,143902.03999999998,219431.53000000003,70,85,52.48674028526632,Stable or Increased
CUST06094,56262.119999999995,63159.82999999999,29,38,12.25995394414571,Stable or Increased
CUST06095,60274.0,106263.36,29,46,76.30049440886617,Stable or Increased
CUST06096,150582.83,224387.61,54,81,49.01274600829325,Stable or Increased
CUST06097,73094.18999999999,141368.56000000003,33,38,93.40601489666969,Stable or Increased
CUST06098,229494.86000000002,346678.14,86,105,51.06139632059733,Stable or Increased
CUST06099,79653.34000000001,181305.94,39,68,127.61875396562151,Stable or Increased
CUST06100,94420.62,134431.15,52,43,42.37478000038551,Stable or Increased
CUST06101,156642.04999999996,318858.51000000007,64,86,103.55869321168879,Stable or Increased
CUST06102,166612.54000000004,183864.27999999997,62,66,10.354406697118913,Stable or Increased
CUST06103,117087.16999999998,135786.52000000002,43,57,15.970451758292594,Stable or Increased
CUST06104,56737.979999999996,99289.6,28,40,74.99671296017237,Stable or Increased
CUST06105,172930.31,202317.81,66,83,16.993839888449862,Stable or Increased
CUST06106,112630.73,125503.11999999998,42,47,11.428843620209143,Stable or Increased
CUST06107,162919.09,124874.73000000001,43,58,-23.351689479728854,Low Decline
CUST06108,83433.59,88116.70000000001,31,43,5.612979137059805,Stable or Increased
CUST06109,169199.1,138008.66,55,55,-18.434164247918577,Low Decline
CUST06110,60346.380000000005,117093.81000000003,33,47,94.0361791378373,Stable or Increased
CUST06111,185460.7,232863.23999999993,67,85,25.559344917818127,Stable or Increased
CUST06112,249033.33000000002,266555.1,79,77,7.035913626501304,Stable or Increased
CUST06113,112330.42999999996,168785.05000000002,48,56,50.25763722261196,Stable or Increased
CUST06114,112500.5,75747.07,34,36,-32.66957035746507,Moderate Decline
CUST06115,110321.06,132350.47,32,45,19.968453892665647,Stable or Increased
CUST06116,69727.92,101780.14000000001,40,48,45.967555033908965,Stable or Increased
CUST06117,68891.93000000001,113949.68999999999,25,47,65.40353855669304,Stable or Increased
CUST06118,110823.49999999999,90764.20000000001,35,43,-18.10022242574903,Low Decline
CUST06119,122438.16,150369.93,46,59,22.81296125325633,Stable or Increased
CUST06120,230297.85000000003,369414.78,90,117,60.40739416368845,Stable or Increased
CUST06121,194807.26,211205.86,66,80,8.417858759473326,Stable or Increased
CUST06122,74228.23000000001,118792.16,37,42,60.03636352368901,Stable or Increased
CUST06123,225577.0,161094.88000000003,74,84,-28.58541429312384,Moderate Decline
CUST06124,93183.3,112715.02999999998,38,42,20.960547651778786,Stable or Increased
CUST06125,72157.58,95616.31,34,38,32.51041678504184,Stable or Increased
CUST06126,88637.28,105715.82999999999,43,45,19.26790849177681,Stable or Increased
CUST06127,181515.41999999998,262967.99000000005,67,81,44.873636630981586,Stable or Increased
CUST06128,77203.45,76572.13,46,36,-0.8177354768472037,Low Decline
CUST06129,91280.53,141201.45,41,52,54.689559756061904,Stable or Increased
CUST06130,76568.86,90820.27,28,48,18.6125403982768,Stable or Increased
CUST06131,190737.08000000002,188185.55000000002,61,72,-1.3377210136592206,Low Decline
CUST06132,192454.6,228883.66,78,83,18.928651224756383,Stable or Increased
CUST06133,146753.03,128960.0,57,52,-12.124471978534276,Low Decline
CUST06134,340171.95,337241.2199999999,100,106,-0.8615436987088729,Low Decline
CUST06135,143343.38,136365.06,50,55,-4.8682541181880925,Low Decline
CUST06136,111899.39000000001,186578.67999999996,49,63,66.73788838348443,Stable or Increased
CUST06137,267818.67000000004,367050.12,98,101,37.051729814056635,Stable or Increased
CUST06138,156229.27,174241.87999999998,52,56,11.529600055098502,Stable or Increased
CUST06139,131028.84999999998,122445.06999999998,49,51,-6.551061083112613,Low Decline
CUST06140,60795.90000000001,105222.69,27,45,73.07530606504713,Stable or Increased
CUST06141,187447.06000000003,209924.7,66,67,11.991460415543452,Stable or Increased
CUST06142,82017.70999999999,73153.87,34,33,-10.807226878194962,Low Decline
CUST06143,130669.19,182766.22,58,60,39.86940609335682,Stable or Increased
CUST06144,159567.13999999998,169277.3,74,74,6.085313053802935,Stable or Increased
CUST06145,89057.70000000003,160790.52999999997,45,59,80.54646594286616,Stable or Increased
CUST06146,137913.09,231103.56000000006,67,76,67.57188168287728,Stable or Increased
CUST06147,190816.45999999996,239760.4,68,79,25.64974740648686,Stable or Increased
CUST06148,146758.14,256094.11,67,88,74.50078748613191,Stable or Increased
CUST06149,106216.93,69983.37,43,33,-34.1127916237082,Moderate Decline
CUST06150,71914.76999999999,133960.32,32,42,86.27650481257191,Stable or Increased
CUST06151,285865.63,313772.15,94,93,9.762110961013402,Stable or Increased
CUST06152,94671.95999999999,114863.96999999997,44,48,21.328395440423947,Stable or Increased
CUST06153,153443.84000000003,243120.13,64,77,58.442417760139456,Stable or Increased
CUST06154,131173.18,200981.53,51,71,53.21846279856905,Stable or Increased
CUST06155,283771.62,361807.4,91,107,27.49950118338121,Stable or Increased
CUST06156,39875.47,88181.45,32,41,121.14209562921766,Stable or Increased
CUST06157,216061.28,193433.55,68,88,-10.472829745338919,Low Decline
CUST06158,117946.13999999998,214825.02999999997,55,65,82.1382454737391,Stable or Increased
CUST06159,70878.04,95841.27,37,48,35.21997786620512,Stable or Increased
CUST06160,107538.72,171311.69999999998,43,71,59.302342449305684,Stable or Increased
CUST06161,122049.13,139332.32,55,58,14.160846537783597,Stable or Increased
CUST06162,80644.93,128123.45999999999,38,44,58.87354604933007,Stable or Increased
CUST06163,117107.69,142394.62,39,51,21.592886000910777,Stable or Increased
CUST06164,290789.73,360241.38999999996,102,103,23.88380772594685,Stable or Increased
CUST06165,172006.3,127505.62000000001,66,53,-25.871540751705016,Moderate Decline
CUST06166,190497.95,199611.44999999998,67,76,4.784040983118175,Stable or Increased
CUST06167,66158.95,114969.47999999998,32,49,73.77766726950773,Stable or Increased
CUST06168,88611.44,118790.88,48,53,34.058175784074834,Stable or Increased
CUST06169,64598.39,78870.58,33,41,22.09372400767264,Stable or Increased
CUST06170,74389.49,104721.40999999997,40,49,40.77446961929698,Stable or Increased
CUST06171,274636.91,341212.42000000004,90,101,24.24128279043049,Stable or Increased
CUST06172,77728.04999999999,106855.16,36,45,37.47310012279996,Stable or Increased
CUST06173,98846.45,139297.57,47,67,40.92318945192267,Stable or Increased
CUST06174,331921.37999999995,353846.0800000001,102,111,6.605389505189492,Stable or Increased
CUST06175,89801.97,164216.35,48,66,82.86497501112726,Stable or Increased
CUST06176,50183.26,88427.9,28,44,76.20995527193728,Stable or Increased
CUST06177,111325.17999999998,139439.56999999998,40,52,25.25429556907072,Stable or Increased
CUST06178,173184.31000000003,159664.53999999998,54,58,-7.806579013999619,Low Decline
CUST06179,72715.19,148485.55,40,56,104.20155678614053,Stable or Increased
CUST06180,208232.85,242056.88000000006,75,84,16.24336890168869,Stable or Increased
CUST06181,75686.74,150548.87,40,60,98.91049607896969,Stable or Increased
CUST06182,166928.45,216926.55,75,84,29.95181468467477,Stable or Increased
CUST06183,97071.72,130436.58000000002,32,44,34.37134934870837,Stable or Increased
CUST06184,137347.93,151321.87,44,62,10.174117658708074,Stable or Increased
CUST06185,159127.18,197738.89999999997,43,59,24.264691927551265,Stable or Increased
CUST06186,148665.31,235494.01,58,78,58.405488139768465,Stable or Increased
CUST06187,146339.42,168334.08999999997,60,71,15.029901034184741,Stable or Increased
CUST06188,82377.01,115025.00999999998,39,40,39.63241685999527,Stable or Increased
CUST06189,61551.880000000005,77915.98999999999,31,47,26.58588169849562,Stable or Increased
CUST06190,191604.13,148203.42,69,71,-22.651239302618368,Low Decline
CUST06191,157838.62,111141.24000000002,53,48,-29.585522225168955,Moderate Decline
CUST06192,134795.95,103048.16999999998,47,53,-23.552473201160737,Low Decline
CUST06193,284667.77999999997,306231.14,102,94,7.574921194102139,Stable or Increased
CUST06194,58230.14,104391.66,28,47,79.27427273916909,Stable or Increased
CUST06195,133303.27,121987.89000000001,49,59,-8.488448933023157,Low Decline
CUST06196,64088.08,93943.27,30,43,46.584622288575346,Stable or Increased
CUST06197,116047.57999999999,96634.04999999999,41,40,-16.728939974448412,Low Decline
CUST06198,76731.26000000001,162525.35,43,64,111.81113147366534,Stable or Increased
CUST06199,97159.37000000001,149670.96,34,47,54.0468613577877,Stable or Increased
CUST06200,101460.73,127379.23000000001,35,52,25.545351388660436,Stable or Increased
CUST06201,94229.79,129479.70999999999,37,39,37.40846711002964,Stable or Increased
CUST06202,126350.27,125569.18,43,56,-0.6181941676895594,Low Decline
CUST06203,292919.28,277770.35000000003,98,99,-5.1717080555434904,Low Decline
CUST06204,114011.5,191123.58,46,70,67.63535257408243,Stable or Increased
CUST06205,130943.17000000001,163029.52,52,66,24.504027205084444,Stable or Increased
CUST06206,86090.24000000002,91739.07999999999,36,31,6.561533572214419,Stable or Increased
CUST06207,113671.88,109020.12999999999,45,46,-4.09226098838166,Low Decline
CUST06208,184751.85,240037.27999999997,63,77,29.92415502199299,Stable or Increased
CUST06209,55471.00000000001,89341.47,30,37,61.05977898361304,Stable or Increased
CUST06210,209275.08,287974.55,68,83,37.605753155129605,Stable or Increased
CUST06211,78066.87000000001,92138.66,31,40,18.025303179184707,Stable or Increased
CUST06212,128280.94999999998,122240.98000000001,43,65,-4.708392009881415,Low Decline
CUST06213,151781.45,159477.31,51,59,5.070356094239438,Stable or Increased
CUST06214,88154.55000000002,100338.03,39,34,13.820591223028169,Stable or Increased
CUST06215,91168.50000000001,204480.36000000002,44,62,124.2883890817552,Stable or Increased
CUST06216,117758.62000000001,94491.53,41,40,-19.758290306051485,Low Decline
CUST06217,86488.51,120416.68000000001,39,54,39.22852873751671,Stable or Increased
CUST06218,81022.04,112396.72000000002,39,54,38.723636185906976,Stable or Increased
CUST06219,133824.87000000002,289025.85000000003,62,101,115.9731969102604,Stable or Increased
CUST06220,175784.19999999998,136656.75,64,55,-22.258798003461052,Low Decline
CUST06221,264146.14999999997,372804.07999999996,90,106,41.135534248748286,Stable or Increased
CUST06222,78001.38999999998,99340.43000000001,40,44,27.357256069411108,Stable or Increased
CUST06223,62663.99999999999,80576.96,38,41,28.585727052215013,Stable or Increased
CUST06224,134358.72999999998,196346.64999999997,63,69,46.1361312361318,Stable or Increased
CUST06225,60617.25,95244.71999999999,29,33,57.12477883770706,Stable or Increased
CUST06226,106362.78,125697.20000000001,37,44,18.1778061837045,Stable or Increased
CUST06227,214021.13,284641.96,66,90,32.99712976938306,Stable or Increased
CUST06228,98619.29,117104.84999999999,44,41,18.74436532649951,Stable or Increased
CUST06229,94301.97,220064.66,42,64,133.36167844637816,Stable or Increased
CUST06230,112815.14000000001,75440.83,43,35,-33.12880700232257,Moderate Decline
CUST06231,159546.46,250704.50999999998,56,89,57.135739645994015,Stable or Increased
CUST06232,172265.24000000002,174356.50999999998,66,56,1.213982577100267,Stable or Increased
CUST06233,156866.44000000003,113652.51,55,55,-27.54823147640759,Moderate Decline
CUST06234,90663.55,102772.22000000002,33,35,13.35560983438219,Stable or Increased
CUST06235,124306.43,84180.18,39,37,-32.280108116691956,Moderate Decline
CUST06236,88311.47,105445.99,29,46,19.402372081452164,Stable or Increased
CUST06237,299170.1,348881.50999999995,86,100,16.61643660245458,Stable or Increased
CUST06238,99514.04999999999,80033.40000000001,41,39,-19.575778495599348,Low Decline
CUST06239,140435.48,108056.73000000003,43,41,-23.05596135677393,Low Decline
CUST06240,123049.23999999999,117456.38,48,53,-4.545221083852274,Low Decline
CUST06241,62946.420000000006,111561.89000000001,22,40,77.23309760904593,Stable or Increased
CUST06242,104092.38,97669.81,42,36,-6.17006739590353,Low Decline
CUST06243,76756.14,46352.759999999995,34,33,-39.61035560151931,Moderate Decline
CUST06244,59772.60999999999,113446.44000000002,29,47,89.79669785207645,Stable or Increased
CUST06245,163347.88999999996,228289.03000000003,60,70,39.75633845040795,Stable or Increased
CUST06246,83605.78000000001,76530.74,34,27,-8.46238142865243,Low Decline
CUST06247,101265.5,105301.11,41,44,3.9851775777535297,Stable or Increased
CUST06248,237458.03999999998,305797.81,74,80,28.779724619979188,Stable or Increased
CUST06249,168356.45,90186.14,51,45,-46.43143164399107,Moderate Decline
CUST06250,87987.47000000002,87450.29000000001,46,42,-0.6105187477262473,Low Decline
CUST06251,146971.01,177018.54,51,71,20.44452848218162,Stable or Increased
CUST06252,82760.02,147248.45,42,56,77.92220204876703,Stable or Increased
CUST06253,57493.700000000004,74790.58000000002,25,42,30.08482668535859,Stable or Increased
CUST06254,141840.28,218602.9,64,79,54.11905560254111,Stable or Increased
CUST06255,169759.28000000003,205339.63,70,79,20.95929601020926,Stable or Increased
CUST06256,91938.34,99967.75,35,39,8.733472890635184,Stable or Increased
CUST06257,91208.09,58184.1,36,34,-36.20730354072759,Moderate Decline
CUST06258,119585.51000000001,180007.27999999997,42,63,50.525996000686,Stable or Increased
CUST06259,105309.14000000001,92899.03,37,39,-11.784456695781593,Low Decline
CUST06260,91635.73,140453.12999999998,37,46,53.27332471733458,Stable or Increased
CUST06261,94585.18,119914.19000000002,40,46,26.779047203800875,Stable or Increased
CUST06262,91988.69999999998,120123.73,38,48,30.585311021897276,Stable or Increased
CUST06263,78497.51,107361.39000000001,34,46,36.77044023434631,Stable or Increased
CUST06264,116892.61000000002,151416.39,38,51,29.534613009325394,Stable or Increased
CUST06265,155363.28999999998,104819.80000000002,56,57,-32.53245345151996,Moderate Decline
CUST06266,124126.12999999999,204091.82,57,62,64.4229301276049,Stable or Increased
CUST06267,225780.59,226428.94999999998,66,73,0.2871637460066811,Stable or Increased
CUST06268,89931.59000000001,91068.21,34,41,1.2638717941048248,Stable or Increased
CUST06269,55436.55,94285.15000000002,29,42,70.07759321242035,Stable or Increased
CUST06270,84553.6,155994.26,38,60,84.49156511372667,Stable or Increased
CUST06271,128886.5,149104.67,52,58,15.68680195365691,Stable or Increased
CUST06272,83824.4,155382.00999999998,36,44,85.3660867241519,Stable or Increased
CUST06273,113898.90000000001,85575.95000000001,38,43,-24.8667458597054,Low Decline
CUST06274,98203.7,137736.68,39,49,40.25610033023195,Stable or Increased
CUST06275,109734.1,149861.64999999997,42,58,36.567985703623535,Stable or Increased
CUST06276,115900.95,122040.85999999999,51,51,5.297549329837235,Stable or Increased
CUST06277,114726.79000000001,124381.44,46,49,8.41534047976065,Stable or Increased
CUST06278,117273.93,147994.65,57,67,26.19569413253227,Stable or Increased
CUST06279,88379.68999999999,87140.68,39,40,-1.4019171146674025,Low Decline
CUST06280,231119.35000000003,179955.74,66,70,-22.137311306907034,Low Decline
CUST06281,96230.09999999999,126554.48999999999,35,48,31.512375026109297,Stable or Increased
CUST06282,118458.76000000001,175036.52,55,59,47.761566979090425,Stable or Increased
CUST06283,83773.05999999998,147670.85,38,62,76.27486688441371,Stable or Increased
CUST06284,81553.95000000001,95413.23,38,40,16.99400212987842,Stable or Increased
CUST06285,55182.36,125883.77,32,47,128.1232082136393,Stable or Increased
CUST06286,87542.90999999999,133675.53,38,40,52.697151602568404,Stable or Increased
CUST06287,107741.40000000001,149986.75,35,51,39.209950863827636,Stable or Increased
CUST06288,92897.16,133885.53,41,54,44.12230686061877,Stable or Increased
CUST06289,270035.02999999997,449411.11,94,116,66.42696690129426,Stable or Increased
CUST06290,135513.09,175294.22,52,59,29.355931593029137,Stable or Increased
CUST06291,71592.01999999999,118060.77,35,48,64.90772295571493,Stable or Increased
CUST06292,60616.8,109363.23999999999,26,48,80.41737604096552,Stable or Increased
CUST06293,93675.43000000001,125646.41,46,43,34.12952574650577,Stable or Increased
CUST06294,180465.85,140388.99,62,59,-22.20744811275929,Low Decline
CUST06295,283658.02999999997,407792.85,95,108,43.762138515874206,Stable or Increased
CUST06296,199680.79000000004,199098.05000000002,61,81,-0.2918357845038672,Low Decline
CUST06297,65268.2,95314.03000000001,33,44,46.03440879325616,Stable or Increased
CUST06298,59719.58999999999,112315.43000000001,26,43,88.07133471612921,Stable or Increased
CUST06299,241755.18,270392.99,75,94,11.845789612450083,Stable or Increased
CUST06300,60384.82000000001,103686.94999999998,36,47,71.71029076512933,Stable or Increased
CUST06301,173369.95,250619.56,75,73,44.557669884544566,Stable or Increased
CUST06302,80605.27,143585.35,36,50,78.13394831380131,Stable or Increased
CUST06303,81545.44,94464.73000000001,42,39,15.843056337668923,Stable or Increased
CUST06304,72109.56999999999,89837.3,30,41,24.584434493230248,Stable or Increased
CUST06305,104482.08000000002,82251.95,34,37,-21.276500238126975,Low Decline
CUST06306,64803.95000000001,90971.28,30,39,40.37922071108317,Stable or Increased
CUST06307,132236.84,193501.66000000003,50,63,46.329615861964065,Stable or Increased
CUST06308,80549.95,140097.84999999998,40,56,73.92667531140613,Stable or Increased
CUST06309,93177.88,173007.83,43,52,85.67478676269516,Stable or Increased
CUST06310,89501.64000000001,132524.69999999998,37,45,48.0695772725505,Stable or Increased
CUST06311,174524.83000000002,272390.27999999997,65,76,56.07537334372419,Stable or Increased
CUST06312,72063.84999999999,97784.26,28,40,35.69114056492958,Stable or Increased
CUST06313,150895.63999999998,206761.02000000002,56,71,37.02252762240184,Stable or Increased
CUST06314,101874.29,62273.15000000001,35,37,-38.872555578056044,Moderate Decline
CUST06315,158030.07,121206.5,62,56,-23.301622279861046,Low Decline
CUST06316,103679.81999999999,178313.49,49,53,71.98476039020902,Stable or Increased
CUST06317,116300.23999999999,244424.22,54,66,110.16656543443077,Stable or Increased
CUST06318,96520.44,134263.25,44,52,39.10343757239399,Stable or Increased
CUST06319,110788.63,181194.88999999998,50,60,63.55007729583801,Stable or Increased
CUST06320,99081.83000000002,163548.08,42,57,65.06364486808526,Stable or Increased
CUST06321,102747.19000000002,116726.38000000002,36,53,13.605423175076613,Stable or Increased
CUST06322,80016.54000000001,130961.42,25,43,63.66793665409675,Stable or Increased
CUST06323,140811.39,269773.37,70,83,91.58490659029782,Stable or Increased
CUST06324,88213.17000000001,211102.59000000003,47,58,139.30960649073148,Stable or Increased
CUST06325,50662.62,83834.45,24,43,65.47594656573227,Stable or Increased
CUST06326,210223.68,298294.07999999996,77,89,41.8936629784047,Stable or Increased
CUST06327,249030.38999999998,158644.93,76,71,-36.29495179283139,Moderate Decline
CUST06328,161972.34000000005,157539.0,56,58,-2.7370969635927054,Low Decline
CUST06329,351845.19000000006,316867.47000000003,96,100,-9.941224434530431,Low Decline
CUST06330,60103.48,92407.77000000002,33,44,53.74778631786381,Stable or Increased
CUST06331,63288.09,99056.99,27,42,56.517584904205535,Stable or Increased
CUST06332,87962.09,159461.34,31,45,81.28416457589856,Stable or Increased
CUST06333,83153.68999999999,91518.65999999997,33,41,10.059649788241492,Stable or Increased
CUST06334,181475.26,245285.61000000004,74,72,35.16201051316859,Stable or Increased
CUST06335,89513.33,132174.88,54,62,47.659437985381615,Stable or Increased
CUST06336,104958.98000000001,95425.38,36,40,-9.083167538404055,Low Decline
CUST06337,148615.37999999998,120876.34,57,56,-18.66498608690432,Low Decline
CUST06338,87051.79,92220.46,40,39,5.937465501858162,Stable or Increased
CUST06339,82898.38999999998,136906.58,44,59,65.14986599860384,Stable or Increased
CUST06340,241284.12,279695.86,90,104,15.919713240970848,Stable or Increased
CUST06341,50542.689999999995,109817.39,32,45,117.27650427786888,Stable or Increased
CUST06342,119972.02,193416.64,48,65,61.21812402591872,Stable or Increased
CUST06343,119520.20999999998,66765.33,41,33,-44.138878270043186,Moderate Decline
CUST06344,72575.13,92306.99999999999,30,46,27.18819794053415,Stable or Increased
CUST06345,116359.18999999999,120690.02000000002,43,50,3.721949250420213,Stable or Increased
CUST06346,172099.40999999997,187208.97999999998,69,80,8.779559441836557,Stable or Increased
CUST06347,92466.68,101116.77,37,42,9.35481840593824,Stable or Increased
CUST06348,106413.33,117412.39000000001,46,49,10.336167470748272,Stable or Increased
CUST06349,68143.97,118789.45000000001,33,48,74.32129357887428,Stable or Increased
CUST06350,102656.01000000001,194966.77,52,66,89.92241175163537,Stable or Increased
CUST06351,139680.6,104007.81999999998,40,49,-25.538822141371117,Moderate Decline
CUST06352,60008.14,113716.78,29,46,89.50225752706216,Stable or Increased
CUST06353,101874.09999999999,109661.1,45,57,7.643748509189298,Stable or Increased
CUST06354,118725.23000000001,145132.1,47,60,22.24200365836309,Stable or Increased
CUST06355,68707.53000000001,100051.26999999999,32,36,45.61907552199878,Stable or Increased
CUST06356,324289.21,352284.7300000001,98,107,8.6328866754463,Stable or Increased
CUST06357,96773.73999999999,117025.98999999999,28,46,20.92742307985617,Stable or Increased
CUST06358,142703.16999999998,206070.45999999996,64,73,44.40496311329313,Stable or Increased
CUST06359,155703.97999999998,125052.73,54,50,-19.68559185192311,Low Decline
CUST06360,112199.63000000002,117347.14000000001,47,47,4.587813703128962,Stable or Increased
CUST06361,137718.23,150250.08000000002,46,60,9.099630455604899,Stable or Increased
CUST06362,83823.12,85055.27,42,34,1.4699405128322696,Stable or Increased
CUST06363,321569.27999999997,378098.64,87,111,17.57921652217527,Stable or Increased
CUST06364,172236.54,227443.04000000007,62,79,32.052722378189934,Stable or Increased
CUST06365,160667.02,302405.07999999996,62,85,88.21851553604465,Stable or Increased
CUST06366,275222.2,297586.14999999997,89,96,8.125779824447283,Stable or Increased
CUST06367,286139.56999999995,337322.99,97,106,17.8875714393504,Stable or Increased
CUST06368,62059.21000000001,111247.79,35,39,79.26072536211787,Stable or Increased
CUST06369,158391.14999999997,198128.75,67,85,25.08827039894593,Stable or Increased
CUST06370,196622.45,251981.37,69,85,28.154933477840387,Stable or Increased
CUST06371,109525.89000000001,125717.87999999999,43,52,14.783710043351372,Stable or Increased
CUST06372,96867.76,146688.16,33,56,51.43135342450368,Stable or Increased
CUST06373,98013.37000000001,93296.23999999999,46,50,-4.81274136375478,Low Decline
CUST06374,147744.84999999998,140677.8,51,59,-4.783280094026959,Low Decline
CUST06375,131428.41000000003,134132.86,54,52,2.057736223089021,Stable or Increased
CUST06376,135745.38,140605.21,49,59,3.580107109354283,Stable or Increased
CUST06377,164092.72999999998,239876.36000000002,74,87,46.183417144684014,Stable or Increased
CUST06378,217763.94000000003,357183.63,91,108,64.02331350176708,Stable or Increased
CUST06379,137083.64,131506.65000000002,68,54,-4.06831187149684,Low Decline
CUST06380,345924.66000000003,368355.64999999997,93,104,6.484357027336511,Stable or Increased
CUST06381,293020.86000000004,291178.5,89,99,-0.6287470455175252,Low Decline
CUST06382,118464.97,212829.18000000005,40,69,79.65579191891077,Stable or Increased
CUST06383,61776.340000000004,107256.0,29,46,73.61986805951922,Stable or Increased
CUST06384,127471.37,176004.02000000002,39,61,38.07337286796245,Stable or Increased
CUST06385,263177.23,359214.91,94,112,36.49163721344738,Stable or Increased
CUST06386,78950.79,106923.87,39,38,35.43103241905496,Stable or Increased
CUST06387,203109.51,210180.44,79,87,3.4813387123035215,Stable or Increased
CUST06388,334484.6,348561.16,98,119,4.208432914400244,Stable or Increased
CUST06389,163376.34,205320.43,61,76,25.673295166240106,Stable or Increased
CUST06390,273863.68000000005,336094.28,92,100,22.7232030183776,Stable or Increased
CUST06391,208091.5,205927.59,78,82,-1.0398838972279039,Low Decline
CUST06392,230961.16,324249.06000000006,85,101,40.391163605170696,Stable or Increased
CUST06393,272474.75,357438.79,95,105,31.18235359423212,Stable or Increased
CUST06394,165451.90999999997,131652.86000000002,55,47,-20.428322646743673,Low Decline
CUST06395,96866.64,120070.51000000001,52,51,23.954449127171138,Stable or Increased
CUST06396,229412.65999999997,232843.33999999997,70,85,1.4954187794169655,Stable or Increased
CUST06397,130462.55,188514.68,55,69,44.49716029619227,Stable or Increased
CUST06398,131988.48,116326.9,44,65,-11.865868900073714,Low Decline
CUST06399,165788.42,258903.41999999998,71,81,56.164960134127554,Stable or Increased
CUST06400,82346.15,92780.93,40,43,12.671849260712248,Stable or Increased
CUST06401,328121.22000000003,276718.36000000004,90,101,-15.665813993986728,Low Decline
CUST06402,131301.55,184595.67,44,62,40.58910195652681,Stable or Increased
CUST06403,86332.34999999999,113225.02000000002,31,47,31.150165609994435,Stable or Increased
CUST06404,126003.57,94999.59999999999,38,42,-24.60562823735868,Low Decline
CUST06405,75110.86,144201.19,35,64,91.98447468182364,Stable or Increased
CUST06406,323651.9799999999,355933.76000000007,103,128,9.974226018947931,Stable or Increased
CUST06407,140165.08000000002,157180.14,45,62,12.139300316455422,Stable or Increased
CUST06408,67415.19,73292.08,36,33,8.717456703748814,Stable or Increased
CUST06409,98847.03000000001,134534.84,47,39,36.10407920197499,Stable or Increased
CUST06410,115141.71,179311.73,45,56,55.731341839547106,Stable or Increased
CUST06411,152609.7,207577.50000000003,62,79,36.01854927963296,Stable or Increased
CUST06412,77844.05000000002,82205.69000000002,41,37,5.603048659467228,Stable or Increased
CUST06413,298702.82999999996,289453.41,97,103,-3.096529082098079,Low Decline
CUST06414,64970.32,87323.98000000001,39,42,34.405956442880395,Stable or Increased
CUST06415,118087.81000000001,151872.93999999997,51,54,28.610175766660387,Stable or Increased
CUST06416,271782.26999999996,273806.62,99,107,0.7448425535632016,Stable or Increased
CUST06417,133726.27,127952.26000000001,51,55,-4.3177828858906935,Low Decline
CUST06418,105014.81000000001,177276.97,53,58,68.81139907790147,Stable or Increased
CUST06419,106028.87,123099.18999999999,38,47,16.099690584271993,Stable or Increased
CUST06420,202322.52000000002,172461.03,72,75,-14.75935056562167,Low Decline
CUST06421,265880.67,352084.82,92,104,32.42212004355188,Stable or Increased
CUST06422,98514.75999999998,157639.58000000002,40,56,60.016204678365,Stable or Increased
CUST06423,237292.89000000004,317124.41000000003,88,92,33.6426093508322,Stable or Increased
CUST06424,118512.96999999999,103402.13,42,42,-12.750368166454678,Low Decline
CUST06425,129645.43999999999,157726.97999999998,56,62,21.660260476573644,Stable or Increased
CUST06426,104307.34,84047.25,34,36,-19.423455722291447,Low Decline
CUST06427,58193.89000000001,81021.81,29,46,39.227348438126384,Stable or Increased
CUST06428,154584.4,198561.7,61,59,28.44873091980822,Stable or Increased
CUST06429,88926.02,130599.54,51,49,46.86313409730919,Stable or Increased
CUST06430,124264.13999999997,134559.80999999997,50,52,8.285310629438227,Stable or Increased
CUST06431,226157.39999999997,244171.95,68,84,7.965492174918905,Stable or Increased
CUST06432,124073.79999999999,135655.77,55,53,9.334742709580912,Stable or Increased
CUST06433,88211.09000000001,73722.92,33,40,-16.424431440536573,Low Decline
CUST06434,262295.83,269421.75,78,74,2.71674925217072,Stable or Increased
CUST06435,239055.38,173707.52999999997,83,70,-27.335862510184892,Moderate Decline
CUST06436,120486.56,120832.89000000001,58,60,0.2874428483973783,Stable or Increased
CUST06437,99320.09,171104.14999999997,49,55,72.27546813539936,Stable or Increased
CUST06438,115397.7,119061.85000000002,58,58,3.1752365948368326,Stable or Increased
CUST06439,139773.81,117154.25000000001,57,51,-16.182974478552158,Low Decline
CUST06440,65287.54,130922.69000000002,34,49,100.53242931193306,Stable or Increased
CUST06441,261836.02,209416.34999999998,78,83,-20.020037732012582,Low Decline
CUST06442,173074.23000000004,178966.07,80,76,3.40422719199731,Stable or Increased
CUST06443,163059.54000000004,230961.71000000002,67,86,41.642561974601406,Stable or Increased
CUST06444,244366.72999999998,351215.23,85,111,43.724651060314145,Stable or Increased
CUST06445,119872.83000000002,187374.08000000002,52,64,56.31071694895331,Stable or Increased
CUST06446,274831.31,318971.76,84,96,16.060924790556072,Stable or Increased
CUST06447,76742.11,115097.32,34,37,49.979352926313865,Stable or Increased
CUST06448,293773.42,367173.34,99,111,24.985214795811018,Stable or Increased
CUST06449,136068.03999999998,172510.22,48,56,26.782321550306765,Stable or Increased
CUST06450,103856.54,183110.76,52,62,76.31124626335523,Stable or Increased
CUST06451,171294.45,175478.16,65,70,2.442408379255715,Stable or Increased
CUST06452,210902.8,366818.94,94,106,73.92796112711639,Stable or Increased
CUST06453,122574.22,65050.200000000004,40,34,-46.92994987037242,Moderate Decline
CUST06454,96559.59,119248.56,36,48,23.497376076265446,Stable or Increased
CUST06455,190804.24,246039.19000000006,60,75,28.948491920305376,Stable or Increased
CUST06456,84913.37999999999,106135.01999999997,35,38,24.992103717929954,Stable or Increased
CUST06457,86020.16,89951.34,39,31,4.570068225867044,Stable or Increased
CUST06458,105834.89,147552.44,41,49,39.41757770051068,Stable or Increased
CUST06459,88632.19,97195.57,34,38,9.66170417316779,Stable or Increased
CUST06460,138223.18,225019.37000000002,57,75,62.79423610424825,Stable or Increased
CUST06461,82502.62000000001,120054.98000000001,37,47,45.516566625399285,Stable or Increased
CUST06462,205979.72,134085.9,62,53,-34.90334873743882,Moderate Decline
CUST06463,69213.62,87168.70000000001,30,42,25.941541563640246,Stable or Increased
CUST06464,107629.57,133330.77999999997,49,53,23.87932052501925,Stable or Increased
CUST06465,287888.38,327067.06,88,106,13.608982759220774,Stable or Increased
CUST06466,59431.280000000006,83261.91,33,44,40.09779025455954,Stable or Increased
CUST06467,248179.25,307417.5,95,102,23.86913893889195,Stable or Increased
CUST06468,156505.22000000003,240312.84000000003,60,68,53.549408767324174,Stable or Increased
CUST06469,56619.74000000002,109501.12999999998,32,45,93.39744407162578,Stable or Increased
CUST06470,52390.41999999999,81606.09999999999,35,34,55.765309764647824,Stable or Increased
CUST06471,62958.43999999999,115919.55999999997,36,57,84.12076283973998,Stable or Increased
CUST06472,259819.82,332160.45000000007,91,110,27.842614162383786,Stable or Increased
CUST06473,133110.29,151384.65,42,60,13.728735772418485,Stable or Increased
CUST06474,160480.47999999998,164027.91,60,67,2.2105056016781743,Stable or Increased
CUST06475,94850.58999999998,120088.25999999998,35,49,26.607815512797554,Stable or Increased
CUST06476,75289.67000000001,98140.84,35,34,30.35100299948184,Stable or Increased
CUST06477,337215.07000000007,411909.14999999997,98,107,22.15027934546338,Stable or Increased
CUST06478,239640.0,312122.84,92,103,30.246553163077962,Stable or Increased
CUST06479,64444.310000000005,154439.47999999998,25,51,139.6479689207627,Stable or Increased
CUST06480,128103.41,235282.90000000002,59,79,83.66638327582382,Stable or Increased
CUST06481,148158.56,175708.04,55,61,18.594592172062153,Stable or Increased
CUST06482,117508.88999999998,112562.19999999998,50,50,-4.20963043732266,Low Decline
CUST06483,188021.5,252016.94000000003,82,95,34.03623521778096,Stable or Increased
CUST06484,174934.91,203884.37,71,80,16.548703743580965,Stable or Increased
CUST06485,179770.42,184987.22,69,68,2.901923464383066,Stable or Increased
CUST06486,130317.94,155488.81,50,63,19.314969220661403,Stable or Increased
CUST06487,111976.31,122456.19,43,54,9.359015313149722,Stable or Increased
CUST06488,173784.08999999997,194801.24999999997,66,80,12.093834366540694,Stable or Increased
CUST06489,207017.08000000002,228276.58000000002,77,85,10.269442502038961,Stable or Increased
CUST06490,246204.66999999995,330146.64,81,110,34.09438578074091,Stable or Increased
CUST06491,174266.01,269894.64999999997,63,75,54.875095837679396,Stable or Increased
CUST06492,78135.51999999999,107104.07999999999,32,44,37.07476446051681,Stable or Increased
CUST06493,162021.11,205990.00999999998,65,77,27.137760011642925,Stable or Increased
CUST06494,75680.41,93184.41000000002,31,35,23.128838757612456,Stable or Increased
CUST06495,160317.12999999998,248616.71999999997,65,70,55.078075561856686,Stable or Increased
CUST06496,106196.79,99882.0,35,38,-5.9463096765919135,Low Decline
CUST06497,82131.18999999999,142157.57,34,40,73.08597379387786,Stable or Increased
CUST06498,65241.93999999999,101623.01000000001,27,40,55.76331727719934,Stable or Increased
CUST06499,268696.19,358625.79999999993,84,111,33.468881713581396,Stable or Increased
CUST06500,283094.66000000003,314024.29000000004,94,97,10.925543420705994,Stable or Increased
CUST06501,127953.95000000001,132972.89,54,61,3.922458040568503,Stable or Increased
CUST06502,142910.06999999998,102714.42,50,58,-28.126534400270035,Moderate Decline
CUST06503,121424.58,127689.49,56,50,5.159507243096911,Stable or Increased
CUST06504,121421.00000000001,140031.35,54,52,15.327126279638604,Stable or Increased
CUST06505,86816.77,104867.15000000001,38,46,20.791351716955152,Stable or Increased
CUST06506,71805.18,112114.20000000001,34,46,56.136646409075254,Stable or Increased
CUST06507,187858.64000000004,137515.65,51,57,-26.798336238354562,Moderate Decline
CUST06508,98720.68000000002,77098.41,39,49,-21.902472713923782,Low Decline
CUST06509,111281.17,196395.73999999996,43,70,76.48604880771829,Stable or Increased
CUST06510,305920.44,261699.28999999998,99,99,-14.455114538930454,Low Decline
CUST06511,204990.31,259970.25,71,79,26.820750697923234,Stable or Increased
CUST06512,100246.17000000001,143168.21999999997,41,52,42.81664825698574,Stable or Increased
CUST06513,81697.45999999999,124948.52,34,52,52.94051981542635,Stable or Increased
CUST06514,145946.24,118406.90000000001,50,51,-18.869509759209954,Low Decline
CUST06515,91016.37999999999,83211.78000000001,36,39,-8.574940027278581,Low Decline
CUST06516,54243.4,82914.01,35,44,52.85548103548081,Stable or Increased
CUST06517,213307.32,330543.15,90,104,54.960997119086215,Stable or Increased
CUST06518,311917.68999999994,408231.26,85,121,30.87787999455885,Stable or Increased
CUST06519,144802.43,216847.46000000002,50,52,49.754020011957,Stable or Increased
CUST06520,121393.59,127256.56999999998,42,49,4.829727829945536,Stable or Increased
CUST06521,76863.39000000001,136911.51,35,39,78.12317411449064,Stable or Increased
CUST06522,91588.29000000001,99079.17,41,48,8.178862166768251,Stable or Increased
CUST06523,55554.909999999996,118809.16,27,45,113.85897304126676,Stable or Increased
CUST06524,256083.66,383881.55,106,103,49.90474206749465,Stable or Increased
CUST06525,183005.20999999996,210587.35999999996,70,85,15.071784021886591,Stable or Increased
CUST06526,127143.25999999998,63197.909999999996,40,29,-50.293936147303434,High Decline
CUST06527,105839.85,102871.05,43,44,-2.8049926374612233,Low Decline
CUST06528,66288.77,101485.2,34,41,53.09561483792804,Stable or Increased
CUST06529,90271.39000000001,110931.91,35,42,22.88711849900615,Stable or Increased
CUST06530,53172.38999999999,113238.8,36,49,112.96541306493843,Stable or Increased
CUST06531,88475.59,90559.95999999999,41,36,2.35587013321979,Stable or Increased
CUST06532,242440.61000000002,396870.35,98,109,63.69796710212862,Stable or Increased
CUST06533,89270.01,94739.67999999998,33,41,6.127108084786799,Stable or Increased
CUST06534,103520.2,109275.4,43,45,5.559494668673358,Stable or Increased
CUST06535,103490.27999999998,140293.01,49,58,35.56153292850307,Stable or Increased
CUST06536,99173.77999999998,160543.1,50,60,61.88058980912095,Stable or Increased
CUST06537,61715.479999999996,103130.04000000001,29,42,67.10562730776786,Stable or Increased
CUST06538,237302.05000000002,252890.43999999997,79,88,6.569007726650467,Stable or Increased
CUST06539,61291.740000000005,97158.8,33,37,58.51858668068486,Stable or Increased
CUST06540,110382.84000000001,124264.31,40,59,12.575749998822268,Stable or Increased
CUST06541,79132.44,86483.04000000001,41,35,9.28898439123071,Stable or Increased
CUST06542,294273.55000000005,407699.39999999997,106,114,38.544357792265025,Stable or Increased
CUST06543,65329.97,66651.42,30,27,2.022731680421707,Stable or Increased
CUST06544,135442.74,206236.05,66,79,52.26807284022754,Stable or Increased
CUST06545,222837.01999999996,249151.31,58,85,11.80876050128477,Stable or Increased
CUST06546,184982.24,192454.82999999996,62,79,4.039625641899443,Stable or Increased
CUST06547,271971.99,387028.46,86,108,42.30452922743994,Stable or Increased
CUST06548,131422.16999999998,165684.78999999998,53,64,26.070654593513407,Stable or Increased
CUST06549,140093.81,254837.72999999998,58,80,81.90506061616854,Stable or Increased
CUST06550,108729.83000000002,183082.71,44,66,68.38314747664,Stable or Increased
CUST06551,191512.94000000003,305200.85000000003,68,84,59.363043562487206,Stable or Increased
CUST06552,125751.56,155970.27000000002,54,55,24.030485188414378,Stable or Increased
CUST06553,160573.68000000002,183162.43,70,59,14.06752962253837,Stable or Increased
CUST06554,121624.04999999999,135047.52,43,48,11.036854964129217,Stable or Increased
CUST06555,90319.93000000001,92551.0,46,41,2.470185705414068,Stable or Increased
CUST06556,81473.59,120180.5,36,34,47.50853620173115,Stable or Increased
CUST06557,130956.51,114706.41999999998,55,63,-12.408768376616033,Low Decline
CUST06558,181074.26,226773.91999999995,64,82,25.2380763560762,Stable or Increased
CUST06559,88960.57999999999,95344.03999999998,35,39,7.175605195020078,Stable or Increased
CUST06560,105908.15999999999,115005.05000000002,47,50,8.589413695790796,Stable or Increased
CUST06561,98053.54000000001,121069.61000000002,43,44,23.47296181249551,Stable or Increased
CUST06562,123584.70999999999,199265.56999999998,56,64,61.23804473870593,Stable or Increased
CUST06563,94062.01999999999,87487.12999999999,36,40,-6.989951948724896,Low Decline
CUST06564,87274.53,140575.84,37,44,61.07315616595128,Stable or Increased
CUST06565,227272.72,193972.61999999997,58,82,-14.652044468865439,Low Decline
CUST06566,50899.270000000004,136717.19,34,49,168.603439695697,Stable or Increased
CUST06567,128780.09999999999,141126.55999999997,54,62,9.587242128248057,Stable or Increased
CUST06568,49931.22,177990.75,34,50,256.4718626943223,Stable or Increased
CUST06569,76841.93999999999,93145.33,45,42,21.21678604158096,Stable or Increased
CUST06570,92217.19,122912.81999999998,34,47,33.28623437777705,Stable or Increased
CUST06571,104658.90000000001,110912.11,42,41,5.974847815140414,Stable or Increased
CUST06572,278679.0200000001,376471.77,89,100,35.091536492413354,Stable or Increased
CUST06573,132393.9,131311.49,46,59,-0.81756787888264,Low Decline
CUST06574,117575.85999999999,191622.86,48,66,62.9780636943672,Stable or Increased
CUST06575,138562.61000000002,213058.83000000005,56,79,53.76358023279153,Stable or Increased
CUST06576,94275.34999999999,96152.69,33,46,1.9913370780379083,Stable or Increased
CUST06577,155119.08000000002,172234.86000000002,62,75,11.03396177955671,Stable or Increased
CUST06578,139178.91,180644.49000000002,49,64,29.793005276445992,Stable or Increased
CUST06579,177994.49999999997,253862.11000000002,52,76,42.62356982940487,Stable or Increased
CUST06580,91871.01,81147.97,35,39,-11.67184294588684,Low Decline
CUST06581,125673.88000000002,161500.96,47,53,28.507976359128854,Stable or Increased
CUST06582,84261.04000000001,101904.10000000002,36,42,20.93857374653815,Stable or Increased
CUST06583,140255.40000000002,128021.82999999999,51,55,-8.722352223158634,Low Decline
CUST06584,104363.83,114680.05000000002,40,38,9.884861450561958,Stable or Increased
CUST06585,179725.48000000004,255678.55,73,83,42.26060211384603,Stable or Increased
CUST06586,185308.52,180430.21,64,74,-2.6325341112216525,Low Decline
CUST06587,140564.05000000002,159453.00999999998,58,50,13.437973649734737,Stable or Increased
CUST06588,85132.58,141157.32,37,44,65.80881256036174,Stable or Increased
CUST06589,87597.29999999999,70142.02,34,28,-19.92673290158485,Low Decline
CUST06590,50195.8,145948.75999999998,23,47,190.7589081158184,Stable or Increased
CUST06591,89142.23,82425.83,34,40,-7.534476083894238,Low Decline
CUST06592,84173.39,158767.37000000002,42,57,88.6194318655813,Stable or Increased
CUST06593,99755.87,150984.01,36,58,51.353509322308575,Stable or Increased
CUST06594,109576.86,112820.63,34,46,2.960269166318513,Stable or Increased
CUST06595,278615.33,213501.05,76,80,-23.370673824731764,Low Decline
CUST06596,140064.66,115600.96999999999,52,58,-17.46599749001641,Low Decline
CUST06597,156143.59,185483.95,63,68,18.79062726814467,Stable or Increased
CUST06598,232151.33000000002,189634.86,65,76,-18.314118639768303,Low Decline
CUST06599,56377.03999999999,102974.5,36,45,82.65325742536326,Stable or Increased
CUST06600,244657.17999999996,403263.25000000006,96,96,64.8278828358931,Stable or Increased
CUST06601,153599.94999999998,114775.0,47,48,-25.276668384332147,Moderate Decline
CUST06602,165582.21,223557.56999999998,60,75,35.013036726590364,Stable or Increased
CUST06603,310481.72,300299.87,88,104,-3.2793718097155535,Low Decline
CUST06604,228657.54,238052.97000000003,72,78,4.1089526284591456,Stable or Increased
CUST06605,86594.93000000001,148753.02999999997,41,65,71.78029937780417,Stable or Increased
CUST06606,80402.95,150505.78,49,60,87.18937551420689,Stable or Increased
CUST06607,139266.49,153908.97000000003,51,49,10.514000891384597,Stable or Increased
CUST06608,142291.82999999996,189248.09,61,81,32.999969147912466,Stable or Increased
CUST06609,92650.40999999997,79094.23000000001,34,44,-14.631538057953511,Low Decline
CUST06610,103838.41,62038.60999999999,41,38,-40.25466106424396,Moderate Decline
CUST06611,103139.34999999999,89762.72000000002,44,46,-12.969472853959209,Low Decline
CUST06612,109485.15999999997,132890.90999999997,50,56,21.378011412688263,Stable or Increased
CUST06613,133509.44,119747.62,47,56,-10.307750523109082,Low Decline
CUST06614,128875.19999999998,214768.21000000002,60,84,66.64820694749653,Stable or Increased
CUST06615,63260.509999999995,125918.78999999998,27,45,99.04801589490819,Stable or Increased
CUST06616,101231.76999999999,181673.65000000002,42,72,79.46307764844974,Stable or Increased
CUST06617,114172.76000000001,126308.07999999999,44,43,10.62891008328079,Stable or Increased
CUST06618,201227.86,253320.61000000004,76,79,25.887444213738625,Stable or Increased
CUST06619,91217.28,104775.33,38,43,14.863466658948834,Stable or Increased
CUST06620,76982.64,77588.51000000001,36,44,0.7870215934397806,Stable or Increased
CUST06621,121400.95000000001,146942.22,38,47,21.038772760839176,Stable or Increased
CUST06622,126522.35999999999,129850.95,41,53,2.6308314198375777,Stable or Increased
CUST06623,113976.16,110896.85,38,47,-2.701714112846053,Low Decline
CUST06624,142118.34,159181.88999999998,51,59,12.00657846130203,Stable or Increased
CUST06625,210714.45,247908.99000000002,60,79,17.6516323394053,Stable or Increased
CUST06626,106021.72,110116.17,44,53,3.861897354617523,Stable or Increased
CUST06627,111540.98,134476.12,44,57,20.562075032871327,Stable or Increased
CUST06628,172659.11,253876.24000000002,65,72,47.03900651404959,Stable or Increased
CUST06629,201240.13999999998,225852.48,62,82,12.230333371861116,Stable or Increased
CUST06630,149697.1,288715.69999999995,63,96,92.86659527806479,Stable or Increased
CUST06631,84081.68,59460.07,41,36,-29.282966277552966,Moderate Decline
CUST06632,110957.56,123088.31999999999,49,55,10.932792682175055,Stable or Increased
CUST06633,237236.0,369196.19000000006,94,110,55.62401574803152,Stable or Increased
CUST06634,90879.78,101162.11000000002,37,47,11.314210927887387,Stable or Increased
CUST06635,124743.19000000003,92181.54,40,44,-26.102947984575373,Moderate Decline
CUST06636,113144.06000000001,172793.56,50,56,52.71995719439445,Stable or Increased
CUST06637,72963.59000000001,109006.8,39,46,49.398898820630926,Stable or Increased
CUST06638,141190.28000000003,135407.78,60,59,-4.0955368882334025,Low Decline
CUST06639,137637.53,174076.76,47,49,26.474777627875195,Stable or Increased
CUST06640,81037.56999999999,112227.25,25,38,38.48792603233292,Stable or Increased
CUST06641,52008.93,107089.23999999999,27,43,105.9054858463729,Stable or Increased
CUST06642,157560.87,120965.93000000001,60,51,-23.225906279903118,Low Decline
CUST06643,185786.55999999997,232784.71000000002,74,84,25.296851397646883,Stable or Increased
CUST06644,238788.34,264137.21,72,84,10.615623024139296,Stable or Increased
CUST06645,77587.62999999999,128501.75000000001,32,44,65.62143991252218,Stable or Increased
CUST06646,56628.48,92585.56,26,34,63.49645973192286,Stable or Increased
CUST06647,289365.37,331564.58,88,104,14.583365659823087,Stable or Increased
CUST06648,70341.01,116192.92000000001,36,39,65.18517433855445,Stable or Increased
CUST06649,96001.5,180035.02000000002,48,64,87.53354895496426,Stable or Increased
CUST06650,79406.54,59080.7,30,29,-25.59718632747378,Moderate Decline
CUST06651,82430.21,131678.93,40,50,59.74595964270865,Stable or Increased
CUST06652,231050.13,196690.14,74,73,-14.871227295998487,Low Decline
CUST06653,74022.69,109785.25,31,47,48.312969982582366,Stable or Increased
CUST06654,85980.81,165369.02,40,69,92.33247511857587,Stable or Increased
CUST06655,124438.23,122734.12,54,55,-1.3694424936773857,Low Decline
CUST06656,46856.619999999995,112611.31,35,43,140.331696993936,Stable or Increased
CUST06657,241769.95999999996,205375.92999999996,75,70,-15.053164586700516,Low Decline
CUST06658,84163.88,109120.41000000002,38,47,29.652304527785567,Stable or Increased
CUST06659,187422.74,139397.38999999996,56,68,-25.624078486954165,Moderate Decline
CUST06660,215381.08000000002,214341.78000000003,70,79,-0.4825400634076068,Low Decline
CUST06661,108464.86,116424.37,30,43,7.338330589280248,Stable or Increased
CUST06662,58829.48,150192.22,36,51,155.30094775612497,Stable or Increased
CUST06663,139038.59,96908.59999999998,52,49,-30.300932999967866,Moderate Decline
CUST06664,81585.12,106092.34000000001,28,42,30.03883551314261,Stable or Increased
CUST06665,48932.59,148113.75,31,53,202.6893732786268,Stable or Increased
CUST06666,101961.23,133894.94999999998,42,50,31.319473097764696,Stable or Increased
CUST06667,128818.91999999998,134994.69,50,61,4.794148250893595,Stable or Increased
CUST06668,136352.16,227428.29,62,79,66.79478344897507,Stable or Increased
CUST06669,47791.33,107773.45999999999,27,41,125.50839242180535,Stable or Increased
CUST06670,89492.11000000002,150765.27,47,52,68.46766714965148,Stable or Increased
CUST06671,338662.94,307562.68,107,104,-9.183248689685387,Low Decline
CUST06672,244707.55,331846.82999999996,101,107,35.60955924735463,Stable or Increased
CUST06673,138466.05999999997,94578.17,53,48,-31.69577440132259,Moderate Decline
CUST06674,162633.46,124652.51,51,58,-23.353712083601984,Low Decline
CUST06675,155827.71000000002,236970.28,64,78,52.07197744226619,Stable or Increased
CUST06676,263076.45999999996,367869.93000000005,97,117,39.83384526308439,Stable or Increased
CUST06677,84141.51000000001,95629.92,33,39,13.653677001993412,Stable or Increased
CUST06678,72301.72,145262.36,34,48,100.91134761386033,Stable or Increased
CUST06679,96725.75,98051.57,46,42,1.3707001496499194,Stable or Increased
CUST06680,250459.33,372038.52999999997,102,106,48.54249190876618,Stable or Increased
CUST06681,193296.45,194718.33,73,69,0.7355955062806252,Stable or Increased
CUST06682,85393.38,124522.79999999999,42,46,45.82254502632403,Stable or Increased
CUST06683,169255.65000000002,223951.25,66,85,32.315376177988725,Stable or Increased
CUST06684,168774.59,175422.68,75,73,3.939034898559076,Stable or Increased
CUST06685,164353.67,238593.08000000002,70,71,45.17052159528899,Stable or Increased
CUST06686,197759.36,233135.68,67,80,17.888569218670618,Stable or Increased
CUST06687,113304.49000000002,93896.65000000001,48,40,-17.1289240170447,Low Decline
CUST06688,66942.45999999999,83519.06,37,36,24.762460178487625,Stable or Increased
CUST06689,105174.5,76293.89,39,44,-27.459707438590154,Moderate Decline
CUST06690,93784.7,129525.12999999999,40,53,38.10901991476221,Stable or Increased
CUST06691,106535.73,139307.28,47,61,30.761088322199516,Stable or Increased
CUST06692,96223.25,158913.97999999998,44,46,65.15133296786378,Stable or Increased
CUST06693,122098.93,94019.94,61,41,-22.99691733580302,Low Decline
CUST06694,91557.24,163998.59,34,48,79.12137805814153,Stable or Increased
CUST06695,101898.69,109874.89,48,46,7.827578548850822,Stable or Increased
CUST06696,177286.13999999998,211213.57,70,73,19.137102313807514,Stable or Increased
CUST06697,119498.11,132075.6,56,60,10.525262700807573,Stable or Increased
CUST06698,154551.06,207791.77999999997,63,71,34.448628175051,Stable or Increased
CUST06699,112887.01,118047.15999999999,42,48,4.571075095354191,Stable or Increased
CUST06700,66147.5,127714.54999999999,38,45,93.0753996749688,Stable or Increased
CUST06701,126810.39,144363.15,52,57,13.84173646970094,Stable or Increased
CUST06702,81377.38,85352.93000000001,32,35,4.885325627342638,Stable or Increased
CUST06703,145774.76,137282.38999999998,61,56,-5.825679287690149,Low Decline
CUST06704,201900.44,233854.68000000002,70,73,15.826731234463887,Stable or Increased
CUST06705,80715.93,122706.55,31,36,52.02271720092925,Stable or Increased
CUST06706,59653.22,143292.09000000003,27,48,140.2084749155201,Stable or Increased
CUST06707,81856.73999999999,126597.64000000001,40,52,54.65756393425883,Stable or Increased
CUST06708,243954.04,351273.68000000005,87,97,43.991745330390934,Stable or Increased
CUST06709,63378.579999999994,122145.08000000002,22,45,92.72296728642394,Stable or Increased
CUST06710,116841.37,150156.58,42,55,28.513196995208112,Stable or Increased
CUST06711,107079.59,122267.12,42,45,14.183403205036553,Stable or Increased
CUST06712,135029.05000000002,175452.37,60,53,29.93675805317446,Stable or Increased
CUST06713,98029.52,173618.47999999998,46,55,77.108364908856,Stable or Increased
CUST06714,105804.84,173054.57,50,62,63.560164166402984,Stable or Increased
CUST06715,159190.64,136216.53,50,64,-14.431822122205183,Low Decline
CUST06716,139027.98,155577.76,49,56,11.903920347544428,Stable or Increased
CUST06717,172176.47000000003,198396.55,75,74,15.228608183220363,Stable or Increased
CUST06718,97148.97,130612.31000000001,32,47,34.445388355635686,Stable or Increased
CUST06719,121131.47000000002,95143.10999999999,48,41,-21.45467234897754,Low Decline
CUST06720,142652.1,141224.97000000003,52,60,-1.0004269127478498,Low Decline
CUST06721,236909.3,175954.43999999997,80,73,-25.72919678543646,Moderate Decline
CUST06722,95607.72,115196.12000000001,43,43,20.488303664181103,Stable or Increased
CUST06723,55214.71,136771.68,24,43,147.7087718109902,Stable or Increased
CUST06724,84554.25,109494.53,39,42,29.496187359003244,Stable or Increased
CUST06725,67235.37,87013.72999999998,31,39,29.416600220984858,Stable or Increased
CUST06726,98898.69,165293.75,43,54,67.13441805953143,Stable or Increased
CUST06727,112269.93000000001,133928.91999999998,56,56,19.291888754183756,Stable or Increased
CUST06728,92520.87,117560.23,35,38,27.063472273877235,Stable or Increased
CUST06729,139754.18,80034.29999999999,42,33,-42.73208858582978,Moderate Decline
CUST06730,249686.65000000002,395833.68000000005,86,110,58.5321762296863,Stable or Increased
CUST06731,149215.74000000002,185638.79000000004,49,52,24.409656782856832,Stable or Increased
CUST06732,220612.74,209641.76,65,75,-4.972958497319775,Low Decline
CUST06733,117449.39999999997,124545.18999999997,38,43,6.041571945024845,Stable or Increased
CUST06734,118784.94,136528.12,46,56,14.937230258313884,Stable or Increased
CUST06735,130650.36999999998,117064.98000000001,42,33,-10.398279009848936,Low Decline
CUST06736,80669.15999999999,116801.33999999998,32,50,44.79057424175484,Stable or Increased
CUST06737,109722.31999999999,113997.92,40,44,3.896745894545436,Stable or Increased
CUST06738,53968.24,87708.87000000001,31,44,62.51941882855549,Stable or Increased
CUST06739,153351.15,222008.66000000003,53,77,44.77143471046682,Stable or Increased
CUST06740,128165.45999999999,195296.07,42,74,52.3780822071719,Stable or Increased
CUST06741,102580.57,78941.56000000001,42,45,-23.044334809213865,Low Decline
CUST06742,127283.47,129640.47,55,45,1.851772268622155,Stable or Increased
CUST06743,172261.92,294382.66000000003,65,84,70.89247582982937,Stable or Increased
CUST06744,271582.28,410159.20999999996,97,115,51.02576280013553,Stable or Increased
CUST06745,99678.06,138042.65,34,52,38.48849987650241,Stable or Increased
CUST06746,216459.86,267201.9,87,97,23.441778073773143,Stable or Increased
CUST06747,71246.89,133347.27000000002,39,44,87.16223262517146,Stable or Increased
CUST06748,177057.47,184687.21000000002,67,68,4.309188423397228,Stable or Increased
CUST06749,141919.63,227960.53000000006,65,84,60.626496841909784,Stable or Increased
CUST06750,298077.42,338630.27,91,95,13.604804416248651,Stable or Increased
CUST06751,119737.98,164993.03999999998,46,43,37.79507554745786,Stable or Increased
CUST06752,139304.28,192861.96,61,83,38.44654306385991,Stable or Increased
CUST06753,130882.98000000003,161554.99,49,58,23.434681881479136,Stable or Increased
CUST06754,77436.59,124074.27000000002,33,42,60.22692889756641,Stable or Increased
CUST06755,167342.34999999998,236956.58999999997,68,79,41.59989387026058,Stable or Increased
CUST06756,159877.36000000002,251717.56999999998,67,85,57.444162200326524,Stable or Increased
CUST06757,91222.53,178689.94999999998,51,62,95.883571744831,Stable or Increased
CUST06758,173797.77000000002,184897.73,70,73,6.386710255258159,Stable or Increased
CUST06759,112831.6,128060.04999999999,49,60,13.496617968725056,Stable or Increased
CUST06760,171711.27,201521.51,70,80,17.360677607241517,Stable or Increased
CUST06761,94257.70999999999,127004.49000000002,40,53,34.741752160115105,Stable or Increased
CUST06762,128175.79999999997,137131.29,49,63,6.9868805187875065,Stable or Increased
CUST06763,106695.07999999999,106672.88999999998,38,47,-0.02079758504328628,Low Decline
CUST06764,86795.08,127136.42,33,45,46.47883267116062,Stable or Increased
CUST06765,134006.22999999998,160315.18999999997,56,61,19.63263946758296,Stable or Increased
CUST06766,172684.07,200344.01000000004,74,72,16.017655826620274,Stable or Increased
CUST06767,76949.28,114479.6,40,44,48.77280203271559,Stable or Increased
CUST06768,87719.14,102432.45999999999,40,37,16.77321505887996,Stable or Increased
CUST06769,112601.34000000001,87328.33999999998,44,40,-22.444670729495783,Low Decline
CUST06770,139375.53,265072.5,64,85,90.18582386736036,Stable or Increased
CUST06771,239938.78999999998,166836.35000000003,77,72,-30.467120385161547,Moderate Decline
CUST06772,85961.33,118500.95,31,47,37.85378844184937,Stable or Increased
CUST06773,103399.62,216240.78,53,58,109.13111672944252,Stable or Increased
CUST06774,230030.70999999996,204446.02000000002,76,73,-11.122293192939303,Low Decline
CUST06775,88800.35,84142.87,29,43,-5.244889237486125,Low Decline
CUST06776,83178.33,102320.85,38,40,23.013830645553963,Stable or Increased
CUST06777,112773.35,105450.93999999997,44,40,-6.493032263384951,Low Decline
CUST06778,85580.37999999999,91280.55,31,46,6.660603750532556,Stable or Increased
CUST06779,69361.12,122748.67000000001,30,49,76.97042665977715,Stable or Increased
CUST06780,97711.04,142449.4,32,46,45.78639220296908,Stable or Increased
CUST06781,244240.69999999998,362075.06000000006,90,101,48.24517781025033,Stable or Increased
CUST06782,156568.43,171876.81999999998,60,60,9.777443639180635,Stable or Increased
CUST06783,55426.11,112098.83000000002,29,51,102.24913853777582,Stable or Increased
CUST06784,99905.06999999998,93956.87000000001,37,39,-5.953851991695686,Low Decline
CUST06785,50512.92999999999,73694.23,31,33,45.891814234494035,Stable or Increased
CUST06786,107897.62999999999,139217.71000000002,38,47,29.027588465103484,Stable or Increased
CUST06787,99397.97000000002,125898.13999999998,42,43,26.660675263287533,Stable or Increased
CUST06788,148640.39999999997,75622.27,53,38,-49.124013390706686,Moderate Decline
CUST06789,129267.32,134521.81999999998,55,62,4.064832472739414,Stable or Increased
CUST06790,129443.75,104887.17999999998,59,51,-18.970842547438576,Low Decline
CUST06791,183040.52,250741.47000000003,69,89,36.98686498486786,Stable or Increased
CUST06792,118905.67,101303.29000000001,40,42,-14.80365065854302,Low Decline
CUST06793,116659.01999999999,147547.25,45,49,26.477361116182884,Stable or Increased
CUST06794,49682.09,86393.58,27,39,73.89280523424036,Stable or Increased
CUST06795,104608.21,99190.63999999998,38,39,-5.178914733365594,Low Decline
CUST06796,79064.63,115417.28000000001,37,56,45.97839767289116,Stable or Increased
CUST06797,109750.42,107748.60999999999,39,39,-1.8239656850516037,Low Decline
CUST06798,274394.72000000003,338646.02,97,108,23.415647356479738,Stable or Increased
CUST06799,151713.07,128867.53000000001,50,53,-15.058386202322579,Low Decline
CUST06800,162158.46,220654.33000000002,54,89,36.073276719574196,Stable or Increased
CUST06801,98900.83,195529.05000000002,51,66,97.70213253013146,Stable or Increased
CUST06802,197718.51,259137.65,64,79,31.063930230912614,Stable or Increased
CUST06803,100018.37999999999,138988.62,32,53,38.96307858615587,Stable or Increased
CUST06804,110540.20999999999,154176.69999999998,37,47,39.47567134167738,Stable or Increased
CUST06805,134698.53,134895.91999999998,50,59,0.14654205951615423,Stable or Increased
CUST06806,318215.25,405400.43,95,113,27.39817780574627,Stable or Increased
CUST06807,188020.87,192377.4,55,80,2.31704597473674,Stable or Increased
CUST06808,100904.34999999999,97936.34,43,41,-2.9414093644129267,Low Decline
CUST06809,267236.05,391354.77,89,114,46.44535046824709,Stable or Increased
CUST06810,139364.54,146529.87,53,56,5.141429807036989,Stable or Increased
CUST06811,122737.65000000001,151967.43,48,55,23.814844100404386,Stable or Increased
CUST06812,78203.01000000001,110474.05000000002,41,49,41.265726216932066,Stable or Increased
CUST06813,92453.98,138330.68,48,59,49.621119609994075,Stable or Increased
CUST06814,124883.37,134962.37,49,57,8.070730314212373,Stable or Increased
CUST06815,150213.77,213588.47999999998,68,78,42.189680746312405,Stable or Increased
CUST06816,288569.38,333004.75,99,108,15.398504858692908,Stable or Increased
CUST06817,189982.03,225768.03,71,82,18.836518380185748,Stable or Increased
CUST06818,67389.65,98308.11000000002,31,45,45.880131444517104,Stable or Increased
CUST06819,118234.01999999999,72912.14,44,34,-38.332351382453204,Moderate Decline
CUST06820,105935.42000000001,170275.88,48,63,60.73555001717082,Stable or Increased
CUST06821,76573.65000000001,137227.31999999998,33,45,79.20958449806163,Stable or Increased
CUST06822,64784.73,218075.06,32,73,236.61490909972144,Stable or Increased
CUST06823,114757.04000000001,100652.46,43,49,-12.290818933635794,Low Decline
CUST06824,60454.840000000004,67842.56,30,41,12.220229182642768,Stable or Increased
CUST06825,109076.40000000002,116969.22999999998,51,44,7.236056562189398,Stable or Increased
CUST06826,185483.93,227113.71000000002,58,93,22.44387424829743,Stable or Increased
CUST06827,150155.26,156501.4,52,50,4.226385409342293,Stable or Increased
CUST06828,75778.67,52873.86,32,35,-30.225932970320013,Moderate Decline
CUST06829,89296.52,96129.31000000001,39,36,7.651798748708245,Stable or Increased
CUST06830,80771.72999999998,89585.29999999999,35,42,10.911701408401193,Stable or Increased
CUST06831,183737.4,222679.81000000003,64,65,21.19460164343244,Stable or Increased
CUST06832,81927.55999999998,97114.97999999998,36,43,18.53762030750092,Stable or Increased
CUST06833,108638.12000000001,118266.17,44,49,8.862496884150781,Stable or Increased
CUST06834,65877.91,108775.93999999999,37,46,65.11747260955907,Stable or Increased
CUST06835,86866.46999999999,97295.70999999999,37,36,12.006059415099987,Stable or Increased
CUST06836,120491.33000000002,135022.36,55,58,12.05981376419363,Stable or Increased
CUST06837,176453.35000000003,182025.55000000002,60,74,3.157888473072334,Stable or Increased
CUST06838,144906.59,239952.08999999997,71,82,65.59087478354157,Stable or Increased
CUST06839,93909.69,128923.57,35,45,37.28462952012727,Stable or Increased
CUST06840,64075.009999999995,64649.43000000001,32,36,0.896480546784172,Stable or Increased
CUST06841,99273.66,134892.41999999998,45,54,35.87936618837261,Stable or Increased
CUST06842,55775.96000000001,131662.38,36,39,136.05578460684495,Stable or Increased
CUST06843,114942.52,120989.03999999998,32,49,5.26047279979591,Stable or Increased
CUST06844,58838.01,103754.66,30,45,76.33951250220733,Stable or Increased
CUST06845,77194.13,104062.29,39,44,34.805962577724486,Stable or Increased
CUST06846,87941.79999999999,96538.31000000001,31,44,9.775226342876794,Stable or Increased
CUST06847,117963.39,149153.36,42,57,26.440381206406485,Stable or Increased
CUST06848,141645.84,229937.0,59,75,62.33233535132412,Stable or Increased
CUST06849,188410.86000000002,159988.64999999997,42,62,-15.085229163541873,Low Decline
CUST06850,118660.06,99624.22,44,45,-16.04233134552603,Low Decline
CUST06851,138567.68000000002,116324.50000000001,57,52,-16.0522136186447,Low Decline
CUST06852,126019.52000000002,58946.11,42,32,-53.22461948752067,High Decline
CUST06853,75457.42,79801.56,42,41,5.75707465216807,Stable or Increased
CUST06854,119709.15000000001,215374.30000000002,48,66,79.91465146983333,Stable or Increased
CUST06855,110597.38999999998,61449.799999999996,44,28,-44.43829099402797,Moderate Decline
CUST06856,140253.11000000002,188799.3,47,63,34.61327167718417,Stable or Increased
CUST06857,107466.79,86385.73000000001,40,38,-19.616348455183207,Low Decline
CUST06858,62479.58,79838.11,34,39,27.782725171968185,Stable or Increased
CUST06859,130328.45000000003,102434.20999999999,53,51,-21.403032108492066,Low Decline
CUST06860,95427.79000000001,137312.63999999998,41,57,43.891669292561396,Stable or Increased
CUST06861,191049.84000000003,192946.69,74,77,0.9928561049828549,Stable or Increased
CUST06862,90959.05,123131.77999999998,34,40,35.37056510594601,Stable or Increased
CUST06863,275093.34,363299.83999999997,92,112,32.06420773400037,Stable or Increased
CUST06864,100067.07999999999,98368.31999999999,39,43,-1.6976212356751041,Low Decline
CUST06865,276399.48000000004,302173.74,95,107,9.325003071641072,Stable or Increased
CUST06866,88761.75,104958.17,37,38,18.247071514475547,Stable or Increased
CUST06867,246735.61,327436.88999999996,90,106,32.70759336279023,Stable or Increased
CUST06868,270836.64,360338.17000000004,89,109,33.04631529914122,Stable or Increased
CUST06869,78506.44999999998,118336.45000000001,34,42,50.73468485710414,Stable or Increased
CUST06870,71573.2,86230.38,37,37,20.478586957129217,Stable or Increased
CUST06871,131902.57,121308.31,43,62,-8.031882926920991,Low Decline
CUST06872,69329.18999999999,114802.46999999999,31,37,65.59038119441466,Stable or Increased
CUST06873,74801.12000000001,90412.33,39,40,20.87028910797056,Stable or Increased
CUST06874,283680.7100000001,330754.94999999995,89,108,16.59409270373014,Stable or Increased
CUST06875,126005.93999999999,180177.19999999998,60,73,42.99103677175854,Stable or Increased
CUST06876,169539.03999999998,274526.59,67,92,61.92529461061007,Stable or Increased
CUST06877,166328.59,192108.49000000002,63,82,15.499379872095364,Stable or Increased
CUST06878,161905.72999999998,126764.75,66,56,-21.70459316047677,Low Decline
CUST06879,191241.49000000002,262215.5399999999,69,85,37.11226575362903,Stable or Increased
CUST06880,231682.58999999997,216591.02,70,88,-6.513899037471904,Low Decline
CUST06881,94547.71999999999,66213.13,34,34,-29.96855979181728,Moderate Decline
CUST06882,91832.04,100478.43999999999,32,48,9.41545020670345,Stable or Increased
CUST06883,86807.98999999999,176190.51999999996,46,65,102.96578690509938,Stable or Increased
CUST06884,151326.06,188899.06999999998,63,66,24.829173507854485,Stable or Increased
CUST06885,70484.11,75202.55,26,36,6.6943315308939875,Stable or Increased
CUST06886,105607.96,125438.76,26,43,18.77775122254041,Stable or Increased
CUST06887,260538.22999999998,391095.01,94,111,50.1104118194094,Stable or Increased
CUST06888,66973.5,121052.64,31,44,80.74707160294743,Stable or Increased
CUST06889,123664.16,123274.96000000002,45,48,-0.3147233604303644,Low Decline
CUST06890,181888.95000000004,177859.55000000002,74,78,-2.2153077468422477,Low Decline
CUST06891,115713.58,97271.75000000001,40,43,-15.937481149576382,Low Decline
CUST06892,140882.38,140975.07,48,58,0.06579247170583172,Stable or Increased
CUST06893,110847.45999999999,152205.35,51,59,37.310633910781554,Stable or Increased
CUST06894,41648.78,99225.24,31,34,138.2428488901716,Stable or Increased
CUST06895,99703.65999999997,171083.26,41,59,71.59175500678717,Stable or Increased
CUST06896,110883.54,107182.44000000002,51,52,-3.3378263356310387,Low Decline
CUST06897,130120.56999999998,178462.55000000002,61,65,37.15168170566732,Stable or Increased
CUST06898,72036.73,126638.33999999998,38,45,75.79690249682348,Stable or Increased
CUST06899,170682.25999999998,225351.06999999998,66,80,32.029579406787796,Stable or Increased
CUST06900,136473.93,206144.35,70,69,51.0503507886085,Stable or Increased
CUST06901,211854.77999999997,200557.38,75,77,-5.332615105498194,Low Decline
CUST06902,138381.81000000003,144721.89,48,55,4.581584819565509,Stable or Increased
CUST06903,157265.44000000003,284858.35,63,90,81.13219916594511,Stable or Increased
CUST06904,202517.12,268721.27,71,88,32.69064363546155,Stable or Increased
CUST06905,261346.61000000002,307813.25,80,94,17.779698768619948,Stable or Increased
CUST06906,210088.82,174992.98999999996,69,69,-16.705234481301787,Low Decline
CUST06907,110337.82,125200.54000000001,50,50,13.470195441599262,Stable or Increased
CUST06908,96950.70999999999,129563.32999999999,35,45,33.63835086922004,Stable or Increased
CUST06909,122666.85,121007.39000000001,42,42,-1.3528186302982361,Low Decline
CUST06910,152830.36,198896.86,70,79,30.142243988694396,Stable or Increased
CUST06911,199060.86,212212.62,73,77,6.6069040392973335,Stable or Increased
CUST06912,72647.47000000002,103439.52,29,37,42.38557791482619,Stable or Increased
CUST06913,113821.56,145477.92,42,66,27.812270364243833,Stable or Increased
CUST06914,113963.03,100556.02,47,54,-11.764350245864817,Low Decline
CUST06915,115770.18,157970.3,51,62,36.45163201784778,Stable or Increased
CUST06916,142733.57,136845.16999999998,54,57,-4.125448554253931,Low Decline
CUST06917,154014.54,228891.32,66,85,48.616695540563896,Stable or Increased
CUST06918,181300.69999999998,176026.24000000002,70,65,-2.909233113826898,Low Decline
CUST06919,118043.94,159462.97999999998,52,52,35.08781560493489,Stable or Increased
CUST06920,77465.26,98860.80999999998,32,46,27.6195419727501,Stable or Increased
CUST06921,111114.58,159209.18,49,54,43.2837886801174,Stable or Increased
CUST06922,73783.01000000001,129964.96999999999,39,55,76.14484689632474,Stable or Increased
CUST06923,110254.2,78393.61000000002,51,50,-28.897393477980867,Moderate Decline
CUST06924,124591.59999999999,76575.51000000001,43,37,-38.53878592136226,Moderate Decline
CUST06925,60073.82,83853.63999999998,33,42,39.58433141092074,Stable or Increased
CUST06926,119962.06,182849.03,45,66,52.42238254328077,Stable or Increased
CUST06927,111058.43000000001,130957.16000000002,51,53,17.917352154176868,Stable or Increased
CUST06928,268131.45,289316.6500000001,93,107,7.90105002602271,Stable or Increased
CUST06929,109305.56,131985.12,49,62,20.74877069382381,Stable or Increased
CUST06930,122314.25,136614.52,50,57,11.69141780291339,Stable or Increased
CUST06931,199075.01,238389.45000000007,74,77,19.748556084462866,Stable or Increased
CUST06932,113504.99,126807.37999999999,37,42,11.719652149213868,Stable or Increased
CUST06933,76578.16,165421.83999999997,41,53,116.01699492387903,Stable or Increased
CUST06934,71049.29999999999,87678.42000000001,27,43,23.405044103179097,Stable or Increased
CUST06935,71037.56,194480.99,39,69,173.7720580492911,Stable or Increased
CUST06936,103809.82,128470.35999999999,50,65,23.755498275596644,Stable or Increased
CUST06937,229785.91,211936.81,64,80,-7.767708646713806,Low Decline
CUST06938,141502.91,98915.98,50,57,-30.09615137950167,Moderate Decline
CUST06939,81047.81999999999,119180.5,29,43,47.049606022715984,Stable or Increased
CUST06940,185555.15999999997,237104.44,71,76,27.7811083237998,Stable or Increased
CUST06941,108912.61000000002,106650.97,46,45,-2.0765639534301985,Low Decline
CUST06942,166197.0,242872.58000000002,51,91,46.13535743725821,Stable or Increased
CUST06943,139089.17,126398.06,47,56,-9.124441536318042,Low Decline
CUST06944,127961.42,127971.16,53,56,0.007611669204675315,Stable or Increased
CUST06945,219226.0,237870.90999999997,70,82,8.504880807933354,Stable or Increased
CUST06946,72411.11000000002,100183.97,37,40,38.354418265373894,Stable or Increased
CUST06947,129606.94,171477.24,45,67,32.30560030195913,Stable or Increased
CUST06948,266883.92,341751.42000000004,80,108,28.052458162335167,Stable or Increased
CUST06949,78874.53,105905.31999999999,36,39,34.27061942556107,Stable or Increased
CUST06950,196864.15,205488.43,70,84,4.380828098970787,Stable or Increased
CUST06951,61586.78,119747.14,33,47,94.43643587146462,Stable or Increased
CUST06952,257222.41999999998,345036.1600000001,101,105,34.139224722324016,Stable or Increased
CUST06953,89519.07,72232.04999999999,44,34,-19.310991501587335,Low Decline
CUST06954,229466.45,215416.71,71,79,-6.122786141503482,Low Decline
CUST06955,111214.35,153523.03,42,61,38.042464843790384,Stable or Increased
CUST06956,115969.26999999999,132329.96,42,48,14.107780449079316,Stable or Increased
CUST06957,110206.62000000001,204208.75,46,73,85.29626441678364,Stable or Increased
CUST06958,332547.3,387986.04,88,104,16.670933728825943,Stable or Increased
CUST06959,166232.04,140058.78,64,68,-15.745015220892439,Low Decline
CUST06960,93656.5,133218.19,39,48,42.241264621248924,Stable or Increased
CUST06961,91665.73,131109.13,40,40,43.02960332067394,Stable or Increased
CUST06962,73637.54000000001,156433.28999999998,25,47,112.43687662569928,Stable or Increased
CUST06963,110106.60999999999,98420.8,51,40,-10.613177537660986,Low Decline
CUST06964,154661.6,141535.43,52,50,-8.487025868088791,Low Decline
CUST06965,71376.74999999999,116673.19,35,45,63.461056996851255,Stable or Increased
CUST06966,185646.35000000003,210857.81,70,69,13.58036934203121,Stable or Increased
CUST06967,223673.77000000005,198973.47999999998,86,82,-11.042998023416004,Low Decline
CUST06968,128424.56,114025.42000000001,57,53,-11.212138861912385,Low Decline
CUST06969,111175.48999999999,124923.64000000001,34,40,12.366169917488131,Stable or Increased
CUST06970,141889.31999999998,161833.72999999998,48,57,14.056315161704918,Stable or Increased
CUST06971,128101.78999999998,112003.41,51,56,-12.566865771352594,Low Decline
CUST06972,65518.79,104606.92000000001,28,38,59.65941983971318,Stable or Increased
CUST06973,206077.75000000003,311544.11,73,84,51.17794618778589,Stable or Increased
CUST06974,185163.07999999996,147293.09999999998,47,52,-20.452230541855315,Low Decline
CUST06975,234532.06999999998,362950.62,97,105,54.75521961666054,Stable or Increased
CUST06976,124060.45999999999,126535.29,49,63,1.9948579910150277,Stable or Increased
CUST06977,109591.05,109615.99,41,52,0.02275733282964469,Stable or Increased
CUST06978,113016.64,153111.28,49,57,35.47675811278764,Stable or Increased
CUST06979,82596.49,107454.70999999999,36,39,30.09597623337261,Stable or Increased
CUST06980,95656.43999999999,106942.01999999996,36,46,11.798034716742515,Stable or Increased
CUST06981,69434.95999999999,68671.42000000001,31,32,-1.099647785495922,Low Decline
CUST06982,83133.86,98432.5,40,43,18.402417498718332,Stable or Increased
CUST06983,75270.28000000001,135840.13,39,45,80.46980826961183,Stable or Increased
CUST06984,171608.88999999998,140094.78,61,54,-18.363914596732133,Low Decline
CUST06985,148856.05000000002,115007.18000000002,54,43,-22.73933105171069,Low Decline
CUST06986,127925.93000000001,102370.37999999999,41,47,-19.976833469180185,Low Decline
CUST06987,109473.14,130149.08999999998,49,56,18.88677898523782,Stable or Increased
CUST06988,267938.66,366360.03,92,99,36.732799216059405,Stable or Increased
CUST06989,130881.90999999999,150675.68,48,55,15.123381069240208,Stable or Increased
CUST06990,175854.38999999998,219593.86,61,77,24.872549385886813,Stable or Increased
CUST06991,188306.31,211472.78000000003,73,82,12.302545782985195,Stable or Increased
CUST06992,93681.40000000001,168600.91,36,69,79.97266266302594,Stable or Increased
CUST06993,70974.31,112121.70999999999,36,44,57.97506168076871,Stable or Increased
CUST06994,93489.90000000001,113960.54999999999,39,43,21.896108563598823,Stable or Increased
CUST06995,62241.27,106041.94999999998,28,51,70.37240724683154,Stable or Increased
CUST06996,59576.35999999999,91276.09,27,45,53.20857131922798,Stable or Increased
CUST06997,203019.59,319591.42000000004,75,96,57.419005722551226,Stable or Increased
CUST06998,60580.149999999994,111006.92,29,44,83.23975757735826,Stable or Increased
CUST06999,170089.26,187358.06,67,68,10.152786836746769,Stable or Increased
CUST07000,110114.72999999998,137239.0,50,56,24.632735329778335,Stable or Increased
CUST07001,129587.56,195881.33000000002,56,58,51.157510798104404,Stable or Increased
CUST07002,99763.24,92680.94,37,36,-7.099107847740312,Low Decline
CUST07003,180408.56999999998,207864.54,71,78,15.218772589350955,Stable or Increased
CUST07004,89551.33,120250.80999999998,41,44,34.28143389941833,Stable or Increased
CUST07005,102166.68,134866.16,43,59,32.00601213624639,Stable or Increased
CUST07006,101321.35,80760.23999999999,39,42,-20.29296885602098,Low Decline
CUST07007,190515.41999999998,206733.60999999996,76,77,8.512796496997447,Stable or Increased
CUST07008,94267.69,153477.18,44,50,62.809951108380815,Stable or Increased
CUST07009,114264.21999999999,144216.28999999998,48,53,26.212991258330906,Stable or Increased
CUST07010,75802.15000000001,88399.42000000001,34,40,16.618618337342678,Stable or Increased
CUST07011,140643.91,129783.24,55,46,-7.7221047111104895,Low Decline
CUST07012,74556.19,121040.36999999998,32,48,62.34784797881971,Stable or Increased
CUST07013,162952.34999999998,152174.48,54,50,-6.614123699351356,Low Decline
CUST07014,60508.090000000004,118350.39000000001,34,32,95.59432465972733,Stable or Increased
CUST07015,188442.5,179302.34999999998,63,74,-4.850365496106251,Low Decline
CUST07016,65256.59,128634.79999999999,31,42,97.1215474176631,Stable or Increased
CUST07017,131467.43,131039.28,49,63,-0.32567001575979254,Low Decline
CUST07018,95545.82999999999,86267.34000000001,37,30,-9.7110360546347,Low Decline
CUST07019,200783.34999999998,209836.72999999998,78,81,4.50902925964728,Stable or Increased
CUST07020,91713.36,129057.61000000002,45,45,40.718440584883176,Stable or Increased
CUST07021,328744.41000000003,356094.79000000004,98,97,8.319648689995976,Stable or Increased
CUST07022,78175.26,88984.45,29,42,13.826867988670589,Stable or Increased
CUST07023,140421.16,160650.34,53,60,14.406076691005824,Stable or Increased
CUST07024,305797.02,323263.88,89,114,5.711913085353149,Stable or Increased
CUST07025,173787.35999999996,243320.23,71,82,40.010314904375136,Stable or Increased
CUST07026,96084.29000000001,117639.27,33,42,22.433407167810675,Stable or Increased
CUST07027,279955.24,375432.71,96,113,34.104548284218595,Stable or Increased
CUST07028,90892.73,130006.38,45,45,43.03275960574626,Stable or Increased
CUST07029,118059.44,114575.87,55,55,-2.95069161771393,Low Decline
CUST07030,196844.22000000003,246231.06999999998,78,81,25.089306660871188,Stable or Increased
CUST07031,75535.73,89982.59,41,44,19.125862687763792,Stable or Increased
CUST07032,206405.72,216000.3,68,84,4.648407999545743,Stable or Increased
CUST07033,102065.04000000001,114266.62,46,52,11.954710447377462,Stable or Increased
CUST07034,114044.33,261268.58000000002,59,75,129.093879546664,Stable or Increased
CUST07035,55473.39,107852.18,26,37,94.4214694649092,Stable or Increased
CUST07036,137873.18,184463.24999999997,57,76,33.79197462479649,Stable or Increased
CUST07037,150860.52,210393.12,49,66,39.46201431627043,Stable or Increased
CUST07038,81672.19,147901.03,43,59,81.09105437236347,Stable or Increased
CUST07039,72364.8,135245.73,34,52,86.89436024144337,Stable or Increased
CUST07040,93964.12000000001,110209.47,40,42,17.288886438781088,Stable or Increased
CUST07041,105549.10999999999,102666.7,38,43,-2.7308709661313006,Low Decline
CUST07042,80202.93000000001,110118.40999999999,33,38,37.29973456081964,Stable or Increased
CUST07043,108343.79,135500.77000000002,51,47,25.065562133279652,Stable or Increased
CUST07044,182848.63,190857.45,62,78,4.380027348304446,Stable or Increased
CUST07045,82540.84,113661.06999999999,40,45,37.70282686728169,Stable or Increased
CUST07046,297766.54000000004,375437.01,89,108,26.08435118331293,Stable or Increased
CUST07047,94606.66000000002,106568.67000000001,31,42,12.643940711996379,Stable or Increased
CUST07048,120796.20999999998,163391.36000000002,52,57,35.26199207740048,Stable or Increased
CUST07049,170409.06999999998,231284.06000000003,63,80,35.722857944122374,Stable or Increased
CUST07050,126204.08000000002,156135.05,59,53,23.716325177442734,Stable or Increased
CUST07051,137492.11000000002,143031.11000000002,50,57,4.028594804458233,Stable or Increased
CUST07052,81903.76000000001,107687.77999999998,37,47,31.48087462651284,Stable or Increased
CUST07053,91480.58,179028.8,54,61,95.70142646668832,Stable or Increased
CUST07054,292993.75,367127.85,96,108,25.30228033874442,Stable or Increased
CUST07055,84953.08,121306.63,35,45,42.792503815047084,Stable or Increased
CUST07056,267548.11,223636.67000000004,84,70,-16.412539785835133,Low Decline
CUST07057,216722.0,250467.69,80,71,15.570957263222008,Stable or Increased
CUST07058,203132.20999999996,224355.50999999998,73,81,10.448022989559373,Stable or Increased
CUST07059,109721.23999999999,105372.42000000001,36,43,-3.963516999990137,Low Decline
CUST07060,116089.85999999999,137925.19,51,58,18.80898986354193,Stable or Increased
CUST07061,98163.61999999997,68396.25,34,42,-30.32423824630752,Moderate Decline
CUST07062,119150.68999999999,126070.01999999999,45,54,5.807209341381072,Stable or Increased
CUST07063,158757.13,241923.69999999998,56,79,52.386037716857174,Stable or Increased
CUST07064,51148.119999999995,88884.19000000002,28,37,73.77801960267557,Stable or Increased
CUST07065,232885.65,299068.35,88,104,28.41853931317794,Stable or Increased
CUST07066,142875.87,126999.55999999997,63,59,-11.111960333119951,Low Decline
CUST07067,124861.36,152951.12,51,62,22.49675960601422,Stable or Increased
CUST07068,204032.33999999997,186269.18,66,73,-8.70605120737231,Low Decline
CUST07069,131122.19999999998,194928.66000000003,66,78,48.661828431798774,Stable or Increased
CUST07070,280572.83999999997,314884.43,82,106,12.229120252694463,Stable or Increased
CUST07071,99173.90999999999,183432.71000000002,39,56,84.9606514455264,Stable or Increased
CUST07072,115994.0,138689.96000000002,39,57,19.566494818697535,Stable or Increased
CUST07073,66233.04000000001,128976.75999999998,29,44,94.7317532156156,Stable or Increased
CUST07074,147598.11,196572.92000000004,59,79,33.18119046375327,Stable or Increased
CUST07075,139909.66,115179.37,52,48,-17.675898862165777,Low Decline
CUST07076,68422.33,101180.2,29,46,47.87599311511314,Stable or Increased
CUST07077,307080.4199999999,304668.9,96,103,-0.78530568637359,Low Decline
CUST07078,114755.97,187619.83,51,62,63.49461383141982,Stable or Increased
CUST07079,230516.47,268333.89,63,89,16.40551757538193,Stable or Increased
CUST07080,160849.21,164063.96000000002,51,61,1.9986109972190906,Stable or Increased
CUST07081,87003.96999999999,109601.30999999998,43,45,25.972768828824705,Stable or Increased
CUST07082,109308.47,139585.68,47,61,27.698869081234044,Stable or Increased
CUST07083,94806.08000000002,224311.00999999995,47,69,136.5998151173426,Stable or Increased
CUST07084,254868.39,265419.56,91,94,4.139850375325078,Stable or Increased
CUST07085,76233.33,113816.71,31,42,49.30045689988881,Stable or Increased
CUST07086,150801.63999999998,190548.28999999998,58,55,26.356908320095194,Stable or Increased
CUST07087,155909.22999999998,166847.87,58,67,7.016031058584547,Stable or Increased
CUST07088,114680.44,156315.68,49,59,36.3054414510443,Stable or Increased
CUST07089,77537.51999999999,107002.37,28,42,38.00076401721387,Stable or Increased
CUST07090,114848.2,95244.81000000001,44,53,-17.06895711034216,Low Decline
CUST07091,63542.02999999999,128929.31000000001,28,38,102.90398339492778,Stable or Increased
CUST07092,130557.03999999998,95758.32999999999,53,48,-26.654028001860333,Moderate Decline
CUST07093,113605.07999999999,146859.28999999998,45,58,29.271763199321715,Stable or Increased
CUST07094,71063.83,84788.76999999999,36,42,19.31353826552831,Stable or Increased
CUST07095,256784.61,288390.75,87,106,12.308424558621335,Stable or Increased
CUST07096,168658.44,232358.61999999997,63,80,37.76874729779308,Stable or Increased
CUST07097,291627.82999999996,328297.83999999997,94,105,12.574249172309795,Stable or Increased
CUST07098,170294.52999999997,192717.42999999996,70,73,13.167128738662363,Stable or Increased
CUST07099,92413.76999999999,154914.16,41,66,67.63103593760975,Stable or Increased
CUST07100,110985.28000000001,227229.09000000003,50,64,104.73804273864066,Stable or Increased
CUST07101,83085.87,58588.909999999996,36,30,-29.483906228580143,Moderate Decline
CUST07102,63671.64,91908.45999999999,28,33,44.34756196008143,Stable or Increased
CUST07103,121793.42,157103.20999999996,50,55,28.991541579175593,Stable or Increased
CUST07104,48883.149999999994,52022.840000000004,32,33,6.422847136487746,Stable or Increased
CUST07105,223687.67,219322.03,75,80,-1.9516676980899366,Low Decline
CUST07106,93174.34000000001,74654.72999999998,35,37,-19.876298560311806,Low Decline
CUST07107,77202.47,135066.84,37,49,74.9514490922376,Stable or Increased
CUST07108,132542.04,164808.15,51,65,24.344057176123126,Stable or Increased
CUST07109,140584.79,140474.21000000002,59,53,-0.0786571577195422,Low Decline
CUST07110,60958.98999999999,134034.6,33,45,119.87667446589917,Stable or Increased
CUST07111,77624.79000000001,96407.24000000002,30,39,24.196458373671618,Stable or Increased
CUST07112,102693.05,198373.75999999995,49,68,93.17155347903285,Stable or Increased
CUST07113,247308.95,227242.43,79,85,-8.11394816079241,Low Decline
CUST07114,83653.95999999999,106772.07,39,38,27.635404229518862,Stable or Increased
CUST07115,185825.15999999997,278750.61000000004,68,81,50.006925865152,Stable or Increased
CUST07116,154675.55000000002,129971.74999999999,43,55,-15.971367161778335,Low Decline
CUST07117,207785.59000000003,232180.52000000002,73,75,11.74043397330873,Stable or Increased
CUST07118,110302.83,110055.7,39,36,-0.2240468354257136,Low Decline
CUST07119,271044.38,303503.27,92,95,11.975489032460297,Stable or Increased
CUST07120,137950.44,142028.17,54,63,2.9559383790294618,Stable or Increased
CUST07121,73478.12,118203.73,33,52,60.86929006893481,Stable or Increased
CUST07122,163258.27,164505.90999999997,67,66,0.7642124346901293,Stable or Increased
CUST07123,156170.62999999998,172172.05000000002,56,55,10.24611349778127,Stable or Increased
CUST07124,70411.37,96398.87,30,41,36.90810163188133,Stable or Increased
CUST07125,185929.7,233293.84999999998,73,82,25.47422493555358,Stable or Increased
CUST07126,225353.07000000004,241680.78999999998,77,75,7.245394970656465,Stable or Increased
CUST07127,62157.59000000001,107243.43999999999,30,45,72.53474595781461,Stable or Increased
CUST07128,125321.58,143305.37000000002,45,58,14.350114321890949,Stable or Increased
CUST07129,110331.77000000002,92380.81,35,40,-16.269982798245707,Low Decline
CUST07130,70007.39,91790.43,28,39,31.11534368014576,Stable or Increased
CUST07131,63086.84,148109.59999999998,40,59,134.77099185820686,Stable or Increased
CUST07132,72748.66,82420.26000000001,39,37,13.294540408029516,Stable or Increased
CUST07133,69405.87,103689.84999999999,33,37,49.39636950015899,Stable or Increased
CUST07134,77417.97000000002,76248.48999999999,35,36,-1.5106053542866402,Low Decline
CUST07135,99345.11,119275.62,39,49,20.06189333325012,Stable or Increased
CUST07136,178163.84,196967.63999999998,58,75,10.554217960277455,Stable or Increased
CUST07137,80227.34999999999,87991.68999999999,31,41,9.677921556676118,Stable or Increased
CUST07138,89742.81,78291.79000000002,35,36,-12.759818864597593,Low Decline
CUST07139,97058.36,93444.19,37,44,-3.7237080865574055,Low Decline
CUST07140,96777.48,170900.27,48,71,76.59094863805092,Stable or Increased
CUST07141,141550.66000000003,133218.49,55,56,-5.886351925169434,Low Decline
CUST07142,101513.23000000001,172355.71,47,58,69.78645049517189,Stable or Increased
CUST07143,74529.99999999999,108991.56,29,46,46.23850798336243,Stable or Increased
CUST07144,197339.55,234094.91999999998,67,89,18.62544533014289,Stable or Increased
CUST07145,274067.79,305749.89,91,101,11.55995018604705,Stable or Increased
CUST07146,178339.12,187504.87,68,70,5.139506127427342,Stable or Increased
CUST07147,162041.76,227952.75999999998,71,76,40.675317276237905,Stable or Increased
CUST07148,88005.97,102813.36000000002,37,50,16.825438092438517,Stable or Increased
CUST07149,125612.83,130073.79999999999,49,57,3.551364936209133,Stable or Increased
CUST07150,62875.57000000001,94104.02,32,37,49.66706464847952,Stable or Increased
CUST07151,200235.67,171967.52999999997,62,70,-14.11743472079677,Low Decline
CUST07152,217385.27,224796.36000000004,72,62,3.4091960324634947,Stable or Increased
CUST07153,67195.76000000001,121712.40000000001,34,49,81.13107136521708,Stable or Increased
CUST07154,156448.87,206694.13,59,78,32.11609006827599,Stable or Increased
CUST07155,110590.24000000002,137740.08,46,52,24.549942201047728,Stable or Increased
CUST07156,272663.0,366168.66000000003,97,108,34.293490499261004,Stable or Increased
CUST07157,336653.57,297805.37000000005,101,103,-11.539518205614144,Low Decline
CUST07158,43259.229999999996,149100.45,31,59,244.6673692527584,Stable or Increased
CUST07159,177526.97999999998,215049.29000000004,78,72,21.13611688769789,Stable or Increased
CUST07160,80147.59,175000.25,33,55,118.34748867682734,Stable or Increased
CUST07161,104123.36,208153.24999999997,48,66,99.91023147927608,Stable or Increased
CUST07162,114800.72,194818.74999999997,55,63,69.70167957134761,Stable or Increased
CUST07163,76475.98000000001,121818.67999999998,37,47,59.29011959049098,Stable or Increased
CUST07164,163517.78,177597.5,63,81,8.610513180890788,Stable or Increased
CUST07165,120017.88999999998,142990.37,51,54,19.140879747177703,Stable or Increased
CUST07166,161352.53,100023.20999999999,61,46,-38.0095186607858,Moderate Decline
CUST07167,109447.92000000001,171835.82,43,66,57.002362402136086,Stable or Increased
CUST07168,91250.80000000002,159917.26,41,66,75.25025534022713,Stable or Increased
CUST07169,104439.34,99530.81,39,37,-4.699886077411059,Low Decline
CUST07170,81132.81999999999,107572.14,29,46,32.58770002078075,Stable or Increased
CUST07171,93562.25,118771.75,42,40,26.94409337099097,Stable or Increased
CUST07172,147830.32,194291.68000000002,63,74,31.428843555232795,Stable or Increased
CUST07173,93808.07999999999,84710.73999999999,32,42,-9.697821339057358,Low Decline
CUST07174,87277.37,84149.26999999999,33,37,-3.5840905838478014,Low Decline
CUST07175,152889.29,112037.56,65,66,-26.719811440029584,Moderate Decline
CUST07176,199388.99000000002,220804.68000000002,64,77,10.740658247980491,Stable or Increased
CUST07177,136455.35,211022.53,63,83,54.64584569238215,Stable or Increased
CUST07178,92460.74,74359.04,35,35,-19.57771482252901,Low Decline
CUST07179,98367.10999999999,132317.97,46,48,34.51444288644855,Stable or Increased
CUST07180,77097.44,83641.61,38,48,8.48818067110918,Stable or Increased
CUST07181,256277.87000000002,253638.19,87,99,-1.0300069998240666,Low Decline
CUST07182,107447.64000000001,111637.99000000002,47,57,3.899899523153794,Stable or Increased
CUST07183,68059.70999999999,91592.40999999999,44,33,34.57655050249259,Stable or Increased
CUST07184,92376.20000000001,69014.82,34,38,-25.289392722367886,Moderate Decline
CUST07185,217803.74,253037.56,72,75,16.176866384388077,Stable or Increased
CUST07186,57388.619999999995,103305.17000000001,28,39,80.00985212747757,Stable or Increased
CUST07187,255662.78000000003,354899.15,94,110,38.81533714058808,Stable or Increased
CUST07188,153365.61000000002,137311.5,60,54,-10.467868252863216,Low Decline
CUST07189,134977.11,113148.62999999998,54,50,-16.171986494598983,Low Decline
CUST07190,186632.65999999997,187268.14999999997,66,78,0.3405031037975833,Stable or Increased
CUST07191,221652.71000000002,145312.08999999997,58,73,-34.44154596620996,Moderate Decline
CUST07192,139909.91999999998,156564.4,47,60,11.903716334052662,Stable or Increased
CUST07193,61760.49,100720.0,35,41,63.08160767506864,Stable or Increased
CUST07194,248778.05,176437.71999999997,75,75,-29.078260722760717,Moderate Decline
CUST07195,158503.81,280086.70000000007,63,89,76.70660408730873,Stable or Increased
CUST07196,155400.95,213233.71,66,75,37.21519076942578,Stable or Increased
CUST07197,88505.68,111083.14000000001,38,44,25.509617009891365,Stable or Increased
CUST07198,212772.62,345361.5,88,109,62.314822273655324,Stable or Increased
CUST07199,113310.17,154108.09,41,61,36.005523599514504,Stable or Increased
CUST07200,83550.27,112165.18,35,50,34.24873432485615,Stable or Increased
CUST07201,127719.64999999998,226231.47999999998,57,75,77.13130281832123,Stable or Increased
CUST07202,131497.9,196085.91999999998,63,74,49.117149399344015,Stable or Increased
CUST07203,104086.6,128343.33000000002,38,46,23.304373473626775,Stable or Increased
CUST07204,86770.31999999999,95810.01,45,44,10.417951668266296,Stable or Increased
CUST07205,115389.80999999998,145279.91,47,59,25.903587153839688,Stable or Increased
CUST07206,164053.31,244314.43000000005,68,93,48.9238040975827,Stable or Increased
CUST07207,64697.399999999994,94482.23999999999,28,36,46.037151415667395,Stable or Increased
CUST07208,216338.37,192107.56000000003,74,69,-11.200421820687643,Low Decline
CUST07209,284516.31,412326.7099999999,100,107,44.921994102903945,Stable or Increased
CUST07210,259707.48000000004,310821.92000000004,95,105,19.681543250121248,Stable or Increased
CUST07211,108584.84999999999,81034.71,36,41,-25.371992501716388,Moderate Decline
CUST07212,101824.87,168819.27000000002,46,63,65.79374960164449,Stable or Increased
CUST07213,97984.77000000002,158890.21,40,49,62.15806803445062,Stable or Increased
CUST07214,60627.840000000004,144230.12999999998,35,57,137.89422483136457,Stable or Increased
CUST07215,98374.8,163651.76999999996,38,61,66.35537759670154,Stable or Increased
CUST07216,239222.00000000003,347662.91,87,105,45.330659387514494,Stable or Increased
CUST07217,272119.86,215605.91,72,72,-20.768035820685775,Low Decline
CUST07218,86476.68000000001,134604.73,45,54,55.65436832218813,Stable or Increased
CUST07219,225304.33000000002,332032.65,87,114,47.37073628367462,Stable or Increased
CUST07220,256476.55000000002,339683.64,92,98,32.4423772855647,Stable or Increased
CUST07221,77161.15,89444.86,34,41,15.919552780123167,Stable or Increased
CUST07222,170214.84999999998,101603.97,58,52,-40.30839847404617,Moderate Decline
CUST07223,260318.61999999997,325793.32999999996,92,99,25.1517582568623,Stable or Increased
CUST07224,197091.06000000003,170592.95,70,66,-13.444602713080954,Low Decline
CUST07225,214891.10000000003,193887.38999999998,78,74,-9.774118146354152,Low Decline
CUST07226,120528.86000000002,165768.49000000002,45,66,37.53427187480243,Stable or Increased
CUST07227,84121.01,112454.03999999998,28,47,33.68127653246197,Stable or Increased
CUST07228,108039.38,59308.94,36,39,-45.104331402123925,Moderate Decline
CUST07229,79852.93,104266.23000000001,39,53,30.572829325110575,Stable or Increased
CUST07230,100377.29,167022.04,51,58,66.39425112991198,Stable or Increased
CUST07231,277442.8,393765.8299999999,94,107,41.926851228433364,Stable or Increased
CUST07232,150808.95999999996,122136.44000000002,50,43,-19.012477773203894,Low Decline
CUST07233,100666.42,163644.88,47,71,62.56153740244265,Stable or Increased
CUST07234,126502.64000000001,142790.25,59,57,12.8753123254977,Stable or Increased
CUST07235,73379.05,94827.3,27,41,29.229391767813837,Stable or Increased
CUST07236,90075.38000000002,129442.18,42,40,43.70428412292012,Stable or Increased
CUST07237,91610.26,108788.04,30,35,18.7509346660516,Stable or Increased
CUST07238,198167.26,245455.38,70,82,23.86273090721444,Stable or Increased
CUST07239,89013.76,144070.36,41,55,61.85178561157286,Stable or Increased
CUST07240,122217.54000000001,122433.34,50,58,0.17657040061515586,Stable or Increased
CUST07241,325551.96,293879.61,82,94,-9.728815639752264,Low Decline
CUST07242,102368.92000000001,109924.69,39,49,7.380921865738144,Stable or Increased
CUST07243,201675.83999999997,215359.2,74,76,6.784828564492428,Stable or Increased
CUST07244,97759.88,87873.06999999999,27,36,-10.113361432113063,Low Decline
CUST07245,108395.44,131869.11000000002,49,54,21.655588094849758,Stable or Increased
CUST07246,155748.08000000002,238490.39,62,79,53.125733556394394,Stable or Increased
CUST07247,143044.69,131600.12000000002,61,60,-8.000695446996303,Low Decline
CUST07248,184412.27,140853.15,54,58,-23.620510717643683,Low Decline
CUST07249,107841.12999999999,145844.67,51,51,35.2403020999502,Stable or Increased
CUST07250,87507.89,124787.29999999999,40,46,42.60119858906436,Stable or Increased
CUST07251,213342.62,198019.33000000002,68,74,-7.1824795251881595,Low Decline
CUST07252,107423.43000000001,152948.97,45,62,42.379525583943824,Stable or Increased
CUST07253,197335.64,225523.53,84,75,14.284236745070471,Stable or Increased
CUST07254,288204.32999999996,364405.01999999996,92,106,26.43981441916574,Stable or Increased
CUST07255,146931.81,181314.02000000002,59,65,23.40011329064824,Stable or Increased
CUST07256,112081.55,104694.35,38,46,-6.590915275529289,Low Decline
CUST07257,98036.31,206928.28999999998,47,67,111.07311158488113,Stable or Increased
CUST07258,104274.43000000001,135762.09999999998,44,53,30.196923636983644,Stable or Increased
CUST07259,38452.21,91296.65,25,38,137.42887599958493,Stable or Increased
CUST07260,152456.87,158766.81999999998,48,58,4.13884267727652,Stable or Increased
CUST07261,125338.55999999998,160836.34,53,57,28.321515741045708,Stable or Increased
CUST07262,109459.7,126922.34000000001,53,63,15.953487904680914,Stable or Increased
CUST07263,71511.09999999999,90864.34999999999,35,38,27.063281085034355,Stable or Increased
CUST07264,115459.78000000001,181093.97,44,63,56.84593370955668,Stable or Increased
CUST07265,73283.81,65612.14,34,35,-10.468437708137715,Low Decline
CUST07266,114458.36,97240.05,37,39,-15.043296094754457,Low Decline
CUST07267,156666.63,222401.31,66,87,41.95831620301017,Stable or Increased
CUST07268,125318.82999999999,180329.11999999997,52,72,43.896268421912325,Stable or Increased
CUST07269,59705.39,156146.14,36,62,161.52771131718598,Stable or Increased
CUST07270,51020.35,107828.89,25,41,111.34486533314649,Stable or Increased
CUST07271,91483.01000000001,147360.7,44,63,61.07985515561851,Stable or Increased
CUST07272,81607.87000000001,112299.63,30,40,37.60882375682638,Stable or Increased
CUST07273,95784.5,118599.96,36,44,23.81957414821814,Stable or Increased
CUST07274,337172.78,278278.83,93,107,-17.466994221775554,Low Decline
CUST07275,75485.41,130525.18,42,42,72.91444797080653,Stable or Increased
CUST07276,189353.75,256461.42,71,81,35.44037020655784,Stable or Increased
CUST07277,162449.29,181805.41,47,65,11.915176729919837,Stable or Increased
CUST07278,114405.73999999999,133314.8,39,39,16.528069308410572,Stable or Increased
CUST07279,111606.40999999999,85741.79,41,48,-23.17485169534617,Low Decline
CUST07280,132083.90000000002,63678.95,46,35,-51.78901440675208,High Decline
CUST07281,121955.45999999998,135970.97,56,51,11.49231858909804,Stable or Increased
CUST07282,76815.62000000001,73395.05,31,38,-4.452961520065849,Low Decline
CUST07283,275072.18,370533.5399999999,89,106,34.704112935012155,Stable or Increased
CUST07284,80808.25,96138.19,33,50,18.970761029969097,Stable or Increased
CUST07285,86711.82,109302.03,43,39,26.052053803045524,Stable or Increased
CUST07286,59477.27,94368.79999999999,31,36,58.6636373861813,Stable or Increased
CUST07287,107628.69000000002,117722.09999999999,40,45,9.377992057693886,Stable or Increased
CUST07288,79426.25,108850.62,35,40,37.04615287766953,Stable or Increased
CUST07289,149889.05,221208.65999999997,52,63,47.58160119101428,Stable or Increased
CUST07290,189705.17,220954.09,78,66,16.472360769081824,Stable or Increased
CUST07291,299109.03,314896.80000000005,90,107,5.27826592196164,Stable or Increased
CUST07292,72916.97,87791.85000000002,40,38,20.3997505656091,Stable or Increased
CUST07293,109469.77999999998,108715.88999999998,52,56,-0.6886740797323239,Low Decline
CUST07294,84302.3,45606.33,31,28,-45.90144041147157,Moderate Decline
CUST07295,114458.01999999999,108466.53,36,41,-5.234661581599954,Low Decline
CUST07296,238392.30999999997,171931.88,68,73,-27.878596419490197,Moderate Decline
CUST07297,155312.41000000003,226169.06,62,77,45.62201436446704,Stable or Increased
CUST07298,73379.79000000001,128266.32,36,40,74.79788372247998,Stable or Increased
CUST07299,155333.08999999997,114160.51000000001,55,54,-26.505994311965317,Moderate Decline
CUST07300,184643.99,260884.77,68,75,41.29069134608714,Stable or Increased
CUST07301,81200.96,82624.88,34,33,1.7535753271882477,Stable or Increased
CUST07302,87699.09999999999,117308.58999999998,33,50,33.76259277461227,Stable or Increased
CUST07303,158634.25999999998,198428.04000000004,66,82,25.085236946924365,Stable or Increased
CUST07304,100424.63999999998,162602.71,46,67,61.91515349221069,Stable or Increased
CUST07305,71452.6,127805.74999999999,36,39,78.86787884555632,Stable or Increased
CUST07306,118267.34999999999,75182.93,36,38,-36.4296824102341,Moderate Decline
CUST07307,235114.25,224677.98,77,78,-4.438807941245582,Low Decline
CUST07308,107290.90000000001,154276.21999999997,49,52,43.7924558373543,Stable or Increased
CUST07309,144695.03,119712.67,53,48,-17.265527364692485,Low Decline
CUST07310,83791.82999999999,145259.61,39,42,73.35772473282897,Stable or Increased
CUST07311,93804.26,93923.98,33,37,0.12762746595943636,Stable or Increased
CUST07312,132079.77,162364.86,36,48,22.92939335070011,Stable or Increased
CUST07313,93699.34,108612.26999999999,39,39,15.915725767118523,Stable or Increased
CUST07314,82571.57,123599.27,40,40,49.687440846770855,Stable or Increased
CUST07315,106769.95999999999,88461.36,50,43,-17.147707089147538,Low Decline
CUST07316,151242.05,165890.92,51,55,9.685712406040532,Stable or Increased
CUST07317,114630.42999999998,160971.43,39,50,40.42643825029709,Stable or Increased
CUST07318,258787.19,356102.51999999996,99,106,37.604384513777504,Stable or Increased
CUST07319,272459.3900000001,311391.80999999994,92,104,14.289256097945408,Stable or Increased
CUST07320,85591.27,121030.69,36,42,41.40541436060009,Stable or Increased
CUST07321,134984.63999999998,210603.09,63,71,56.02004050238606,Stable or Increased
CUST07322,69052.38000000002,106317.18999999999,32,49,53.96600377858078,Stable or Increased
CUST07323,124336.77000000002,236263.58999999997,47,73,90.01908285055171,Stable or Increased
CUST07324,149447.91999999998,177607.46,49,56,18.842376662050572,Stable or Increased
CUST07325,169430.52,276689.29,74,85,63.30545996081461,Stable or Increased
CUST07326,118985.73999999999,138755.62,43,50,16.615335585592028,Stable or Increased
CUST07327,109359.19999999998,131469.62999999998,44,58,20.218170944922782,Stable or Increased
CUST07328,181482.15000000002,148088.94,63,61,-18.400272423486285,Low Decline
CUST07329,156740.95,161964.31999999998,56,63,3.3324858628201284,Stable or Increased
CUST07330,64867.51,81734.82,27,35,26.002709214520497,Stable or Increased
CUST07331,181776.29,230211.34999999998,69,76,26.645422238510847,Stable or Increased
CUST07332,136083.63999999998,140684.68,51,61,3.381038308499103,Stable or Increased
CUST07333,112339.42000000001,113830.26999999999,38,41,1.3270942648626605,Stable or Increased
CUST07334,113958.54,124578.37999999998,34,57,9.319038309897602,Stable or Increased
CUST07335,109834.32999999999,165383.49,55,66,50.57540752513354,Stable or Increased
CUST07336,118496.6,174180.64,51,50,46.9920993513738,Stable or Increased
CUST07337,87890.26,79762.41999999998,38,44,-9.247714138062639,Low Decline
CUST07338,88550.63,83292.65000000001,41,42,-5.937823367264575,Low Decline
CUST07339,78205.81999999999,118978.42,34,48,52.13499455667111,Stable or Increased
CUST07340,326491.63,324973.04,94,95,-0.4651237154226666,Low Decline
CUST07341,122036.13,165377.02000000002,48,64,35.514802050835286,Stable or Increased
CUST07342,134625.94999999998,134428.63,59,52,-0.14656906785057258,Low Decline
CUST07343,85230.84,130024.74,35,58,52.555976217059474,Stable or Increased
CUST07344,149420.75,104374.76999999999,54,44,-30.147071273568102,Moderate Decline
CUST07345,266300.79999999993,343066.96,86,111,28.826860452540927,Stable or Increased
CUST07346,209594.21999999994,240932.34999999998,65,84,14.951810216903901,Stable or Increased
CUST07347,123585.63,132004.87,49,58,6.812474880776989,Stable or Increased
CUST07348,208453.03,203487.46000000002,68,65,-2.382104975878728,Low Decline
CUST07349,168779.62,154234.78999999998,61,59,-8.617645898242937,Low Decline
CUST07350,137734.5,266392.86,50,78,93.4104091567472,Stable or Increased
CUST07351,110178.37000000001,103989.59999999999,43,44,-5.617046249640485,Low Decline
CUST07352,107848.22,169937.65,50,59,57.57112171160543,Stable or Increased
CUST07353,172642.51999999996,217238.84999999998,69,76,25.831602782443184,Stable or Increased
CUST07354,119576.99000000002,131414.59,46,58,9.899563452801392,Stable or Increased
CUST07355,138339.28,185625.47000000003,59,67,34.181318566931985,Stable or Increased
CUST07356,126123.64000000001,98668.86,35,42,-21.76814750985621,Low Decline
CUST07357,138441.80000000002,166171.85,63,70,20.03011373732499,Stable or Increased
CUST07358,311016.88999999996,373861.33999999997,101,111,20.206121281709176,Stable or Increased
CUST07359,105749.25,104202.63,37,44,-1.4625351952850685,Low Decline
CUST07360,275568.95,359763.14,93,103,30.552858005228817,Stable or Increased
CUST07361,158100.43,276601.25,61,79,74.95287647225248,Stable or Increased
CUST07362,158639.16,195514.0,72,71,23.244475071602746,Stable or Increased
CUST07363,103245.94,89805.48,42,30,-13.017906563686676,Low Decline
CUST07364,116420.26000000001,132424.81,44,45,13.747220629811329,Stable or Increased
CUST07365,123601.76999999996,182647.44999999998,52,54,47.77090166265421,Stable or Increased
CUST07366,167310.45,168067.40999999997,69,68,0.45242840480075375,Stable or Increased
CUST07367,125183.67,142258.95,45,54,13.640181662672147,Stable or Increased
CUST07368,80580.67,63047.55,32,36,-21.758468873490376,Low Decline
CUST07369,136171.48000000004,146568.3,45,59,7.635093633409834,Stable or Increased
CUST07370,241305.26,280626.63999999996,86,98,16.295285067553,Stable or Increased
CUST07371,120396.31999999999,104433.91999999998,52,52,-13.258212543373427,Low Decline
CUST07372,103408.24,176588.67,45,57,70.7684706750642,Stable or Increased
CUST07373,188581.67999999996,159880.07,73,69,-15.219723358069546,Low Decline
CUST07374,118922.62,101460.12999999999,40,38,-14.683909587595704,Low Decline
CUST07375,134357.52,237914.24000000002,63,84,77.07549231334431,Stable or Increased
CUST07376,91908.65,146997.72999999998,47,53,59.9389502511461,Stable or Increased
CUST07377,89072.01,113603.46000000002,31,38,27.541143396225177,Stable or Increased
CUST07378,50223.92,157634.43999999997,26,58,213.8632747105363,Stable or Increased
CUST07379,113756.16999999998,188835.58000000002,43,61,66.00029695092587,Stable or Increased
CUST07380,164464.52000000002,172938.62,59,67,5.152539891278663,Stable or Increased
CUST07381,68965.65,148350.97,37,55,115.10849241615212,Stable or Increased
CUST07382,305219.92,401009.07999999996,85,111,31.383652810078708,Stable or Increased
CUST07383,165434.6,146252.47999999998,51,52,-11.594986780274516,Low Decline
CUST07384,182535.75000000003,198505.68000000002,69,75,8.748932743311922,Stable or Increased
CUST07385,98624.47,88489.45999999999,47,42,-10.276364476280591,Low Decline
CUST07386,162727.97999999998,125010.37999999999,52,54,-23.178312666328186,Low Decline
CUST07387,279457.43,352321.13999999996,89,104,26.07327706405944,Stable or Increased
CUST07388,139361.66,131386.81,53,48,-5.722413180210401,Low Decline
CUST07389,196635.5,236944.99999999997,58,88,20.499604598355827,Stable or Increased
CUST07390,193313.25,250648.68999999997,74,74,29.65934306106797,Stable or Increased
CUST07391,91072.90000000001,104099.2,36,50,14.303157141147352,Stable or Increased
CUST07392,199819.16999999998,250865.76,71,91,25.54639277102394,Stable or Increased
CUST07393,114626.95,180930.83000000002,52,52,57.84318609192692,Stable or Increased
CUST07394,114978.35,97471.15,40,41,-15.226518731569909,Low Decline
CUST07395,80850.72000000002,103992.56,31,42,28.622923828012883,Stable or Increased
CUST07396,82927.15,93082.39000000001,25,37,12.245977342764126,Stable or Increased
CUST07397,333257.01999999996,313495.72,97,101,-5.929747556405561,Low Decline
CUST07398,99823.63,157367.84,37,55,57.64588003862411,Stable or Increased
CUST07399,131758.77,171874.83,55,81,30.446595699094644,Stable or Increased
CUST07400,110304.8,220839.52,40,68,100.20844061183192,Stable or Increased
CUST07401,120029.52,159422.71000000002,49,62,32.819584715493335,Stable or Increased
CUST07402,326106.99,397092.74000000005,95,117,21.767626017461343,Stable or Increased
CUST07403,229949.15999999997,329004.85000000003,87,112,43.07721324139652,Stable or Increased
CUST07404,195898.68999999997,139388.26,70,69,-28.84676257916782,Moderate Decline
CUST07405,207149.11,197155.19,61,80,-4.824505400964544,Low Decline
CUST07406,77010.82,131756.49000000002,37,42,71.08828343861292,Stable or Increased
CUST07407,52970.85,88854.86,25,34,67.74293786110663,Stable or Increased
CUST07408,102444.93999999999,137082.58000000002,44,54,33.81098178201874,Stable or Increased
CUST07409,108283.96,196399.27999999997,55,67,81.37430511407226,Stable or Increased
CUST07410,73792.12,109745.57999999999,35,48,48.72262783614293,Stable or Increased
CUST07411,142018.28,168689.21000000002,52,54,18.779927485391333,Stable or Increased
CUST07412,167350.68,120078.67000000001,61,56,-28.247276915755577,Moderate Decline
CUST07413,121140.01000000001,183004.83,60,68,51.068858257482376,Stable or Increased
CUST07414,187115.85,146268.16999999998,53,51,-21.830154954804748,Low Decline
CUST07415,112454.09,200829.36000000002,59,73,78.58786639063108,Stable or Increased
CUST07416,172997.52000000002,118936.97,53,51,-31.249320799512045,Moderate Decline
CUST07417,86050.11,189631.62,49,62,120.37347773291631,Stable or Increased
CUST07418,136095.49,186061.49999999994,55,59,36.71393519359088,Stable or Increased
CUST07419,55743.35,100233.28,36,49,79.81208520837015,Stable or Increased
CUST07420,116418.75,160273.06,44,53,37.66945616578086,Stable or Increased
CUST07421,103964.90000000001,128501.98000000001,36,43,23.601311596509973,Stable or Increased
CUST07422,196622.66999999995,277374.09,60,77,41.069231742199456,Stable or Increased
CUST07423,368893.38,346870.35000000003,107,105,-5.970025810709851,Low Decline
CUST07424,86959.09,94558.82,40,43,8.739431380894178,Stable or Increased
CUST07425,196606.95000000007,140737.24,62,59,-28.41695575868506,Moderate Decline
CUST07426,176148.33,189723.65,65,76,7.706754869603366,Stable or Increased
CUST07427,173334.74999999997,143258.03,57,60,-17.35181202845937,Low Decline
CUST07428,90889.48999999999,138997.81,48,56,52.93056435898146,Stable or Increased
CUST07429,142105.68,121822.31,59,58,-14.273440723833133,Low Decline
CUST07430,81294.22,151167.83000000002,45,59,85.9515104517886,Stable or Increased
CUST07431,134965.29,143383.79,50,49,6.237529664108453,Stable or Increased
CUST07432,260803.77,400198.10000000003,93,108,53.447973547314916,Stable or Increased
CUST07433,39264.799999999996,80193.12,25,36,104.2366699944989,Stable or Increased
CUST07434,218184.3,394703.11999999994,94,113,80.9035388889118,Stable or Increased
CUST07435,182107.09999999998,231954.14,75,83,27.37237592603476,Stable or Increased
CUST07436,77170.01000000001,136643.41,48,52,77.06802163171935,Stable or Increased
CUST07437,229122.58,287832.01999999996,88,95,25.623594147726504,Stable or Increased
CUST07438,110908.65000000001,118181.85999999999,41,48,6.557838365177086,Stable or Increased
CUST07439,242423.53,364055.81,93,104,50.173462947264234,Stable or Increased
CUST07440,157896.13,174928.73,76,72,10.787218154111823,Stable or Increased
CUST07441,98375.95000000001,129641.79999999999,43,65,31.78200566296943,Stable or Increased
CUST07442,96939.19,119182.83000000002,42,48,22.94597262469391,Stable or Increased
CUST07443,266946.88,324666.04000000004,101,105,21.62196463955677,Stable or Increased
CUST07444,169746.71000000002,196826.23999999996,62,74,15.952904182944067,Stable or Increased
CUST07445,99519.7,160783.75999999998,49,58,61.559731389865505,Stable or Increased
CUST07446,279292.67,225196.05,84,67,-19.36915136369315,Low Decline
CUST07447,117785.29000000001,177231.02999999997,54,60,50.46957901109719,Stable or Increased
CUST07448,175317.24,219912.36,72,83,25.43681385812371,Stable or Increased
CUST07449,126223.76999999999,136907.01,46,57,8.463730722034384,Stable or Increased
CUST07450,127754.64000000001,86016.91,42,36,-32.67022630254369,Moderate Decline
CUST07451,75659.93999999999,110673.78,35,39,46.27791140199162,Stable or Increased
CUST07452,172687.90999999997,230352.07000000004,62,74,33.39212339763685,Stable or Increased
CUST07453,58408.70999999999,96418.97,29,43,65.0763559065078,Stable or Increased
CUST07454,173398.36000000002,232324.88000000003,72,82,33.98332025746957,Stable or Increased
CUST07455,106120.73000000001,154337.98999999996,46,51,45.436230979564456,Stable or Increased
CUST07456,96307.99999999999,61321.11,35,36,-36.3281243510404,Moderate Decline
CUST07457,186580.16,217352.88999999998,75,83,16.493034414805937,Stable or Increased
CUST07458,196264.85,200218.17999999996,76,85,2.014283250413896,Stable or Increased
CUST07459,162056.74,133179.14,51,66,-17.81943780925124,Low Decline
CUST07460,308502.00000000006,369756.83999999997,93,100,19.855573059493906,Stable or Increased
CUST07461,164197.71000000002,215536.72000000003,61,81,31.266581001647346,Stable or Increased
CUST07462,179539.93000000002,207340.87,65,74,15.484544301649203,Stable or Increased
CUST07463,128890.48000000001,179383.43000000002,51,63,39.17508104555124,Stable or Increased
CUST07464,185714.72000000003,262199.80000000005,62,94,41.184177538538684,Stable or Increased
CUST07465,113244.23000000001,156614.66,51,58,38.298136690937795,Stable or Increased
CUST07466,138118.81,155409.96999999997,46,54,12.519047912445796,Stable or Increased
CUST07467,140199.22,159007.77999999997,54,60,13.415595322142282,Stable or Increased
CUST07468,168393.43000000002,219299.41999999998,68,65,30.230389629809164,Stable or Increased
CUST07469,71020.03,102020.10999999999,35,38,43.64977035351856,Stable or Increased
CUST07470,136104.34,122179.42999999998,48,55,-10.231055086119971,Low Decline
CUST07471,90762.08,109004.45,34,37,20.099109672233155,Stable or Increased
CUST07472,92641.95,119863.87,48,48,29.384010159544353,Stable or Increased
CUST07473,113634.34,159520.56999999998,51,59,40.38060149775146,Stable or Increased
CUST07474,101174.59,80098.17000000001,37,39,-20.831732552610276,Low Decline
CUST07475,105826.01999999999,110660.81,45,44,4.56862121432896,Stable or Increased
CUST07476,57858.13999999999,112367.45,36,41,94.21199851913666,Stable or Increased
CUST07477,161177.57,269013.25,58,77,66.9048925356053,Stable or Increased
CUST07478,110262.2,147738.16,43,65,33.98803941876727,Stable or Increased
CUST07479,91414.20000000001,121085.56999999999,42,47,32.45816295498946,Stable or Increased
CUST07480,122850.95,124247.03,47,63,1.1364014686089132,Stable or Increased
CUST07481,122483.28,137080.65999999997,47,57,11.917855237057644,Stable or Increased
CUST07482,347206.29000000004,355443.54000000004,95,102,2.372436858790778,Stable or Increased
CUST07483,250175.26,233558.38999999998,79,73,-6.642091628085057,Low Decline
CUST07484,126114.79000000002,193461.96000000002,46,55,53.40148447299479,Stable or Increased
CUST07485,108510.01,101568.78,41,47,-6.396856842976971,Low Decline
CUST07486,294365.17,322523.82,96,104,9.565890556956866,Stable or Increased
CUST07487,82255.46,139003.44999999998,35,49,68.98993695980786,Stable or Increased
CUST07488,204429.33000000002,201109.52000000002,79,71,-1.6239401655329972,Low Decline
CUST07489,167195.86999999997,198704.72,76,77,18.84547148204082,Stable or Increased
CUST07490,245432.48,321527.53,86,108,31.004474224438436,Stable or Increased
CUST07491,340658.86,393519.22,86,104,15.51709531347577,Stable or Increased
CUST07492,96846.86,73772.06,38,34,-23.826069322226868,Low Decline
CUST07493,129780.34,160094.13,40,53,23.35776743996819,Stable or Increased
CUST07494,73974.23999999999,138999.66,34,41,87.90278886271764,Stable or Increased
CUST07495,101165.4,91410.65000000001,39,36,-9.64237772993532,Low Decline
CUST07496,195987.27000000002,223173.37999999998,63,72,13.871365216730636,Stable or Increased
CUST07497,130813.93999999997,266449.54,60,69,103.68589158005639,Stable or Increased
CUST07498,86071.54,176785.62,35,65,105.39381542377423,Stable or Increased
CUST07499,157171.37,236080.22,65,79,50.20561314697455,Stable or Increased
CUST07500,52111.09,98745.6,25,42,89.49056717101871,Stable or Increased
CUST07501,67593.56,179804.85,35,55,166.0088475884389,Stable or Increased
CUST07502,107264.76999999999,121255.18,36,38,13.042875121067249,Stable or Increased
CUST07503,191741.17,156914.34000000003,65,70,-18.163459626328546,Low Decline
CUST07504,39992.009999999995,98825.89000000001,27,31,147.11408603868628,Stable or Increased
CUST07505,64772.19,91472.74,29,37,41.22224368204935,Stable or Increased
CUST07506,87804.79999999999,135097.35,31,41,53.86100759867345,Stable or Increased
CUST07507,100808.79000000002,85094.51000000001,38,43,-15.588204163545669,Low Decline
CUST07508,190245.92999999996,243361.68,76,80,27.919519750041452,Stable or Increased
CUST07509,71822.03,100816.06999999999,31,37,40.36928502299364,Stable or Increased
CUST07510,87283.36,103634.42,34,46,18.73330724206767,Stable or Increased
CUST07511,67111.84,103812.5,36,35,54.68581996857783,Stable or Increased
CUST07512,166288.19,307837.71,65,93,85.12301444859074,Stable or Increased
CUST07513,108590.43000000002,133983.00999999998,39,42,23.383810157119697,Stable or Increased
CUST07514,102851.53000000001,99493.01,40,38,-3.2654059691674187,Low Decline
CUST07515,85562.63,98875.62,40,40,15.559351085865394,Stable or Increased
CUST07516,246489.85,408819.8999999999,91,115,65.85668740518115,Stable or Increased
CUST07517,107112.11000000002,187882.33000000002,50,63,75.40717851604266,Stable or Increased
CUST07518,130935.78000000001,118666.47,49,43,-9.370479176891152,Low Decline
CUST07519,118650.41,130927.40000000001,54,52,10.347195597554197,Stable or Increased
CUST07520,226926.41,205632.40999999997,64,68,-9.383658781716957,Low Decline
CUST07521,119138.82999999999,210618.16,46,64,76.78380759656615,Stable or Increased
CUST07522,139893.09999999998,191851.75,52,58,37.141681755569095,Stable or Increased
CUST07523,72240.01,102904.22,32,47,42.447682385426035,Stable or Increased
CUST07524,150466.8,104431.19000000002,53,49,-30.595194421626548,Moderate Decline
CUST07525,77727.55,127439.68,35,48,63.95689816545097,Stable or Increased
CUST07526,70552.92,180044.38,35,51,155.19054349557751,Stable or Increased
CUST07527,315151.6,374277.7,96,97,18.76116129507197,Stable or Increased
CUST07528,178454.83999999997,194233.32,68,64,8.84172152461656,Stable or Increased
CUST07529,72995.98,125902.75,34,51,72.47901870760555,Stable or Increased
CUST07530,85613.95999999999,168306.71000000002,44,62,96.58792795006799,Stable or Increased
CUST07531,240962.53000000003,219143.76999999996,71,84,-9.054835206121076,Low Decline
CUST07532,113817.16000000002,133711.9,43,59,17.479561078487613,Stable or Increased
CUST07533,142101.99,120501.64,63,48,-15.200596416700423,Low Decline
CUST07534,158744.43000000002,150056.45,59,56,-5.472935333857074,Low Decline
CUST07535,113773.38,153236.47,45,57,34.685697128801124,Stable or Increased
CUST07536,241248.43999999997,257728.26,78,80,6.831057643315762,Stable or Increased
CUST07537,72931.38,71478.85,37,37,-1.9916392641960137,Low Decline
CUST07538,184976.05,230872.33,75,78,24.812012149681,Stable or Increased
CUST07539,142804.72,147573.77,55,59,3.33956048511561,Stable or Increased
CUST07540,83326.11,89736.04999999999,30,37,7.69259479411674,Stable or Increased
CUST07541,113553.83999999998,78053.66999999998,36,43,-31.262852933903428,Moderate Decline
CUST07542,208686.37999999998,217981.16999999998,71,67,4.453951427016947,Stable or Increased
CUST07543,73019.13,121956.26999999999,41,44,67.01961527068315,Stable or Increased
CUST07544,92675.42000000001,142856.80000000002,43,58,54.14745355348807,Stable or Increased
CUST07545,82845.62,103311.79000000002,39,39,24.7039855577157,Stable or Increased
CUST07546,134772.75,141424.06999999998,56,58,4.935211309407857,Stable or Increased
CUST07547,88939.72000000002,71097.74,41,36,-20.06075575682047,Low Decline
CUST07548,97852.93,204788.83999999997,52,64,109.28227698445002,Stable or Increased
CUST07549,125106.91,123671.44,45,54,-1.1473946562983621,Low Decline
CUST07550,194217.6,277748.55,69,92,43.00894975532597,Stable or Increased
CUST07551,85199.54000000001,103276.06999999999,31,40,21.216699057295358,Stable or Increased
CUST07552,136901.37,146311.4,47,47,6.873583514905658,Stable or Increased
CUST07553,126398.83000000002,179283.84999999998,49,60,41.839801839937884,Stable or Increased
CUST07554,156518.23,204570.95,63,70,30.701037189086534,Stable or Increased
CUST07555,206681.58,192251.33,79,71,-6.981875211133958,Low Decline
CUST07556,78302.63,95957.65,33,43,22.54716093188695,Stable or Increased
CUST07557,99488.74999999999,113319.09,35,43,13.90141096355117,Stable or Increased
CUST07558,74086.84,79566.07,38,41,7.395685927487271,Stable or Increased
CUST07559,79288.98999999999,108744.73000000001,32,39,37.149848926061516,Stable or Increased
CUST07560,78958.07999999999,115064.4,39,48,45.72846756152127,Stable or Increased
CUST07561,99340.64999999998,150581.28000000003,41,50,51.580727526949,Stable or Increased
CUST07562,181594.64,215883.97,75,74,18.882346967950145,Stable or Increased
CUST07563,166566.02999999997,208131.75999999995,68,72,24.954506029830927,Stable or Increased
CUST07564,83544.44,94179.48999999999,39,41,12.729811822306772,Stable or Increased
CUST07565,75539.99999999999,119310.64,33,49,57.94365898861534,Stable or Increased
CUST07566,110962.0,129503.02,51,46,16.709341936879298,Stable or Increased
CUST07567,99016.01,127563.73999999999,46,62,28.831428372038015,Stable or Increased
CUST07568,169696.56,126839.29999999999,56,47,-25.255232044774512,Moderate Decline
CUST07569,156733.19,234662.98000000004,73,80,49.721306635818515,Stable or Increased
CUST07570,80244.9,83401.31,44,38,3.933471161407147,Stable or Increased
CUST07571,91681.45,107404.23999999999,38,48,17.149368819973937,Stable or Increased
CUST07572,70227.05,184013.50999999998,40,59,162.02654105504928,Stable or Increased
CUST07573,172733.19,181000.38999999998,55,58,4.786109722167455,Stable or Increased
CUST07574,89756.21999999999,116976.60999999999,39,41,30.32702357563632,Stable or Increased
CUST07575,73404.17,101019.85,36,40,37.62140488748801,Stable or Increased
CUST07576,233514.83000000002,298888.89,103,98,27.995678047514154,Stable or Increased
CUST07577,177316.58999999997,174095.15,67,70,-1.8167730385521026,Low Decline
CUST07578,122525.44,155059.57,53,57,26.552959124243916,Stable or Increased
CUST07579,71563.82999999999,109051.00000000001,31,48,52.38284479743473,Stable or Increased
CUST07580,237926.80000000005,277727.61,73,93,16.728174379683136,Stable or Increased
CUST07581,135009.36,115142.37,40,57,-14.715268630263852,Low Decline
CUST07582,127559.99999999999,103558.58,38,37,-18.815788648479135,Low Decline
CUST07583,110002.87999999999,106329.65,39,48,-3.3392125733435307,Low Decline
CUST07584,70089.06,49944.43,34,31,-28.74147548847138,Moderate Decline
CUST07585,116494.56999999999,144348.09,40,40,23.909715276857973,Stable or Increased
CUST07586,120385.88,217573.59,55,64,80.73015705828624,Stable or Increased
CUST07587,73019.11,104449.82,38,36,43.04449889898686,Stable or Increased
CUST07588,104569.18000000001,160096.0,53,49,53.10055983990693,Stable or Increased
CUST07589,122494.79000000001,138024.43000000002,48,66,12.677796337297295,Stable or Increased
CUST07590,49710.799999999996,98808.34000000001,37,38,98.7663445368009,Stable or Increased
CUST07591,89065.25000000001,68523.34,37,35,-23.063888553616607,Low Decline
CUST07592,269579.93000000005,327286.04,94,105,21.40593700725418,Stable or Increased
CUST07593,74940.53,97174.24999999999,37,43,29.668485130809707,Stable or Increased
CUST07594,87387.03,100805.38999999998,39,43,15.355093313046554,Stable or Increased
CUST07595,205616.08,211058.48999999996,69,67,2.6468795631158684,Stable or Increased
CUST07596,171188.91,191927.91999999998,61,72,12.114692476282476,Stable or Increased
CUST07597,104480.63,141130.88,46,58,35.078511682021826,Stable or Increased
CUST07598,99817.22999999998,106053.98000000001,44,40,6.248169779906766,Stable or Increased
CUST07599,139599.99,152232.66,47,47,9.049191192635483,Stable or Increased
CUST07600,104424.78,146309.01,45,49,40.10947401565032,Stable or Increased
CUST07601,157074.45,269073.22000000003,61,82,71.30298403082107,Stable or Increased
CUST07602,110259.26000000001,69442.44,42,40,-37.018949700914014,Moderate Decline
CUST07603,96377.47000000002,103036.68,35,30,6.909509037745,Stable or Increased
CUST07604,113833.44,149068.30000000002,52,52,30.95299588591895,Stable or Increased
CUST07605,96144.35,137870.06,38,46,43.39902448765839,Stable or Increased
CUST07606,92902.56,137908.46,36,54,48.44419787786256,Stable or Increased
CUST07607,87465.57999999999,137745.54,39,46,57.485424552149574,Stable or Increased
CUST07608,177831.73,199923.54,69,80,12.422873015968522,Stable or Increased
CUST07609,108118.87000000001,127506.08999999998,44,51,17.931393474608058,Stable or Increased
CUST07610,87631.48000000001,131473.82,43,46,50.030354388628375,Stable or Increased
CUST07611,163672.03,190899.42,59,59,16.63533469952075,Stable or Increased
CUST07612,220566.96,329032.94000000006,71,97,49.17598719227942,Stable or Increased
CUST07613,135576.85,105423.54,45,39,-22.240751278702827,Low Decline
CUST07614,177712.33,242427.32,81,80,36.41558804614178,Stable or Increased
CUST07615,179382.9,230106.76999999996,65,83,28.27687031484047,Stable or Increased
CUST07616,166087.18,146314.72,59,64,-11.904868274601322,Low Decline
CUST07617,103187.0,172950.15,47,58,67.60846812098423,Stable or Increased
CUST07618,119638.19,138579.01,43,50,15.831750714383096,Stable or Increased
CUST07619,120803.20000000001,146215.77000000002,48,58,21.036338441365796,Stable or Increased
CUST07620,78654.18,86803.76,31,46,10.36128022693772,Stable or Increased
CUST07621,83424.65,142688.83999999997,39,48,71.0391832629804,Stable or Increased
CUST07622,80888.76,158594.02,43,49,96.06434812451074,Stable or Increased
CUST07623,207898.31,192633.8,66,84,-7.342296337089036,Low Decline
CUST07624,71709.54,126862.73999999999,36,44,76.91194226040218,Stable or Increased
CUST07625,84682.20000000001,81383.75,34,37,-3.8950924751600824,Low Decline
CUST07626,78765.73999999999,116401.31,36,45,47.78164973756358,Stable or Increased
CUST07627,129493.48000000003,106294.42000000001,46,41,-17.915234033404623,Low Decline
CUST07628,130277.45,149683.74,57,55,14.896123619244921,Stable or Increased
CUST07629,163808.74,188455.70999999996,70,70,15.046187401233887,Stable or Increased
CUST07630,44386.469999999994,129547.32999999999,31,44,191.86220485657,Stable or Increased
CUST07631,178568.62,193616.14,72,83,8.426743735825488,Stable or Increased
CUST07632,156480.18,199972.62999999998,65,79,27.79422288496855,Stable or Increased
CUST07633,146679.03,140028.8,48,57,-4.533865543015938,Low Decline
CUST07634,93681.53,82589.44,40,34,-11.840210124663843,Low Decline
CUST07635,84000.34,83998.01000000001,40,35,-0.00277379829651546,Low Decline
CUST07636,72378.55,128672.11,31,45,77.77657883447513,Stable or Increased
CUST07637,88826.99,100192.65000000001,48,46,12.79527765153362,Stable or Increased
CUST07638,106804.06999999999,156209.68,47,58,46.258171622111405,Stable or Increased
CUST07639,71135.94,136056.95,26,45,91.26330515910806,Stable or Increased
CUST07640,81773.6,156060.09,42,48,90.84409882896189,Stable or Increased
CUST07641,134435.87,258951.14,61,83,92.62057068548745,Stable or Increased
CUST07642,65809.57,110524.3,28,47,67.94563465465585,Stable or Increased
CUST07643,213435.89999999997,186621.16,74,71,-12.563369142679356,Low Decline
CUST07644,77347.75000000001,112582.30999999998,40,49,45.55343885245526,Stable or Increased
CUST07645,121752.99,151186.26,42,58,24.17457673934743,Stable or Increased
CUST07646,188208.1,200914.07,70,84,6.7510218741913866,Stable or Increased
CUST07647,98061.72,116015.48999999999,51,52,18.308642760906082,Stable or Increased
CUST07648,153304.77,243588.83000000002,71,76,58.891879228545875,Stable or Increased
CUST07649,183238.14999999997,241057.71999999997,64,80,31.55432970699607,Stable or Increased
CUST07650,82180.16,118858.05,45,45,44.63107640578942,Stable or Increased
CUST07651,131129.47,176337.51,50,62,34.475880974734366,Stable or Increased
CUST07652,67716.5,103009.51000000001,28,38,52.11877459703323,Stable or Increased
CUST07653,256121.50000000003,363310.54000000004,96,109,41.85085594141842,Stable or Increased
CUST07654,269443.37,306714.44,89,103,13.832617221199397,Stable or Increased
CUST07655,100719.50999999998,74489.15,37,34,-26.042978167784963,Moderate Decline
CUST07656,218251.41000000003,218174.13,67,73,-0.035408705950641016,Low Decline
CUST07657,115366.76999999999,116500.34000000003,45,43,0.9825792990477554,Stable or Increased
CUST07658,198294.28999999998,203465.32,65,69,2.6077553720785547,Stable or Increased
CUST07659,87886.95,67223.76,44,31,-23.511101477523116,Low Decline
CUST07660,143270.71,185889.49,65,74,29.747029242753108,Stable or Increased
CUST07661,130536.36999999998,109626.41,44,59,-16.018493543217097,Low Decline
CUST07662,166426.11,276409.39999999997,66,75,66.08535764009625,Stable or Increased
CUST07663,117130.11,110960.68000000001,56,50,-5.267159742272924,Low Decline
CUST07664,208864.97,205690.85000000003,76,75,-1.5196995455963564,Low Decline
CUST07665,86881.88999999998,104365.93999999999,30,50,20.123929164064002,Stable or Increased
CUST07666,182997.63,252487.73,63,84,37.97322402481388,Stable or Increased
CUST07667,159036.36000000002,106067.12000000001,55,54,-33.30637094561269,Moderate Decline
CUST07668,74575.90999999999,117461.23999999999,34,41,57.50560737374845,Stable or Increased
CUST07669,106912.68,102653.25,45,44,-3.9840269648090323,Low Decline
CUST07670,56716.659999999996,95089.81000000001,31,35,67.65763357715355,Stable or Increased
CUST07671,112447.26,172897.53999999998,55,63,53.75878434032095,Stable or Increased
CUST07672,46004.30000000001,96127.15999999999,28,39,108.95255443512883,Stable or Increased
CUST07673,160269.75,281933.36,59,86,75.91177374395355,Stable or Increased
CUST07674,184639.64,210367.13,62,76,13.93389306868232,Stable or Increased
CUST07675,52533.229999999996,98091.25999999998,39,44,86.7223089080949,Stable or Increased
CUST07676,107418.02,70688.75,36,32,-34.19283840830431,Moderate Decline
CUST07677,283279.43,280085.26,102,96,-1.1275686342633433,Low Decline
CUST07678,103632.67,170599.24000000002,52,51,64.61916883932453,Stable or Increased
CUST07679,144495.72999999998,154600.69999999998,47,51,6.993265475734129,Stable or Increased
CUST07680,76727.17000000001,149083.96000000002,46,54,94.30399948284291,Stable or Increased
CUST07681,134817.46,123171.79,49,43,-8.638102216137286,Low Decline
CUST07682,152048.76,256340.15000000002,58,78,68.59075338726868,Stable or Increased
CUST07683,136320.3,200059.95,52,60,46.75726946023448,Stable or Increased
CUST07684,92352.26,168574.25999999998,43,49,82.53398455002616,Stable or Increased
CUST07685,96661.51,135524.18,46,53,40.2049067927865,Stable or Increased
CUST07686,158904.33,301400.91000000003,60,85,89.67444751190861,Stable or Increased
CUST07687,157409.78,259478.55000000002,62,81,64.84271180608982,Stable or Increased
CUST07688,206546.79,226481.62999999998,70,73,9.651488653006888,Stable or Increased
CUST07689,79591.65000000001,150137.25,38,53,88.63442333460857,Stable or Increased
CUST07690,99481.13,100966.51000000001,44,41,1.4931273900889592,Stable or Increased
CUST07691,145287.80000000002,241658.90000000002,68,85,66.3311716468967,Stable or Increased
CUST07692,174193.91999999998,239880.74000000002,72,83,37.709019924461224,Stable or Increased
CUST07693,181146.97,238987.38000000003,68,87,31.930100735331116,Stable or Increased
CUST07694,251850.08999999997,344369.51,83,114,36.735909048116696,Stable or Increased
CUST07695,96446.79999999999,106093.28000000001,43,39,10.001866313864252,Stable or Increased
CUST07696,127479.43,151419.66,56,58,18.779680768889545,Stable or Increased
CUST07697,101737.56,149347.31999999998,46,59,46.7966402968579,Stable or Increased
CUST07698,75056.4,123029.57999999999,29,48,63.91617503637264,Stable or Increased
CUST07699,110194.64000000001,139715.34000000003,45,60,26.789597025771858,Stable or Increased
CUST07700,284542.55,364059.13,103,113,27.945409219113284,Stable or Increased
CUST07701,269150.68,350756.36,86,110,30.319700474098745,Stable or Increased
CUST07702,116372.34,178718.32,48,44,53.574569352133,Stable or Increased
CUST07703,127642.10999999999,99664.29999999999,49,42,-21.918949788592496,Low Decline
CUST07704,152517.49999999997,242045.01,59,78,58.69982788860298,Stable or Increased
CUST07705,212786.8,197632.16999999998,70,73,-7.121978430992902,Low Decline
CUST07706,102054.54000000001,168104.86,45,62,64.72060919582802,Stable or Increased
CUST07707,121512.33000000002,128937.14,43,59,6.1103346466979795,Stable or Increased
CUST07708,86590.22,97293.96999999999,38,35,12.36138446120126,Stable or Increased
CUST07709,110849.88,81799.11000000002,35,33,-26.20730847881837,Moderate Decline
CUST07710,108769.87999999999,115525.83999999998,48,49,6.211241567978187,Stable or Increased
CUST07711,151246.67,159977.91999999998,50,58,5.772854370942494,Stable or Increased
CUST07712,89679.76999999997,117056.87999999999,36,46,30.52763181707538,Stable or Increased
CUST07713,121425.83999999998,125205.64000000001,44,51,3.112846491323455,Stable or Increased
CUST07714,109791.56000000001,68769.14,40,36,-37.36391030421647,Moderate Decline
CUST07715,218632.2,195757.39999999997,82,68,-10.462685734306312,Low Decline
CUST07716,131266.83000000002,116532.34,49,36,-11.224838750200654,Low Decline
CUST07717,143967.44,134680.93000000002,55,53,-6.450423790268119,Low Decline
CUST07718,128598.22,72959.36,40,41,-43.265653288202586,Moderate Decline
CUST07719,108936.96,158362.08999999997,50,54,45.37039586931741,Stable or Increased
CUST07720,76005.09999999999,113381.79,35,49,49.176555257476146,Stable or Increased
CUST07721,76407.99,89336.28000000001,33,42,16.920076028698055,Stable or Increased
CUST07722,107017.38999999998,174494.87,42,61,63.05281786446111,Stable or Increased
CUST07723,109422.53,162225.79,45,62,48.25629602971162,Stable or Increased
CUST07724,78037.89,120562.21,32,42,54.491888491603255,Stable or Increased
CUST07725,267466.99,386635.5,90,107,44.55447380628166,Stable or Increased
CUST07726,232984.02000000002,205107.71000000002,79,78,-11.964902142215589,Low Decline
CUST07727,118949.31000000001,142943.55000000002,47,54,20.17181940777967,Stable or Increased
CUST07728,298078.99999999994,306681.88,90,110,2.8861073742196077,Stable or Increased
CUST07729,186211.36,265313.29000000004,66,75,42.47964785821878,Stable or Increased
CUST07730,193587.26,167404.33999999997,60,60,-13.525125568697051,Low Decline
CUST07731,299180.14,269977.27999999997,89,104,-9.760962074554831,Low Decline
CUST07732,129955.84999999999,180778.23,47,67,39.107419943003734,Stable or Increased
CUST07733,96741.5,99717.53,40,44,3.0762702666384114,Stable or Increased
CUST07734,99781.04,89492.54999999999,39,46,-10.311067112549644,Low Decline
CUST07735,93530.48000000001,106797.87000000001,42,40,14.185097734984359,Stable or Increased
CUST07736,99881.88999999998,54251.600000000006,28,36,-45.684247664917024,Moderate Decline
CUST07737,91146.18999999999,77731.67,36,43,-14.717587207978735,Low Decline
CUST07738,123994.56,131107.83,55,65,5.736759741717693,Stable or Increased
CUST07739,74972.28,171636.64,47,63,128.93346714278934,Stable or Increased
CUST07740,78396.65,118462.86,35,47,51.10704347698532,Stable or Increased
CUST07741,149731.82,141898.5,59,55,-5.231566677009607,Low Decline
CUST07742,143959.0,140375.43999999997,37,61,-2.489292090109008,Low Decline
CUST07743,236243.08000000002,359152.4700000001,99,104,52.02666253758631,Stable or Increased
CUST07744,121197.48,141743.87999999998,50,61,16.95282773206174,Stable or Increased
CUST07745,260160.77000000005,277417.59,89,101,6.633136886856529,Stable or Increased
CUST07746,176108.52,227394.52,76,81,29.121816479974964,Stable or Increased
CUST07747,69393.83,166162.76,39,53,139.44889624913338,Stable or Increased
CUST07748,82500.69999999998,96349.25,34,42,16.785978785634573,Stable or Increased
CUST07749,207176.29000000004,153915.16000000003,65,66,-25.70812036454557,Moderate Decline
CUST07750,32536.109999999993,105665.03,21,31,224.76233329675867,Stable or Increased
CUST07751,80445.25,91781.60999999999,42,38,14.092019106162248,Stable or Increased
CUST07752,171292.61000000002,196146.96,63,68,14.509878739076937,Stable or Increased
CUST07753,106448.6,207979.93,41,57,95.38061562106029,Stable or Increased
CUST07754,79993.45,112497.78,37,37,40.63373938741235,Stable or Increased
CUST07755,108923.95999999999,125218.97,32,49,14.95998676507906,Stable or Increased
CUST07756,231152.84000000003,223033.85000000003,84,83,-3.5123903301382713,Low Decline
CUST07757,99862.87999999999,70095.73,37,33,-29.80802276080962,Moderate Decline
CUST07758,210511.87,234903.41,75,83,11.586776555640311,Stable or Increased
CUST07759,127044.85,162928.38,53,66,28.244773400889528,Stable or Increased
CUST07760,193991.29,191457.91999999998,71,78,-1.3059194564869507,Low Decline
CUST07761,111097.45,175638.66,51,60,58.09423168578578,Stable or Increased
CUST07762,262930.98,323965.64,92,95,23.21318697401122,Stable or Increased
CUST07763,177951.56,225660.74000000002,71,72,26.810206103278905,Stable or Increased
CUST07764,104251.97,73927.36,35,38,-29.08780524722938,Moderate Decline
CUST07765,135945.39,143277.83,47,53,5.393665794772425,Stable or Increased
CUST07766,280964.5800000001,334295.2,94,110,18.98126091196261,Stable or Increased
CUST07767,95858.82,119852.65,39,41,25.03038322399544,Stable or Increased
CUST07768,147119.91999999998,205793.88000000003,65,66,39.88172369859911,Stable or Increased
CUST07769,183816.26,142606.51,59,62,-22.41899057243358,Low Decline
CUST07770,63155.81999999999,94370.89,37,42,49.425484460497884,Stable or Increased
CUST07771,79636.26999999999,106474.68000000001,38,48,33.70123939757603,Stable or Increased
CUST07772,76639.0,127232.78000000001,36,51,66.01571001709314,Stable or Increased
CUST07773,162104.65,214767.74,52,65,32.48709398527433,Stable or Increased
CUST07774,169297.25,190526.64,55,74,12.539713433029783,Stable or Increased
CUST07775,151189.81,148363.16999999998,46,52,-1.869596899420678,Low Decline
CUST07776,79556.41999999998,100922.66999999998,33,41,26.856726333336773,Stable or Increased
CUST07777,103226.67,103805.76,35,37,0.5609887444785311,Stable or Increased
CUST07778,133291.65,143586.52,46,65,7.723567080158431,Stable or Increased
CUST07779,126773.47,65958.07999999999,39,37,-47.971701019148576,Moderate Decline
CUST07780,106691.71999999999,89831.00999999998,40,45,-15.803203847496327,Low Decline
CUST07781,67930.41,103636.22999999998,35,51,52.562350205158445,Stable or Increased
CUST07782,135783.12,161989.18000000002,46,60,19.299939491742442,Stable or Increased
CUST07783,173649.13000000003,245261.3,64,89,41.23957891410106,Stable or Increased
CUST07784,123442.84000000001,105816.35,48,52,-14.279070377836417,Low Decline
CUST07785,100912.20999999998,114423.20000000001,39,48,13.388855521051454,Stable or Increased
CUST07786,47807.78,108354.12000000001,33,54,126.64537027236992,Stable or Increased
CUST07787,99440.17000000001,128160.87000000001,44,47,28.88239229679514,Stable or Increased
CUST07788,91724.81,123529.72,39,42,34.67427187911319,Stable or Increased
CUST07789,165100.76,118683.44999999998,60,44,-28.114534421283114,Moderate Decline
CUST07790,277081.4,391531.43999999994,89,104,41.30556580124105,Stable or Increased
CUST07791,102651.38,170461.3,44,50,66.05845922383116,Stable or Increased
CUST07792,80685.59999999999,82490.74,33,35,2.2372517524812534,Stable or Increased
CUST07793,128687.73000000001,92531.44,45,51,-28.09614405351622,Moderate Decline
CUST07794,165965.7,102551.96,62,50,-38.20894317319784,Moderate Decline
CUST07795,94621.62000000001,100057.52999999998,30,48,5.744892129304036,Stable or Increased
CUST07796,97442.18000000001,90360.40000000001,39,44,-7.267674019608345,Low Decline
CUST07797,122947.79000000001,156232.61000000002,42,57,27.072320698078435,Stable or Increased
CUST07798,84277.02,140677.65,50,51,66.92290496270512,Stable or Increased
CUST07799,105034.4,186808.06,43,69,77.85416968155195,Stable or Increased
CUST07800,187955.24,240596.61000000002,70,78,28.007396867466973,Stable or Increased
CUST07801,49924.95000000001,126991.09,27,49,154.363980334482,Stable or Increased
CUST07802,99918.21999999999,96076.89,50,47,-3.8444740108460578,Low Decline
CUST07803,122937.64,198583.46,52,57,61.53186282085779,Stable or Increased
CUST07804,85485.36000000002,107782.06999999999,30,42,26.08248944614607,Stable or Increased
CUST07805,163257.79,194421.47,62,74,19.08863276907031,Stable or Increased
CUST07806,70668.76,86522.01,34,36,22.433179809579226,Stable or Increased
CUST07807,117507.81,156154.64,45,51,32.8887330978256,Stable or Increased
CUST07808,131198.54000000004,162045.39,43,63,23.51158023557272,Stable or Increased
CUST07809,139578.72,117230.87,40,48,-16.01092917315763,Low Decline
CUST07810,101246.6,91347.49,44,42,-9.777227087131815,Low Decline
CUST07811,101969.47999999998,156849.89,50,60,53.82042744554552,Stable or Increased
CUST07812,90061.56,108985.77,36,41,21.012527431237043,Stable or Increased
CUST07813,106852.68,188429.72,52,53,76.3453382732188,Stable or Increased
CUST07814,116352.22,162506.83999999997,45,51,39.66801836698944,Stable or Increased
CUST07815,157579.47999999998,222718.21,66,75,41.33706368367253,Stable or Increased
CUST07816,120623.1,80963.04000000001,41,38,-32.879324109561104,Moderate Decline
CUST07817,148860.28,228525.50000000003,60,73,53.516774253010965,Stable or Increased
CUST07818,127174.25,197032.3,57,60,54.93097069571866,Stable or Increased
CUST07819,135767.65,141573.56,47,48,4.276357438609274,Stable or Increased
CUST07820,317608.57000000007,300787.97000000003,84,101,-5.296015784460738,Low Decline
CUST07821,61812.049999999996,171018.49000000002,39,54,176.67500107179757,Stable or Increased
CUST07822,226621.42000000004,223852.96999999997,79,93,-1.221618856681804,Low Decline
CUST07823,26738.510000000006,80491.21999999999,25,34,201.0310596962956,Stable or Increased
CUST07824,209900.98,224529.47,65,78,6.969233778708412,Stable or Increased
CUST07825,317276.06,339676.71,99,115,7.060302627308226,Stable or Increased
CUST07826,63950.57,79661.01,26,30,24.566536310778773,Stable or Increased
CUST07827,110233.87999999999,166827.81,44,60,51.33986937591239,Stable or Increased
CUST07828,171348.28999999998,219409.68,71,81,28.04894638866838,Stable or Increased
CUST07829,44152.369999999995,108514.14,24,44,145.77194836879653,Stable or Increased
CUST07830,93632.82,146175.63999999998,44,57,56.11581494608405,Stable or Increased
CUST07831,58502.07000000001,92506.07999999999,31,38,58.12445610898892,Stable or Increased
CUST07832,71795.63999999998,88016.58000000002,31,42,22.59321039550596,Stable or Increased
CUST07833,93055.51999999999,179589.05,47,62,92.99129165040398,Stable or Increased
CUST07834,147018.27000000002,118234.26000000001,52,56,-19.57852585260322,Low Decline
CUST07835,134038.80000000002,189898.17000000004,50,62,41.67403020617912,Stable or Increased
CUST07836,74106.56,150922.78000000003,42,54,103.6564374327995,Stable or Increased
CUST07837,231881.61,354078.63999999996,91,99,52.69802551396808,Stable or Increased
CUST07838,80960.08,108853.9,38,47,34.45379500613141,Stable or Increased
CUST07839,147282.26999999996,126351.07,56,55,-14.211622349383914,Low Decline
CUST07840,171493.63999999998,209170.26000000004,58,80,21.969689371570897,Stable or Increased
CUST07841,221713.61999999997,348474.41,98,103,57.17320839378294,Stable or Increased
CUST07842,181366.97,241359.1,66,79,33.07775941782564,Stable or Increased
CUST07843,107302.52,128093.81999999999,32,45,19.3763389713494,Stable or Increased
CUST07844,199857.49000000002,200182.67,64,70,0.16270593611477507,Stable or Increased
CUST07845,94156.68999999999,141501.87,44,61,50.28339462655284,Stable or Increased
CUST07846,69638.32,99546.13999999998,31,42,42.947360016726385,Stable or Increased
CUST07847,134913.90000000002,92409.26999999999,46,42,-31.505004302744215,Moderate Decline
CUST07848,73806.21,85686.99000000002,42,42,16.09726336035953,Stable or Increased
CUST07849,151976.71,131419.41,51,49,-13.526612071020612,Low Decline
CUST07850,134364.15,131540.83,59,52,-2.101245012155405,Low Decline
CUST07851,128760.57000000002,141247.89,49,49,9.698093135188817,Stable or Increased
CUST07852,184872.37,226935.43000000002,70,81,22.75248594476288,Stable or Increased
CUST07853,103849.03,179574.06,45,60,72.91837969020992,Stable or Increased
CUST07854,330915.26999999996,355944.54,99,103,7.563649148013031,Stable or Increased
CUST07855,88885.75000000001,73952.05,41,36,-16.80100578551681,Low Decline
CUST07856,109111.39,89621.60999999999,39,44,-17.862278172792056,Low Decline
CUST07857,174245.2,233230.49000000002,67,78,33.85188802905331,Stable or Increased
CUST07858,119330.93,231571.21999999997,66,76,94.05800323520481,Stable or Increased
CUST07859,96007.47,139121.34,39,51,44.90678694064118,Stable or Increased
CUST07860,94469.67,70559.66,44,40,-25.309721098845795,Moderate Decline
CUST07861,94810.5,116281.37000000001,39,44,22.646088777086934,Stable or Increased
CUST07862,210892.93,214036.63,66,78,1.4906616357409477,Stable or Increased
CUST07863,85677.81000000001,95788.34999999999,41,47,11.800651767359573,Stable or Increased
CUST07864,62640.67,127627.54000000002,31,46,103.74548995085786,Stable or Increased
CUST07865,159114.80000000002,319631.15,75,88,100.88084200841152,Stable or Increased
CUST07866,100994.38000000002,122924.22,35,45,21.713921111253892,Stable or Increased
CUST07867,135616.36000000002,128387.3,54,48,-5.330522069756194,Low Decline
CUST07868,101843.05,109364.41999999998,42,40,7.385256038580915,Stable or Increased
CUST07869,133127.90000000002,179339.10999999996,48,52,34.711889844277515,Stable or Increased
CUST07870,90352.74999999999,111994.78,32,38,23.952818259543864,Stable or Increased
CUST07871,39248.53999999999,125300.01999999997,22,48,219.24759494238512,Stable or Increased
CUST07872,103466.91,135745.2,57,53,31.196727533469403,Stable or Increased
CUST07873,84818.16999999998,101796.86000000002,43,48,20.01775091351303,Stable or Increased
CUST07874,116487.53000000001,145948.68,47,59,25.291247912974015,Stable or Increased
CUST07875,54726.43,115822.92000000001,32,36,111.63982375609008,Stable or Increased
CUST07876,330390.83,315357.47,105,113,-4.550174712778815,Low Decline
CUST07877,129547.37,139326.43,48,59,7.548636456301659,Stable or Increased
CUST07878,80760.52999999998,158635.53000000003,39,60,96.42705415628161,Stable or Increased
CUST07879,165590.86000000002,207840.81,60,84,25.514663067756263,Stable or Increased
CUST07880,86984.84999999999,102278.0,31,39,17.581394921069602,Stable or Increased
CUST07881,120392.42999999998,158511.67,46,65,31.66248907842465,Stable or Increased
CUST07882,140146.56,153086.66,54,55,9.233262664456413,Stable or Increased
CUST07883,88232.75,90319.35,33,38,2.3648815207505214,Stable or Increased
CUST07884,78136.09999999999,95703.29000000001,35,46,22.482808842519677,Stable or Increased
CUST07885,63621.149999999994,83570.33999999998,31,40,31.356223520008662,Stable or Increased
CUST07886,169926.99,204816.34,65,86,20.531964933881312,Stable or Increased
CUST07887,150259.03000000003,123361.44999999998,52,56,-17.900807691890492,Low Decline
CUST07888,97976.8,106630.97,37,50,8.83287676266218,Stable or Increased
CUST07889,103577.01,65476.39,36,40,-36.784823195803774,Moderate Decline
CUST07890,78974.25,85800.24000000002,41,51,8.643310952620658,Stable or Increased
CUST07891,125340.10999999999,79922.56999999999,52,43,-36.2354397167834,Moderate Decline
CUST07892,67183.78,88276.42000000001,19,41,31.395435029109727,Stable or Increased
CUST07893,157175.56,259708.94,68,91,65.23493856169496,Stable or Increased
CUST07894,49378.6,119832.04000000001,27,38,142.68010838703407,Stable or Increased
CUST07895,76530.57,109568.25,33,46,43.16925902943097,Stable or Increased
CUST07896,168469.12,185512.80999999997,76,73,10.116803601752043,Stable or Increased
CUST07897,84542.26,122675.62,28,33,45.10567850918582,Stable or Increased
CUST07898,120304.07999999999,247437.91,55,75,105.67707263128568,Stable or Increased
CUST07899,79521.17000000001,95203.53,32,46,19.720987505591257,Stable or Increased
CUST07900,123939.12000000001,163724.04,55,61,32.100373150947014,Stable or Increased
CUST07901,103255.38,180353.37,50,59,74.66728610170239,Stable or Increased
CUST07902,121043.07999999999,130066.13,49,55,7.454412098568558,Stable or Increased
CUST07903,78349.77,113111.95000000001,33,46,44.3679413481367,Stable or Increased
CUST07904,96562.3,137435.66999999998,39,43,42.3284967321615,Stable or Increased
CUST07905,120933.84,107075.36000000002,34,43,-11.459555075733956,Low Decline
CUST07906,158383.81999999998,231160.51,64,75,45.94957363700411,Stable or Increased
CUST07907,209199.2,353982.04000000004,86,109,69.208123166819,Stable or Increased
CUST07908,43612.4,84960.06,29,39,94.80711907622602,Stable or Increased
CUST07909,64792.490000000005,95545.17000000001,23,46,47.46334027292362,Stable or Increased
CUST07910,85911.49,81428.73999999999,41,37,-5.217870159160334,Low Decline
CUST07911,108484.46999999999,106344.72,48,46,-1.972402132766087,Low Decline
CUST07912,127646.65000000001,137500.36000000002,39,54,7.719521037175677,Stable or Increased
CUST07913,145058.91,154853.3,52,54,6.752008546045179,Stable or Increased
CUST07914,106787.96,137874.88999999998,46,59,29.11089414949024,Stable or Increased
CUST07915,112576.20999999999,102465.24,38,48,-8.981444658689421,Low Decline
CUST07916,233392.56999999998,173548.99000000002,74,67,-25.640739120358447,Moderate Decline
CUST07917,227687.68000000002,179640.26,77,78,-21.102336323159868,Low Decline
CUST07918,236695.85,352716.52,83,111,49.016774058353796,Stable or Increased
CUST07919,97523.11,181565.22000000003,40,57,86.17660983124927,Stable or Increased
CUST07920,151699.30000000002,153081.54000000004,53,54,0.9111709810131092,Stable or Increased
CUST07921,105629.95999999999,189686.43,49,70,79.5763531482924,Stable or Increased
CUST07922,91621.67,81292.71999999999,38,41,-11.273479298074365,Low Decline
CUST07923,73165.26,88331.98000000001,32,34,20.729400811259357,Stable or Increased
CUST07924,132925.59999999998,278570.81,53,86,109.56896940845108,Stable or Increased
CUST07925,194902.82,256602.63999999996,70,88,31.656709738730278,Stable or Increased
CUST07926,268625.2,375864.3,84,98,39.921459341863674,Stable or Increased
CUST07927,137761.28,130732.25,56,55,-5.102326285005481,Low Decline
CUST07928,95119.83,129001.34000000003,40,40,35.61981765526707,Stable or Increased
CUST07929,154367.76999999996,203484.42,63,77,31.817943603123936,Stable or Increased
CUST07930,133767.71,132222.05,59,61,-1.155480646263589,Low Decline
CUST07931,74438.74,149793.97,33,46,101.23120031317026,Stable or Increased
CUST07932,82333.43000000001,126462.33,31,50,53.59779132243123,Stable or Increased
CUST07933,164823.25,183992.52000000002,52,66,11.630197802797857,Stable or Increased
CUST07934,144137.06,198976.78,55,58,38.046925613717946,Stable or Increased
CUST07935,99704.98,89396.11,40,45,-10.339373218870307,Low Decline
CUST07936,303966.72,359705.68,103,101,18.337191650454372,Stable or Increased
CUST07937,72421.59,121329.40000000001,43,39,67.53208539055828,Stable or Increased
CUST07938,126063.42000000001,100319.06000000001,40,41,-20.421752797123858,Low Decline
CUST07939,70320.13,75363.21,37,41,7.171602214045966,Stable or Increased
CUST07940,115962.47999999998,140620.37,52,67,21.263679424586314,Stable or Increased
CUST07941,122391.75999999998,192275.01999999996,54,58,57.09801051966243,Stable or Increased
CUST07942,197526.96,157999.69,55,55,-20.011075956416274,Low Decline
CUST07943,87332.34,89186.86,37,42,2.123520336223676,Stable or Increased
CUST07944,142437.86,176582.45,43,65,23.97156907580613,Stable or Increased
CUST07945,104834.25,160930.19,52,59,53.50917281327429,Stable or Increased
CUST07946,322583.2,289555.39,95,104,-10.238540010763115,Low Decline
CUST07947,179043.86999999997,230283.67000000004,62,79,28.618572643676707,Stable or Increased
CUST07948,231599.87,222197.61,67,82,-4.059700033510386,Low Decline
CUST07949,180093.56999999998,291698.01,73,78,61.97025246376095,Stable or Increased
CUST07950,90268.01999999999,88335.35999999999,29,38,-2.141024030437362,Low Decline
CUST07951,156726.86,147721.81000000003,55,54,-5.745696685303311,Low Decline
CUST07952,162464.81,228218.0,74,75,40.472265963318456,Stable or Increased
CUST07953,107135.13,161246.1,60,69,50.507214580315534,Stable or Increased
CUST07954,341437.36999999994,348047.88000000006,104,108,1.9360827433740269,Stable or Increased
CUST07955,88870.72,83570.42,34,38,-5.964056553159469,Low Decline
CUST07956,108884.76000000002,197326.12000000002,49,65,81.22473705227434,Stable or Increased
CUST07957,67531.27,110460.28,33,50,63.56908436639795,Stable or Increased
CUST07958,77229.88,68846.03,40,40,-10.85570766133523,Low Decline
CUST07959,76735.87999999999,133545.03,48,61,74.03205645129763,Stable or Increased
CUST07960,233846.55999999997,340790.02999999997,90,105,45.732325504382025,Stable or Increased
CUST07961,202895.75,245625.42,63,93,21.059913773452628,Stable or Increased
CUST07962,126873.22,125485.9,50,45,-1.0934695280848132,Low Decline
CUST07963,162195.26,228074.08000000002,68,79,40.61698227186171,Stable or Increased
CUST07964,151783.06,183308.31,52,59,20.769939675745107,Stable or Increased
CUST07965,129348.68000000001,73536.03,43,29,-43.14899077439368,Moderate Decline
CUST07966,91641.59999999998,157592.15,45,56,71.9657339025072,Stable or Increased
CUST07967,89306.70000000001,126315.5,35,45,41.44011591515529,Stable or Increased
CUST07968,111903.72,63943.36000000001,27,30,-42.858593083411336,Moderate Decline
CUST07969,99719.14,103559.09,37,45,3.8507652593072876,Stable or Increased
CUST07970,228823.69999999995,377881.07000000007,79,113,65.1407043938194,Stable or Increased
CUST07971,52605.68,98514.74000000002,30,44,87.27015789929912,Stable or Increased
CUST07972,201741.51,205025.94,65,77,1.628038770999579,Stable or Increased
CUST07973,101906.9,119884.68999999999,36,44,17.641386402687154,Stable or Increased
CUST07974,125601.48999999998,185029.76,48,59,47.314940292507714,Stable or Increased
CUST07975,177996.41,335005.98,78,80,88.20940265031187,Stable or Increased
CUST07976,138336.79,138515.59,41,53,0.12924978236085163,Stable or Increased
CUST07977,71834.9,138701.06999999998,43,56,93.08312533322938,Stable or Increased
CUST07978,147057.72,158088.93000000002,63,66,7.501279089598302,Stable or Increased
CUST07979,100500.75000000001,137078.68000000002,38,47,36.39567863921414,Stable or Increased
CUST07980,93073.81999999999,92387.24999999999,41,46,-0.7376617828730002,Low Decline
CUST07981,90995.7,149278.11,47,54,64.04963091662572,Stable or Increased
CUST07982,83944.26000000001,122628.42000000001,32,46,46.08315089084114,Stable or Increased
CUST07983,140119.91999999998,142312.53,52,56,1.564809628780844,Stable or Increased
CUST07984,141682.6,185896.61000000004,56,74,31.206379611893087,Stable or Increased
CUST07985,236528.34000000003,221440.59,77,76,-6.378833927469337,Low Decline
CUST07986,72593.24,105767.73999999999,41,40,45.69915876464528,Stable or Increased
CUST07987,121734.40000000001,97026.22,38,42,-20.296793675411394,Low Decline
CUST07988,174482.61999999997,211089.11000000002,72,77,20.980020818119336,Stable or Increased
CUST07989,148826.19999999998,114494.36,49,54,-23.06841134155141,Low Decline
CUST07990,151160.66,231744.55,58,81,53.310094041664,Stable or Increased
CUST07991,257609.14999999997,314526.93000000005,84,97,22.094626685426388,Stable or Increased
CUST07992,60089.23,102345.56999999999,32,40,70.3226518296207,Stable or Increased
CUST07993,184714.83999999997,191506.39,75,78,3.67677550975333,Stable or Increased
CUST07994,99997.35,138952.92,45,44,38.95660234996228,Stable or Increased
CUST07995,130269.04,94748.78,43,38,-27.266847134207786,Moderate Decline
CUST07996,185345.45999999996,244596.74000000002,58,84,31.96802338724675,Stable or Increased
CUST07997,69019.15,91787.58,31,38,32.988569114513886,Stable or Increased
CUST07998,100442.87,102819.06999999999,39,46,2.365722922891388,Stable or Increased
CUST07999,110432.09,140981.57,49,56,27.6635894512184,Stable or Increased
CUST08000,104726.35999999999,99978.77999999998,38,50,-4.533319023023432,Low Decline
CUST08001,92269.26000000001,133646.0,39,53,44.84347224633641,Stable or Increased
CUST08002,122357.1,114531.39,40,49,-6.395795585217373,Low Decline
CUST08003,130849.12,107688.26999999999,41,37,-17.70042473346401,Low Decline
CUST08004,97928.51000000001,116577.51000000001,46,54,19.04348386389214,Stable or Increased
CUST08005,121178.16999999998,138029.22999999998,49,53,13.906019541308472,Stable or Increased
CUST08006,95242.49,99840.13999999998,31,48,4.827309743791851,Stable or Increased
CUST08007,129334.34999999999,169176.18999999997,47,64,30.805304236654827,Stable or Increased
CUST08008,222409.24,308534.95,91,110,38.72398017276621,Stable or Increased
CUST08009,181487.29,194173.95,66,67,6.990384836315537,Stable or Increased
CUST08010,110337.25000000001,112026.14,41,42,1.5306616759072613,Stable or Increased
CUST08011,128800.37999999999,149062.19999999998,45,58,15.731180296207196,Stable or Increased
CUST08012,54628.149999999994,134405.5,32,42,146.0370706311673,Stable or Increased
CUST08013,69117.11,110475.37000000001,33,35,59.83794750677511,Stable or Increased
CUST08014,229361.84,244009.39,71,84,6.38621925948973,Stable or Increased
CUST08015,114031.91999999998,147098.41000000003,37,46,28.997573661830874,Stable or Increased
CUST08016,252538.06,362174.51,94,98,43.41383235461618,Stable or Increased
CUST08017,73819.17,96974.09999999999,32,38,31.367096107962187,Stable or Increased
CUST08018,124335.82999999999,130830.23,53,64,5.223273130520792,Stable or Increased
CUST08019,119789.79000000001,134924.33,45,58,12.634248711847627,Stable or Increased
CUST08020,93442.73000000003,167322.32,50,55,79.06403205471412,Stable or Increased
CUST08021,80901.33,178330.95,44,59,120.43018328623276,Stable or Increased
CUST08022,71380.54,114392.76000000001,37,43,60.25762763912969,Stable or Increased
CUST08023,79233.55,82817.11,27,38,4.522781069382853,Stable or Increased
CUST08024,182718.31,188373.14,66,61,3.0948348854583956,Stable or Increased
CUST08025,227910.08,211175.11,80,76,-7.342795018105386,Low Decline
CUST08026,137498.74,143227.78,43,59,4.166612726778448,Stable or Increased
CUST08027,228762.9,309582.18,87,102,35.32884047194716,Stable or Increased
CUST08028,102384.04000000001,133293.07,41,52,30.189304895567705,Stable or Increased
CUST08029,282659.27,325294.26,93,105,15.083527952223179,Stable or Increased
CUST08030,134262.64,149121.27000000002,49,55,11.066838846606922,Stable or Increased
CUST08031,227844.49000000002,317382.89,99,109,39.29803174085974,Stable or Increased
CUST08032,146605.25,121616.31999999999,53,47,-17.04504443053711,Low Decline
CUST08033,195034.61,235875.76,65,80,20.940462823495803,Stable or Increased
CUST08034,215492.18000000002,299732.41000000003,97,101,39.09201252685829,Stable or Increased
CUST08035,171848.54,206127.90000000002,66,75,19.947425797158367,Stable or Increased
CUST08036,108737.36000000002,150855.50999999998,38,51,38.73383536256532,Stable or Increased
CUST08037,141722.49000000002,180566.84999999998,58,80,27.408747898798527,Stable or Increased
CUST08038,113588.48999999999,178331.36999999994,41,59,56.997746866781966,Stable or Increased
CUST08039,110360.23999999999,103380.29000000001,30,45,-6.324696285546301,Low Decline
CUST08040,161905.23999999996,238672.56999999998,60,83,47.41497557460156,Stable or Increased
CUST08041,141493.41999999998,168298.02000000002,55,57,18.944061144327446,Stable or Increased
CUST08042,124341.66,162612.52,51,60,30.778791275586947,Stable or Increased
CUST08043,218653.40000000002,248408.18,71,86,13.608194521557849,Stable or Increased
CUST08044,198813.39,267220.20999999996,75,81,34.40755172476056,Stable or Increased
CUST08045,155150.44,109341.93000000001,48,42,-29.525220811491085,Moderate Decline
CUST08046,228126.81,199927.46000000002,52,65,-12.361260826818198,Low Decline
CUST08047,82515.97,124332.44999999998,37,60,50.676832617976835,Stable or Increased
CUST08048,148822.7,170321.78999999998,50,63,14.446109363692479,Stable or Increased
CUST08049,245113.73,309277.95,91,105,26.177325929477714,Stable or Increased
CUST08050,77372.63,117044.15000000001,35,38,51.27332494707754,Stable or Increased
CUST08051,115215.43,110030.83,33,39,-4.499918109926762,Low Decline
CUST08052,127412.37999999999,136279.34999999998,58,61,6.959268793189474,Stable or Increased
CUST08053,126257.87,136428.05,45,48,8.055085991867275,Stable or Increased
CUST08054,80863.39,61863.11,30,36,-23.49676411043366,Low Decline
CUST08055,143421.31,101137.26000000001,45,50,-29.482403974695245,Moderate Decline
CUST08056,156631.29,108640.54,54,53,-30.63931223448394,Moderate Decline
CUST08057,93773.33000000002,158713.89,34,45,69.25269690220021,Stable or Increased
CUST08058,125564.24,197256.03,41,67,57.0957065482975,Stable or Increased
CUST08059,159259.71,203415.76,68,63,27.72581338996537,Stable or Increased
CUST08060,92355.94999999998,102732.28,35,45,11.235150523599204,Stable or Increased
CUST08061,112953.20000000001,160986.63,51,62,42.52507233084143,Stable or Increased
CUST08062,108945.65000000001,136184.99,45,54,25.002687119678463,Stable or Increased
CUST08063,276363.92000000004,272768.25,93,108,-1.3010634673296142,Low Decline
CUST08064,242714.66999999998,360294.26,79,104,48.44354484218034,Stable or Increased
CUST08065,89902.58,176903.02999999997,44,62,96.77191689048297,Stable or Increased
CUST08066,63662.82000000001,107108.59,28,43,68.24355251620959,Stable or Increased
CUST08067,234311.64,335592.16,88,105,43.22470706107471,Stable or Increased
CUST08068,81054.88,86245.76,35,35,6.404154814614481,Stable or Increased
CUST08069,121103.52999999998,173979.45,39,53,43.661749579058544,Stable or Increased
CUST08070,296621.5,326425.06,95,103,10.04767355029895,Stable or Increased
CUST08071,136148.6,170627.44999999998,57,65,25.324424929819312,Stable or Increased
CUST08072,81250.03,139295.81999999998,44,51,71.44094592949686,Stable or Increased
CUST08073,90847.53,60451.64999999999,33,34,-33.458124838396834,Moderate Decline
CUST08074,255728.88999999998,272558.78,66,79,6.58114536844079,Stable or Increased
CUST08075,83059.44,72823.66999999998,36,37,-12.32342765614603,Low Decline
CUST08076,64992.88999999999,137859.33000000002,43,47,112.11447898377813,Stable or Increased
CUST08077,73330.30999999998,125660.28,32,46,71.36199206030908,Stable or Increased
CUST08078,157321.7,150602.19,50,60,-4.27119081474457,Low Decline
CUST08079,206826.77000000002,227368.43,67,79,9.931818787287531,Stable or Increased
CUST08080,58433.48,137565.41999999998,35,45,135.42226134743296,Stable or Increased
CUST08081,79980.85,124532.4,49,58,55.70277135089211,Stable or Increased
CUST08082,109321.34999999998,178032.06,44,58,62.852050400036255,Stable or Increased
CUST08083,97562.76999999999,143076.76,43,57,46.6509817218187,Stable or Increased
CUST08084,111428.42,141673.71,46,50,27.143245861334115,Stable or Increased
CUST08085,121413.37000000001,132431.62,55,57,9.074989023037565,Stable or Increased
CUST08086,163883.99,205913.7,60,79,25.64601337812194,Stable or Increased
CUST08087,60419.84,126418.56,27,43,109.23352329301105,Stable or Increased
CUST08088,62994.7,122489.52000000002,34,49,94.44416752520453,Stable or Increased
CUST08089,193987.64999999997,205735.28,73,87,6.055864896554,Stable or Increased
CUST08090,79673.54999999999,81802.63,32,32,2.6722544683900953,Stable or Increased
CUST08091,271294.83,327976.9,98,105,20.8931626157417,Stable or Increased
CUST08092,124574.28,116376.20000000001,45,53,-6.5808768872675705,Low Decline
CUST08093,68941.83,121331.51000000001,38,35,75.99113629562778,Stable or Increased
CUST08094,92468.41999999998,177737.73,43,66,92.21452037355027,Stable or Increased
CUST08095,57881.08,95042.15,30,48,64.20244750097957,Stable or Increased
CUST08096,144645.56999999998,240776.87,61,82,66.45989918668096,Stable or Increased
CUST08097,116415.91999999998,152951.97999999998,52,48,31.38407530516445,Stable or Increased
CUST08098,79266.12,82723.39,40,39,4.361598624986318,Stable or Increased
CUST08099,190873.13999999998,318851.10000000003,63,94,67.04870051385966,Stable or Increased
CUST08100,219613.11,222645.38,74,79,1.3807326894100351,Stable or Increased
CUST08101,129037.81000000001,156797.53999999998,45,48,21.51286510519666,Stable or Increased
CUST08102,97642.85,178837.88,46,62,83.15512093307395,Stable or Increased
CUST08103,215099.64,215360.36,65,82,0.12120894298101663,Stable or Increased
CUST08104,73652.03000000001,93718.34999999999,38,41,27.244761617568415,Stable or Increased
CUST08105,301090.32999999996,234246.61000000002,99,106,-22.200553568093653,Low Decline
CUST08106,149831.47,139398.49000000002,57,56,-6.963143323628862,Low Decline
CUST08107,282360.48,301260.31,90,106,6.6935110749209725,Stable or Increased
CUST08108,224960.45999999996,413426.52,89,115,83.7774158178731,Stable or Increased
CUST08109,76679.54000000001,61345.399999999994,35,31,-19.997694300200564,Low Decline
CUST08110,124642.0,80826.01,37,39,-35.15347154249772,Moderate Decline
CUST08111,103849.19,114175.68,53,51,9.94373668200974,Stable or Increased
CUST08112,65534.78999999999,91764.92,43,37,40.02474105738342,Stable or Increased
CUST08113,123240.14000000001,214461.1,45,63,74.01887079972482,Stable or Increased
CUST08114,117875.21,109578.99,39,42,-7.038138044462445,Low Decline
CUST08115,244998.34999999998,484864.0300000001,93,115,97.90501854400249,Stable or Increased
CUST08116,74253.16999999998,87690.1,40,41,18.0961028330508,Stable or Increased
CUST08117,96897.44,75605.72,33,32,-21.97345977355026,Low Decline
CUST08118,124741.68,145197.91999999998,44,56,16.398881272081628,Stable or Increased
CUST08119,87970.63,107807.45999999999,35,38,22.549378127677368,Stable or Increased
CUST08120,189757.76,209990.15999999997,69,71,10.662225355105353,Stable or Increased
CUST08121,101321.45999999999,99706.85,43,44,-1.5935518497265893,Low Decline
CUST08122,107850.08,162460.25,59,54,50.63526146665816,Stable or Increased
CUST08123,117736.22999999998,125212.06000000001,50,52,6.3496427565245055,Stable or Increased
CUST08124,234428.28999999998,375912.38,93,100,60.35282260515573,Stable or Increased
CUST08125,327612.45000000007,291500.86,98,98,-11.022654969309034,Low Decline
CUST08126,162121.29,199140.56999999998,55,80,22.834311273985033,Stable or Increased
CUST08127,86506.81,159724.96000000002,41,59,84.63859666077158,Stable or Increased
CUST08128,66471.05,112756.15999999999,32,57,69.63198264507628,Stable or Increased
CUST08129,59484.149999999994,68483.45000000001,33,27,15.128904086214593,Stable or Increased
CUST08130,327541.01,323933.91000000003,94,96,-1.1012666780260514,Low Decline
CUST08131,344285.89999999997,307324.08999999997,105,105,-10.7357896445948,Low Decline
CUST08132,74957.04000000001,102247.55,35,38,36.40820128436234,Stable or Increased
CUST08133,136747.24,184983.59999999998,41,70,35.27410132738327,Stable or Increased
CUST08134,167811.12999999998,182949.72,57,61,9.021207353767315,Stable or Increased
CUST08135,137736.85,141480.40999999997,58,58,2.7179073719196922,Stable or Increased
CUST08136,70649.67000000001,140038.32,41,70,98.21510843575062,Stable or Increased
CUST08137,78254.65,156342.49,42,77,99.78683694834749,Stable or Increased
CUST08138,188642.08999999997,288864.19,55,81,53.12817515963699,Stable or Increased
CUST08139,91295.43,161198.72,30,65,76.56822471836763,Stable or Increased
CUST08140,69994.48,138256.75,25,48,97.5252191315658,Stable or Increased
CUST08141,107915.75,79153.06,35,42,-26.65291210967815,Moderate Decline
CUST08142,87830.02,92540.81000000001,40,41,5.363530601495944,Stable or Increased
CUST08143,166271.99000000002,175894.4,53,62,5.787150319184833,Stable or Increased
CUST08144,128841.04000000002,172104.81,46,58,33.57918408606447,Stable or Increased
CUST08145,79875.56,112522.88999999998,35,42,40.87274004714332,Stable or Increased
CUST08146,61402.36,89365.28,27,41,45.54046456846284,Stable or Increased
CUST08147,307749.72000000003,375379.97,95,112,21.97573079839031,Stable or Increased
CUST08148,205478.41999999998,244131.65000000002,69,80,18.81133308305565,Stable or Increased
CUST08149,134465.9,135800.18000000002,51,59,0.9922813144447983,Stable or Increased
CUST08150,119322.73000000001,70986.85,41,39,-40.50852674926227,Moderate Decline
CUST08151,158516.31,231051.11,69,74,45.75857209898464,Stable or Increased
CUST08152,73783.84999999999,123536.02999999998,31,45,67.42963399172041,Stable or Increased
CUST08153,233168.11000000004,331693.32000000007,77,100,42.255010773128454,Stable or Increased
CUST08154,163552.43,138133.02,50,50,-15.542055841053543,Low Decline
CUST08155,89910.12000000001,118430.24000000002,33,35,31.72070062858331,Stable or Increased
CUST08156,63452.799999999996,103643.44,30,47,63.339427101719714,Stable or Increased
CUST08157,179249.24000000002,198097.28,56,77,10.514990189079729,Stable or Increased
CUST08158,86589.64000000001,84042.51000000001,32,32,-2.941610566806842,Low Decline
CUST08159,103353.79000000001,121229.84000000003,50,56,17.295979179863668,Stable or Increased
CUST08160,129447.81,148680.65,41,42,14.8576016851888,Stable or Increased
CUST08161,253425.36000000002,347226.72,102,97,37.01340702445878,Stable or Increased
CUST08162,224614.4,291238.73000000004,78,86,29.661646804479165,Stable or Increased
CUST08163,71955.4,111828.02000000002,28,40,55.41296414167669,Stable or Increased
CUST08164,112554.39000000001,176864.34,52,68,57.13677627323108,Stable or Increased
CUST08165,98176.58,117388.65,41,50,19.568893110760218,Stable or Increased
CUST08166,80584.12,96333.58999999998,39,42,19.54413599106125,Stable or Increased
CUST08167,106296.57,164371.24000000002,48,64,54.63456628939203,Stable or Increased
CUST08168,70234.74,106274.55999999998,33,51,51.31338138362864,Stable or Increased
CUST08169,79432.26999999999,108920.54999999997,32,44,37.12380371352851,Stable or Increased
CUST08170,327555.37,398231.50999999995,95,112,21.576852792857572,Stable or Increased
CUST08171,73658.11,108713.15999999999,32,42,47.59156866772714,Stable or Increased
CUST08172,154224.2,145628.74,47,65,-5.573353598203148,Low Decline
CUST08173,319328.85,333208.41000000003,105,105,4.346478559641591,Stable or Increased
CUST08174,52164.43,149401.4,37,44,186.40473978149478,Stable or Increased
CUST08175,76666.22000000002,63319.770000000004,34,31,-17.408514466997342,Low Decline
CUST08176,196616.18,246798.62000000002,66,79,25.523046984230916,Stable or Increased
CUST08177,99213.34,148680.69,42,57,49.85957533533294,Stable or Increased
CUST08178,177243.81,281735.76,62,84,58.95379364729297,Stable or Increased
CUST08179,84734.17,160490.71999999997,49,60,89.40495906196989,Stable or Increased
CUST08180,259804.91999999998,405576.88000000006,97,103,56.108236903288855,Stable or Increased
CUST08181,114790.57999999997,50923.509999999995,44,34,-55.637901646633374,High Decline
CUST08182,104576.36,167337.91000000003,51,64,60.01504546534229,Stable or Increased
CUST08183,145975.10000000003,253521.02000000002,66,88,73.67415401667816,Stable or Increased
CUST08184,48288.28999999999,77654.57,25,36,60.81449560545635,Stable or Increased
CUST08185,112165.91,180917.51,51,64,61.29455910445518,Stable or Increased
CUST08186,106387.26,140617.37999999998,40,48,32.17501794857766,Stable or Increased
CUST08187,97611.14,207621.23000000004,43,63,112.70239237037907,Stable or Increased
CUST08188,66102.48999999999,68171.02,34,35,3.129276975799268,Stable or Increased
CUST08189,127366.34,140033.26,52,50,9.945264973461603,Stable or Increased
CUST08190,103978.31999999999,197877.35,44,60,90.30635424769319,Stable or Increased
CUST08191,97887.95,175058.34999999998,47,58,78.83544399489415,Stable or Increased
CUST08192,69436.59,72336.12,38,28,4.1757954991741375,Stable or Increased
CUST08193,77171.0,90854.65,34,43,17.731596065879664,Stable or Increased
CUST08194,89654.88,166866.10000000003,42,60,86.12048780836027,Stable or Increased
CUST08195,97393.33999999998,164947.38,51,67,69.36207342309037,Stable or Increased
CUST08196,359184.28,305044.14,99,103,-15.073081706137032,Low Decline
CUST08197,70714.97,92068.48999999999,32,33,30.196604764168026,Stable or Increased
CUST08198,226412.63999999998,409938.68,71,117,81.0582130043623,Stable or Increased
CUST08199,158252.2,236818.40999999997,57,81,49.64620397062408,Stable or Increased
CUST08200,83633.9,102827.56999999999,30,39,22.94962927712327,Stable or Increased
CUST08201,110534.73,151556.24,47,52,37.11187424983984,Stable or Increased
CUST08202,99278.99999999999,102339.66,37,44,3.0828876197383317,Stable or Increased
CUST08203,114103.17000000001,188951.19999999998,43,61,65.5968015612537,Stable or Increased
CUST08204,198793.58,234367.43000000002,62,85,17.894868637105905,Stable or Increased
CUST08205,83981.09000000001,69084.67,30,33,-17.737826455931938,Low Decline
CUST08206,219367.02,233673.37,66,77,6.521650337411707,Stable or Increased
CUST08207,109738.84999999998,129848.76,40,56,18.325242154442137,Stable or Increased
CUST08208,60602.799999999996,123768.85999999999,37,52,104.22960655283254,Stable or Increased
CUST08209,104556.08000000002,99808.37,43,55,-4.5408263201910595,Low Decline
CUST08210,68275.37,74804.43,27,28,9.562833566482317,Stable or Increased
CUST08211,118544.11,93787.59000000001,44,46,-20.883804349283984,Low Decline
CUST08212,142225.82,160091.97999999998,57,67,12.561825975058518,Stable or Increased
CUST08213,110986.40000000001,125236.84999999999,49,54,12.839816409938496,Stable or Increased
CUST08214,92098.66,159575.72,47,53,73.26606054854652,Stable or Increased
CUST08215,75680.40999999999,91180.59000000001,37,47,20.4810994020778,Stable or Increased
CUST08216,166023.03,196473.71000000002,60,75,18.341238561903143,Stable or Increased
CUST08217,145134.95,189342.79,52,65,30.459816880771996,Stable or Increased
CUST08218,292706.87,388582.71,92,97,32.754899124848016,Stable or Increased
CUST08219,107715.74,110351.18000000001,42,63,2.446661927031279,Stable or Increased
CUST08220,75954.5,112930.79999999999,37,38,48.682171563238505,Stable or Increased
CUST08221,166686.35000000003,195902.28,66,78,17.52748800366674,Stable or Increased
CUST08222,251759.12999999995,288476.12000000005,89,109,14.58417416679193,Stable or Increased
CUST08223,157583.10000000003,145832.28,56,63,-7.456903690814583,Low Decline
CUST08224,83155.52,103430.26,32,31,24.38171272334054,Stable or Increased
CUST08225,108441.66,152947.63,55,60,41.04139497680135,Stable or Increased
CUST08226,180966.60999999996,158867.73,74,80,-12.211578699518077,Low Decline
CUST08227,84838.39,78939.17000000001,33,43,-6.953479433072676,Low Decline
CUST08228,74872.09,66393.15,35,38,-11.324567004874584,Low Decline
CUST08229,235902.82,219258.80999999997,75,80,-7.055451901761936,Low Decline
CUST08230,81089.37000000001,137719.96,38,41,69.83725487076786,Stable or Increased
CUST08231,226561.37000000002,243419.38000000003,78,86,7.440813939287182,Stable or Increased
CUST08232,270342.47000000003,359509.18999999994,85,110,32.98287538765178,Stable or Increased
CUST08233,98468.22999999998,119185.21000000002,42,42,21.039252965144232,Stable or Increased
CUST08234,282492.32,418254.37999999995,96,112,48.05867288710714,Stable or Increased
CUST08235,163023.16,242630.91999999998,71,81,48.83217820093782,Stable or Increased
CUST08236,130785.13999999998,185565.04,53,62,41.88541603426813,Stable or Increased
CUST08237,113962.93000000001,156713.22,52,60,37.512452514164025,Stable or Increased
CUST08238,85733.84,126980.87999999998,36,47,48.11057104172633,Stable or Increased
CUST08239,107968.93000000001,177284.25999999998,49,56,64.19933030733931,Stable or Increased
CUST08240,71544.98,96795.15,38,44,35.29272074714397,Stable or Increased
CUST08241,118117.31,169735.84000000003,47,60,43.70107141789804,Stable or Increased
CUST08242,123744.60999999999,172478.97,49,65,39.38301635925801,Stable or Increased
CUST08243,200008.83000000002,190617.75999999998,60,81,-4.6953277012820065,Low Decline
CUST08244,80152.25,102900.55000000002,33,34,28.381361720974795,Stable or Increased
CUST08245,106228.28000000001,57330.16,33,35,-46.03116985420455,Moderate Decline
CUST08246,112684.64000000001,112173.81,40,37,-0.4533270905422569,Low Decline
CUST08247,223720.32,232215.58000000002,73,88,3.7972679459782683,Stable or Increased
CUST08248,48597.81999999999,97310.20999999999,27,40,100.235751315594,Stable or Increased
CUST08249,75443.65999999999,112481.96,37,44,49.0939861613289,Stable or Increased
CUST08250,144490.04,192202.73999999996,61,72,33.02144563043927,Stable or Increased
CUST08251,74635.58,142120.12,35,38,90.41872522461806,Stable or Increased
CUST08252,103970.81000000001,144024.69,35,52,38.52415884804589,Stable or Increased
CUST08253,65571.42000000001,124730.88,43,43,90.22141048645885,Stable or Increased
CUST08254,320334.04999999993,368185.68999999994,96,111,14.938043582941004,Stable or Increased
CUST08255,176851.65,178113.86000000002,54,59,0.713711181094449,Stable or Increased
CUST08256,119238.91,149565.46000000002,54,58,25.43343443847316,Stable or Increased
CUST08257,96672.04,73663.7,37,41,-23.800408060076105,Low Decline
CUST08258,111063.59999999998,162373.12000000002,52,63,46.19832240265943,Stable or Increased
CUST08259,147104.34,128125.70999999999,52,59,-12.901475238595955,Low Decline
CUST08260,77853.81999999999,67402.75000000001,31,33,-13.423965580622735,Low Decline
CUST08261,299391.24,297466.83999999997,99,105,-0.642770977534287,Low Decline
CUST08262,124507.09999999999,183532.2,51,48,47.407015342900145,Stable or Increased
CUST08263,166670.65999999997,179416.5,53,58,7.647320770194363,Stable or Increased
CUST08264,94551.31000000001,94260.08999999998,37,36,-0.30800207844823113,Low Decline
CUST08265,131183.04,142905.12999999998,55,55,8.935674916513573,Stable or Increased
CUST08266,155029.56,131274.97,60,53,-15.32261976361153,Low Decline
CUST08267,156194.57999999996,175675.63999999998,62,70,12.472302175914193,Stable or Increased
CUST08268,197355.27000000002,185910.07,68,72,-5.799287751474795,Low Decline
CUST08269,170465.9,193979.83,65,82,13.793920074337443,Stable or Increased
CUST08270,118000.89000000001,142207.93,43,55,20.51428595157204,Stable or Increased
CUST08271,186883.56,199822.6,71,66,6.923583861523191,Stable or Increased
CUST08272,53610.42,92393.79000000001,27,41,72.34296989279325,Stable or Increased
CUST08273,139180.62000000002,129145.72,56,70,-7.20998368882106,Low Decline
CUST08274,69542.14000000001,150329.42,29,41,116.1702530293143,Stable or Increased
CUST08275,167199.12,202050.68,74,69,20.844344156835277,Stable or Increased
CUST08276,108692.51,130892.49,48,55,20.424572033528356,Stable or Increased
CUST08277,97473.63,102288.87,43,43,4.940043784149611,Stable or Increased
CUST08278,269226.86,462226.3,99,114,71.68654717437926,Stable or Increased
CUST08279,117891.31,117389.90000000001,43,40,-0.42531548763007976,Low Decline
CUST08280,356538.33,343278.42000000004,87,104,-3.7190699804983027,Low Decline
CUST08281,185276.25000000003,227081.16999999998,81,81,22.563561168795218,Stable or Increased
CUST08282,145369.06000000003,167821.63999999998,41,62,15.445226102445702,Stable or Increased
CUST08283,66654.92000000001,70997.93000000001,27,44,6.515663059831133,Stable or Increased
CUST08284,78237.41999999998,74757.38,40,32,-4.448050561994478,Low Decline
CUST08285,68699.49,98142.46999999999,31,48,42.85763984565239,Stable or Increased
CUST08286,190910.84000000003,220990.61000000002,66,78,15.755925645709791,Stable or Increased
CUST08287,58491.57,90334.84,28,30,54.44078522768323,Stable or Increased
CUST08288,49127.170000000006,77393.67999999998,28,40,57.537427863237326,Stable or Increased
CUST08289,81829.63,104039.98000000001,38,44,27.142185538416836,Stable or Increased
CUST08290,148261.79,180897.38,52,66,22.012138124057447,Stable or Increased
CUST08291,127263.61000000002,143746.86999999997,54,58,12.952060687261621,Stable or Increased
CUST08292,157936.42,134516.88999999998,54,64,-14.828454386898239,Low Decline
CUST08293,201321.78,240702.16999999998,72,81,19.56091884345548,Stable or Increased
CUST08294,80946.62,92286.93,30,41,14.00961522544116,Stable or Increased
CUST08295,120368.04999999997,112946.69,35,42,-6.1655563914178,Low Decline
CUST08296,133697.05,153242.06000000003,61,59,14.618879025378675,Stable or Increased
CUST08297,122728.24999999999,115873.9,45,44,-5.584981452925461,Low Decline
CUST08298,98624.66,120171.14,38,41,21.846949839928467,Stable or Increased
CUST08299,160699.90999999997,229207.73,73,81,42.63090128675246,Stable or Increased
CUST08300,100897.25,108051.16000000002,41,47,7.09029235187284,Stable or Increased
CUST08301,200401.3,227249.76000000004,75,74,13.397348220795001,Stable or Increased
CUST08302,160742.78,167694.51,64,61,4.324754119594056,Stable or Increased
CUST08303,69376.67,108415.52,31,34,56.270861659978785,Stable or Increased
CUST08304,66873.13,97384.54999999999,30,39,45.625829088604014,Stable or Increased
CUST08305,71355.87,64267.14000000001,43,34,-9.9343333631837,Low Decline
CUST08306,131305.22,73473.3,41,41,-44.043884927042505,Moderate Decline
CUST08307,182378.09,194850.47,79,81,6.838749106320833,Stable or Increased
CUST08308,172409.34,317340.63999999996,78,88,84.06232516173425,Stable or Increased
CUST08309,109676.07,106679.23000000001,41,35,-2.732446558305742,Low Decline
CUST08310,90954.78,111000.99999999999,29,38,22.03976525477824,Stable or Increased
CUST08311,109592.31,130275.41000000002,49,52,18.872765798987192,Stable or Increased
CUST08312,94418.79000000001,62567.85,37,40,-33.73368796613472,Moderate Decline
CUST08313,53353.12999999999,118826.22000000002,26,40,122.71649292178367,Stable or Increased
CUST08314,108583.75,141544.37000000002,48,47,30.355020894010405,Stable or Increased
CUST08315,207727.24999999997,243957.13999999998,68,79,17.441086809746924,Stable or Increased
CUST08316,72602.8,77480.06,30,30,6.717729894714797,Stable or Increased
CUST08317,44103.72,95136.79999999999,30,38,115.71150914253943,Stable or Increased
CUST08318,88928.0,152668.26,50,45,71.67625494782297,Stable or Increased
CUST08319,111512.57,116731.17000000001,38,52,4.679831161634967,Stable or Increased
CUST08320,79228.31999999999,103133.63,38,34,30.172683202168134,Stable or Increased
CUST08321,267268.39,333831.55000000005,103,106,24.90498782890114,Stable or Increased
CUST08322,157621.44,226493.23,65,80,43.69443014858893,Stable or Increased
CUST08323,85394.88,135543.62999999998,34,50,58.72571048756081,Stable or Increased
CUST08324,74711.84,90532.99000000002,33,39,21.176228560292483,Stable or Increased
CUST08325,152640.31,244896.21000000002,53,91,60.440063309619866,Stable or Increased
CUST08326,69553.45000000001,65783.82999999999,31,38,-5.419745533830492,Low Decline
CUST08327,113743.8,145614.56,46,60,28.019777781294447,Stable or Increased
CUST08328,44125.59,101711.82999999999,32,36,130.50531448984592,Stable or Increased
CUST08329,110041.26000000001,142530.4,49,62,29.52450744384423,Stable or Increased
CUST08330,117765.09,79429.16,37,49,-32.55288133350893,Moderate Decline
CUST08331,107840.22,140045.21000000002,50,55,29.863616747072676,Stable or Increased
CUST08332,316007.0299999999,390787.48000000004,103,112,23.66417291412794,Stable or Increased
CUST08333,128437.84,101587.99999999999,51,54,-20.904929575271595,Low Decline
CUST08334,178774.16999999998,191033.16,72,74,6.8572490086235725,Stable or Increased
CUST08335,173513.41999999998,147426.75,55,48,-15.034381778654344,Low Decline
CUST08336,62734.200000000004,93747.75,28,43,49.43643180274873,Stable or Increased
CUST08337,248568.45,364628.29000000004,92,118,46.6912997204593,Stable or Increased
CUST08338,234307.65000000002,328942.77,88,104,40.38925745702284,Stable or Increased
CUST08339,108200.89999999998,95183.58,42,44,-12.030694753925317,Low Decline
CUST08340,217234.83999999997,310815.33999999997,92,105,43.07803481246379,Stable or Increased
CUST08341,307251.21,355330.82999999996,98,104,15.64830940779694,Stable or Increased
CUST08342,84687.89,126548.13,38,45,49.42883805464985,Stable or Increased
CUST08343,162439.75,151285.63,59,53,-6.866619777486727,Low Decline
CUST08344,107209.54,76640.78,33,34,-28.51309687552059,Moderate Decline
CUST08345,101339.27999999998,129357.88999999998,41,42,27.648321559024303,Stable or Increased
CUST08346,74646.61,147099.32,41,54,97.0609515957925,Stable or Increased
CUST08347,59181.19999999999,121797.4,31,51,105.80420809311067,Stable or Increased
CUST08348,132282.34,267230.77,64,80,102.01545421709355,Stable or Increased
CUST08349,68543.42,93154.14,26,38,35.90529915198279,Stable or Increased
CUST08350,188012.33000000002,261143.62,65,70,38.897071271868164,Stable or Increased
CUST08351,313418.56999999995,382285.04000000004,95,111,21.972683367166184,Stable or Increased
CUST08352,105019.92,141336.94,47,56,34.58107757080752,Stable or Increased
CUST08353,166363.68999999997,183861.28,69,71,10.51767365823638,Stable or Increased
CUST08354,84094.73999999999,182126.58,44,67,116.57309363225335,Stable or Increased
CUST08355,66061.19,108164.41999999998,37,52,63.73368387702368,Stable or Increased
CUST08356,181756.56,213150.25000000003,62,84,17.272383456200995,Stable or Increased
CUST08357,125751.46999999999,160124.16,47,56,27.33382758865564,Stable or Increased
CUST08358,139981.89,145829.38999999998,48,57,4.177326081252347,Stable or Increased
CUST08359,89898.98000000001,176283.23,32,53,96.09035608635381,Stable or Increased
CUST08360,110257.48000000001,143998.83,54,63,30.602322853741963,Stable or Increased
CUST08361,90308.21999999999,154173.95,31,48,70.71973071775751,Stable or Increased
CUST08362,288431.14999999997,265533.28,105,85,-7.938764589053553,Low Decline
CUST08363,316833.91,355366.43000000005,92,106,12.161741146962482,Stable or Increased
CUST08364,67040.45000000001,63260.22,26,29,-5.638730050290548,Low Decline
CUST08365,201483.25,209321.16999999998,76,61,3.890109971920735,Stable or Increased
CUST08366,104892.04,89151.25,33,33,-15.006658274545899,Low Decline
CUST08367,173306.24,222385.06000000003,66,80,28.31913034406611,Stable or Increased
CUST08368,110101.57999999999,113658.4,40,41,3.2304895170441763,Stable or Increased
CUST08369,90794.52,176914.6,46,63,94.85162760924338,Stable or Increased
CUST08370,154775.41,179378.31,53,68,15.895871314442,Stable or Increased
CUST08371,215366.28999999998,230155.65,79,76,6.8670728367006815,Stable or Increased
CUST08372,111604.74,142040.68,34,52,27.271189377798816,Stable or Increased
CUST08373,326217.95999999996,358736.56,94,107,9.968365935462304,Stable or Increased
CUST08374,65390.52,133797.97999999998,33,53,104.61372688273468,Stable or Increased
CUST08375,56047.38,101545.79999999999,26,37,81.17849576554693,Stable or Increased
CUST08376,87969.05,124129.86,40,47,41.106286813373565,Stable or Increased
CUST08377,74423.01000000001,89774.25,33,40,20.627007695603805,Stable or Increased
CUST08378,159168.44,152925.01,56,67,-3.9225301196644216,Low Decline
CUST08379,90882.38,79948.96999999999,39,43,-12.030285738555722,Low Decline
CUST08380,77877.44,161414.39,42,69,107.26720087357778,Stable or Increased
CUST08381,299702.69999999995,464327.84,92,112,54.929481783113765,Stable or Increased
CUST08382,173716.29,202250.02000000002,75,72,16.425477426440555,Stable or Increased
CUST08383,130435.39,135341.24999999997,51,53,3.7611418189495747,Stable or Increased
CUST08384,232944.87,245031.61,70,84,5.188669748340022,Stable or Increased
CUST08385,87731.49,62929.729999999996,33,35,-28.27007725504264,Moderate Decline
CUST08386,93689.51,115282.14000000001,40,42,23.047009211596922,Stable or Increased
CUST08387,271999.46,391537.72000000003,98,114,43.94797695554248,Stable or Increased
CUST08388,252062.91,299535.95000000007,84,110,18.833806211314496,Stable or Increased
CUST08389,193322.05000000002,269162.29000000004,65,89,39.22999988878662,Stable or Increased
CUST08390,99724.90000000001,153561.18,39,60,53.98479216324105,Stable or Increased
CUST08391,172435.17,191668.15,51,71,11.153745491711453,Stable or Increased
CUST08392,58940.57,102252.48000000001,32,47,73.48403654732218,Stable or Increased
CUST08393,137536.63999999998,177121.18,53,59,28.781086988892568,Stable or Increased
CUST08394,149957.2,199619.93,47,53,33.11793631782934,Stable or Increased
CUST08395,137303.09,98861.90000000001,48,50,-27.997323294035105,Moderate Decline
CUST08396,86341.50999999998,120707.35999999999,37,52,39.80223417450078,Stable or Increased
CUST08397,88919.79,147123.28,42,45,65.45617123027395,Stable or Increased
CUST08398,63131.590000000004,130354.06999999999,36,38,106.47994134156922,Stable or Increased
CUST08399,208621.46000000002,226943.0,63,85,8.782193356330637,Stable or Increased
CUST08400,119445.42,147971.96,51,58,23.882489592317558,Stable or Increased
CUST08401,115872.05,129542.08,39,54,11.797521490298998,Stable or Increased
CUST08402,250752.62000000005,390287.95,82,114,55.646608996548046,Stable or Increased
CUST08403,302726.52,364137.48000000004,100,116,20.285953143451064,Stable or Increased
CUST08404,202364.36999999997,217111.44,75,77,7.287384631988348,Stable or Increased
CUST08405,160999.12000000002,167456.34999999998,56,62,4.010723785322523,Stable or Increased
CUST08406,101149.94,150562.19,49,59,48.85049857666747,Stable or Increased
CUST08407,86195.62,106341.32999999999,40,50,23.37208085515249,Stable or Increased
CUST08408,149114.48000000004,267573.41000000003,56,79,79.44160084252044,Stable or Increased
CUST08409,150746.82,289165.78,64,89,91.82214258317357,Stable or Increased
CUST08410,83943.66999999998,98854.02000000002,33,43,17.762327999240487,Stable or Increased
CUST08411,128396.34,154131.31,50,59,20.04338285655183,Stable or Increased
CUST08412,99112.98000000001,142291.71,44,56,43.56516169728725,Stable or Increased
CUST08413,66186.92,100191.31,38,46,51.376299123754364,Stable or Increased
CUST08414,95723.15,111381.39,36,35,16.357840292552016,Stable or Increased
CUST08415,172776.49,200252.32,68,77,15.902528173827365,Stable or Increased
CUST08416,312060.55,330132.4,98,109,5.791135726704332,Stable or Increased
CUST08417,79887.33,93551.23999999999,34,37,17.103976312639297,Stable or Increased
CUST08418,202567.73,424785.6,86,115,109.70052831218474,Stable or Increased
CUST08419,170478.06999999998,229137.3,65,80,34.40866617037606,Stable or Increased
CUST08420,97016.42,147667.68000000002,37,50,52.20895596848454,Stable or Increased
CUST08421,68297.45999999999,90053.59999999999,33,40,31.854976744376735,Stable or Increased
CUST08422,117576.51,114882.59000000001,50,51,-2.2912059560196028,Low Decline
CUST08423,132242.53000000003,243463.47000000003,58,81,84.10375996285006,Stable or Increased
CUST08424,145119.34999999998,150075.63,67,56,3.4153129820385972,Stable or Increased
CUST08425,185354.80000000002,222329.1,67,80,19.947851363978696,Stable or Increased
CUST08426,101318.56,111250.89,41,43,9.803070631876334,Stable or Increased
CUST08427,64933.53,183920.05000000002,33,54,183.24357231156233,Stable or Increased
CUST08428,141274.26,262934.27,71,86,86.11618988483818,Stable or Increased
CUST08429,120944.91999999998,161212.49000000002,36,55,33.29413918335722,Stable or Increased
CUST08430,145021.9,132856.93,53,57,-8.388367550004517,Low Decline
CUST08431,191981.74000000005,214767.71000000002,60,76,11.868821482709745,Stable or Increased
CUST08432,74463.28,93491.79,28,39,25.554219475693248,Stable or Increased
CUST08433,132183.21,84424.67,47,44,-36.13056453992908,Moderate Decline
CUST08434,297056.58999999997,329285.4600000001,101,115,10.849404148886283,Stable or Increased
CUST08435,298409.67000000004,362304.35,95,100,21.41173240129917,Stable or Increased
CUST08436,61829.47,96058.23,27,33,55.3599440525691,Stable or Increased
CUST08437,114394.55,170190.36999999997,47,59,48.77489355917739,Stable or Increased
CUST08438,112855.18999999999,119026.86,39,42,5.468662983067073,Stable or Increased
CUST08439,76307.84000000001,79299.85999999999,40,42,3.9209863626070067,Stable or Increased
CUST08440,119793.91,137046.37,45,48,14.401783863637133,Stable or Increased
CUST08441,156487.43,143617.47,59,59,-8.224277183157772,Low Decline
CUST08442,291225.0800000001,349435.46,101,106,19.988106793549488,Stable or Increased
CUST08443,101712.52999999998,91044.69,42,33,-10.48822598356366,Low Decline
CUST08444,306863.85,360937.08,87,100,17.62124473117314,Stable or Increased
CUST08445,87418.06000000001,161447.33,48,67,84.6841831081586,Stable or Increased
CUST08446,86861.24999999999,95601.45,38,42,10.062254457540057,Stable or Increased
CUST08447,85648.78,83724.89999999998,38,36,-2.2462433206871357,Low Decline
CUST08448,71028.14,187633.75,45,61,164.1681874254345,Stable or Increased
CUST08449,126308.43,98046.51000000001,44,41,-22.375323642293697,Low Decline
CUST08450,115853.35,170006.68000000002,47,53,46.74299879977576,Stable or Increased
CUST08451,68689.89,94043.64000000001,25,41,36.910453634443165,Stable or Increased
CUST08452,193675.44,245325.82,64,76,26.668523381178325,Stable or Increased
CUST08453,59709.990000000005,107180.40999999999,26,43,79.50163783313307,Stable or Increased
CUST08454,144864.66,214461.84000000003,61,66,48.0428974188736,Stable or Increased
CUST08455,106514.76000000001,196824.56,55,51,84.78618362375315,Stable or Increased
CUST08456,188087.56999999998,217797.82999999996,66,90,15.795972057058307,Stable or Increased
CUST08457,88344.41000000002,115903.54999999999,41,49,31.19511466543267,Stable or Increased
CUST08458,137977.96000000002,144930.52,51,55,5.038891718648375,Stable or Increased
CUST08459,327312.96,303143.64,102,101,-7.384162240321926,Low Decline
CUST08460,168638.52,210137.16999999998,71,80,24.608049216750715,Stable or Increased
CUST08461,139241.87,283752.13999999996,67,90,103.78363203539278,Stable or Increased
CUST08462,81115.39,167473.87000000002,36,49,106.46374257708682,Stable or Increased
CUST08463,189425.62,219172.41,70,76,15.703678309195984,Stable or Increased
CUST08464,138038.09,184576.96,51,60,33.71451314633519,Stable or Increased
CUST08465,224072.86000000002,231059.38999999998,80,86,3.1179724309316037,Stable or Increased
CUST08466,137149.07,179851.82,58,71,31.136011348819206,Stable or Increased
CUST08467,33233.58,88663.29999999999,27,35,166.78829063856494,Stable or Increased
CUST08468,70551.08,145966.58000000005,33,52,106.8948909074107,Stable or Increased
CUST08469,114053.48999999999,146976.24,41,55,28.86606100348179,Stable or Increased
CUST08470,148333.75,149581.25999999998,55,62,0.8410156151246633,Stable or Increased
CUST08471,148298.84000000003,150934.01,65,55,1.7769323077644998,Stable or Increased
CUST08472,227797.18,137828.4,88,71,-39.495124566511315,Moderate Decline
CUST08473,181019.24,201533.94,73,72,11.332883731033238,Stable or Increased
CUST08474,204683.41000000003,200640.39000000004,69,81,-1.9752553467816414,Low Decline
CUST08475,123116.51000000001,174366.88000000003,47,61,41.62753638809289,Stable or Increased
CUST08476,229563.99,181338.77999999994,79,78,-21.007306067471667,Low Decline
CUST08477,172975.24999999997,202743.15000000002,68,87,17.20934064266423,Stable or Increased
CUST08478,133509.46,168202.8,53,57,25.98567921703825,Stable or Increased
CUST08479,109867.7,174538.66000000003,51,61,58.86257744541848,Stable or Increased
CUST08480,67525.29000000001,123471.37999999998,34,45,82.85205439325023,Stable or Increased
CUST08481,56823.13,93254.70999999999,31,44,64.11399724020833,Stable or Increased
CUST08482,101155.80999999998,151362.77,48,53,49.633293431192946,Stable or Increased
CUST08483,258104.51,305767.55000000005,90,100,18.46656612083223,Stable or Increased
CUST08484,130678.2,126125.91,51,51,-3.483587928208373,Low Decline
CUST08485,104897.47,116541.27,36,52,11.100172387379793,Stable or Increased
CUST08486,135968.95,242557.40999999997,65,79,78.39176517874114,Stable or Increased
CUST08487,123193.44000000002,146923.46,53,60,19.26240553068408,Stable or Increased
CUST08488,94123.4,95816.25,41,40,1.7985431890475758,Stable or Increased
CUST08489,84871.04000000001,105831.44,40,41,24.696763466077467,Stable or Increased
CUST08490,204394.58,290821.99,72,79,42.28458993384267,Stable or Increased
CUST08491,139325.91,254846.7,70,83,82.91407535037811,Stable or Increased
CUST08492,60664.29000000001,89639.95,34,42,47.7639481151102,Stable or Increased
CUST08493,88634.26,112033.37,40,41,26.39962244847534,Stable or Increased
CUST08494,155067.51,169800.18,59,64,9.500810324483822,Stable or Increased
CUST08495,153017.30000000002,233335.59000000003,72,85,52.48967927155949,Stable or Increased
CUST08496,82887.5,69423.28,41,40,-16.24396923540944,Low Decline
CUST08497,140028.05,125007.35,55,59,-10.726922213085151,Low Decline
CUST08498,94080.36,98980.72999999998,43,43,5.20870668437066,Stable or Increased
CUST08499,102611.64000000001,91670.61,45,43,-10.66256225901858,Low Decline
CUST08500,105040.16,105360.70000000001,41,44,0.30515947424300205,Stable or Increased
CUST08501,78302.70000000001,80144.41,28,42,2.352038946294306,Stable or Increased
CUST08502,87267.41,137814.16,35,50,57.92168004069331,Stable or Increased
CUST08503,167618.31999999998,176360.91,44,54,5.215772357102748,Stable or Increased
CUST08504,157092.83,151302.13,65,64,-3.686164416288116,Low Decline
CUST08505,99375.16,104791.73000000001,29,41,5.450627702134021,Stable or Increased
CUST08506,106275.73,167474.99,46,63,57.58535838803459,Stable or Increased
CUST08507,75814.54000000001,105838.55,43,46,39.60191541094886,Stable or Increased
CUST08508,218257.93999999997,188229.12999999998,72,63,-13.75840439069479,Low Decline
CUST08509,78942.19000000002,93320.19,32,36,18.213328006228334,Stable or Increased
CUST08510,176874.71,200940.54,76,86,13.606145276506755,Stable or Increased
CUST08511,106139.47,163577.3,39,61,54.11542944391939,Stable or Increased
CUST08512,115784.38,121799.35,42,47,5.194975349870164,Stable or Increased
CUST08513,183450.02,223016.21000000002,67,83,21.56783084569848,Stable or Increased
CUST08514,90906.79000000001,137834.61000000002,30,41,51.62190855050542,Stable or Increased
CUST08515,65870.77,77559.21,32,33,17.744501848088312,Stable or Increased
CUST08516,53608.70999999999,81916.06999999998,31,45,52.80365821151076,Stable or Increased
CUST08517,65878.94,137817.22,30,53,109.19768897313769,Stable or Increased
CUST08518,283141.3900000001,318379.84,97,106,12.445531188499126,Stable or Increased
CUST08519,119730.33,130098.31000000001,54,62,8.659443267215591,Stable or Increased
CUST08520,84526.79000000001,98552.12999999999,35,43,16.592774906038642,Stable or Increased
CUST08521,107956.73,144924.62,54,64,34.24324727138364,Stable or Increased
CUST08522,156234.80000000002,196220.06000000003,65,75,25.59305609249668,Stable or Increased
CUST08523,271838.66000000003,340974.79,97,104,25.432780605966766,Stable or Increased
CUST08524,120332.33000000002,114376.79999999999,47,47,-4.949235172293287,Low Decline
CUST08525,89547.48000000001,107722.83000000002,36,46,20.29688607652611,Stable or Increased
CUST08526,68286.44,135012.27000000002,26,51,97.7146121543311,Stable or Increased
CUST08527,327462.7,458699.38000000006,102,117,40.07683317825207,Stable or Increased
CUST08528,205678.36,286121.06000000006,69,83,39.1109205654888,Stable or Increased
CUST08529,54475.0,54448.670000000006,25,30,-0.048334098210178006,Low Decline
CUST08530,225528.61,215655.63,67,80,-4.377706225387538,Low Decline
CUST08531,79222.47,118613.01999999999,31,41,49.721436355114896,Stable or Increased
CUST08532,112853.31999999999,81484.39,43,45,-27.796195982537327,Moderate Decline
CUST08533,32955.57,101024.50999999998,28,45,206.5476033338218,Stable or Increased
CUST08534,266425.6,259471.97999999998,90,96,-2.6099669100867167,Low Decline
CUST08535,101342.63999999998,102430.67,39,45,1.0736152127081093,Stable or Increased
CUST08536,65627.93999999999,120972.21999999999,35,52,84.33036295212071,Stable or Increased
CUST08537,181319.49,203190.33,70,77,12.06204583963919,Stable or Increased
CUST08538,131446.99000000002,151177.68999999997,59,50,15.010385555424245,Stable or Increased
CUST08539,153431.22,141435.26,48,65,-7.818460936437832,Low Decline
CUST08540,203685.65000000002,197983.67999999996,77,74,-2.7993970120133937,Low Decline
CUST08541,94575.34999999999,104170.73000000001,33,44,10.145751509246352,Stable or Increased
CUST08542,148197.21000000002,134415.45,53,53,-9.299608271977595,Low Decline
CUST08543,69209.56,109237.87000000001,34,42,57.83638849892994,Stable or Increased
CUST08544,149262.21,170282.05000000002,71,83,14.08249281583063,Stable or Increased
CUST08545,119541.83999999998,92697.93,40,39,-22.455660712600704,Low Decline
CUST08546,119865.69999999998,141845.73,51,52,18.33721406540823,Stable or Increased
CUST08547,168543.54,235704.06999999998,64,83,39.84758478432337,Stable or Increased
CUST08548,229803.99999999997,305842.1,79,102,33.088240413569835,Stable or Increased
CUST08549,97444.47000000002,99969.70000000001,35,39,2.5914554207129408,Stable or Increased
CUST08550,60895.130000000005,103433.52999999998,35,50,69.8551756109232,Stable or Increased
CUST08551,157789.02,139066.36,56,52,-11.865629180027867,Low Decline
CUST08552,83470.0,114711.18,39,39,37.4280340242003,Stable or Increased
CUST08553,117562.90000000001,51511.07,35,35,-56.18424690102066,High Decline
CUST08554,158080.16,141542.15000000002,59,55,-10.461787235033151,Low Decline
CUST08555,74915.88,109584.18000000001,42,52,46.276303502007856,Stable or Increased
CUST08556,138644.63999999998,191965.36,55,62,38.458551300648914,Stable or Increased
CUST08557,142320.94,252401.41999999998,60,83,77.34665046478753,Stable or Increased
CUST08558,40370.48,111275.53,22,45,175.63588542915514,Stable or Increased
CUST08559,130848.18000000002,187221.17,54,68,43.08274673747849,Stable or Increased
CUST08560,83813.14,101732.77,38,46,21.380454186539254,Stable or Increased
CUST08561,96643.11,160172.59999999998,47,69,65.73618129631794,Stable or Increased
CUST08562,81537.70000000001,156728.65000000002,36,64,92.21617730203329,Stable or Increased
CUST08563,177115.34,128226.06000000001,57,42,-27.60307492281582,Moderate Decline
CUST08564,138712.72,122516.07,41,58,-11.676398530718737,Low Decline
CUST08565,74283.84999999999,118857.62000000001,43,46,60.00465780920082,Stable or Increased
CUST08566,94645.01000000001,99495.42,38,47,5.124844933715986,Stable or Increased
CUST08567,103910.08,175103.52,43,61,68.51446943357179,Stable or Increased
CUST08568,183355.76,255292.99000000002,73,81,39.233689740644095,Stable or Increased
CUST08569,156326.16,272223.49999999994,67,91,74.13816088107066,Stable or Increased
CUST08570,116902.07,207672.07,48,68,77.64618710344479,Stable or Increased
CUST08571,90927.82,130661.21,33,52,43.69772639440822,Stable or Increased
CUST08572,63773.83000000001,113986.45000000001,28,46,78.73546249300064,Stable or Increased
CUST08573,84450.43999999999,100588.54000000001,33,36,19.10955111660759,Stable or Increased
CUST08574,154205.44,137271.59,53,59,-10.981357077934478,Low Decline
CUST08575,69041.2,90453.96,33,39,31.01446672421686,Stable or Increased
CUST08576,67357.72,123562.17000000001,39,43,83.44173466679099,Stable or Increased
CUST08577,96721.55000000002,109375.42999999998,40,48,13.08279282124817,Stable or Increased
CUST08578,184852.08,234319.36,65,81,26.76046707183387,Stable or Increased
CUST08579,146665.38,168171.38,53,64,14.663310455405359,Stable or Increased
CUST08580,114209.66999999998,116855.4,35,42,2.3165551568444345,Stable or Increased
CUST08581,119322.41,181125.88,47,65,51.79535847457321,Stable or Increased
CUST08582,78657.13,137849.12,46,59,75.25317793822377,Stable or Increased
CUST08583,260204.24,325530.0999999999,86,102,25.10560934748793,Stable or Increased
CUST08584,95524.01,69851.49,39,41,-26.875463038036187,Moderate Decline
CUST08585,139374.26,187083.24999999997,59,56,34.23084721669551,Stable or Increased
CUST08586,137077.68000000002,213698.91999999998,69,77,55.89621884467256,Stable or Increased
CUST08587,174335.86000000004,210499.18000000002,66,76,20.743477561070893,Stable or Increased
CUST08588,231994.28999999998,239515.14000000004,73,89,3.2418254776874313,Stable or Increased
CUST08589,106205.13,189961.14999999997,44,54,78.8624993915077,Stable or Increased
CUST08590,197199.29,245204.42000000004,65,71,24.343459857284493,Stable or Increased
CUST08591,108938.71,97241.34999999999,40,37,-10.737560597146793,Low Decline
CUST08592,206876.31,182425.76,67,71,-11.818922137580659,Low Decline
CUST08593,158236.35,296814.79,69,92,87.57686839970714,Stable or Increased
CUST08594,83751.90000000001,97085.88,35,44,15.920808960751929,Stable or Increased
CUST08595,135367.37,104840.94,38,43,-22.5508037867619,Low Decline
CUST08596,293944.4199999999,304220.63,98,100,3.4959704286953572,Stable or Increased
CUST08597,148246.3,88489.18,63,44,-40.309350047859546,Moderate Decline
CUST08598,225459.36000000002,158892.95,74,66,-29.524793293123867,Moderate Decline
CUST08599,156316.69999999998,259623.25,63,82,66.08798036294269,Stable or Increased
CUST08600,47130.340000000004,128966.51,30,45,173.63797927195088,Stable or Increased
CUST08601,65657.39,111149.68999999999,33,35,69.28740237770644,Stable or Increased
CUST08602,310456.84,364530.9,96,107,17.41757727096623,Stable or Increased
CUST08603,156117.08,187744.97000000003,60,53,20.259083759445183,Stable or Increased
CUST08604,211226.02000000005,187557.51,78,72,-11.205300369717722,Low Decline
CUST08605,96683.20999999999,113217.17,39,43,17.101169892890407,Stable or Increased
CUST08606,102745.74,156168.55,43,45,51.995158144756154,Stable or Increased
CUST08607,104327.54000000001,96105.42,36,34,-7.881063811147094,Low Decline
CUST08608,75167.04,140420.86,32,43,86.81174621216958,Stable or Increased
CUST08609,70036.28,117240.68999999997,32,44,67.39993900304239,Stable or Increased
CUST08610,287622.64999999997,360871.36,95,102,25.466947752550094,Stable or Increased
CUST08611,175866.11999999997,201756.21000000002,65,74,14.72147676880576,Stable or Increased
CUST08612,153226.83,272768.20999999996,71,87,78.01595843234503,Stable or Increased
CUST08613,74884.34999999999,102383.45000000001,34,40,36.722092132735376,Stable or Increased
CUST08614,126042.86000000002,206286.94,50,68,63.66412187092548,Stable or Increased
CUST08615,101795.77999999998,115682.63,42,42,13.64187199115722,Stable or Increased
CUST08616,127365.70999999999,136829.99,42,50,7.430791223163597,Stable or Increased
CUST08617,54254.75000000001,100720.32,31,49,85.64332155249079,Stable or Increased
CUST08618,147846.56999999998,157612.45,56,72,6.605415330230546,Stable or Increased
CUST08619,78407.6,88968.68,26,41,13.46945959320268,Stable or Increased
CUST08620,121695.11000000002,112385.29,46,55,-7.65011839834815,Low Decline
CUST08621,168135.80000000002,262290.8,66,87,55.999376694314925,Stable or Increased
CUST08622,177071.75000000003,211331.94999999995,64,67,19.348202070629515,Stable or Increased
CUST08623,123335.02,97799.36,43,42,-20.704306043814647,Low Decline
CUST08624,228986.94,353802.82999999996,90,99,54.507864072946674,Stable or Increased
CUST08625,127102.37,164764.84999999998,50,62,29.631611117872925,Stable or Increased
CUST08626,82789.94,130642.78,36,39,57.80030762191638,Stable or Increased
CUST08627,142502.31999999998,154220.11000000002,51,58,8.22287665211348,Stable or Increased
CUST08628,148859.82,145409.59999999998,55,61,-2.317764457863801,Low Decline
CUST08629,148432.9,233687.22,59,73,57.43626918291026,Stable or Increased
CUST08630,164802.22999999998,203302.57,73,78,23.361540678181377,Stable or Increased
CUST08631,62078.34,92746.82,32,43,49.40286740914788,Stable or Increased
CUST08632,159562.15000000002,225032.28,68,80,41.0311154619062,Stable or Increased
CUST08633,150379.45,145210.49,57,50,-3.4372781653344395,Low Decline
CUST08634,105992.11,149246.68,54,56,40.809235706318134,Stable or Increased
CUST08635,95698.65,134627.24000000002,35,50,40.67830632929517,Stable or Increased
CUST08636,95103.94,77818.82,45,34,-18.17497781900518,Low Decline
CUST08637,80349.26,103005.89,43,44,28.197683463419583,Stable or Increased
CUST08638,198629.41,171244.29,75,72,-13.787041908849245,Low Decline
CUST08639,89857.52000000002,111382.09000000001,40,37,23.954110908024155,Stable or Increased
CUST08640,138641.38,142054.31999999998,46,62,2.461703713566594,Stable or Increased
CUST08641,201987.72000000003,147287.61,71,74,-27.0809086809832,Moderate Decline
CUST08642,273461.42000000004,296172.69000000006,91,100,8.30510936423866,Stable or Increased
CUST08643,291945.21,393993.56,92,108,34.95462384876942,Stable or Increased
CUST08644,189380.99,248855.72999999998,73,76,31.404809954790075,Stable or Increased
CUST08645,106374.33999999998,193391.68,47,59,81.80294232612869,Stable or Increased
CUST08646,80566.53000000001,79960.76,25,42,-0.7518879117668572,Low Decline
CUST08647,91779.42000000001,115415.94,41,40,25.753616660467006,Stable or Increased
CUST08648,78947.76000000001,89238.78,41,43,13.035227345272352,Stable or Increased
CUST08649,67191.54000000001,160749.50999999998,35,53,139.24069905229132,Stable or Increased
CUST08650,120774.35999999999,129905.61000000002,50,57,7.5605865350890955,Stable or Increased
CUST08651,138294.66999999998,208490.16,46,68,50.757914242103496,Stable or Increased
CUST08652,331948.81999999995,357752.45,106,110,7.773376028268475,Stable or Increased
CUST08653,74158.32,138211.52000000002,30,55,86.37358559363265,Stable or Increased
CUST08654,239444.89999999997,310532.94,109,104,29.68868411897687,Stable or Increased
CUST08655,214457.16999999998,205554.93,61,85,-4.151057295030048,Low Decline
CUST08656,136897.51,205162.90999999997,60,68,49.8660640357885,Stable or Increased
CUST08657,83009.14,114426.87000000001,35,47,37.84851884985197,Stable or Increased
CUST08658,107478.29,187824.41,46,56,74.75567391330846,Stable or Increased
CUST08659,100977.20000000001,119948.91999999998,49,56,18.788122467250002,Stable or Increased
CUST08660,196741.71999999997,266924.27,68,83,35.67242880666086,Stable or Increased
CUST08661,156729.83,192745.16999999998,55,71,22.97925034436648,Stable or Increased
CUST08662,273683.39999999997,388590.87,95,106,41.98554607257877,Stable or Increased
CUST08663,102877.5,131315.56000000003,39,47,27.642642949138565,Stable or Increased
CUST08664,90327.26000000001,184326.8,39,55,104.06552794804135,Stable or Increased
CUST08665,193714.00999999998,202402.62,61,79,4.485277032879561,Stable or Increased
CUST08666,298959.85,349738.26,89,111,16.98502658467351,Stable or Increased
CUST08667,78022.86,73331.67000000001,37,42,-6.012584004226438,Low Decline
CUST08668,55424.36,88721.29,27,42,60.076345491404844,Stable or Increased
CUST08669,114019.51,167138.37,52,57,46.58751822385485,Stable or Increased
CUST08670,138683.49,181367.13999999996,59,81,30.777744344333968,Stable or Increased
CUST08671,146115.41000000003,184089.27999999997,50,67,25.988956264092835,Stable or Increased
CUST08672,146599.63,96781.18999999999,44,54,-33.982650570127646,Moderate Decline
CUST08673,173508.41999999998,139116.56,59,57,-19.821435755106286,Low Decline
CUST08674,101517.46,108345.79000000001,43,38,6.7262616696674655,Stable or Increased
CUST08675,103936.28,75427.29,38,33,-27.429296103343322,Moderate Decline
CUST08676,104551.13999999998,161115.21000000002,48,56,54.10182041056659,Stable or Increased
CUST08677,116042.29,101433.99,47,47,-12.588772593164085,Low Decline
CUST08678,188368.46999999997,182057.55000000002,73,73,-3.350305919031967,Low Decline
CUST08679,188015.79000000004,242972.02000000005,80,94,29.229582260085706,Stable or Increased
CUST08680,333789.07,302314.33999999997,97,105,-9.429526856586417,Low Decline
CUST08681,189423.05,302905.97000000003,71,78,59.90977338819116,Stable or Increased
CUST08682,50669.299999999996,104204.42,28,43,105.6559297247051,Stable or Increased
CUST08683,106691.47,107795.45000000001,44,40,1.0347406404654567,Stable or Increased
CUST08684,117799.96,197677.69000000003,48,54,67.80794322850366,Stable or Increased
CUST08685,185057.11,202226.72,64,69,9.27800612470389,Stable or Increased
CUST08686,33203.34,79398.31,26,40,139.12747934394554,Stable or Increased
CUST08687,252175.46000000002,289138.48000000004,83,96,14.657659393186005,Stable or Increased
CUST08688,132007.76,175775.72999999998,56,70,33.155603882680815,Stable or Increased
CUST08689,171451.46999999997,212389.1,72,76,23.877094783730954,Stable or Increased
CUST08690,106413.37,136370.40999999997,51,59,28.151575314267355,Stable or Increased
CUST08691,299780.10000000003,318138.27,98,109,6.123878803162712,Stable or Increased
CUST08692,188014.4,198260.74,75,84,5.449763422376157,Stable or Increased
CUST08693,122105.43,117396.96,54,50,-3.8560693001121957,Low Decline
CUST08694,148638.44,265108.2,57,92,78.35776532638529,Stable or Increased
CUST08695,292588.68,341736.74000000005,96,107,16.79766284874728,Stable or Increased
CUST08696,262998.78,360393.06000000006,83,110,37.03221741180702,Stable or Increased
CUST08697,254158.14999999997,342408.48,95,99,34.72260480334785,Stable or Increased
CUST08698,180750.24,292933.87,75,82,62.06554967783169,Stable or Increased
CUST08699,143050.69,120314.46,42,69,-15.893827565599295,Low Decline
CUST08700,130545.01999999997,168236.28999999998,50,55,28.872238864416286,Stable or Increased
CUST08701,71734.97000000002,98620.51000000001,39,33,37.47898688742742,Stable or Increased
CUST08702,116974.48,149593.28,50,58,27.885398592923863,Stable or Increased
CUST08703,68359.09,86109.93,42,36,25.96705134606092,Stable or Increased
CUST08704,69302.0,119767.29999999999,38,52,72.81939915153963,Stable or Increased
CUST08705,113746.32,71939.15,38,41,-36.75474512054545,Moderate Decline
CUST08706,111186.09999999999,179020.34,47,60,61.00964059356342,Stable or Increased
CUST08707,96327.99,92487.28,35,43,-3.98711734772002,Low Decline
CUST08708,178730.59000000003,221309.31999999998,75,72,23.82285539369615,Stable or Increased
CUST08709,321097.93000000005,328769.19999999995,99,98,2.389074884412958,Stable or Increased
CUST08710,150235.68,105187.85999999999,59,54,-29.98476793262427,Moderate Decline
CUST08711,95563.0,206119.18999999997,39,66,115.68932536651212,Stable or Increased
CUST08712,342038.55000000005,324335.54000000004,96,104,-5.175735308198449,Low Decline
CUST08713,94699.07,96128.16,36,45,1.509085569689329,Stable or Increased
CUST08714,121352.82,119991.05999999998,45,53,-1.1221494481957845,Low Decline
CUST08715,195608.55,229136.50999999998,59,89,17.14033461216291,Stable or Increased
CUST08716,155680.32,191247.03000000003,59,75,22.845989782138176,Stable or Increased
CUST08717,170607.98,192360.72000000003,63,80,12.750130445246475,Stable or Increased
CUST08718,101309.03,83470.98000000001,33,33,-17.607561734625225,Low Decline
CUST08719,237561.34000000003,233428.01,62,76,-1.7399001032743862,Low Decline
CUST08720,76732.0,86787.42,29,38,13.10459782098733,Stable or Increased
CUST08721,89006.55,176571.30000000002,43,56,98.38011921594536,Stable or Increased
CUST08722,104184.19,110870.69,35,48,6.417960345038916,Stable or Increased
CUST08723,98365.61000000002,94556.68,40,43,-3.872217129543569,Low Decline
CUST08724,133414.84,164497.56999999998,47,60,23.297805551466375,Stable or Increased
CUST08725,204281.34999999998,243533.56,71,85,19.214779029020526,Stable or Increased
CUST08726,121931.83,101072.4,48,46,-17.10745258231588,Low Decline
CUST08727,309336.26000000007,423838.72,99,109,37.01553125391762,Stable or Increased
CUST08728,132925.89,172554.38,63,58,29.812469188658422,Stable or Increased
CUST08729,136875.11,113137.56999999999,43,50,-17.342481039832588,Low Decline
CUST08730,79443.48000000001,66915.3,27,36,-15.769928507663568,Low Decline
CUST08731,210339.72999999998,250867.44000000003,77,73,19.26773890981036,Stable or Increased
CUST08732,308950.7,341939.48999999993,97,114,10.67768741096878,Stable or Increased
CUST08733,93474.93,99679.65000000001,42,38,6.637843965221495,Stable or Increased
CUST08734,184673.91000000003,272131.07,68,80,47.357615377288525,Stable or Increased
CUST08735,122736.24999999999,108140.71,48,50,-11.891792359632937,Low Decline
CUST08736,123675.98,157105.85000000003,50,52,27.03020424822996,Stable or Increased
CUST08737,351749.69000000006,334316.49,96,108,-4.956137985508976,Low Decline
CUST08738,183819.01,134166.61000000002,52,59,-27.011569695647903,Moderate Decline
CUST08739,94072.38,123294.13999999998,45,46,31.063060167075587,Stable or Increased
CUST08740,128559.04,144329.16,41,58,12.266830866191915,Stable or Increased
CUST08741,87097.48999999999,116824.31,39,46,34.130512831081596,Stable or Increased
CUST08742,172598.16999999998,136028.68,60,51,-21.187646427537437,Low Decline
CUST08743,84404.66,90245.75,37,38,6.920340654177147,Stable or Increased
CUST08744,265270.02,322234.57,95,104,21.474175634321583,Stable or Increased
CUST08745,112229.54,98137.33,44,31,-12.556596061963715,Low Decline
CUST08746,78581.73999999999,107891.89,30,42,37.29893229648518,Stable or Increased
CUST08747,176590.62,311153.01999999996,68,84,76.2001968167958,Stable or Increased
CUST08748,70133.29,127640.20999999998,42,43,81.99660959866561,Stable or Increased
CUST08749,111716.1,128928.4,47,60,15.407179448620196,Stable or Increased
CUST08750,189342.13,228213.78000000003,67,88,20.529847213612747,Stable or Increased
CUST08751,122346.51000000001,172977.78000000003,49,59,41.383501662613845,Stable or Increased
CUST08752,89819.46999999999,170175.97000000003,52,59,89.46445575775503,Stable or Increased
CUST08753,210936.47999999998,233410.97,73,84,10.65462455806602,Stable or Increased
CUST08754,99161.49999999999,88693.45,28,39,-10.556566812724686,Low Decline
CUST08755,188265.28,195275.81000000003,76,76,3.7237508689865852,Stable or Increased
CUST08756,125673.79,148432.2,51,54,18.10911408019128,Stable or Increased
CUST08757,155559.44,243963.77999999997,63,84,56.82994230372645,Stable or Increased
CUST08758,159461.88999999998,262917.1,62,90,64.87770212682166,Stable or Increased
CUST08759,79500.77,121287.31000000001,43,49,52.56117645149853,Stable or Increased
CUST08760,208558.92,192511.53,69,86,-7.694415563716965,Low Decline
CUST08761,48942.58,91908.29000000001,30,41,87.78799564714407,Stable or Increased
CUST08762,56281.56,112118.85999999999,35,40,99.21064732391922,Stable or Increased
CUST08763,181718.28999999998,225124.78999999998,61,68,23.886698471573776,Stable or Increased
CUST08764,181681.21,184262.64,57,65,1.420856895437906,Stable or Increased
CUST08765,105181.14,71203.32999999999,34,36,-32.30408987771003,Moderate Decline
CUST08766,134434.97,217873.63999999998,64,76,62.06619453256841,Stable or Increased
CUST08767,63820.58000000001,131939.99,32,46,106.73580528412616,Stable or Increased
CUST08768,72310.2,150111.48,39,58,107.59378344963783,Stable or Increased
CUST08769,46326.47,85168.98,30,41,83.84517533928226,Stable or Increased
CUST08770,116018.20999999999,53468.21000000001,43,33,-53.913950232467805,High Decline
CUST08771,97453.79000000001,142193.32999999996,38,58,45.90846595088806,Stable or Increased
CUST08772,112520.16999999998,206749.83999999997,47,72,83.74469217385646,Stable or Increased
CUST08773,71330.12,79062.35,31,33,10.840063075738568,Stable or Increased
CUST08774,320993.93999999994,323792.86000000004,100,98,0.8719541558946878,Stable or Increased
CUST08775,128895.93,191618.25,56,71,48.6612106371396,Stable or Increased
CUST08776,165893.78,145143.38,50,57,-12.5082447334674,Low Decline
CUST08777,262034.82,392740.5,89,114,49.8810348945228,Stable or Increased
CUST08778,80049.02,95771.73,30,39,19.641352261401813,Stable or Increased
CUST08779,134049.56,204797.15,59,66,52.77718927238553,Stable or Increased
CUST08780,103917.01000000001,172317.75,48,64,65.82246737083754,Stable or Increased
CUST08781,209393.24,259986.21999999997,86,78,24.161706461966006,Stable or Increased
CUST08782,97116.58,118846.85,41,55,22.37544814695905,Stable or Increased
CUST08783,102257.26000000001,127699.33999999998,37,48,24.880463255127285,Stable or Increased
CUST08784,96214.94,79468.11,38,34,-17.405644071492432,Low Decline
CUST08785,76064.25,117557.43000000002,34,48,54.5501730444986,Stable or Increased
CUST08786,70557.12000000001,80116.85,37,28,13.548923198679303,Stable or Increased
CUST08787,192841.28999999998,242381.79,66,82,25.689778366448405,Stable or Increased
CUST08788,156725.19999999998,222696.38999999996,68,77,42.093543348485106,Stable or Increased
CUST08789,84098.36,139230.31999999998,35,60,65.55652214858884,Stable or Increased
CUST08790,117283.29999999999,84171.44,41,35,-28.232374089064674,Moderate Decline
CUST08791,80305.90999999999,147549.13999999998,33,54,83.73384972538138,Stable or Increased
CUST08792,124830.85,136680.07,46,48,9.49222087328573,Stable or Increased
CUST08793,78179.15000000001,139442.93000000002,42,57,78.36332321341432,Stable or Increased
CUST08794,172873.43,123713.13999999998,57,50,-28.437157751772503,Moderate Decline
CUST08795,129230.94,290111.05000000005,56,96,124.49039680435664,Stable or Increased
CUST08796,126994.34,181202.7,45,63,42.685650399852484,Stable or Increased
CUST08797,169629.82,204896.55,69,76,20.79040701687945,Stable or Increased
CUST08798,330505.22,349678.14,93,104,5.801094457751694,Stable or Increased
CUST08799,125425.49,135672.15,56,51,8.16951960881316,Stable or Increased
CUST08800,100463.02999999997,137293.22,49,51,36.660441159300134,Stable or Increased
CUST08801,232770.18,301243.26,74,96,29.41660310611953,Stable or Increased
CUST08802,164070.64000000004,186890.91,50,61,13.90880781595047,Stable or Increased
CUST08803,247436.14999999997,318763.36,88,109,28.8265114050635,Stable or Increased
CUST08804,135080.25,184136.29,50,74,36.31621943252252,Stable or Increased
CUST08805,247168.22,311010.63,93,115,25.829538279638054,Stable or Increased
CUST08806,139974.72999999998,164280.94999999995,56,51,17.364720046254046,Stable or Increased
CUST08807,78955.98999999999,104069.86999999998,33,43,31.807441082050893,Stable or Increased
CUST08808,188923.71000000002,221312.29999999996,74,72,17.14374019015397,Stable or Increased
CUST08809,87485.78,117029.70000000001,34,41,33.769968102244746,Stable or Increased
CUST08810,289942.18999999994,307761.93,98,111,6.145963096988421,Stable or Increased
CUST08811,335486.55999999994,334669.75000000006,98,104,-0.24347026003064964,Low Decline
CUST08812,94270.39000000001,64844.44000000001,42,35,-31.214414197289308,Moderate Decline
CUST08813,187566.84,238969.35,73,77,27.404902700285408,Stable or Increased
CUST08814,288886.99,419007.44,89,119,45.04199029523622,Stable or Increased
CUST08815,73036.73,88931.05,34,41,21.762091484654377,Stable or Increased
CUST08816,219496.12,225549.26,69,80,2.757743508176825,Stable or Increased
CUST08817,69227.29000000001,162418.2,45,58,134.6158574169233,Stable or Increased
CUST08818,86099.74,107006.97,31,41,24.2825704235576,Stable or Increased
CUST08819,164854.81999999998,134483.74,65,51,-18.422925092514728,Low Decline
CUST08820,265121.38,314806.93999999994,91,106,18.740683984067957,Stable or Increased
CUST08821,94386.45999999999,101289.37,43,54,7.313453645787758,Stable or Increased
CUST08822,104372.38999999998,128448.18,46,54,23.067201967876766,Stable or Increased
CUST08823,217206.13999999998,198332.15,66,67,-8.68943667982866,Low Decline
CUST08824,186213.82,248777.0,63,90,33.597495610153956,Stable or Increased
CUST08825,52986.21,91952.16,29,49,73.53979459938728,Stable or Increased
CUST08826,186794.72000000003,289647.76,79,75,55.062070276932864,Stable or Increased
CUST08827,79387.91,129667.54,40,56,63.33411472855248,Stable or Increased
CUST08828,277349.91,302125.92,83,94,8.933123504528995,Stable or Increased
CUST08829,109217.2,161883.06,39,60,48.22121424098036,Stable or Increased
CUST08830,68105.45,57357.22,29,25,-15.781747275731965,Low Decline
CUST08831,102193.17000000001,94131.69,39,39,-7.8884723900824385,Low Decline
CUST08832,121956.74999999999,179135.81999999998,51,59,46.88471117834806,Stable or Increased
CUST08833,142320.34,111726.92,66,50,-21.49616843242505,Low Decline
CUST08834,162299.97000000003,189323.93,57,71,16.650625382124197,Stable or Increased
CUST08835,164764.88,261283.59,60,83,58.579662122170696,Stable or Increased
CUST08836,68156.7,132488.72999999998,38,48,94.38841669270957,Stable or Increased
CUST08837,229878.52999999997,309298.6699999999,89,104,34.5487418942517,Stable or Increased
CUST08838,151305.11,246752.93999999997,67,88,63.083018147899956,Stable or Increased
CUST08839,78777.64,123272.52999999998,43,39,56.481623465744825,Stable or Increased
CUST08840,123990.29999999999,96106.69,42,44,-22.488541442354755,Low Decline
CUST08841,135297.15,153424.41,54,48,13.398109272811741,Stable or Increased
CUST08842,31586.21,132872.44,28,48,320.6659805022509,Stable or Increased
CUST08843,74587.97,62646.05000000001,28,42,-16.01051751374919,Low Decline
CUST08844,117696.57999999997,142788.52,47,59,21.319175119616922,Stable or Increased
CUST08845,281158.11999999994,359997.83999999997,100,103,28.041061022886353,Stable or Increased
CUST08846,155054.62,257570.68999999997,60,86,66.11610153892866,Stable or Increased
CUST08847,75966.21999999997,78293.89,37,40,3.064085589621319,Stable or Increased
CUST08848,202671.09,266389.63,72,80,31.439382893731914,Stable or Increased
CUST08849,73632.37999999999,107131.73000000001,32,47,45.495405689725125,Stable or Increased
CUST08850,258779.68999999997,413780.61,92,114,59.89686439457441,Stable or Increased
CUST08851,160861.68,196170.37,66,62,21.949721027406902,Stable or Increased
CUST08852,96917.87000000001,101880.93,40,36,5.1208925660458515,Stable or Increased
CUST08853,377256.92999999993,334434.95999999996,103,104,-11.350876973949816,Low Decline
CUST08854,74760.29000000001,134804.46,41,53,80.31559267627236,Stable or Increased
CUST08855,75151.91,115414.62999999999,32,44,53.575112063020065,Stable or Increased
CUST08856,75901.7,102607.83,33,40,35.18515395570851,Stable or Increased
CUST08857,48969.090000000004,81553.01000000001,27,35,66.53977029183103,Stable or Increased
CUST08858,76226.14,88869.62,35,40,16.586803424651958,Stable or Increased
CUST08859,348872.86000000004,396383.85000000003,102,101,13.61842534842062,Stable or Increased
CUST08860,173142.05999999997,145641.94,54,57,-15.882980715373245,Low Decline
CUST08861,192705.71000000002,221237.91999999998,69,81,14.806105122676417,Stable or Increased
CUST08862,91463.75,116225.23999999999,35,44,27.07246313430183,Stable or Increased
CUST08863,109822.16,123942.26,39,47,12.857241197951296,Stable or Increased
CUST08864,114705.70000000001,157837.97000000003,51,59,37.60255157328713,Stable or Increased
CUST08865,145176.93000000002,287820.06999999995,63,89,98.2546882621088,Stable or Increased
CUST08866,141795.68,129748.93,45,54,-8.495851213520751,Low Decline
CUST08867,105464.61,127714.91999999998,46,53,21.097418366217806,Stable or Increased
CUST08868,60277.70999999999,128980.45999999999,33,36,113.97704060091203,Stable or Increased
CUST08869,137276.67,154659.36,50,68,12.662523063824297,Stable or Increased
CUST08870,164086.56000000003,114314.84999999999,56,55,-30.332593967476697,Moderate Decline
CUST08871,88722.80999999998,98615.77,39,35,11.150413292816157,Stable or Increased
CUST08872,124131.81,132620.04,46,53,6.838078007563098,Stable or Increased
CUST08873,262488.63,314792.31000000006,100,107,19.926074512256037,Stable or Increased
CUST08874,70867.66,129723.07000000002,30,42,83.04974370537988,Stable or Increased
CUST08875,73417.97,99259.08,33,35,35.19725484101508,Stable or Increased
CUST08876,128946.20000000001,211449.89999999997,51,65,63.9830409891877,Stable or Increased
CUST08877,247706.27000000002,263016.72000000003,78,85,6.180889163604946,Stable or Increased
CUST08878,137338.3,115552.4,52,48,-15.862945733273236,Low Decline
CUST08879,96559.65000000001,135931.91,37,55,40.77506494690069,Stable or Increased
CUST08880,141555.75,240234.12000000002,62,91,69.70989875013909,Stable or Increased
CUST08881,132777.28999999998,132583.95,53,58,-0.14561225040815898,Low Decline
CUST08882,198670.19999999998,218106.77999999997,71,70,9.783339423829034,Stable or Increased
CUST08883,66305.79,106172.15999999999,28,43,60.12502075610591,Stable or Increased
CUST08884,255881.15,281112.86,86,103,9.860714632554993,Stable or Increased
CUST08885,84542.07,126777.85,41,46,49.958298868243936,Stable or Increased
CUST08886,268010.66,315207.25000000006,88,103,17.60996745427965,Stable or Increased
CUST08887,80478.37,67466.22,35,37,-16.168505897920145,Low Decline
CUST08888,63647.97,129158.98999999999,35,45,102.92711613583275,Stable or Increased
CUST08889,59313.36,61439.479999999996,28,35,3.5845549805305166,Stable or Increased
CUST08890,163015.69999999998,181091.6,63,74,11.088441174684418,Stable or Increased
CUST08891,101537.43999999999,126394.51,46,57,24.480694017891345,Stable or Increased
CUST08892,139472.73,186247.33000000002,44,56,33.53673510226695,Stable or Increased
CUST08893,328271.47000000003,310714.17000000004,99,94,-5.34840874231318,Low Decline
CUST08894,51959.43,79513.65,31,44,53.03025841507498,Stable or Increased
CUST08895,79802.12999999999,115028.32999999999,35,51,44.141929544988336,Stable or Increased
CUST08896,55408.50000000001,82222.86,26,36,48.39394677711902,Stable or Increased
CUST08897,90068.20000000001,161326.61000000002,51,52,79.11605871994776,Stable or Increased
CUST08898,60046.710000000014,122767.50000000003,31,39,104.45333308019707,Stable or Increased
CUST08899,155183.81,84726.25,47,41,-45.40264863970024,Moderate Decline
CUST08900,67128.07,122736.99,34,52,82.84003994156244,Stable or Increased
CUST08901,114400.98,135218.52999999997,51,60,18.197003207489985,Stable or Increased
CUST08902,48642.06,93040.99,29,37,91.27682914744979,Stable or Increased
CUST08903,102394.03,105763.48,38,39,3.290670364278071,Stable or Increased
CUST08904,133450.47,109244.94,51,56,-18.138212626752082,Low Decline
CUST08905,101504.26,123893.68,42,51,22.05761610399406,Stable or Increased
CUST08906,67629.04999999999,103326.20000000001,37,47,52.78375195274816,Stable or Increased
CUST08907,139897.24,137848.95,56,58,-1.4641389637136366,Low Decline
CUST08908,277589.97,403873.68999999994,91,119,45.49289731181569,Stable or Increased
CUST08909,193002.39,257329.28000000003,74,75,33.32958208444984,Stable or Increased
CUST08910,162006.82,238234.43,70,72,47.05209941161735,Stable or Increased
CUST08911,84206.14000000001,148453.46,42,59,76.29766665471185,Stable or Increased
CUST08912,69949.91,77042.42000000001,40,40,10.139412616828254,Stable or Increased
CUST08913,144031.28999999998,185030.93,45,57,28.465786843955936,Stable or Increased
CUST08914,236741.43999999997,266744.1699999999,74,81,12.67320584009287,Stable or Increased
CUST08915,85845.65,107037.06999999999,29,48,24.685490761616926,Stable or Increased
CUST08916,254844.55,306297.4,85,102,20.189896154341948,Stable or Increased
CUST08917,187052.02000000002,267853.11,72,76,43.1971223833883,Stable or Increased
CUST08918,111276.45,168135.68000000002,48,54,51.09727170483964,Stable or Increased
CUST08919,127563.44,170801.68000000002,50,59,33.89547977069294,Stable or Increased
CUST08920,221378.26,232814.80999999997,70,82,5.166067345546919,Stable or Increased
CUST08921,255062.51,377831.94999999995,91,111,48.13307922046244,Stable or Increased
CUST08922,74757.88,118728.34000000001,28,45,58.81715746888489,Stable or Increased
CUST08923,74807.69,80949.09,40,34,8.209583800809774,Stable or Increased
CUST08924,134888.31,217982.77000000002,55,64,61.60241758533413,Stable or Increased
CUST08925,45604.979999999996,115550.31999999999,29,43,153.37215365514908,Stable or Increased
CUST08926,56625.590000000004,135198.28,24,45,138.75827165774342,Stable or Increased
CUST08927,102787.40000000001,128288.95,45,52,24.80999616684534,Stable or Increased
CUST08928,94565.44,171963.18999999997,38,50,81.84570388505566,Stable or Increased
CUST08929,93629.59999999999,87907.28,31,38,-6.111656997359803,Low Decline
CUST08930,80314.15,148167.33,49,60,84.48471408836424,Stable or Increased
CUST08931,137164.28,130580.17,47,53,-4.8001637160928485,Low Decline
CUST08932,70179.81999999999,87390.8,34,35,24.52411533685896,Stable or Increased
CUST08933,122153.26999999999,74508.44,35,44,-39.0041379981068,Moderate Decline
CUST08934,87933.96999999999,92803.09,36,40,5.537245731086644,Stable or Increased
CUST08935,81637.43000000001,88914.13999999998,37,35,8.913448157297426,Stable or Increased
CUST08936,70304.14,133928.38999999998,34,49,90.49858230255,Stable or Increased
CUST08937,117938.52,135054.55,48,55,14.512671517329522,Stable or Increased
CUST08938,363924.05,351857.13,96,114,-3.315779762288308,Low Decline
CUST08939,73845.21,112794.15,37,46,52.74403038463833,Stable or Increased
CUST08940,175473.89,173737.2,61,76,-0.9897141962260039,Low Decline
CUST08941,143584.18,98843.98,49,47,-31.159560893129036,Moderate Decline
CUST08942,129385.14,158715.83000000002,44,53,22.66928798778594,Stable or Increased
CUST08943,73438.37000000001,113454.73000000001,39,55,54.4897170239481,Stable or Increased
CUST08944,333702.61,303791.08999999997,83,111,-8.963525937061151,Low Decline
CUST08945,140534.84,161883.10000000003,56,55,15.190724236068464,Stable or Increased
CUST08946,101719.69000000002,113714.26000000001,48,47,11.791787804308086,Stable or Increased
CUST08947,95403.48000000001,133103.5,35,53,39.51639919214686,Stable or Increased
CUST08948,205213.61000000002,176957.63999999998,74,76,-13.769052647141692,Low Decline
CUST08949,275959.53,402403.02,91,105,45.81957724018445,Stable or Increased
CUST08950,90741.78,129560.18999999999,39,49,42.778982294594606,Stable or Increased
CUST08951,105137.31,156042.1,40,50,48.4174362079456,Stable or Increased
CUST08952,248091.25999999995,304242.63000000006,97,98,22.633352742857657,Stable or Increased
CUST08953,191303.58,247717.73,62,87,29.489333132187085,Stable or Increased
CUST08954,103135.56,112911.52999999998,38,54,9.478757860043602,Stable or Increased
CUST08955,85798.02000000002,88286.20000000001,32,44,2.9000436140600825,Stable or Increased
CUST08956,255544.08000000002,274255.97,87,84,7.3223727194149655,Stable or Increased
CUST08957,227478.75999999995,312493.8399999999,99,111,37.37275515305252,Stable or Increased
CUST08958,85160.98000000001,124815.69999999998,30,44,46.56442422339429,Stable or Increased
CUST08959,93067.08,127697.05,42,42,37.209687893936284,Stable or Increased
CUST08960,119305.99000000002,88080.03,49,37,-26.173002713442983,Moderate Decline
CUST08961,286872.93,332146.76999999996,92,102,15.781844595793672,Stable or Increased
CUST08962,349869.34,330251.15,100,116,-5.60729042447675,Low Decline
CUST08963,116234.57,162849.39,45,57,40.10409295616614,Stable or Increased
CUST08964,169404.13,164636.53,56,59,-2.814335164083665,Low Decline
CUST08965,100077.05,149399.09999999998,40,50,49.28407661896506,Stable or Increased
CUST08966,116115.52,203149.71000000005,43,54,74.95482946637972,Stable or Increased
CUST08967,134460.96,270818.87999999995,51,86,101.41078867799246,Stable or Increased
CUST08968,152102.05000000002,108433.21999999999,58,53,-28.710217909620564,Moderate Decline
CUST08969,120161.99999999999,141680.09,53,66,17.907566451956534,Stable or Increased
CUST08970,316099.92,324321.19000000006,98,105,2.6008453276419927,Stable or Increased
CUST08971,100189.97,130146.73999999999,40,51,29.899969028835912,Stable or Increased
CUST08972,190492.45999999996,247129.03000000003,67,84,29.73165972028503,Stable or Increased
CUST08973,259788.84999999998,368241.95999999996,86,102,41.74663770211847,Stable or Increased
CUST08974,85212.72000000002,89171.9,35,37,4.646231219939907,Stable or Increased
CUST08975,83754.38,123716.61,33,36,47.71360017231337,Stable or Increased
CUST08976,83096.16,129667.94999999998,37,50,56.04565842753742,Stable or Increased
CUST08977,179961.53,211929.83000000002,69,76,17.763963220361607,Stable or Increased
CUST08978,148007.05,152562.91,47,61,3.0781371563043893,Stable or Increased
CUST08979,103602.93,125941.73999999999,51,53,21.56194810320519,Stable or Increased
CUST08980,80037.48999999999,123106.36,39,58,53.81087038086778,Stable or Increased
CUST08981,141129.87,119334.29000000001,54,50,-15.443633583733895,Low Decline
CUST08982,112352.48,56151.31,40,36,-50.02218909631546,High Decline
CUST08983,72464.23,145028.12,34,55,100.13752992338428,Stable or Increased
CUST08984,98824.93,103017.23999999999,42,39,4.242158329887001,Stable or Increased
CUST08985,241881.14,333234.62000000005,87,103,37.76792188097014,Stable or Increased
CUST08986,163998.97,230289.90000000002,61,78,40.421552647556275,Stable or Increased
CUST08987,86597.21000000002,78419.73,27,34,-9.443121781868058,Low Decline
CUST08988,75665.14,130346.01,36,46,72.266925033113,Stable or Increased
CUST08989,143480.44,117093.69999999998,52,55,-18.390478869454274,Low Decline
CUST08990,120628.32,200306.37999999995,60,67,66.05253227434481,Stable or Increased
CUST08991,78873.84,118143.95000000001,28,41,49.78851036034256,Stable or Increased
CUST08992,77798.25,97113.12000000001,34,37,24.826869498992597,Stable or Increased
CUST08993,127045.38,188332.39,50,63,48.24025084580014,Stable or Increased
CUST08994,100577.73,167908.92,42,65,66.94443193339124,Stable or Increased
CUST08995,109187.18,133744.90999999997,47,61,22.49140421064083,Stable or Increased
CUST08996,81393.1,89607.0,34,31,10.091641674785693,Stable or Increased
CUST08997,151938.91,117536.06,56,50,-22.64255416864581,Low Decline
CUST08998,171450.87999999998,120114.09999999999,60,53,-29.942558475057105,Moderate Decline
CUST08999,119041.90999999997,115806.25999999998,40,43,-2.7180763480693435,Low Decline
CUST09000,38834.68,82049.26000000001,32,40,111.27832133546616,Stable or Increased
CUST09001,124998.03999999998,151767.33999999997,58,52,21.415775799364532,Stable or Increased
CUST09002,142295.24000000002,201888.08,64,67,41.879714317920936,Stable or Increased
CUST09003,73835.12,174572.09,37,46,136.4350325427791,Stable or Increased
CUST09004,90284.94,110572.25,42,44,22.47031453972279,Stable or Increased
CUST09005,103072.66,116960.54,43,50,13.47387367319325,Stable or Increased
CUST09006,225453.78999999998,192565.16000000003,71,82,-14.587747671041567,Low Decline
CUST09007,272667.98,408801.25,83,113,49.926386662636375,Stable or Increased
CUST09008,117748.11,161436.73999999996,50,53,37.10346603440171,Stable or Increased
CUST09009,113552.41,96013.91999999998,33,37,-15.445282050816903,Low Decline
CUST09010,123326.29,133710.09000000003,48,51,8.419778134897298,Stable or Increased
CUST09011,283184.32,386263.7,93,108,36.40010153104522,Stable or Increased
CUST09012,139326.9,244475.43,69,88,75.46893672363342,Stable or Increased
CUST09013,88670.07,73981.9,34,35,-16.564969442338338,Low Decline
CUST09014,128337.38,108441.58,49,51,-15.502731939829223,Low Decline
CUST09015,117151.39000000001,129161.56999999999,48,47,10.251845923467043,Stable or Increased
CUST09016,87352.62999999999,108660.59000000001,38,39,24.393037736814588,Stable or Increased
CUST09017,169236.65,158824.87,53,60,-6.152201665537577,Low Decline
CUST09018,226702.36999999997,191938.74999999997,71,76,-15.334475771029656,Low Decline
CUST09019,138939.58,173729.80000000002,46,57,25.03981946685029,Stable or Increased
CUST09020,161012.69,180669.61,58,65,12.20830482367569,Stable or Increased
CUST09021,94548.18,112812.55000000002,38,48,19.317526788987397,Stable or Increased
CUST09022,228404.32999999996,278053.29,87,89,21.73731119720893,Stable or Increased
CUST09023,78417.72000000002,124428.83999999997,30,41,58.67439145131986,Stable or Increased
CUST09024,71359.22,101583.07999999999,36,36,42.354526857216186,Stable or Increased
CUST09025,365030.2,324443.06000000006,102,106,-11.118844413421122,Low Decline
CUST09026,78043.37,171571.65999999997,41,54,119.84142919507447,Stable or Increased
CUST09027,71948.18,99349.12999999999,35,30,38.08428510630846,Stable or Increased
CUST09028,209817.33,181350.97000000003,64,75,-13.567211059258051,Low Decline
CUST09029,99452.0,158592.99999999997,45,61,59.466878494147906,Stable or Increased
CUST09030,171270.78,187197.5,62,72,9.299146065662805,Stable or Increased
CUST09031,100975.29999999999,155166.13999999998,40,58,53.667421636776524,Stable or Increased
CUST09032,160793.84999999998,226041.97,61,78,40.578741040157965,Stable or Increased
CUST09033,138009.0,259110.9,62,85,87.7492772210508,Stable or Increased
CUST09034,136664.44,135039.41999999998,53,55,-1.1890583973417068,Low Decline
CUST09035,270931.74,208497.72999999998,79,72,-23.044184487207005,Low Decline
CUST09036,86295.12999999999,63092.130000000005,40,34,-26.887959957879417,Moderate Decline
CUST09037,55701.579999999994,104180.69,33,47,87.0336353116016,Stable or Increased
CUST09038,128258.03000000001,108443.0,52,47,-15.449348473541978,Low Decline
CUST09039,73404.69,84754.35,32,44,15.461764091640472,Stable or Increased
CUST09040,120810.35,156249.4,47,60,29.33444857994368,Stable or Increased
CUST09041,80232.58,116270.13,33,45,44.916354428587496,Stable or Increased
CUST09042,96897.36999999998,176951.98,47,65,82.61793895954044,Stable or Increased
CUST09043,232424.4,350399.68999999994,98,106,50.7585649355231,Stable or Increased
CUST09044,102935.73999999999,130857.87000000001,42,58,27.125787408727057,Stable or Increased
CUST09045,130642.3,112601.11999999998,50,54,-13.80960071890959,Low Decline
CUST09046,324408.54000000004,271631.33999999997,84,104,-16.26874557617998,Low Decline
CUST09047,101098.65000000001,178668.53,33,49,76.72691969675162,Stable or Increased
CUST09048,89501.95999999999,160864.21,46,58,79.73261144225222,Stable or Increased
CUST09049,296939.30999999994,306650.24,95,104,3.2703416735224624,Stable or Increased
CUST09050,77673.65,83397.7,40,38,7.3693588494940085,Stable or Increased
CUST09051,219685.58000000005,237486.30000000002,74,78,8.1028167620287,Stable or Increased
CUST09052,105517.51999999999,132643.92,47,63,25.707958261338995,Stable or Increased
CUST09053,150136.37,130663.83,52,54,-12.969901963128583,Low Decline
CUST09054,191014.69,216342.06,65,82,13.25938334899792,Stable or Increased
CUST09055,218578.79000000004,307130.64,80,95,40.51255384843148,Stable or Increased
CUST09056,143352.34,121487.37000000001,41,51,-15.252607665839278,Low Decline
CUST09057,112593.9,144349.86000000002,35,44,28.203979078795584,Stable or Increased
CUST09058,96912.79000000001,88963.36000000002,33,44,-8.202663446176704,Low Decline
CUST09059,81434.17,120941.99999999999,42,57,48.515052096681266,Stable or Increased
CUST09060,42067.509999999995,115894.82,31,50,175.49721863737602,Stable or Increased
CUST09061,83874.26999999999,97852.23000000001,43,36,16.665373063753666,Stable or Increased
CUST09062,127159.51,146202.04,48,56,14.975309357514837,Stable or Increased
CUST09063,149767.99,189260.17,66,76,26.368905665356145,Stable or Increased
CUST09064,256225.93999999997,394553.84,80,99,53.98668846721767,Stable or Increased
CUST09065,85534.96999999999,81433.04,32,42,-4.795617511761557,Low Decline
CUST09066,353378.45999999996,385385.76,100,101,9.05751301310217,Stable or Increased
CUST09067,64982.299999999996,136216.28999999998,33,53,109.62060437996192,Stable or Increased
CUST09068,381200.86000000004,341138.14,105,92,-10.509609028688976,Low Decline
CUST09069,216434.29000000004,275594.61,82,85,27.334079087006007,Stable or Increased
CUST09070,145991.41999999998,208179.23,56,68,42.59689370786313,Stable or Increased
CUST09071,206097.0,435954.76,80,116,111.52892084795023,Stable or Increased
CUST09072,82223.23999999999,86973.08000000002,32,39,5.776760925499927,Stable or Increased
CUST09073,233446.49,238787.13,67,71,2.287736260245341,Stable or Increased
CUST09074,164008.85,162298.61,52,53,-1.0427729967011048,Low Decline
CUST09075,82757.65,95873.54,35,43,15.848552973652588,Stable or Increased
CUST09076,60121.92,61374.330000000016,33,34,2.0831171060405556,Stable or Increased
CUST09077,125008.95999999999,125660.01,55,52,0.5208026688646982,Stable or Increased
CUST09078,80490.5,80491.11000000002,36,38,0.00075785341129094,Stable or Increased
CUST09079,257198.61,411496.39,75,120,59.991685025047396,Stable or Increased
CUST09080,87135.34000000001,87776.36,33,38,0.7356601810470809,Stable or Increased
CUST09081,123846.03999999998,100668.79999999999,60,55,-18.714558818352202,Low Decline
CUST09082,112695.01999999999,127812.94999999998,51,52,13.414905112932226,Stable or Increased
CUST09083,128196.87000000002,142223.8,46,59,10.941710199320747,Stable or Increased
CUST09084,59100.16,70102.04999999999,22,40,18.615668722385838,Stable or Increased
CUST09085,164243.25000000003,170747.1,61,69,3.959888762551871,Stable or Increased
CUST09086,323950.31,420871.34,112,110,29.91848657283274,Stable or Increased
CUST09087,116987.75,131086.13999999998,44,49,12.051167750469588,Stable or Increased
CUST09088,81932.27999999998,91926.25,34,49,12.197841925063013,Stable or Increased
CUST09089,230505.27,300906.70999999996,93,104,30.542225780781486,Stable or Increased
CUST09090,250723.15,298541.12,97,108,19.07202027415498,Stable or Increased
CUST09091,126781.16,131225.39,57,49,3.505434088156324,Stable or Increased
CUST09092,181117.84,196699.63,69,76,8.603122696251242,Stable or Increased
CUST09093,260594.90999999997,387564.35,85,113,48.72291634552648,Stable or Increased
CUST09094,107732.65,116536.3,41,42,8.171756658728816,Stable or Increased
CUST09095,113460.29,105221.34,32,41,-7.261527359043414,Low Decline
CUST09096,125032.12999999999,161607.81000000003,59,48,29.253024802504797,Stable or Increased
CUST09097,191601.03000000003,257337.89,69,78,34.309241448232285,Stable or Increased
CUST09098,158390.1,228034.48,63,80,43.97015975114606,Stable or Increased
CUST09099,118643.42,147983.84,49,48,24.72991759677865,Stable or Increased
CUST09100,108518.31,109325.02999999998,44,37,0.7433952850905867,Stable or Increased
CUST09101,88436.16999999998,89652.96,37,43,1.3758963102993074,Stable or Increased
CUST09102,141234.18999999997,266520.98,71,84,88.70854146577399,Stable or Increased
CUST09103,84012.95000000001,213315.81,44,62,153.90824866880638,Stable or Increased
CUST09104,80674.56,66628.34,35,30,-17.410965736906405,Low Decline
CUST09105,97623.13,144171.34999999998,38,58,47.68154841992873,Stable or Increased
CUST09106,102348.56000000001,102057.9,42,38,-0.2839903170108285,Low Decline
CUST09107,124770.26999999999,168887.01,48,61,35.35837503597614,Stable or Increased
CUST09108,171101.56999999998,162260.99,81,79,-5.166860830090565,Low Decline
CUST09109,106187.03000000001,111340.77,39,45,4.853455266617769,Stable or Increased
CUST09110,182018.62,227980.92,68,70,25.251427573728456,Stable or Increased
CUST09111,98048.15000000001,90309.56000000001,43,42,-7.892642543485008,Low Decline
CUST09112,58749.320000000014,134302.91,36,54,128.60334383444774,Stable or Increased
CUST09113,286511.71,339784.28,98,107,18.593505305594668,Stable or Increased
CUST09114,115604.15000000001,175792.13999999998,48,61,52.06386621933552,Stable or Increased
CUST09115,90706.29999999999,146118.75,46,60,61.089968392493155,Stable or Increased
CUST09116,125359.07999999999,153815.95,55,55,22.70028624970766,Stable or Increased
CUST09117,117392.85999999999,125790.86000000002,52,53,7.153757051323249,Stable or Increased
CUST09118,172352.53000000003,203803.33,61,79,18.24794797036049,Stable or Increased
CUST09119,224102.96,242387.58000000002,68,80,8.159026547440526,Stable or Increased
CUST09120,131865.64999999997,306360.58999999997,59,82,132.327820019846,Stable or Increased
CUST09121,48799.33,80800.72,29,40,65.57751919954639,Stable or Increased
CUST09122,46886.01,73518.18999999999,30,40,56.80197568528434,Stable or Increased
CUST09123,131072.56,134728.91999999998,49,57,2.789569380501904,Stable or Increased
CUST09124,143893.21,145259.33,56,47,0.9493985157465008,Stable or Increased
CUST09125,149277.40999999997,208558.01,59,75,39.711701857635425,Stable or Increased
CUST09126,160137.74,125546.78,60,54,-21.60075445051241,Low Decline
CUST09127,81603.56,118494.95000000001,32,46,45.2080644520901,Stable or Increased
CUST09128,130651.16,155271.69999999998,47,55,18.84448634057285,Stable or Increased
CUST09129,81318.51999999999,60848.700000000004,33,30,-25.17239615280749,Moderate Decline
CUST09130,141754.41,195743.06999999998,46,60,38.08605319580531,Stable or Increased
CUST09131,150716.3,114088.47,56,51,-24.302500791221647,Low Decline
CUST09132,99054.03,163126.44999999998,43,55,64.68431420710493,Stable or Increased
CUST09133,186268.7,222866.11000000002,68,82,19.647643431236705,Stable or Increased
CUST09134,106306.40000000001,140552.08999999997,42,61,32.21413762482781,Stable or Increased
CUST09135,149911.27999999997,123870.44,57,63,-17.370834269442547,Low Decline
CUST09136,153208.80999999997,103667.56999999999,46,50,-32.33576450335981,Moderate Decline
CUST09137,269093.56,395621.57999999996,90,116,47.0200847615974,Stable or Increased
CUST09138,130761.13999999998,178746.29,66,68,36.69679692300023,Stable or Increased
CUST09139,90540.27,101388.52999999998,39,47,11.981696100530716,Stable or Increased
CUST09140,94660.64,181803.09000000003,42,56,92.05774438034649,Stable or Increased
CUST09141,84330.26000000001,144156.17,38,56,70.94239956096423,Stable or Increased
CUST09142,97300.4,157152.3,34,47,61.51249121278021,Stable or Increased
CUST09143,160667.47,218263.77000000002,66,72,35.848140261373395,Stable or Increased
CUST09144,98540.03,140990.18,35,47,43.07909181679769,Stable or Increased
CUST09145,65335.76000000001,136769.7,30,60,109.33360230293485,Stable or Increased
CUST09146,85616.9,143921.83,43,57,68.09979104592668,Stable or Increased
CUST09147,118237.94999999998,104449.29999999999,39,45,-11.661780333640761,Low Decline
CUST09148,73706.76,93581.96,36,41,26.96523358237428,Stable or Increased
CUST09149,79252.97,90887.29000000001,38,51,14.679979816529283,Stable or Increased
CUST09150,91718.51999999999,144786.74,43,49,57.85987388370419,Stable or Increased
CUST09151,98726.11999999998,123179.01999999999,37,53,24.76841994803403,Stable or Increased
CUST09152,160566.98,270550.25,63,85,68.49681671785817,Stable or Increased
CUST09153,241521.62,296517.46,95,102,22.77056604704789,Stable or Increased
CUST09154,94993.23999999999,92477.01000000001,43,43,-2.6488516446012174,Low Decline
CUST09155,133163.09,168237.55,46,56,26.339475901317694,Stable or Increased
CUST09156,65426.22,69849.51000000001,32,36,6.760729872519011,Stable or Increased
CUST09157,67916.9,110565.33,34,37,62.79501861834096,Stable or Increased
CUST09158,94454.33,114767.30999999998,40,46,21.505610171603546,Stable or Increased
CUST09159,182977.41,233110.56,64,79,27.398546082819728,Stable or Increased
CUST09160,119665.36,102558.18999999999,45,52,-14.295841336206246,Low Decline
CUST09161,78484.68,127852.22999999998,33,39,62.90087441268792,Stable or Increased
CUST09162,117135.01,130735.56999999999,48,56,11.611011942543906,Stable or Increased
CUST09163,166957.63,180598.65000000002,65,72,8.170348369223987,Stable or Increased
CUST09164,109129.77,159965.11999999997,42,53,46.58247699046737,Stable or Increased
CUST09165,109392.74,145307.9,49,55,32.83139265000583,Stable or Increased
CUST09166,57313.06,86245.8,30,34,50.481932041318345,Stable or Increased
CUST09167,250125.52000000005,353894.34,90,107,41.486698358488155,Stable or Increased
CUST09168,312640.72,353525.48,101,106,13.077234469009671,Stable or Increased
CUST09169,236712.37000000002,224371.28,74,76,-5.213538270095485,Low Decline
CUST09170,70078.12999999999,118904.98000000001,35,41,69.67487574226085,Stable or Increased
CUST09171,83482.50000000001,124965.79000000001,47,46,49.691001108016636,Stable or Increased
CUST09172,74433.44000000002,114365.94,31,49,53.64860202618605,Stable or Increased
CUST09173,93631.89,60516.01000000001,38,35,-35.3681635605134,Moderate Decline
CUST09174,94156.11,131189.03,45,49,39.33140398429799,Stable or Increased
CUST09175,139871.46,154650.5,51,54,10.566158385706427,Stable or Increased
CUST09176,252505.88,269378.73,87,101,6.682161223334671,Stable or Increased
CUST09177,227977.78999999998,240480.81999999998,76,89,5.484319327773114,Stable or Increased
CUST09178,127706.78000000001,71278.63999999998,43,32,-44.1857041576023,Moderate Decline
CUST09179,111974.43,81360.46000000002,42,40,-27.340143638150224,Moderate Decline
CUST09180,307599.4,373086.47,93,105,21.289726182820882,Stable or Increased
CUST09181,209285.02000000002,280319.24000000005,71,82,33.94137812634656,Stable or Increased
CUST09182,93838.48,128829.17,34,37,37.28821055072503,Stable or Increased
CUST09183,191607.59,237469.25,63,80,23.935200061751207,Stable or Increased
CUST09184,107685.20999999999,177584.42,52,53,64.91068736365933,Stable or Increased
CUST09185,203978.74000000002,267056.21,75,90,30.92355115047774,Stable or Increased
CUST09186,116557.51000000001,157397.72,56,64,35.038677473463515,Stable or Increased
CUST09187,187275.39999999997,133194.22,66,54,-28.877887859270345,Moderate Decline
CUST09188,74252.92999999998,128330.45,34,44,72.82880284993472,Stable or Increased
CUST09189,173899.3,179105.64,55,59,2.9938820915322983,Stable or Increased
CUST09190,105146.21999999999,108430.18000000001,47,40,3.1232316292492697,Stable or Increased
CUST09191,66682.53,109448.05000000002,35,41,64.13301954799859,Stable or Increased
CUST09192,77225.13,102620.97,37,46,32.88546098918835,Stable or Increased
CUST09193,119843.08,174604.04999999996,49,61,45.69389404878442,Stable or Increased
CUST09194,79360.81,92451.41999999998,36,34,16.495055935038952,Stable or Increased
CUST09195,100251.20999999999,88219.3,37,36,-12.001760377755032,Low Decline
CUST09196,113433.58999999998,83276.56,34,44,-26.58562600372605,Moderate Decline
CUST09197,131986.21000000002,171423.84999999998,57,52,29.880121567245506,Stable or Increased
CUST09198,161333.73,152720.61,57,64,-5.338697617664963,Low Decline
CUST09199,85188.57,63780.390000000014,36,28,-25.13034319040687,Moderate Decline
CUST09200,106021.21999999997,132905.39,54,52,25.35734827424175,Stable or Increased
CUST09201,53992.71000000001,109389.91,29,46,102.60125857731533,Stable or Increased
CUST09202,217531.22000000003,181983.59000000003,75,72,-16.34139228382942,Low Decline
CUST09203,64315.48999999999,94509.44,37,39,46.946622034598526,Stable or Increased
CUST09204,146339.30999999997,118078.32999999999,53,54,-19.311953842067442,Low Decline
CUST09205,222175.59999999998,369750.05999999994,89,107,66.42244242842148,Stable or Increased
CUST09206,68000.24,116752.27,31,42,71.69390872738096,Stable or Increased
CUST09207,111214.23999999999,115553.05999999998,52,53,3.9013169536562877,Stable or Increased
CUST09208,84682.64,103298.82,32,46,21.983466741235283,Stable or Increased
CUST09209,294059.97,348626.92000000004,94,97,18.55640194753474,Stable or Increased
CUST09210,112922.65999999999,96443.52,47,31,-14.593297749096584,Low Decline
CUST09211,85871.20999999999,83279.13,44,43,-3.0185669911952884,Low Decline
CUST09212,96443.40000000001,103679.04,27,45,7.502472953048093,Stable or Increased
CUST09213,311543.5800000001,334515.31,101,108,7.373520584182772,Stable or Increased
CUST09214,77495.17,70815.83,42,25,-8.619040386646027,Low Decline
CUST09215,313645.62,331899.20999999996,92,99,5.819813456983702,Stable or Increased
CUST09216,162717.76,193736.42,70,74,19.06286074734559,Stable or Increased
CUST09217,163132.27999999997,235275.62999999998,69,73,44.2238347922312,Stable or Increased
CUST09218,70719.26999999999,111860.81000000001,30,50,58.17585503922768,Stable or Increased
CUST09219,120950.69,173496.6,49,59,43.44407625950708,Stable or Increased
CUST09220,59936.57,105149.94,34,46,75.43536441941873,Stable or Increased
CUST09221,137537.3,151869.16,61,53,10.420344153913168,Stable or Increased
CUST09222,108885.30999999998,125075.26000000001,50,44,14.868810126912463,Stable or Increased
CUST09223,235798.11999999994,351826.88999999996,80,104,49.20682573720268,Stable or Increased
CUST09224,113535.29000000001,107203.28,37,40,-5.577129366560837,Low Decline
CUST09225,145330.06999999998,244415.04,71,89,68.17926255729462,Stable or Increased
CUST09226,91042.11,132025.17999999996,37,51,45.01550985582382,Stable or Increased
CUST09227,200551.02,218383.63999999996,74,85,8.891812168295115,Stable or Increased
CUST09228,225494.45,255286.87999999998,74,94,13.21204579536213,Stable or Increased
CUST09229,67264.51999999999,86054.09,34,34,27.93384982157014,Stable or Increased
CUST09230,70560.56,164099.88,40,67,132.56601138086205,Stable or Increased
CUST09231,79349.77,128316.16,36,44,61.70955504974998,Stable or Increased
CUST09232,69206.2,141727.05000000002,31,45,104.78952752788048,Stable or Increased
CUST09233,153621.37,136581.01,53,53,-11.092441110243962,Low Decline
CUST09234,272203.26,231192.48999999996,77,74,-15.066230286881959,Low Decline
CUST09235,223942.05,222614.49,70,83,-0.5928140784636016,Low Decline
CUST09236,132625.01,191295.53999999998,67,83,44.23790806877222,Stable or Increased
CUST09237,151249.88999999998,270450.54000000004,73,86,78.81040442409582,Stable or Increased
CUST09238,66752.34,101788.1,42,40,52.48618999723457,Stable or Increased
CUST09239,220742.94,413901.01,92,111,87.5036229924273,Stable or Increased
CUST09240,302614.94999999995,368017.33,97,109,21.61240877226987,Stable or Increased
CUST09241,128671.59,149334.43000000002,49,54,16.058587602749004,Stable or Increased
CUST09242,314527.43,393429.55000000005,104,95,25.085926527934323,Stable or Increased
CUST09243,321214.29,407771.85,85,108,26.946982962682018,Stable or Increased
CUST09244,164478.7,225114.41000000003,58,86,36.865387433144846,Stable or Increased
CUST09245,198101.59000000003,242070.59,62,73,22.195177736836925,Stable or Increased
CUST09246,113947.47,102747.55999999998,42,41,-9.82901156120449,Low Decline
CUST09247,94453.16,82670.58,38,34,-12.474521762956371,Low Decline
CUST09248,116928.16,134116.53,45,44,14.69994054469,Stable or Increased
CUST09249,98688.79000000001,80592.19000000002,40,38,-18.337037063682704,Low Decline
CUST09250,169275.53,247358.71999999994,66,84,46.127866207242086,Stable or Increased
CUST09251,94612.13999999998,111254.02000000002,40,47,17.58958205574891,Stable or Increased
CUST09252,74229.93000000001,113908.65,29,40,53.45380226008563,Stable or Increased
CUST09253,118812.73999999999,153259.31,50,58,28.992320183845614,Stable or Increased
CUST09254,87104.68,179585.73,42,57,106.17230899648564,Stable or Increased
CUST09255,233492.35,288037.85000000003,81,83,23.360722524742258,Stable or Increased
CUST09256,143995.52999999997,168560.21,66,72,17.059335105749483,Stable or Increased
CUST09257,69126.64000000001,110220.87,38,45,59.44774691783077,Stable or Increased
CUST09258,82244.88,166330.21,49,61,102.23776847871865,Stable or Increased
CUST09259,97480.33,158042.08000000002,44,51,62.12714913870318,Stable or Increased
CUST09260,113474.72,142167.3,50,55,25.28543802531523,Stable or Increased
CUST09261,102846.8,72939.73,38,34,-29.079242134903573,Moderate Decline
CUST09262,76799.79000000001,93923.53,31,39,22.296597425591905,Stable or Increased
CUST09263,78703.77,75032.18999999999,40,34,-4.665062423312144,Low Decline
CUST09264,219847.47999999998,247400.13,71,82,12.532620342066247,Stable or Increased
CUST09265,144208.93,152139.51,54,43,5.4993681736630435,Stable or Increased
CUST09266,151534.08,162069.39,54,55,6.952436046069655,Stable or Increased
CUST09267,134665.11,133778.34999999998,45,58,-0.6584927602999837,Low Decline
CUST09268,103281.24999999999,136695.43,44,53,32.35260998487142,Stable or Increased
CUST09269,175458.41,186796.91000000003,66,67,6.462215176804593,Stable or Increased
CUST09270,81326.30000000002,76839.49,35,35,-5.517046761010905,Low Decline
CUST09271,109724.14,182533.56,45,60,66.35679258912396,Stable or Increased
CUST09272,66628.08,90484.35,30,43,35.80512900867022,Stable or Increased
CUST09273,65270.61,108904.75999999998,31,49,66.85114479549063,Stable or Increased
CUST09274,192035.37,210797.47000000003,65,70,9.77012724270536,Stable or Increased
CUST09275,219364.22999999998,203533.97000000003,68,77,-7.216427217874105,Low Decline
CUST09276,144833.06999999998,215999.66999999998,63,71,49.13698232040515,Stable or Increased
CUST09277,87360.84,84437.95999999999,42,38,-3.345755375062791,Low Decline
CUST09278,174307.47,197476.52,61,77,13.292057993842715,Stable or Increased
CUST09279,93914.27,113630.19,39,47,20.993529524320422,Stable or Increased
CUST09280,57888.590000000004,90707.68000000001,38,35,56.693538398499605,Stable or Increased
CUST09281,62229.31,97718.11,36,40,57.029075205879685,Stable or Increased
CUST09282,224850.83000000002,177866.91,82,73,-20.895595537717163,Low Decline
CUST09283,80458.95,72358.54000000001,39,40,-10.067755047760366,Low Decline
CUST09284,65038.740000000005,106735.01000000001,35,40,64.10989819298467,Stable or Increased
CUST09285,107673.40999999999,63662.47,33,36,-40.874474022880854,Moderate Decline
CUST09286,132145.51,141084.87,53,52,6.764785273445905,Stable or Increased
CUST09287,48828.66,126940.73999999999,26,41,159.9717870611235,Stable or Increased
CUST09288,171929.69999999998,186807.83000000002,72,73,8.653612493943765,Stable or Increased
CUST09289,71169.65,110679.9,32,44,55.51558845659632,Stable or Increased
CUST09290,111867.45999999999,109524.61,49,50,-2.0943087471548845,Low Decline
CUST09291,77315.59000000001,93814.59000000001,30,38,21.339809991749398,Stable or Increased
CUST09292,103387.28,106841.03000000001,34,37,3.340594703719853,Stable or Increased
CUST09293,71101.04999999999,102752.87,32,43,44.516670288272834,Stable or Increased
CUST09294,77945.6,105360.91,37,37,35.17236380244683,Stable or Increased
CUST09295,140219.61,269721.99,61,81,92.35682512595778,Stable or Increased
CUST09296,54613.100000000006,159651.16000000003,32,58,192.33125385667543,Stable or Increased
CUST09297,162421.75,145263.84000000003,76,61,-10.563800722501743,Low Decline
CUST09298,83273.11,118287.23999999999,41,44,42.047342773675666,Stable or Increased
CUST09299,34861.73999999999,93828.57,24,42,169.1448275387288,Stable or Increased
CUST09300,97141.09999999998,105887.86,27,49,9.004180516794667,Stable or Increased
CUST09301,94877.7,67791.34999999999,43,42,-28.54870006334471,Moderate Decline
CUST09302,201999.34000000003,242399.75999999995,73,73,20.00027326821955,Stable or Increased
CUST09303,124290.0,177267.94,43,67,42.624458926703674,Stable or Increased
CUST09304,134563.75,175881.96,57,61,30.705305106315773,Stable or Increased
CUST09305,129516.19999999998,206520.92,66,63,59.45566654982159,Stable or Increased
CUST09306,78835.99999999999,125257.71,32,43,58.88389821908776,Stable or Increased
CUST09307,94164.61999999998,168285.71000000002,47,59,78.71437276548247,Stable or Increased
CUST09308,134702.09,125333.06000000001,51,47,-6.955370922604084,Low Decline
CUST09309,61262.26,66041.16999999998,38,37,7.800740619102171,Stable or Increased
CUST09310,133469.81,176391.34,54,60,32.15823113856235,Stable or Increased
CUST09311,138757.82,174717.72000000003,48,59,25.915584433367446,Stable or Increased
CUST09312,62290.32000000001,117797.9,32,47,89.11108499683415,Stable or Increased
CUST09313,93838.55,129128.5,37,40,37.607092181198446,Stable or Increased
CUST09314,145531.87,235668.12999999998,61,67,61.935753316438515,Stable or Increased
CUST09315,49494.35,53569.259999999995,33,33,8.233081149666571,Stable or Increased
CUST09316,87814.1,147363.82,24,48,67.81339215456288,Stable or Increased
CUST09317,203509.48,220608.74000000002,76,78,8.40219335236865,Stable or Increased
CUST09318,334204.92000000004,308275.16000000003,99,102,-7.758641015817483,Low Decline
CUST09319,70787.92,112766.32999999999,34,42,59.301657683966404,Stable or Increased
CUST09320,92603.04000000001,79790.98000000001,37,38,-13.835463716957884,Low Decline
CUST09321,100517.26000000001,112700.53,38,48,12.120575113169608,Stable or Increased
CUST09322,96188.28,116483.83,48,49,21.099815902727446,Stable or Increased
CUST09323,82589.53,99035.58,32,34,19.91299623572141,Stable or Increased
CUST09324,212016.29,193396.23,79,81,-8.782372335635152,Low Decline
CUST09325,233812.44,393837.78,90,103,68.44175613581554,Stable or Increased
CUST09326,123782.92000000001,107045.33,48,43,-13.521728199657925,Low Decline
CUST09327,213187.18,158896.41,67,65,-25.466245202924487,Moderate Decline
CUST09328,87138.06999999999,123539.03,32,47,41.773888267206296,Stable or Increased
CUST09329,117706.51,114732.40000000001,39,48,-2.5267166616357803,Low Decline
CUST09330,172758.21,195265.72,68,77,13.028330173136206,Stable or Increased
CUST09331,79201.27,106037.57999999999,39,37,33.88368646108829,Stable or Increased
CUST09332,85213.33,103258.32,29,37,21.17625258865016,Stable or Increased
CUST09333,76277.27,99660.79999999997,38,39,30.655960812441204,Stable or Increased
CUST09334,127378.79,86978.72,45,41,-31.716481213238087,Moderate Decline
CUST09335,190962.11,282458.27999999997,71,77,47.91325881348922,Stable or Increased
CUST09336,56123.15,88597.9,30,41,57.863377233815264,Stable or Increased
CUST09337,75898.95,119800.68000000001,33,42,57.84234169247402,Stable or Increased
CUST09338,280253.57999999996,418958.37,84,120,49.492602378174816,Stable or Increased
CUST09339,98643.93000000001,133791.58000000002,44,54,35.630828982584134,Stable or Increased
CUST09340,165706.15,244859.99,61,82,47.767593417625115,Stable or Increased
CUST09341,68234.27,122128.18,26,44,78.98363974583444,Stable or Increased
CUST09342,107364.20000000001,138759.12,52,58,29.241516259609792,Stable or Increased
CUST09343,277587.82,354281.64999999997,98,114,27.628672612508705,Stable or Increased
CUST09344,274754.41,305993.30000000005,93,99,11.369750170707023,Stable or Increased
CUST09345,106365.34,75051.04,42,39,-29.440323323368315,Moderate Decline
CUST09346,100767.94999999997,199664.05,43,61,98.1424153215383,Stable or Increased
CUST09347,139501.00999999998,207215.5,61,64,48.54050160640416,Stable or Increased
CUST09348,119096.21,137458.85000000003,46,49,15.418324395041644,Stable or Increased
CUST09349,67567.4,104408.45,28,42,54.52488922172528,Stable or Increased
CUST09350,144061.24,127491.31,46,58,-11.502004286510372,Low Decline
CUST09351,71000.41,114463.91,30,40,61.215843683156194,Stable or Increased
CUST09352,298131.83,436345.42,88,120,46.359890522256535,Stable or Increased
CUST09353,104224.62000000001,100457.35,38,35,-3.6145682277373656,Low Decline
CUST09354,113628.57,113408.19000000003,49,52,-0.1939477017091525,Low Decline
CUST09355,138867.37,220490.58999999997,68,76,58.777825201125346,Stable or Increased
CUST09356,113632.01000000002,117662.95999999999,45,51,3.5473719069124687,Stable or Increased
CUST09357,73362.78,121665.49999999999,29,43,65.84090733748093,Stable or Increased
CUST09358,126215.43,123671.09000000001,44,54,-2.0158708012166042,Low Decline
CUST09359,65834.2,132493.92,34,47,101.25393792284257,Stable or Increased
CUST09360,130735.59,88267.93,44,46,-32.48362592007272,Moderate Decline
CUST09361,265606.81999999995,309206.08,96,116,16.414962537483063,Stable or Increased
CUST09362,206905.73,244567.83999999997,77,76,18.202545671403087,Stable or Increased
CUST09363,79310.93,145471.59999999998,43,47,83.41935972759364,Stable or Increased
CUST09364,216161.36,314089.99,83,107,45.30348532226111,Stable or Increased
CUST09365,158361.18999999997,163021.99000000002,69,64,2.9431453501959965,Stable or Increased
CUST09366,87347.86,118889.80999999998,36,44,36.11073013122471,Stable or Increased
CUST09367,288281.43,366602.75,96,105,27.16835420165635,Stable or Increased
CUST09368,119052.32,141009.06,49,63,18.442933325448834,Stable or Increased
CUST09369,274779.92,291878.61000000004,101,95,6.222685413111723,Stable or Increased
CUST09370,116887.47,149241.49,45,61,27.679630673843818,Stable or Increased
CUST09371,88046.06000000001,142357.80000000002,30,45,61.68559956004846,Stable or Increased
CUST09372,78931.42,57833.71,39,29,-26.72916564784974,Moderate Decline
CUST09373,107981.56000000001,119454.70999999999,47,53,10.625101174682026,Stable or Increased
CUST09374,87338.46999999999,104801.23,40,39,19.994350713952297,Stable or Increased
CUST09375,175905.38999999998,266536.96,73,90,51.52290671707106,Stable or Increased
CUST09376,94896.8,107384.34999999999,35,39,13.159084394837327,Stable or Increased
CUST09377,55056.950000000004,86364.83000000002,32,32,56.86453753794936,Stable or Increased
CUST09378,148740.71000000002,150205.59999999998,46,62,0.9848615083254313,Stable or Increased
CUST09379,93593.26000000001,101108.66000000002,43,44,8.029851722228726,Stable or Increased
CUST09380,89720.41,90114.65,38,40,0.4394094944505834,Stable or Increased
CUST09381,96757.08,123459.93000000001,38,46,27.597825399443643,Stable or Increased
CUST09382,200700.68,238190.35,69,72,18.679393612418263,Stable or Increased
CUST09383,130501.55,78972.62,41,41,-39.485301132438664,Moderate Decline
CUST09384,100952.82999999999,96456.70000000001,41,46,-4.453693868710739,Low Decline
CUST09385,303088.04,331015.46,87,105,9.214292982329505,Stable or Increased
CUST09386,64797.41000000001,77199.36000000002,38,34,19.13957672073622,Stable or Increased
CUST09387,181480.69999999998,219841.69999999998,73,69,21.1377848994411,Stable or Increased
CUST09388,104413.61,138521.40000000002,42,56,32.666038459928764,Stable or Increased
CUST09389,278335.50999999995,372638.43,91,113,33.88102366097666,Stable or Increased
CUST09390,155104.97,183476.28999999998,57,66,18.291689814968517,Stable or Increased
CUST09391,186880.28,177209.65,64,77,-5.174772854578346,Low Decline
CUST09392,263947.44000000006,368072.31000000006,81,105,39.44909259207059,Stable or Increased
CUST09393,79044.42,64675.36999999999,28,36,-18.17844953508421,Low Decline
CUST09394,84985.25000000001,116723.47,35,40,37.34556290650434,Stable or Increased
CUST09395,120043.81,163723.56,48,54,36.3865075591986,Stable or Increased
CUST09396,225989.09000000003,233737.33,78,81,3.4285902916817625,Stable or Increased
CUST09397,109067.41999999998,162856.39,44,61,49.31717464298691,Stable or Increased
CUST09398,177791.15,187616.21,71,78,5.526180577604677,Stable or Increased
CUST09399,106537.31,79767.69,30,32,-25.126990722780587,Moderate Decline
CUST09400,89672.56000000001,91027.25,33,41,1.5107074003463128,Stable or Increased
CUST09401,72567.17,140497.3,39,42,93.61000298068672,Stable or Increased
CUST09402,73491.23,118337.41000000002,28,43,61.02249207150298,Stable or Increased
CUST09403,82705.45,167916.77,31,56,103.02987288020319,Stable or Increased
CUST09404,93401.64000000001,113798.4,41,46,21.837689359630065,Stable or Increased
CUST09405,74842.81,59025.67999999999,41,33,-21.13380029424337,Low Decline
CUST09406,64428.54000000001,96353.52000000002,41,44,49.55099091179159,Stable or Increased
CUST09407,125034.60999999999,186282.08000000002,59,65,48.984413195674406,Stable or Increased
CUST09408,172717.62,254916.31,62,82,47.591374869570345,Stable or Increased
CUST09409,307586.05000000005,355155.09,99,112,15.465278740697107,Stable or Increased
CUST09410,82549.81999999999,107454.78000000001,35,47,30.16961151459812,Stable or Increased
CUST09411,114285.01999999999,160407.84,44,60,40.3577126731045,Stable or Increased
CUST09412,138585.09,135192.81,41,59,-2.447795791019076,Low Decline
CUST09413,179798.06,171535.78000000003,64,78,-4.5953109838893536,Low Decline
CUST09414,119533.37000000001,127041.01000000001,46,56,6.280790042144716,Stable or Increased
CUST09415,103238.15,125982.56000000001,33,39,22.031012760302293,Stable or Increased
CUST09416,81292.1,102986.61,37,47,26.687107357295474,Stable or Increased
CUST09417,166491.15,154449.52000000002,56,55,-7.232594645421079,Low Decline
CUST09418,181659.01,219195.7,65,78,20.66326905557836,Stable or Increased
CUST09419,76435.92,114683.78,32,42,50.03911773417524,Stable or Increased
CUST09420,134613.14,107006.47,52,52,-20.50815395881859,Low Decline
CUST09421,103495.77,108804.67,40,44,5.129581624447061,Stable or Increased
CUST09422,214981.41999999998,311313.45000000007,76,109,44.80946772051282,Stable or Increased
CUST09423,214452.47999999995,337309.93000000005,91,99,57.288892159232724,Stable or Increased
CUST09424,208176.94,235852.03000000003,70,75,13.29402286343532,Stable or Increased
CUST09425,178404.61,182198.27,66,72,2.126436082565357,Stable or Increased
CUST09426,296304.02,336150.22000000003,94,111,13.447741950986694,Stable or Increased
CUST09427,100005.04,96031.81000000001,38,38,-3.973029759300113,Low Decline
CUST09428,73397.93000000001,141496.82,37,53,92.78039585040068,Stable or Increased
CUST09429,59985.51,121051.91,30,43,101.80191849665027,Stable or Increased
CUST09430,152395.84000000003,136109.06,57,50,-10.687155239933075,Low Decline
CUST09431,92027.4,106245.66999999998,34,39,15.450039879427205,Stable or Increased
CUST09432,113590.99000000002,172091.56000000003,51,64,51.50106535738442,Stable or Increased
CUST09433,57999.299999999996,139159.53,24,37,139.93311988248138,Stable or Increased
CUST09434,166529.1,211918.88,70,74,27.256365404004466,Stable or Increased
CUST09435,207569.68,228800.81999999998,71,79,10.228439914731277,Stable or Increased
CUST09436,265715.38999999996,361166.87,91,118,35.922450709384975,Stable or Increased
CUST09437,71536.95,120207.48,35,44,68.03551171807017,Stable or Increased
CUST09438,167856.72999999998,201201.39999999997,69,80,19.86495864657913,Stable or Increased
CUST09439,96239.15000000001,88604.51999999999,46,42,-7.932977379787766,Low Decline
CUST09440,87488.64,70565.58,29,39,-19.343151293699385,Low Decline
CUST09441,199307.86,173104.78,66,71,-13.14703795424826,Low Decline
CUST09442,71763.51000000001,78504.79,29,40,9.393743421970278,Stable or Increased
CUST09443,172301.28999999998,222319.39,64,74,29.029440232281512,Stable or Increased
CUST09444,207154.53,183468.61000000002,72,79,-11.433937746859787,Low Decline
CUST09445,126785.65000000001,136277.37,45,56,7.486430838190272,Stable or Increased
CUST09446,127015.15,190823.90999999997,54,57,50.23712525631784,Stable or Increased
CUST09447,283821.5,234727.69,71,89,-17.297424613709673,Low Decline
CUST09448,186710.85,214330.94999999998,66,83,14.792980697158187,Stable or Increased
CUST09449,86057.17,89794.34999999999,33,36,4.342671273061842,Stable or Increased
CUST09450,85341.1,132562.18,44,52,55.33216703323485,Stable or Increased
CUST09451,95346.83000000002,156459.57,42,54,64.09519855038702,Stable or Increased
CUST09452,138604.05000000002,215612.4,60,80,55.55995658135529,Stable or Increased
CUST09453,224078.96999999997,198753.34000000003,79,73,-11.302100326505405,Low Decline
CUST09454,158694.66999999998,150889.18,50,55,-4.91855838636546,Low Decline
CUST09455,100237.75,100454.38,33,48,0.21611618377308414,Stable or Increased
CUST09456,160253.88,126495.67,61,53,-21.065455638265984,Low Decline
CUST09457,111704.73000000001,173598.13,51,66,55.40803867481707,Stable or Increased
CUST09458,139286.22999999998,204883.80000000002,60,63,47.09551690788102,Stable or Increased
CUST09459,186154.16,277605.85,90,94,49.12685808364421,Stable or Increased
CUST09460,329642.9199999999,414833.77,99,118,25.84337318696246,Stable or Increased
CUST09461,140615.19,152840.64,51,59,8.694259844900122,Stable or Increased
CUST09462,276222.98000000004,290640.46,96,103,5.219507804890085,Stable or Increased
CUST09463,39474.07,86486.81000000001,26,32,119.09777735105605,Stable or Increased
CUST09464,81781.04000000001,137573.66999999998,38,45,68.22196196086522,Stable or Increased
CUST09465,116111.70999999999,158730.56,44,62,36.70504034433738,Stable or Increased
CUST09466,144977.28000000003,165660.35,46,53,14.266421607578769,Stable or Increased
CUST09467,193351.97,231987.33000000002,68,83,19.981880712154116,Stable or Increased
CUST09468,80742.8,103875.93,33,48,28.650393595466085,Stable or Increased
CUST09469,115144.09999999999,155101.86,52,49,34.702394651571375,Stable or Increased
CUST09470,150844.43,168531.56,62,59,11.725411405644879,Stable or Increased
CUST09471,101250.87,164233.04000000004,46,66,62.204077851380475,Stable or Increased
CUST09472,70013.98,132115.86000000002,35,44,88.69925691983232,Stable or Increased
CUST09473,158751.76,110430.72000000002,56,47,-30.438112938086473,Moderate Decline
CUST09474,101230.95999999999,146700.0,46,61,44.916140279614076,Stable or Increased
CUST09475,115727.39000000001,151435.48,44,55,30.855348936841995,Stable or Increased
CUST09476,149640.05000000002,176147.77,52,61,17.714321800881496,Stable or Increased
CUST09477,151749.22,206416.47999999998,54,53,36.02473871035382,Stable or Increased
CUST09478,109145.19,86573.12000000001,44,41,-20.68077393057815,Low Decline
CUST09479,95994.83,118106.08000000002,38,44,23.03379254903625,Stable or Increased
CUST09480,99942.64,134052.06000000003,38,52,34.12899639233067,Stable or Increased
CUST09481,105519.13,166526.71000000002,49,64,57.81660633479447,Stable or Increased
CUST09482,201673.36,215970.10999999996,67,76,7.089062234099721,Stable or Increased
CUST09483,233989.13999999998,261837.52000000002,77,76,11.901569448906917,Stable or Increased
CUST09484,100423.02,144853.40999999997,42,60,44.24323227881413,Stable or Increased
CUST09485,104070.59999999999,182620.06,39,52,75.47708959110452,Stable or Increased
CUST09486,342794.73000000004,345660.48,97,110,0.8359959326095654,Stable or Increased
CUST09487,266678.14,329128.1599999999,82,108,23.41774995130831,Stable or Increased
CUST09488,253509.83000000002,333007.26999999996,93,103,31.358720882736556,Stable or Increased
CUST09489,64987.55999999999,62498.88,29,43,-3.82947136344247,Low Decline
CUST09490,120933.05,177046.76999999996,57,64,46.40064895411135,Stable or Increased
CUST09491,186632.19,231346.68,68,77,23.958616142263555,Stable or Increased
CUST09492,115718.21,63448.020000000004,44,32,-45.17023725133667,Moderate Decline
CUST09493,64831.61,105435.51,31,46,62.629788154266095,Stable or Increased
CUST09494,67850.07999999999,76060.34,31,40,12.100590006673553,Stable or Increased
CUST09495,62345.78,142795.55,33,48,129.0380359344289,Stable or Increased
CUST09496,102138.51999999999,179820.27999999997,52,59,76.05530215241026,Stable or Increased
CUST09497,54039.31,75048.41,30,37,38.87743940475925,Stable or Increased
CUST09498,134773.77,133246.72,46,58,-1.1330468829357436,Low Decline
CUST09499,90713.25,114628.24,47,39,26.363282100464932,Stable or Increased
CUST09500,214472.70999999996,293321.97,89,102,36.76423914259303,Stable or Increased
CUST09501,62239.55000000001,122115.31000000001,45,48,96.20210943041842,Stable or Increased
CUST09502,116137.88999999998,160808.42,53,63,38.46335592974871,Stable or Increased
CUST09503,52917.72,118073.21999999999,26,44,123.12605304990461,Stable or Increased
CUST09504,125857.29000000001,154705.06,51,56,22.921016335247636,Stable or Increased
CUST09505,66299.48999999999,97451.83,35,35,46.987299600645514,Stable or Increased
CUST09506,231686.2,311922.0,89,109,34.63123828695882,Stable or Increased
CUST09507,196800.40000000002,132057.74000000002,57,68,-32.89762622433694,Moderate Decline
CUST09508,73481.11000000002,123255.18999999999,36,37,67.737245667628,Stable or Increased
CUST09509,187586.36000000002,164967.88999999998,76,67,-12.057630416198718,Low Decline
CUST09510,129928.73000000001,144235.09,46,65,11.010928837678922,Stable or Increased
CUST09511,75547.86999999998,105011.4,34,35,38.99981561359708,Stable or Increased
CUST09512,145101.64,107375.03,53,57,-26.000126531995097,Moderate Decline
CUST09513,58326.28,95345.04999999999,35,40,63.46842281043809,Stable or Increased
CUST09514,155837.17,186610.34999999998,52,59,19.747009009467998,Stable or Increased
CUST09515,71397.57,108499.3,38,49,51.96497583881355,Stable or Increased
CUST09516,106696.81,81197.01999999999,36,32,-23.8992993323793,Low Decline
CUST09517,125276.34,118251.28,37,50,-5.607651053662646,Low Decline
CUST09518,84849.73999999999,64097.44,41,26,-24.457706057791093,Low Decline
CUST09519,197037.37,156502.22,63,73,-20.572315799789653,Low Decline
CUST09520,268328.71,297748.31,87,90,10.96401499489189,Stable or Increased
CUST09521,69379.38,98079.25000000001,35,38,41.36657029797615,Stable or Increased
CUST09522,107050.19,98272.96999999999,40,37,-8.199163401765112,Low Decline
CUST09523,90540.98,113410.04,35,42,25.258242179397662,Stable or Increased
CUST09524,112621.62,144683.50999999998,44,59,28.468681235450163,Stable or Increased
CUST09525,152136.18,257764.6,68,91,69.43017762112866,Stable or Increased
CUST09526,87081.75,126671.61,38,50,45.46286678896554,Stable or Increased
CUST09527,81570.61,101242.51,31,32,24.11640663224168,Stable or Increased
CUST09528,118899.12000000001,258594.4,61,78,117.49059202456667,Stable or Increased
CUST09529,87792.85,133928.1,39,52,52.55012224799627,Stable or Increased
CUST09530,80512.39,94478.43,39,41,17.34644816779131,Stable or Increased
CUST09531,70938.93000000001,127668.51000000001,38,43,79.969602022472,Stable or Increased
CUST09532,99714.89,88829.35999999999,41,45,-10.916654473569608,Low Decline
CUST09533,80164.77000000002,122843.98000000001,40,47,53.23935938442782,Stable or Increased
CUST09534,135371.87,144148.22,48,58,6.483141586209902,Stable or Increased
CUST09535,57655.31,91601.99,31,42,58.87867049886647,Stable or Increased
CUST09536,102597.89000000001,60214.95,45,34,-41.30975792971962,Moderate Decline
CUST09537,234986.05,241173.05000000002,74,83,2.632922252193281,Stable or Increased
CUST09538,88536.61,103828.70000000001,38,38,17.272052770034918,Stable or Increased
CUST09539,152585.25,213274.71,72,79,39.77413282083294,Stable or Increased
CUST09540,45630.25000000001,72014.15,25,36,57.82107264369576,Stable or Increased
CUST09541,111008.59,164191.56,48,49,47.9088780426812,Stable or Increased
CUST09542,290201.32000000007,340492.17000000004,97,92,17.329642056762516,Stable or Increased
CUST09543,77752.23000000001,105247.42000000001,40,60,35.36257416668306,Stable or Increased
CUST09544,101371.24999999999,117559.99999999999,31,35,15.96976460288297,Stable or Increased
CUST09545,169861.88,286223.54000000004,68,91,68.50369252948339,Stable or Increased
CUST09546,127402.16,139597.88999999998,58,51,9.572624200406006,Stable or Increased
CUST09547,182233.40999999997,157053.57,65,84,-13.817356542908334,Low Decline
CUST09548,92944.41,122558.39000000001,34,50,31.86203452149517,Stable or Increased
CUST09549,72185.36,94106.42000000001,35,44,30.36773661584567,Stable or Increased
CUST09550,228210.88000000003,320891.79,96,107,40.61195942980454,Stable or Increased
CUST09551,127184.00999999998,223228.27999999997,45,61,75.51599450276807,Stable or Increased
CUST09552,75840.79999999999,177798.49,42,66,134.436464277803,Stable or Increased
CUST09553,123952.7,182749.36,46,55,47.434755354260126,Stable or Increased
CUST09554,115484.82,230987.13,47,68,100.01514484760854,Stable or Increased
CUST09555,223063.31000000003,290472.92,83,82,30.219945180585704,Stable or Increased
CUST09556,83475.32999999999,129779.85999999999,28,40,55.47091577835033,Stable or Increased
CUST09557,249940.27000000002,331335.77999999997,85,111,32.565984665056156,Stable or Increased
CUST09558,125736.83000000002,112737.21,39,47,-10.338752774346235,Low Decline
CUST09559,88177.35999999999,158932.51,46,61,80.24185573258264,Stable or Increased
CUST09560,246383.15,275187.35,94,94,11.690815707161786,Stable or Increased
CUST09561,85747.32999999999,145072.02,38,58,69.18546618302868,Stable or Increased
CUST09562,155051.75,153080.04,53,65,-1.2716464019270932,Low Decline
CUST09563,254888.85999999996,357605.04,99,110,40.298418691189575,Stable or Increased
CUST09564,53294.86999999999,118556.43000000002,34,55,122.45373710452817,Stable or Increased
CUST09565,122435.45999999999,183828.59999999998,54,67,50.14326731814459,Stable or Increased
CUST09566,297168.97,251941.18,93,102,-15.219553373960943,Low Decline
CUST09567,113681.42000000001,157849.58000000002,43,56,38.85257590906236,Stable or Increased
CUST09568,64069.52999999999,96063.04000000001,31,43,49.935609017266124,Stable or Increased
CUST09569,261495.34999999995,272956.83,84,96,4.383053082970719,Stable or Increased
CUST09570,149164.12,227694.6,64,83,52.647030666624126,Stable or Increased
CUST09571,311298.8,288880.62999999995,90,97,-7.201495797606686,Low Decline
CUST09572,132324.55,169737.76,47,57,28.273823716007364,Stable or Increased
CUST09573,98977.59999999999,141235.45,37,52,42.69435710706263,Stable or Increased
CUST09574,315880.29000000004,322080.25,104,97,1.962756207422743,Stable or Increased
CUST09575,169841.14,207915.0,67,73,22.41733657699188,Stable or Increased
CUST09576,119053.85999999999,146556.52999999997,49,65,23.101031751511446,Stable or Increased
CUST09577,84419.18000000001,72523.44,38,38,-14.091276413724943,Low Decline
CUST09578,155212.38,178224.97,58,70,14.82651706004379,Stable or Increased
CUST09579,92684.88,133133.54,39,57,43.64105558533388,Stable or Increased
CUST09580,128423.39,81614.35999999999,44,47,-36.448991106682364,Moderate Decline
CUST09581,118909.22999999998,174261.96,54,63,46.55040655801069,Stable or Increased
CUST09582,225648.24,321987.22000000003,82,110,42.694319264355904,Stable or Increased
CUST09583,112720.06,176759.15,47,63,56.81250524529529,Stable or Increased
CUST09584,116454.46,198367.11,60,78,70.33878307451684,Stable or Increased
CUST09585,142849.46,145584.07,56,62,1.914329952664865,Stable or Increased
CUST09586,111902.65,136095.05000000002,55,51,21.619148429460807,Stable or Increased
CUST09587,172093.68,111237.90999999997,55,51,-35.362001672577414,Moderate Decline
CUST09588,116050.18999999999,75909.25,41,33,-34.589292787887715,Moderate Decline
CUST09589,92677.69,122685.15,32,52,32.37829945912548,Stable or Increased
CUST09590,227189.66999999998,239431.73999999996,77,78,5.388480030804208,Stable or Increased
CUST09591,74433.49,101376.01999999999,40,43,36.19678453878756,Stable or Increased
CUST09592,168971.71000000002,176093.94,61,65,4.2150428613168325,Stable or Increased
CUST09593,109147.11999999998,94750.92,48,42,-13.189720443379526,Low Decline
CUST09594,301889.54,432047.79000000004,98,117,43.11452791640282,Stable or Increased
CUST09595,46347.54,97673.56,31,45,110.74162727946295,Stable or Increased
CUST09596,78692.00000000001,113290.59000000001,35,61,43.96709957810195,Stable or Increased
CUST09597,86168.03,117787.53,37,52,36.695164088119455,Stable or Increased
CUST09598,62155.0,145778.41999999998,28,44,134.5401335371249,Stable or Increased
CUST09599,64588.67000000001,119475.45000000001,33,51,84.97895993213669,Stable or Increased
CUST09600,259198.22999999998,341981.01,98,102,31.93801902119472,Stable or Increased
CUST09601,112208.59,70830.36,39,39,-36.876169640844786,Moderate Decline
CUST09602,64909.770000000004,96079.11,32,36,48.019489207865,Stable or Increased
CUST09603,79238.05,80847.64,34,36,2.031334693370163,Stable or Increased
CUST09604,132027.65,163048.33,51,63,23.495593536656898,Stable or Increased
CUST09605,78812.25,97575.86,35,37,23.80798670257479,Stable or Increased
CUST09606,102726.03,153048.44,50,62,48.98700942691935,Stable or Increased
CUST09607,126917.57,135141.56,43,54,6.479788417001673,Stable or Increased
CUST09608,119010.98000000001,150149.21,45,59,26.16416569294697,Stable or Increased
CUST09609,88548.23,102129.31000000001,29,39,15.337494606046915,Stable or Increased
CUST09610,84978.88,186745.28999999998,37,54,119.7549438166283,Stable or Increased
CUST09611,94656.54000000001,96286.76999999999,36,39,1.7222581767725518,Stable or Increased
CUST09612,224796.36000000004,368528.21,86,109,63.938691000156744,Stable or Increased
CUST09613,185764.16999999998,225238.98,65,78,21.24995902062278,Stable or Increased
CUST09614,76715.93,188328.87,41,44,145.4886097320335,Stable or Increased
CUST09615,81445.45,230412.76999999996,33,63,182.90441025250638,Stable or Increased
CUST09616,344800.11,333013.26,101,100,-3.4184588862225063,Low Decline
CUST09617,101474.27,116833.45,42,50,15.136033991670985,Stable or Increased
CUST09618,97404.97999999998,123432.64999999998,30,53,26.72108756657001,Stable or Increased
CUST09619,109679.21,179811.75999999998,50,57,63.94333985447194,Stable or Increased
CUST09620,101824.93000000001,82366.0,36,37,-19.11018254566932,Low Decline
CUST09621,193661.03999999998,210592.53000000003,68,82,8.74284781285903,Stable or Increased
CUST09622,222073.55,379265.29000000004,82,104,70.78363902409812,Stable or Increased
CUST09623,117355.54000000001,153728.71,59,62,30.993994829728514,Stable or Increased
CUST09624,324677.57999999996,298557.55999999994,106,104,-8.04491027683526,Low Decline
CUST09625,78491.97000000002,130750.68,30,43,66.57841560098437,Stable or Increased
CUST09626,201793.04,327287.20000000007,93,105,62.18953835077763,Stable or Increased
CUST09627,88760.18,120290.22,32,40,35.52273102645805,Stable or Increased
CUST09628,267978.42999999993,412101.49,86,102,53.781589809299234,Stable or Increased
CUST09629,280824.42,337180.22000000003,92,97,20.06798411619618,Stable or Increased
CUST09630,82244.2,118171.64,34,44,43.68385855780712,Stable or Increased
CUST09631,71116.54,118929.54000000001,29,46,67.2318985147478,Stable or Increased
CUST09632,117576.3,156101.75,41,49,32.76633981508178,Stable or Increased
CUST09633,64826.64,110675.02,39,54,70.72459717177999,Stable or Increased
CUST09634,319401.49000000005,364517.25000000006,109,111,14.125093780871216,Stable or Increased
CUST09635,106208.77,180537.4,39,62,69.98351454404376,Stable or Increased
CUST09636,157480.21000000002,126556.62999999999,54,60,-19.636486387718197,Low Decline
CUST09637,135285.09,200540.68999999997,45,66,48.23561857407936,Stable or Increased
CUST09638,73448.67,170287.45,31,48,131.84551878202834,Stable or Increased
CUST09639,130459.64,139884.97999999998,57,50,7.224717161568115,Stable or Increased
CUST09640,86482.92000000001,98030.06,30,45,13.351931225263884,Stable or Increased
CUST09641,234478.26,261182.75999999998,85,77,11.388902322970143,Stable or Increased
CUST09642,126959.37,180645.11,58,59,42.285764335472045,Stable or Increased
CUST09643,187888.19,203237.95,72,75,8.169624711377553,Stable or Increased
CUST09644,64558.12,136579.24999999997,30,43,111.56014146632518,Stable or Increased
CUST09645,93734.29999999999,158892.07,49,59,69.5132624876913,Stable or Increased
CUST09646,81181.64000000001,104250.33000000002,37,47,28.416141876414414,Stable or Increased
CUST09647,95351.47,124810.85999999999,41,38,30.895580319841933,Stable or Increased
CUST09648,120545.17000000001,254754.03000000003,61,69,111.33491287954548,Stable or Increased
CUST09649,112687.42000000001,164041.41999999998,41,60,45.57207894190848,Stable or Increased
CUST09650,77988.76,118822.13999999998,37,41,52.358032106165034,Stable or Increased
CUST09651,166897.61,186670.38,67,72,11.847245745460357,Stable or Increased
CUST09652,100889.34,76811.24,39,38,-23.865851436831672,Low Decline
CUST09653,152419.06999999998,138265.18,56,54,-9.286167406742468,Low Decline
CUST09654,101511.41999999998,117793.86,48,56,16.040008109432435,Stable or Increased
CUST09655,71437.91,86317.59000000001,33,42,20.82882883891761,Stable or Increased
CUST09656,49993.71,105576.84999999999,33,45,111.18026647752285,Stable or Increased
CUST09657,80319.22999999998,93945.82,30,46,16.965538638754417,Stable or Increased
CUST09658,105099.87999999999,109346.13999999998,49,43,4.040213937446927,Stable or Increased
CUST09659,109778.29,120217.66999999998,37,39,9.509512308854502,Stable or Increased
CUST09660,76372.31999999999,92180.05,30,36,20.69824512336408,Stable or Increased
CUST09661,200578.66999999995,246345.01,66,80,22.817151993280277,Stable or Increased
CUST09662,91209.09,120759.87,43,48,32.39894181599663,Stable or Increased
CUST09663,94279.07,122329.38,37,47,29.75242543228311,Stable or Increased
CUST09664,104553.23000000001,133328.83000000002,49,50,27.522440004962068,Stable or Increased
CUST09665,78022.15999999999,85267.75,33,34,9.286579607639691,Stable or Increased
CUST09666,152047.62,150713.28000000003,55,66,-0.877580326479275,Low Decline
CUST09667,217825.87000000002,167618.36,62,63,-23.049378845588926,Low Decline
CUST09668,169233.16,211602.78,70,80,25.0362399425739,Stable or Increased
CUST09669,137402.65,110833.86999999998,48,52,-19.33643928992637,Low Decline
CUST09670,74408.01,72310.67,32,40,-2.818701911259281,Low Decline
CUST09671,81717.34999999999,97374.47,33,50,19.160092685335503,Stable or Increased
CUST09672,132190.61,148173.3,44,54,12.090639418336902,Stable or Increased
CUST09673,73775.53,93864.93,31,46,27.230438059882452,Stable or Increased
CUST09674,115759.76,170158.05000000002,48,72,46.99240046800375,Stable or Increased
CUST09675,155102.84999999998,249565.9,64,90,60.90349081270914,Stable or Increased
CUST09676,151902.34,148754.03,54,56,-2.07258821687671,Low Decline
CUST09677,111770.82,73275.57999999999,41,41,-34.441225357387566,Moderate Decline
CUST09678,160652.0,130798.96000000002,51,59,-18.58242661155789,Low Decline
CUST09679,77397.31,108205.58000000002,32,44,39.805349824173504,Stable or Increased
CUST09680,177359.41999999998,232676.89999999997,78,77,31.189479532578527,Stable or Increased
CUST09681,59889.38999999999,96216.98,35,36,60.657805998691934,Stable or Increased
CUST09682,150904.62,156381.65999999997,60,72,3.629471383977495,Stable or Increased
CUST09683,245644.19,309445.15,92,117,25.972916355155814,Stable or Increased
CUST09684,105195.24,84577.84999999999,38,42,-19.599166274063364,Low Decline
CUST09685,183328.07,296051.88,74,96,61.48747979510175,Stable or Increased
CUST09686,270299.04000000004,252803.84000000003,81,79,-6.47253501159309,Low Decline
CUST09687,146458.41,150068.31,63,60,2.4647952958112778,Stable or Increased
CUST09688,180524.31999999998,212687.72999999998,71,86,17.816663150981547,Stable or Increased
CUST09689,134334.41999999998,109135.95000000001,58,57,-18.75801451333171,Low Decline
CUST09690,138299.81,140988.33000000002,46,59,1.9439795325821625,Stable or Increased
CUST09691,91388.18999999999,122322.72000000002,41,57,33.8495926005319,Stable or Increased
CUST09692,224275.97,352042.2299999999,88,100,56.968323445440866,Stable or Increased
CUST09693,172946.26999999996,172794.88,52,58,-0.08753585723470983,Low Decline
CUST09694,103940.19,121877.46000000002,40,42,17.257299606629562,Stable or Increased
CUST09695,133619.80000000002,182939.33000000002,52,62,36.910345622430206,Stable or Increased
CUST09696,162995.45,245167.12999999998,69,84,50.413480867103935,Stable or Increased
CUST09697,195714.12,203476.27999999997,70,79,3.9660705114173544,Stable or Increased
CUST09698,63849.63,102055.48,35,45,59.837230066955755,Stable or Increased
CUST09699,184233.65,214989.05,78,78,16.693693035989895,Stable or Increased
CUST09700,100174.01999999999,177614.6,46,64,77.3060520082952,Stable or Increased
CUST09701,237063.42,268419.91,77,79,13.227047007083574,Stable or Increased
CUST09702,119350.40999999999,141517.48,41,56,18.573099162374074,Stable or Increased
CUST09703,99157.17000000001,113761.34000000001,38,39,14.728304569402288,Stable or Increased
CUST09704,62498.15000000001,138572.08000000002,36,43,121.72189096797266,Stable or Increased
CUST09705,77731.31,110940.16,29,39,42.72261717961528,Stable or Increased
CUST09706,79572.45000000001,141760.13,48,67,78.15227506505076,Stable or Increased
CUST09707,95921.2,75707.84000000001,39,37,-21.07288065620529,Low Decline
CUST09708,265043.54000000004,289919.85,87,101,9.385744696890155,Stable or Increased
CUST09709,95479.45999999999,105247.91,39,44,10.230943911915727,Stable or Increased
CUST09710,112789.17,100096.27,41,37,-11.253651392239162,Low Decline
CUST09711,181085.99000000002,279477.75,65,88,54.334275114270284,Stable or Increased
CUST09712,122153.13,98841.81999999998,49,39,-19.083678003175216,Low Decline
CUST09713,86508.81999999999,165413.44,36,40,91.20991362499224,Stable or Increased
CUST09714,73765.28,65731.33,33,35,-10.89123500920758,Low Decline
CUST09715,99817.73999999999,131607.59,44,45,31.847895975204416,Stable or Increased
CUST09716,99143.66999999998,129396.65999999999,50,45,30.514293045637718,Stable or Increased
CUST09717,188050.97999999998,207854.86000000004,74,75,10.531122996540653,Stable or Increased
CUST09718,124355.73,145200.27,47,55,16.762026164777446,Stable or Increased
CUST09719,90991.64,138642.14,34,50,52.367997763311024,Stable or Increased
CUST09720,102683.75,143669.39999999997,45,63,39.91444605402506,Stable or Increased
CUST09721,344604.64,273041.49,107,99,-20.76674011121847,Low Decline
CUST09722,128720.1,191553.24,65,77,48.81377500483606,Stable or Increased
CUST09723,61249.89000000001,140904.69999999998,32,41,130.0489029449685,Stable or Increased
CUST09724,196176.25999999998,189987.24000000002,65,79,-3.1548261751956943,Low Decline
CUST09725,43563.0,108990.71,28,42,150.19101072010653,Stable or Increased
CUST09726,70909.85,118739.20999999999,34,48,67.45093946750696,Stable or Increased
CUST09727,106070.91999999998,162359.85,51,52,53.067259150764436,Stable or Increased
CUST09728,121462.61,211821.66999999998,56,73,74.39249000165563,Stable or Increased
CUST09729,125510.54999999999,144154.35,57,62,14.854368816007913,Stable or Increased
CUST09730,139460.74000000002,159233.83,48,53,14.178248301278169,Stable or Increased
CUST09731,101086.85,94289.48,44,46,-6.724287085807906,Low Decline
CUST09732,88009.03,85527.52,37,28,-2.8196083970019834,Low Decline
CUST09733,304267.06000000006,382390.9,96,111,25.676075484477337,Stable or Increased
CUST09734,127429.34000000001,187719.67,50,63,47.31275387599119,Stable or Increased
CUST09735,192253.10000000003,179163.21,76,72,-6.808675646842646,Low Decline
CUST09736,86913.52,152427.23,33,42,75.37804244955215,Stable or Increased
CUST09737,80080.19,86319.72,29,36,7.791602392551765,Stable or Increased
CUST09738,80211.31,93784.91,36,41,16.92230185493792,Stable or Increased
CUST09739,189934.98,169805.4,72,73,-10.59814258542582,Low Decline
CUST09740,88202.49000000002,87225.45,34,43,-1.1077238295653813,Low Decline
CUST09741,142886.32,180181.88,54,51,26.10156101717785,Stable or Increased
CUST09742,100044.64,99057.09,40,45,-0.9871093543842058,Low Decline
CUST09743,142174.65999999997,79800.9,42,39,-43.87122149615128,Moderate Decline
CUST09744,164291.11,153336.83000000002,57,57,-6.667603621401042,Low Decline
CUST09745,126101.38999999998,174650.15000000002,45,57,38.49978180256383,Stable or Increased
CUST09746,139268.08000000002,244215.65000000002,64,83,75.35651385443096,Stable or Increased
CUST09747,196014.44,228916.35999999996,77,73,16.785457234681257,Stable or Increased
CUST09748,54490.68,137066.86,31,45,151.54184165071896,Stable or Increased
CUST09749,97289.53,130101.75,34,43,33.72636294984671,Stable or Increased
CUST09750,118208.57,190942.25999999998,52,68,61.52996352125736,Stable or Increased
CUST09751,115406.38,122036.16999999998,52,40,5.744734389901129,Stable or Increased
CUST09752,53529.939999999995,116564.43000000001,33,42,117.75557753287228,Stable or Increased
CUST09753,152762.95,165011.49999999997,63,55,8.018010911677182,Stable or Increased
CUST09754,154644.52000000002,93262.96,56,37,-39.69203693735801,Moderate Decline
CUST09755,77332.0,126527.32,34,49,63.615734754047494,Stable or Increased
CUST09756,195098.27,190246.79,72,72,-2.4866852996697415,Low Decline
CUST09757,76826.75999999998,104540.04999999999,31,44,36.072444028617134,Stable or Increased
CUST09758,126093.09999999999,184559.66999999998,61,74,46.36777904580028,Stable or Increased
CUST09759,86057.14,107458.38999999998,33,47,24.86865122405879,Stable or Increased
CUST09760,140389.07,162832.03,43,57,15.986258759317936,Stable or Increased
CUST09761,124827.84000000003,99941.35,54,52,-19.936650349793776,Low Decline
CUST09762,79674.70000000001,99488.6,40,36,24.868496523990668,Stable or Increased
CUST09763,89299.04000000001,137331.48,39,51,53.7883050030549,Stable or Increased
CUST09764,184981.37000000002,194540.44999999998,81,75,5.1675906606162325,Stable or Increased
CUST09765,182937.2,268664.44000000006,67,86,46.86156779484985,Stable or Increased
CUST09766,85270.37999999999,91155.15,33,35,6.901306174547369,Stable or Increased
CUST09767,141062.37,141856.27000000002,47,59,0.5628006958907774,Stable or Increased
CUST09768,153531.78999999998,238792.54,59,71,55.53296161010046,Stable or Increased
CUST09769,69859.12000000001,124343.73999999999,28,44,77.99213617348741,Stable or Increased
CUST09770,102752.2,154024.51999999996,43,68,49.898999729446146,Stable or Increased
CUST09771,118376.25,152585.36,49,63,28.89862620246881,Stable or Increased
CUST09772,61505.649999999994,178338.68000000002,30,50,189.9549553577599,Stable or Increased
CUST09773,70065.15,131620.24,32,38,87.8540758137248,Stable or Increased
CUST09774,229037.70999999996,347817.73,75,107,51.860464375058605,Stable or Increased
CUST09775,130251.17,151800.26,52,54,16.544258297257528,Stable or Increased
CUST09776,174417.61000000002,156267.88000000003,52,66,-10.405904541404952,Low Decline
CUST09777,117142.67,161139.33,51,48,37.5581843917336,Stable or Increased
CUST09778,139281.78999999998,175961.12000000002,46,69,26.334619909752778,Stable or Increased
CUST09779,176043.44999999998,254973.86,77,77,44.8357550366117,Stable or Increased
CUST09780,157804.27000000002,278254.79,59,69,76.32906257859813,Stable or Increased
CUST09781,139003.99,101834.06,51,44,-26.740189256437887,Moderate Decline
CUST09782,79662.94000000002,109144.67,39,51,37.008086821801925,Stable or Increased
CUST09783,76762.68999999999,65322.18000000001,37,39,-14.903737740300636,Low Decline
CUST09784,175698.24000000005,201765.65,67,75,14.836466204783802,Stable or Increased
CUST09785,153249.12,256266.91999999995,69,84,67.22244147307336,Stable or Increased
CUST09786,122389.84999999998,103711.34999999998,56,54,-15.261477973867933,Low Decline
CUST09787,69816.6,90786.91,30,31,30.036280769902852,Stable or Increased
CUST09788,150247.19,226832.01999999996,68,79,50.97255396257325,Stable or Increased
CUST09789,108982.22,79616.68999999999,39,35,-26.945248500168205,Moderate Decline
CUST09790,170199.11000000004,244452.95999999996,65,75,43.627637065787184,Stable or Increased
CUST09791,118680.26,103888.09999999999,54,51,-12.46387562683129,Low Decline
CUST09792,272772.4199999999,314139.0399999999,106,111,15.165250211146716,Stable or Increased
CUST09793,57369.03999999999,94831.09999999999,29,40,65.30013400956335,Stable or Increased
CUST09794,151690.57,185129.66999999998,55,61,22.04428396570728,Stable or Increased
CUST09795,174342.98,225181.36000000002,73,76,29.159981090147706,Stable or Increased
CUST09796,100814.95999999999,126707.53,41,47,25.683261690526894,Stable or Increased
CUST09797,172388.34,224536.43000000002,63,78,30.25035799985082,Stable or Increased
CUST09798,123376.41999999998,88296.92,41,38,-28.432904764135635,Moderate Decline
CUST09799,114563.11000000002,101217.61000000002,48,51,-11.649037809815043,Low Decline
CUST09800,94814.69000000002,128772.44999999997,45,61,35.81487214692148,Stable or Increased
CUST09801,149219.69,250910.47000000003,72,87,68.14836567479803,Stable or Increased
CUST09802,271928.73,326644.92000000004,90,105,20.12151860526104,Stable or Increased
CUST09803,312776.99,336991.5199999999,105,111,7.741787527272998,Stable or Increased
CUST09804,137543.46999999997,164318.44,38,56,19.466551192870178,Stable or Increased
CUST09805,76299.16,137493.27,41,60,80.20286199743218,Stable or Increased
CUST09806,132588.44999999998,114207.70000000001,53,44,-13.863009937894269,Low Decline
CUST09807,170168.95,301709.35,65,91,77.29988343937008,Stable or Increased
CUST09808,129463.01000000001,253805.06,58,78,96.0444608850049,Stable or Increased
CUST09809,78206.47,92274.58,34,41,17.988422185530172,Stable or Increased
CUST09810,216414.58999999997,156585.34,76,67,-27.645663815919242,Moderate Decline
CUST09811,88623.27,85635.86,34,31,-3.3709092431367105,Low Decline
CUST09812,86739.75,93313.70999999999,33,37,7.578947368421043,Stable or Increased
CUST09813,191956.44999999998,253440.62999999998,63,76,32.0302756172038,Stable or Increased
CUST09814,105470.16,114043.23000000001,52,56,8.128431776343191,Stable or Increased
CUST09815,122535.22,117295.26000000001,50,59,-4.276288890655268,Low Decline
CUST09816,92897.37999999999,120746.04,33,49,29.977874510562092,Stable or Increased
CUST09817,89993.56,150233.69000000003,41,51,66.93826758270262,Stable or Increased
CUST09818,121214.48000000001,220597.61,48,64,81.98948673458813,Stable or Increased
CUST09819,100865.33,141584.36,39,41,40.369698884641515,Stable or Increased
CUST09820,107087.41000000002,150429.01,49,67,40.47310510171082,Stable or Increased
CUST09821,117596.52,158014.53,49,65,34.37007319604355,Stable or Increased
CUST09822,107125.84,114377.41,52,52,6.769207130604537,Stable or Increased
CUST09823,57787.11,139679.66,27,40,141.71421619804138,Stable or Increased
CUST09824,83738.7,83730.84000000001,34,39,-0.009386341082421904,Low Decline
CUST09825,98669.43,117857.02,35,44,19.44633712792302,Stable or Increased
CUST09826,112567.99,154198.03,52,55,36.98212964449307,Stable or Increased
CUST09827,203574.46,373790.74,81,102,83.61376962512881,Stable or Increased
CUST09828,158015.06,165533.02000000002,58,69,4.757749039870011,Stable or Increased
CUST09829,176967.96999999997,227156.79,71,73,28.360397647099667,Stable or Increased
CUST09830,161176.37999999998,244926.66,61,78,51.9618817595978,Stable or Increased
CUST09831,51933.86000000001,95842.68000000002,30,54,84.54757647515515,Stable or Increased
CUST09832,116358.79,159927.94000000003,49,62,37.443797756920674,Stable or Increased
CUST09833,179283.97,225112.41000000003,60,68,25.561928375414727,Stable or Increased
CUST09834,150803.03000000003,164100.08000000002,50,52,8.817495245287834,Stable or Increased
CUST09835,297709.84,368233.47,101,110,23.688713144315262,Stable or Increased
CUST09836,128228.43000000001,156410.21000000002,55,52,21.97779384805695,Stable or Increased
CUST09837,151747.14,149653.76,55,55,-1.379518585984556,Low Decline
CUST09838,77373.55,88280.07,32,49,14.095928130478702,Stable or Increased
CUST09839,68490.7,127353.55999999998,25,47,85.9428506351957,Stable or Increased
CUST09840,96096.97000000002,113274.11999999998,43,44,17.874809164118247,Stable or Increased
CUST09841,113224.30999999998,98074.62999999999,44,44,-13.380236099473686,Low Decline
CUST09842,139407.95,155378.0,55,64,11.455623585312019,Stable or Increased
CUST09843,82416.42000000001,76561.82,41,33,-7.103681523657549,Low Decline
CUST09844,56122.58,119102.03,28,39,112.2176671136644,Stable or Increased
CUST09845,127603.63000000002,129696.24,53,52,1.6399298358518373,Stable or Increased
CUST09846,221279.26,246454.11,70,81,11.37695869011853,Stable or Increased
CUST09847,120718.48000000001,82715.57999999999,46,33,-31.480598496601367,Moderate Decline
CUST09848,110019.97,154086.09,49,56,40.052837680286586,Stable or Increased
CUST09849,62896.42,121671.47000000002,31,43,93.44736950052169,Stable or Increased
CUST09850,350431.19999999995,391338.79,93,120,11.673501103783005,Stable or Increased
CUST09851,103203.51000000001,145202.22,44,58,40.695040314035815,Stable or Increased
CUST09852,133191.85,158640.0,53,57,19.106386764655642,Stable or Increased
CUST09853,151336.57,164268.27,56,55,8.544993453994616,Stable or Increased
CUST09854,179293.31,234422.35,60,77,30.747962654044375,Stable or Increased
CUST09855,126902.73000000001,144378.22999999998,55,53,13.770783339333969,Stable or Increased
CUST09856,256876.03000000003,316947.31999999995,91,108,23.385323262742702,Stable or Increased
CUST09857,68305.58,132815.12,26,49,94.44256237923753,Stable or Increased
CUST09858,149008.2,209161.33000000002,59,83,40.369006537895224,Stable or Increased
CUST09859,57682.13,107409.49,34,52,86.20929913649168,Stable or Increased
CUST09860,81711.98,131293.78999999998,44,51,60.67875236899165,Stable or Increased
CUST09861,178172.83999999997,149072.16000000003,62,59,-16.332837260718268,Low Decline
CUST09862,89201.04999999999,100559.33000000002,41,45,12.733347869784078,Stable or Increased
CUST09863,104958.74,104355.25000000001,40,42,-0.5749783200522326,Low Decline
CUST09864,94682.79000000001,147615.48,39,50,55.90529176421607,Stable or Increased
CUST09865,95785.22,98513.79000000001,41,38,2.8486336409730093,Stable or Increased
CUST09866,111854.76000000001,135196.12,48,46,20.867560754678642,Stable or Increased
CUST09867,85415.72,84367.18,39,43,-1.2275726294878837,Low Decline
CUST09868,278363.57,249700.04000000004,95,89,-10.297155622770598,Low Decline
CUST09869,60723.89,92346.97,32,47,52.07683499854835,Stable or Increased
CUST09870,272117.64,326974.18000000005,84,98,20.15912676590905,Stable or Increased
CUST09871,137032.24,105148.17000000001,53,46,-23.267568274444013,Low Decline
CUST09872,174089.36,240591.02,68,78,38.19972685292198,Stable or Increased
CUST09873,111056.78,157739.69,49,59,42.03517335906912,Stable or Increased
CUST09874,87565.43999999999,85289.70999999999,33,36,-2.5988906125521622,Low Decline
CUST09875,138285.58999999997,142020.69,57,51,2.70100449367142,Stable or Increased
CUST09876,81685.55,108242.62,33,43,32.511343805605755,Stable or Increased
CUST09877,152174.36000000002,239024.57000000004,67,78,57.072827511809486,Stable or Increased
CUST09878,158848.5,237284.48,61,79,49.3778537411433,Stable or Increased
CUST09879,120655.41,110311.16,29,45,-8.573382660586873,Low Decline
CUST09880,157254.68,133684.92,52,59,-14.988272527087895,Low Decline
CUST09881,75706.19,110995.30000000002,34,42,46.613242589542565,Stable or Increased
CUST09882,98089.92,120981.23000000001,36,39,23.337066642525567,Stable or Increased
CUST09883,60315.38,107678.83000000002,28,53,78.52632280522815,Stable or Increased
CUST09884,141414.47999999998,118802.11000000002,51,53,-15.990137643613279,Low Decline
CUST09885,180449.44,229254.66999999993,67,85,27.046484599785916,Stable or Increased
CUST09886,39925.41,134222.83,27,45,236.18397406563884,Stable or Increased
CUST09887,94211.32,114846.88999999997,47,49,21.9034931258791,Stable or Increased
CUST09888,94949.34000000003,164665.68,42,48,73.4247757804319,Stable or Increased
CUST09889,127445.18000000001,184916.51,51,59,45.09494199780643,Stable or Increased
CUST09890,146021.84999999998,78716.52,41,38,-46.09264298459442,Moderate Decline
CUST09891,62662.73999999999,103536.35,33,38,65.22793289919979,Stable or Increased
CUST09892,105387.61000000002,118517.35999999999,45,43,12.458532838917185,Stable or Increased
CUST09893,115577.32,171094.63999999998,49,64,48.034787447917964,Stable or Increased
CUST09894,139320.83000000002,126701.98999999998,60,48,-9.057396514218325,Low Decline
CUST09895,93775.73000000001,114935.16,36,46,22.563865938446963,Stable or Increased
CUST09896,67255.32999999999,91797.90999999999,30,41,36.49165055022406,Stable or Increased
CUST09897,113215.89,153850.93000000002,46,52,35.89164029890153,Stable or Increased
CUST09898,109308.93,172406.7,48,64,57.72425912503216,Stable or Increased
CUST09899,82109.77,113954.34,30,41,38.78292437063213,Stable or Increased
CUST09900,190493.97,203361.99000000002,77,80,6.755079963948475,Stable or Increased
CUST09901,118851.91,131371.09,49,62,10.533427691654255,Stable or Increased
CUST09902,215673.25,232747.25,88,79,7.9166053277353585,Stable or Increased
CUST09903,257000.15999999997,344565.77999999997,87,110,34.072204468666484,Stable or Increased
CUST09904,155416.19,134422.77000000002,55,60,-13.507871991971996,Low Decline
CUST09905,70685.76,91323.15000000001,36,48,29.195965354266566,Stable or Increased
CUST09906,139713.14,157959.15,45,67,13.05962345417187,Stable or Increased
CUST09907,138672.61000000002,170640.76,51,56,23.05296626348923,Stable or Increased
CUST09908,63943.549999999996,84158.15,38,45,31.613196327072863,Stable or Increased
CUST09909,116121.72000000002,81390.05,37,36,-29.90971025920044,Moderate Decline
CUST09910,76342.24,82664.37,27,43,8.281300103324176,Stable or Increased
CUST09911,127909.04,171128.14,53,58,33.78893313560951,Stable or Increased
CUST09912,165002.23,112854.82,58,50,-31.60406377538049,Moderate Decline
CUST09913,325169.08999999997,379194.56000000006,94,119,16.614577357275902,Stable or Increased
CUST09914,127448.79999999999,149398.54,54,58,17.2223983277991,Stable or Increased
CUST09915,78798.19,100666.05,35,44,27.751728815090804,Stable or Increased
CUST09916,165986.83,218496.26,62,70,31.63469655996203,Stable or Increased
CUST09917,278407.66,356213.52,103,111,27.946738247072677,Stable or Increased
CUST09918,120040.76000000001,160733.52000000002,53,60,33.89911893260256,Stable or Increased
CUST09919,216770.61,207869.58,96,75,-4.106197791296522,Low Decline
CUST09920,216450.09999999998,201310.53999999998,72,81,-6.994480483030499,Low Decline
CUST09921,56617.85999999999,87943.11000000002,32,44,55.32750619680791,Stable or Increased
CUST09922,97045.85999999999,75574.61,36,42,-22.124849014682326,Low Decline
CUST09923,123688.65000000002,142804.38,43,57,15.454716338160354,Stable or Increased
CUST09924,277879.33999999997,346394.3900000001,97,99,24.656403027299586,Stable or Increased
CUST09925,63272.18000000001,107529.42,34,45,69.9473923610661,Stable or Increased
CUST09926,210034.46,307341.32,75,92,46.328997632102855,Stable or Increased
CUST09927,85923.36999999998,133574.71,36,45,55.45795049705339,Stable or Increased
CUST09928,134872.97,150406.55,53,58,11.517192807424635,Stable or Increased
CUST09929,111199.34999999998,155969.22999999998,48,58,40.260918791341865,Stable or Increased
CUST09930,87298.18000000002,65220.80000000001,43,35,-25.28962230369523,Moderate Decline
CUST09931,93514.32999999999,99818.92,41,49,6.741843736676521,Stable or Increased
CUST09932,71703.90000000001,128157.66,26,44,78.73178446360656,Stable or Increased
CUST09933,65129.05,93658.47999999998,41,37,43.804462064163346,Stable or Increased
CUST09934,93053.23,134868.81999999998,39,50,44.937279447473216,Stable or Increased
CUST09935,132922.75,152939.78999999998,57,66,15.059152778587547,Stable or Increased
CUST09936,165635.41,136468.49,49,56,-17.609109066714666,Low Decline
CUST09937,53102.98999999999,111029.20999999999,31,50,109.08278422740416,Stable or Increased
CUST09938,126999.63,82488.74,39,36,-35.04804699037312,Moderate Decline
CUST09939,133072.43999999997,92134.53,43,54,-30.763627690301597,Moderate Decline
CUST09940,214872.41,170915.97,66,63,-20.456995851631206,Low Decline
CUST09941,104102.45,133292.75,47,54,28.03997408322283,Stable or Increased
CUST09942,114326.4,120422.72000000002,49,53,5.332381672124742,Stable or Increased
CUST09943,73086.04000000001,72201.56,32,50,-1.2101900718659957,Low Decline
CUST09944,221698.60000000003,217449.86000000002,64,75,-1.9164487281381204,Low Decline
CUST09945,138374.36,135573.69,58,56,-2.023980454182396,Low Decline
CUST09946,74096.26,113407.84999999998,33,38,53.054756070009454,Stable or Increased
CUST09947,192526.03000000003,216631.21999999997,66,84,12.520483593828814,Stable or Increased
CUST09948,87319.67,99341.26999999999,36,42,13.767344746034874,Stable or Increased
CUST09949,60320.82000000001,127775.79000000001,30,42,111.82701097233094,Stable or Increased
CUST09950,101592.51000000001,153299.68,44,60,50.89663598231797,Stable or Increased
CUST09951,52640.12,106695.14999999998,30,43,102.68789280875495,Stable or Increased
CUST09952,102272.51,122192.9,34,43,19.47775604607729,Stable or Increased
CUST09953,117404.44999999998,170481.07,47,69,45.2083545385205,Stable or Increased
CUST09954,82935.48999999999,125307.42000000001,40,48,51.09022687392336,Stable or Increased
CUST09955,79860.76,93985.20999999999,35,39,17.686345584489803,Stable or Increased
CUST09956,105688.39,109875.46999999999,40,51,3.961721812585079,Stable or Increased
CUST09957,126539.5,118128.28999999998,45,52,-6.64710228821832,Low Decline
CUST09958,325642.62999999995,344016.13999999996,101,103,5.642231178393324,Stable or Increased
CUST09959,149070.24,138725.55000000002,54,54,-6.939473633369057,Low Decline
CUST09960,243156.33,372963.97000000003,89,109,53.38443790461883,Stable or Increased
CUST09961,304434.43,377121.56999999995,92,109,23.876123341239673,Stable or Increased
CUST09962,214300.38999999998,195973.96,73,77,-8.551748319263439,Low Decline
CUST09963,165737.4,178732.77,57,61,7.840939944755979,Stable or Increased
CUST09964,140714.08,126190.28,56,50,-10.321497322798109,Low Decline
CUST09965,109704.65999999997,104675.83,53,51,-4.583971182263337,Low Decline
CUST09966,36291.82,88017.58999999998,31,41,142.52735189362227,Stable or Increased
CUST09967,109633.78,83569.68,43,36,-23.773785780258606,Low Decline
CUST09968,271956.53,356257.10000000003,98,103,30.997810569211186,Stable or Increased
CUST09969,83856.95999999999,107433.72,38,48,28.115448020057027,Stable or Increased
CUST09970,195000.47,266721.73,63,84,36.78004468399485,Stable or Increased
CUST09971,49325.850000000006,125650.25,27,40,154.73509326245767,Stable or Increased
CUST09972,84123.57,103995.02000000002,37,41,23.621738830151894,Stable or Increased
CUST09973,88441.58000000002,131426.11,40,35,48.60217332164347,Stable or Increased
CUST09974,230741.13,231705.97999999998,69,78,0.41815258510694503,Stable or Increased
CUST09975,80975.09000000001,113016.03,36,42,39.568884702690646,Stable or Increased
CUST09976,216450.31,230393.56,72,80,6.441778715863239,Stable or Increased
CUST09977,187414.56,275234.15,70,77,46.85846713296983,Stable or Increased
CUST09978,126496.69999999998,83863.06,46,32,-33.703361431563025,Moderate Decline
CUST09979,58675.67999999999,106606.32,29,37,81.68740438968926,Stable or Increased
CUST09980,157098.83000000002,157157.1,60,56,0.03709130106187902,Stable or Increased
CUST09981,188339.31,225501.86000000002,66,71,19.73170125769284,Stable or Increased
CUST09982,203300.65000000002,220307.19999999998,70,78,8.365221655710377,Stable or Increased
CUST09983,117617.26,104113.43000000001,49,41,-11.481163563919093,Low Decline
CUST09984,88465.37,195224.45999999996,41,66,120.67896172253614,Stable or Increased
CUST09985,242927.19,361772.38,100,102,48.92214412063137,Stable or Increased
CUST09986,115814.38000000002,105617.17000000001,50,51,-8.804787453855043,Low Decline
CUST09987,54732.96000000001,80291.05,28,31,46.69597624539216,Stable or Increased
CUST09988,91639.28,64604.159999999996,38,38,-29.501672208686063,Moderate Decline
CUST09989,80824.96999999999,101904.04000000001,39,42,26.07989832844977,Stable or Increased
CUST09990,63145.06,122645.85,33,45,94.22873301569436,Stable or Increased
CUST09991,202696.7,284357.60000000003,64,84,40.287237039379534,Stable or Increased
CUST09992,119670.48000000001,142897.15,52,51,19.40885504929869,Stable or Increased
CUST09993,125413.54000000001,215182.55999999997,59,72,71.57841170897493,Stable or Increased
CUST09994,345169.01,311964.53,99,97,-9.619774382410512,Low Decline
CUST09995,124177.56,108296.32,44,47,-12.789138391831818,Low Decline
CUST09996,193901.04,233743.19999999995,75,78,20.547677310033997,Stable or Increased
CUST09997,190776.27,227727.87,66,89,19.369075619310518,Stable or Increased
CUST09998,112331.00999999998,79184.62000000001,37,30,-29.50778240131552,Moderate Decline
CUST09999,92991.65000000001,63318.200000000004,38,32,-31.909800503593605,Moderate Decline
CUST10000,62426.450000000004,80130.54000000001,33,42,28.359917951445265,Stable or Increased
